vaqt,pm2_5_ug_m3,pm10_ug_m3,no2_ug_m3,so2_ug_m3,co_ug_m3
2025-10-02T00:00,10.1,11.0,16.9,16.5,215.0
2025-10-02T01:00,9.8,10.5,16.4,16.1,211.0
2025-10-02T02:00,9.5,10.0,16.2,15.6,206.0
2025-10-02T03:00,9.7,10.0,17.0,14.9,194.0
2025-10-02T04:00,10.7,11.4,18.0,14.0,181.0
2025-10-02T05:00,11.3,12.4,18.1,8.8,178.0
2025-10-02T06:00,11.9,12.5,16.7,9.4,198.0
2025-10-02T07:00,14.2,14.6,14.6,10.1,229.0
2025-10-02T08:00,12.3,12.9,12.6,10.3,245.0
2025-10-02T09:00,11.2,13.1,10.7,9.5,232.0
2025-10-02T10:00,9.6,13.8,8.7,8.3,204.0
2025-10-02T11:00,8.2,12.3,7.2,7.1,181.0
2025-10-02T12:00,7.7,11.6,6.2,6.2,170.0
2025-10-02T13:00,7.4,11.2,5.6,5.5,164.0
2025-10-02T14:00,7.2,11.0,5.2,4.9,162.0
2025-10-02T15:00,7.0,10.8,5.0,4.5,165.0
2025-10-02T16:00,7.0,10.6,5.0,4.3,174.0
2025-10-02T17:00,6.5,9.3,6.2,4.3,185.0
2025-10-02T18:00,6.4,8.5,8.5,4.8,203.0
2025-10-02T19:00,7.8,9.1,11.7,5.5,224.0
2025-10-02T20:00,9.2,10.2,14.3,6.1,238.0
2025-10-02T21:00,9.9,10.6,16.0,6.7,240.0
2025-10-02T22:00,10.7,11.0,17.3,7.3,236.0
2025-10-02T23:00,10.7,11.1,17.6,7.5,233.0
2025-10-03T00:00,9.4,9.6,16.3,7.1,233.0
2025-10-03T01:00,8.7,9.0,14.1,6.3,235.0
2025-10-03T02:00,9.3,9.8,13.0,5.7,240.0
2025-10-03T03:00,10.9,12.0,13.9,5.6,245.0
2025-10-03T04:00,13.4,15.1,15.9,5.6,253.0
2025-10-03T05:00,18.7,21.2,21.0,6.0,273.0
2025-10-03T06:00,19.0,21.4,20.5,6.6,327.0
2025-10-03T07:00,20.5,22.6,19.8,7.4,393.0
2025-10-03T08:00,22.7,24.0,18.2,8.1,419.0
2025-10-03T09:00,14.9,16.2,15.3,8.6,367.0
2025-10-03T10:00,12.3,14.9,11.6,8.9,276.0
2025-10-03T11:00,10.8,15.4,8.4,8.7,205.0
2025-10-03T12:00,10.8,17.3,6.2,7.6,181.0
2025-10-03T13:00,10.9,18.0,4.6,5.9,177.0
2025-10-03T14:00,10.3,17.0,3.6,4.7,176.0
2025-10-03T15:00,9.6,15.7,2.9,4.2,170.0
2025-10-03T16:00,9.2,14.8,2.7,4.2,167.0
2025-10-03T17:00,8.6,13.5,4.5,4.7,177.0
2025-10-03T18:00,9.8,14.0,9.0,5.7,210.0
2025-10-03T19:00,13.8,17.8,15.3,7.1,256.0
2025-10-03T20:00,17.6,21.2,21.3,8.3,298.0
2025-10-03T21:00,21.1,24.6,26.6,9.2,334.0
2025-10-03T22:00,25.1,28.5,31.5,9.9,366.0
2025-10-03T23:00,27.9,31.2,34.5,10.0,386.0
2025-10-04T00:00,28.8,31.8,34.6,9.0,388.0
2025-10-04T01:00,28.3,30.7,32.9,7.3,378.0
2025-10-04T02:00,27.3,29.2,30.9,5.9,359.0
2025-10-04T03:00,26.1,27.6,29.2,4.9,319.0
2025-10-04T04:00,25.0,26.5,27.2,4.1,270.0
2025-10-04T05:00,24.0,25.7,22.0,3.9,257.0
2025-10-04T06:00,24.1,26.5,20.1,3.9,324.0
2025-10-04T07:00,25.9,28.6,17.4,3.9,426.0
2025-10-04T08:00,26.0,28.8,14.6,4.4,477.0
2025-10-04T09:00,23.6,27.9,11.9,5.8,424.0
2025-10-04T10:00,19.1,26.2,9.2,7.6,320.0
2025-10-04T11:00,16.1,22.6,6.9,8.6,236.0
2025-10-04T12:00,14.1,20.5,5.0,8.0,200.0
2025-10-04T13:00,12.8,18.7,3.6,6.7,185.0
2025-10-04T14:00,12.0,17.3,2.6,5.8,177.0
2025-10-04T15:00,11.4,16.2,2.1,5.9,176.0
2025-10-04T16:00,11.0,15.3,2.1,6.3,183.0
2025-10-04T17:00,13.5,19.3,3.3,6.9,190.0
2025-10-04T18:00,14.2,18.5,5.6,7.3,194.0
2025-10-04T19:00,15.3,18.9,8.8,7.9,198.0
2025-10-04T20:00,15.0,18.1,11.8,8.6,202.0
2025-10-04T21:00,15.0,17.6,14.1,9.5,204.0
2025-10-04T22:00,16.1,18.6,16.2,10.5,205.0
2025-10-04T23:00,17.9,20.2,17.8,10.8,212.0
2025-10-05T00:00,19.3,21.4,18.8,10.1,229.0
2025-10-05T01:00,20.2,21.9,19.4,8.7,251.0
2025-10-05T02:00,20.3,21.7,19.7,7.4,267.0
2025-10-05T03:00,20.0,21.1,19.9,6.4,272.0
2025-10-05T04:00,19.6,20.6,19.8,5.4,270.0
2025-10-05T05:00,19.6,20.5,18.8,5.8,266.0
2025-10-05T06:00,20.3,21.3,18.5,5.8,261.0
2025-10-05T07:00,22.4,23.4,17.9,6.0,254.0
2025-10-05T08:00,23.1,24.2,16.6,6.6,243.0
2025-10-05T09:00,21.7,23.3,13.8,8.5,225.0
2025-10-05T10:00,18.1,21.0,10.3,10.8,204.0
2025-10-05T11:00,15.7,18.3,7.3,12.0,190.0
2025-10-05T12:00,13.3,15.6,5.3,10.8,187.0
2025-10-05T13:00,11.1,13.3,3.9,8.5,192.0
2025-10-05T14:00,9.4,11.6,3.0,6.6,196.0
2025-10-05T15:00,8.9,11.0,2.1,5.8,193.0
2025-10-05T16:00,8.7,10.6,1.7,5.5,191.0
2025-10-05T17:00,10.4,12.0,3.7,5.8,206.0
2025-10-05T18:00,13.5,14.8,9.0,6.7,261.0
2025-10-05T19:00,16.8,18.1,16.3,7.8,334.0
2025-10-05T20:00,19.2,20.3,22.0,8.6,378.0
2025-10-05T21:00,22.2,23.3,24.7,8.7,371.0
2025-10-05T22:00,23.2,24.2,25.8,8.4,335.0
2025-10-05T23:00,22.5,23.5,25.6,7.9,293.0
2025-10-06T00:00,22.1,23.1,23.5,7.0,245.0
2025-10-06T01:00,21.8,22.8,20.0,5.8,190.0
2025-10-06T02:00,21.5,22.5,17.1,4.9,152.0
2025-10-06T03:00,21.2,22.2,15.4,4.3,141.0
2025-10-06T04:00,20.8,22.0,14.3,3.9,146.0
2025-10-06T05:00,23.4,24.3,21.8,4.7,160.0
2025-10-06T06:00,23.9,24.9,20.4,4.7,189.0
2025-10-06T07:00,25.5,26.7,18.2,4.6,227.0
2025-10-06T08:00,24.6,25.6,15.5,4.7,248.0
2025-10-06T09:00,18.3,19.7,11.7,5.0,235.0
2025-10-06T10:00,12.0,13.2,7.2,5.5,205.0
2025-10-06T11:00,10.4,11.4,4.0,5.9,182.0
2025-10-06T12:00,10.0,10.8,2.9,6.1,177.0
2025-10-06T13:00,9.8,10.6,2.9,6.3,178.0
2025-10-06T14:00,9.5,10.3,3.2,6.3,180.0
2025-10-06T15:00,9.0,9.7,2.6,6.0,176.0
2025-10-06T16:00,8.5,9.2,2.2,5.5,172.0
2025-10-06T17:00,7.9,8.4,3.9,4.8,179.0
2025-10-06T18:00,9.9,10.3,8.6,5.8,206.0
2025-10-06T19:00,13.2,13.6,15.3,7.1,245.0
2025-10-06T20:00,15.9,16.2,21.5,8.2,274.0
2025-10-06T21:00,18.7,19.1,26.8,8.8,284.0
2025-10-06T22:00,22.2,22.5,31.5,9.2,285.0
2025-10-06T23:00,24.4,24.7,34.3,9.0,290.0
2025-10-07T00:00,25.2,25.4,34.0,8.0,311.0
2025-10-07T01:00,24.6,24.7,31.9,6.4,336.0
2025-10-07T02:00,23.5,23.6,29.8,5.1,344.0
2025-10-07T03:00,22.6,22.7,28.8,4.3,313.0
2025-10-07T04:00,21.9,22.1,28.0,3.7,265.0
2025-10-07T05:00,22.7,22.8,25.3,3.9,246.0
2025-10-07T06:00,22.6,22.8,23.9,4.1,291.0
2025-10-07T07:00,24.6,24.7,21.7,4.5,365.0
2025-10-07T08:00,25.7,25.8,19.1,5.2,403.0
2025-10-07T09:00,21.2,21.5,15.6,6.7,369.0
2025-10-07T10:00,16.2,16.6,11.7,8.6,300.0
2025-10-07T11:00,14.7,15.1,8.4,9.7,245.0
2025-10-07T12:00,13.3,13.6,6.3,9.4,227.0
2025-10-07T13:00,11.3,11.6,4.9,8.3,223.0
2025-10-07T14:00,9.6,9.8,4.0,7.2,219.0
2025-10-07T15:00,8.2,8.4,3.2,6.2,206.0
2025-10-07T16:00,7.1,7.4,2.8,5.3,193.0
2025-10-07T17:00,6.2,6.3,3.7,4.4,187.0
2025-10-07T18:00,8.2,8.4,7.0,5.2,195.0
2025-10-07T19:00,10.4,10.6,11.8,6.3,212.0
2025-10-07T20:00,11.2,11.3,16.1,7.3,227.0
2025-10-07T21:00,11.7,11.8,19.6,8.4,239.0
2025-10-07T22:00,13.1,13.1,22.8,9.3,251.0
2025-10-07T23:00,15.4,15.4,25.1,9.7,260.0
2025-10-08T00:00,18.1,18.2,26.4,9.0,267.0
2025-10-08T01:00,19.4,19.4,26.9,7.6,272.0
2025-10-08T02:00,19.6,19.6,27.0,6.3,273.0
2025-10-08T03:00,18.9,18.9,26.7,5.4,260.0
2025-10-08T04:00,18.0,18.0,26.0,4.5,243.0
2025-10-08T05:00,20.8,20.8,27.5,5.7,246.0
2025-10-08T06:00,20.5,20.5,26.0,6.0,297.0
2025-10-08T07:00,21.9,21.9,23.7,6.4,368.0
2025-10-08T08:00,22.8,22.8,20.7,6.9,405.0
2025-10-08T09:00,17.9,17.9,16.6,7.9,375.0
2025-10-08T10:00,12.0,12.1,11.9,9.1,310.0
2025-10-08T11:00,10.4,10.6,8.0,9.5,254.0
2025-10-08T12:00,9.8,10.3,5.5,8.3,222.0
2025-10-08T13:00,10.2,11.0,3.7,6.2,200.0
2025-10-08T14:00,10.3,11.1,2.7,4.6,184.0
2025-10-08T15:00,10.0,10.7,1.8,4.0,175.0
2025-10-08T16:00,9.4,10.1,1.5,3.9,173.0
2025-10-08T17:00,10.8,11.7,3.7,4.6,176.0
2025-10-08T18:00,15.0,15.7,11.7,6.1,186.0
2025-10-08T19:00,19.5,20.2,22.9,8.3,201.0
2025-10-08T20:00,24.0,24.7,32.0,9.7,218.0
2025-10-08T21:00,28.2,28.9,37.4,9.9,238.0
2025-10-08T22:00,30.2,30.9,40.6,9.5,260.0
2025-10-08T23:00,30.3,30.7,41.7,8.7,278.0
2025-10-09T00:00,28.5,28.9,39.7,7.5,293.0
2025-10-09T01:00,26.0,26.3,35.4,5.9,304.0
2025-10-09T02:00,23.7,23.9,31.4,4.7,299.0
2025-10-09T03:00,21.5,21.8,28.4,4.0,255.0
2025-10-09T04:00,19.4,19.6,25.7,3.6,196.0
2025-10-09T05:00,21.7,22.0,26.2,3.3,180.0
2025-10-09T06:00,20.1,20.4,25.5,3.8,260.0
2025-10-09T07:00,20.7,21.0,24.3,4.4,383.0
2025-10-09T08:00,21.1,21.4,22.0,5.1,452.0
2025-10-09T09:00,19.7,20.1,17.7,5.8,410.0
2025-10-09T10:00,15.4,16.3,12.3,6.6,315.0
2025-10-09T11:00,11.3,12.1,7.9,7.0,237.0
2025-10-09T12:00,10.4,11.1,5.3,6.9,205.0
2025-10-09T13:00,11.2,11.9,3.7,6.6,192.0
2025-10-09T14:00,11.8,12.5,2.8,6.3,185.0
2025-10-09T15:00,12.0,12.8,2.1,6.1,180.0
2025-10-09T16:00,12.0,12.8,2.1,5.9,182.0
2025-10-09T17:00,17.3,19.0,3.8,5.9,194.0
2025-10-09T18:00,20.8,22.3,8.7,6.7,222.0
2025-10-09T19:00,23.7,25.3,15.5,7.9,259.0
2025-10-09T20:00,25.5,27.0,21.1,8.6,288.0
2025-10-09T21:00,26.6,28.1,24.4,8.6,299.0
2025-10-09T22:00,28.6,30.0,26.6,8.1,302.0
2025-10-09T23:00,30.2,31.3,27.6,7.4,304.0
2025-10-10T00:00,29.8,30.7,27.2,6.3,313.0
2025-10-10T01:00,28.2,28.8,25.8,5.1,322.0
2025-10-10T02:00,26.4,27.0,24.4,4.1,320.0
2025-10-10T03:00,25.1,25.6,23.4,3.7,296.0
2025-10-10T04:00,24.2,24.7,22.3,3.6,261.0
2025-10-10T05:00,26.1,26.7,23.7,3.4,239.0
2025-10-10T06:00,25.6,26.2,22.3,4.0,247.0
2025-10-10T07:00,27.1,27.8,20.3,4.8,269.0
2025-10-10T08:00,27.4,27.9,17.6,5.4,277.0
2025-10-10T09:00,23.0,23.9,13.7,5.8,255.0
2025-10-10T10:00,18.9,19.9,9.1,6.1,219.0
2025-10-10T11:00,15.9,16.9,5.6,6.1,192.0
2025-10-10T12:00,13.3,14.1,3.9,5.8,183.0
2025-10-10T13:00,11.6,12.5,3.3,5.2,183.0
2025-10-10T14:00,11.3,12.6,3.1,4.8,187.0
2025-10-10T15:00,11.3,13.0,2.8,4.6,183.0
2025-10-10T16:00,11.4,13.3,2.9,4.5,184.0
2025-10-10T17:00,16.8,19.5,4.6,5.3,219.0
2025-10-10T18:00,21.1,23.6,9.8,6.6,321.0
2025-10-10T19:00,24.9,27.2,17.1,8.3,458.0
2025-10-10T20:00,26.8,28.9,23.3,9.4,563.0
2025-10-10T21:00,28.6,30.3,27.5,9.5,618.0
2025-10-10T22:00,29.8,31.1,30.6,9.0,642.0
2025-10-10T23:00,29.5,30.3,31.7,8.3,627.0
2025-10-11T00:00,27.6,28.2,29.7,7.4,553.0
2025-10-11T01:00,25.1,25.7,25.8,6.2,442.0
2025-10-11T02:00,22.9,23.5,22.5,5.3,347.0
2025-10-11T03:00,21.5,22.1,20.6,4.7,281.0
2025-10-11T04:00,20.5,21.1,19.4,4.2,231.0
2025-10-11T05:00,21.1,21.7,19.4,4.1,221.0
2025-10-11T06:00,20.1,20.8,19.0,4.4,285.0
2025-10-11T07:00,21.1,21.8,18.3,5.0,388.0
2025-10-11T08:00,21.9,22.5,16.9,5.6,444.0
2025-10-11T09:00,21.5,22.2,14.1,6.6,404.0
2025-10-11T10:00,20.1,22.1,10.5,7.8,317.0
2025-10-11T11:00,19.3,21.8,7.4,8.3,245.0
2025-10-11T12:00,18.5,21.0,5.1,7.7,212.0
2025-10-11T13:00,18.3,20.5,3.2,6.4,195.0
2025-10-11T14:00,16.9,18.8,2.1,5.3,186.0
2025-10-11T15:00,15.0,16.5,1.4,4.6,177.0
2025-10-11T16:00,13.8,15.0,1.5,4.1,177.0
2025-10-11T17:00,9.0,9.7,3.6,3.6,205.0
2025-10-11T18:00,12.3,13.0,8.3,4.7,294.0
2025-10-11T19:00,15.3,15.8,14.8,6.2,410.0
2025-10-11T20:00,17.2,17.8,20.0,7.1,473.0
2025-10-11T21:00,18.1,18.7,22.7,7.1,434.0
2025-10-11T22:00,18.2,18.6,24.1,6.5,341.0
2025-10-11T23:00,17.2,17.5,24.0,5.8,264.0
2025-10-12T00:00,15.2,15.4,21.8,4.8,229.0
2025-10-12T01:00,13.2,13.4,18.2,3.7,209.0
2025-10-12T02:00,11.4,11.6,15.3,2.8,193.0
2025-10-12T03:00,10.0,10.2,13.7,2.4,167.0
2025-10-12T04:00,8.9,9.1,12.9,2.3,146.0
2025-10-12T05:00,8.6,8.8,12.2,2.3,163.0
2025-10-12T06:00,8.1,8.3,13.8,2.8,256.0
2025-10-12T07:00,9.1,9.4,16.0,3.5,387.0
2025-10-12T08:00,10.6,10.8,16.9,4.1,476.0
2025-10-12T09:00,11.0,11.2,15.5,4.5,489.0
2025-10-12T10:00,10.4,10.6,12.7,4.8,460.0
2025-10-12T11:00,9.6,9.9,10.1,5.1,412.0
2025-10-12T12:00,10.3,10.7,7.8,5.3,339.0
2025-10-12T13:00,11.3,12.3,5.5,5.4,247.0
2025-10-12T14:00,11.8,15.9,4.1,5.4,181.0
2025-10-12T15:00,11.9,19.7,3.3,5.0,165.0
2025-10-12T16:00,12.4,22.7,3.4,4.5,175.0
2025-10-12T17:00,17.0,28.6,6.2,4.2,186.0
2025-10-12T18:00,18.8,31.3,8.5,4.7,187.0
2025-10-12T19:00,19.1,31.5,11.8,5.5,189.0
2025-10-12T20:00,18.8,30.0,15.3,6.0,193.0
2025-10-12T21:00,19.4,29.3,19.2,6.3,202.0
2025-10-12T22:00,20.5,29.2,23.3,6.4,214.0
2025-10-12T23:00,21.1,29.6,25.9,6.2,224.0
2025-10-13T00:00,21.1,29.5,26.1,5.4,231.0
2025-10-13T01:00,20.3,28.4,24.8,4.3,236.0
2025-10-13T02:00,19.2,26.7,23.3,3.4,240.0
2025-10-13T03:00,17.8,24.7,21.9,2.9,235.0
2025-10-13T04:00,16.4,22.9,20.2,2.5,229.0
2025-10-13T05:00,16.0,24.4,16.1,3.4,241.0
2025-10-13T06:00,16.0,24.2,16.6,3.7,297.0
2025-10-13T07:00,17.8,25.2,17.1,4.1,371.0
2025-10-13T08:00,19.2,25.0,16.7,4.8,410.0
2025-10-13T09:00,18.5,25.1,14.5,6.1,381.0
2025-10-13T10:00,15.6,26.8,11.2,7.6,316.0
2025-10-13T11:00,12.3,23.8,8.3,8.4,257.0
2025-10-13T12:00,10.5,21.3,6.0,7.6,214.0
2025-10-13T13:00,9.7,20.6,4.1,6.1,177.0
2025-10-13T14:00,8.6,18.5,2.8,4.9,154.0
2025-10-13T15:00,7.3,15.1,2.5,4.4,155.0
2025-10-13T16:00,6.0,11.3,2.8,4.3,172.0
2025-10-13T17:00,1.9,1.9,4.0,4.4,185.0
2025-10-13T18:00,2.7,2.7,5.1,5.0,187.0
2025-10-13T19:00,2.8,2.9,6.7,5.8,185.0
2025-10-13T20:00,3.2,3.3,8.6,6.8,189.0
2025-10-13T21:00,4.2,4.4,10.8,8.2,203.0
2025-10-13T22:00,5.6,6.0,13.3,9.8,223.0
2025-10-13T23:00,7.3,7.9,15.4,10.6,241.0
2025-10-14T00:00,8.8,9.6,16.9,10.1,258.0
2025-10-14T01:00,9.8,10.7,17.9,8.8,273.0
2025-10-14T02:00,10.4,11.4,18.7,7.5,280.0
2025-10-14T03:00,10.5,11.5,19.3,6.4,268.0
2025-10-14T04:00,10.3,11.4,19.5,5.3,247.0
2025-10-14T05:00,11.4,12.5,20.9,4.0,249.0
2025-10-14T06:00,11.6,12.7,19.7,4.2,302.0
2025-10-14T07:00,13.7,15.0,18.0,4.4,378.0
2025-10-14T08:00,16.3,17.5,16.1,4.9,416.0
2025-10-14T09:00,14.9,17.2,14.0,5.9,381.0
2025-10-14T10:00,10.3,14.9,11.8,7.1,308.0
2025-10-14T11:00,9.0,13.4,9.7,7.8,249.0
2025-10-14T12:00,7.9,11.7,7.8,7.3,220.0
2025-10-14T13:00,7.0,10.5,6.2,6.3,204.0
2025-10-14T14:00,7.0,11.0,5.2,5.5,199.0
2025-10-14T15:00,7.3,11.7,4.4,5.1,202.0
2025-10-14T16:00,7.6,12.0,4.3,4.9,215.0
2025-10-14T17:00,6.0,7.4,7.4,6.2,242.0
2025-10-14T18:00,9.8,11.0,13.0,7.8,282.0
2025-10-14T19:00,12.4,13.4,20.8,10.0,337.0
2025-10-14T20:00,15.0,15.9,27.4,11.5,413.0
2025-10-14T21:00,18.0,18.9,32.2,11.6,547.0
2025-10-14T22:00,20.7,21.7,35.9,11.0,702.0
2025-10-14T23:00,21.2,22.1,36.9,10.0,774.0
2025-10-15T00:00,20.0,20.8,33.5,8.6,690.0
2025-10-15T01:00,18.7,19.5,27.6,6.9,523.0
2025-10-15T02:00,17.6,18.3,22.8,5.4,385.0
2025-10-15T03:00,17.1,17.8,20.9,4.4,313.0
2025-10-15T04:00,16.6,17.2,20.2,3.7,271.0
2025-10-15T05:00,16.5,17.2,24.0,3.5,259.0
2025-10-15T06:00,15.8,16.5,23.0,3.7,299.0
2025-10-15T07:00,17.1,17.7,21.5,4.0,370.0
2025-10-15T08:00,18.2,18.7,19.1,4.5,408.0
2025-10-15T09:00,14.8,15.7,15.2,5.6,379.0
2025-10-15T10:00,9.1,10.5,10.5,7.0,319.0
2025-10-15T11:00,6.8,7.9,6.9,7.9,266.0
2025-10-15T12:00,6.5,7.4,5.2,7.8,231.0
2025-10-15T13:00,6.0,6.8,4.6,7.3,204.0
2025-10-15T14:00,5.6,6.4,4.6,6.8,198.0
2025-10-15T15:00,5.4,6.0,4.3,6.4,222.0
2025-10-15T16:00,5.5,6.1,4.7,6.0,268.0
2025-10-15T17:00,8.7,11.6,9.0,5.7,324.0
2025-10-15T18:00,14.6,17.2,16.6,6.9,403.0
2025-10-15T19:00,19.5,22.2,26.9,8.6,491.0
2025-10-15T20:00,20.5,22.9,34.2,9.6,536.0
2025-10-15T21:00,19.8,21.7,35.6,9.3,500.0
2025-10-15T22:00,18.6,20.1,34.0,8.4,420.0
2025-10-15T23:00,17.1,18.5,31.5,7.3,353.0
2025-10-16T00:00,15.3,16.6,28.6,6.1,324.0
2025-10-16T01:00,13.3,14.8,24.8,4.7,308.0
2025-10-16T02:00,11.7,13.3,21.7,3.6,288.0
2025-10-16T03:00,10.3,12.2,19.6,2.9,237.0
2025-10-16T04:00,9.4,11.7,18.0,2.5,181.0
2025-10-16T05:00,8.4,11.6,16.2,2.5,189.0
2025-10-16T06:00,8.7,12.5,17.0,3.1,333.0
2025-10-16T07:00,10.5,14.6,18.0,3.8,541.0
2025-10-16T08:00,13.0,17.2,17.9,4.5,655.0
2025-10-16T09:00,14.1,18.0,16.0,5.0,583.0
2025-10-16T10:00,14.2,21.8,13.0,5.5,418.0
2025-10-16T11:00,14.8,26.8,10.2,5.6,284.0
2025-10-16T12:00,15.3,27.6,7.5,5.1,226.0
2025-10-16T13:00,15.1,27.6,4.9,4.2,198.0
2025-10-16T14:00,14.6,27.8,3.4,3.6,188.0
2025-10-16T15:00,14.2,28.1,3.2,3.4,193.0
2025-10-16T16:00,14.1,28.1,4.0,3.6,215.0
2025-10-16T17:00,13.7,24.9,8.5,4.5,250.0
2025-10-16T18:00,19.2,30.3,15.6,6.1,299.0
2025-10-16T19:00,22.6,34.0,25.5,8.3,359.0
2025-10-16T20:00,24.5,35.7,33.9,9.9,422.0
2025-10-16T21:00,27.3,38.3,39.8,10.6,503.0
2025-10-16T22:00,29.0,39.5,44.1,10.7,586.0
2025-10-16T23:00,29.3,39.1,45.8,10.3,612.0
2025-10-17T00:00,29.4,38.4,43.3,9.1,534.0
2025-10-17T01:00,28.8,36.0,38.2,7.5,399.0
2025-10-17T02:00,27.1,32.4,33.6,6.0,290.0
2025-10-17T03:00,25.1,29.2,30.6,5.0,235.0
2025-10-17T04:00,23.5,27.3,28.2,4.2,206.0
2025-10-17T05:00,25.3,29.2,28.6,4.5,203.0
2025-10-17T06:00,24.8,28.5,27.1,4.9,245.0
2025-10-17T07:00,26.1,29.7,25.0,5.4,313.0
2025-10-17T08:00,27.3,30.3,22.1,6.0,352.0
2025-10-17T09:00,24.1,28.3,18.0,6.7,332.0
2025-10-17T10:00,18.6,27.3,13.2,7.4,282.0
2025-10-17T11:00,17.1,24.6,9.3,7.9,244.0
2025-10-17T12:00,15.5,22.5,7.0,7.9,233.0
2025-10-17T13:00,13.9,22.2,5.6,7.6,232.0
2025-10-17T14:00,13.0,23.3,4.8,7.3,231.0
2025-10-17T15:00,12.3,24.3,4.3,6.9,221.0
2025-10-17T16:00,12.1,25.0,4.4,6.5,211.0
2025-10-17T17:00,16.1,31.2,7.1,6.7,216.0
2025-10-17T18:00,20.4,33.9,12.8,7.8,251.0
2025-10-17T19:00,22.9,36.4,20.8,9.4,302.0
2025-10-17T20:00,24.2,38.1,27.4,10.7,333.0
2025-10-17T21:00,26.5,40.3,31.8,11.5,329.0
2025-10-17T22:00,29.3,42.6,34.9,12.0,307.0
2025-10-17T23:00,31.1,43.9,35.7,12.0,281.0
2025-10-18T00:00,31.3,43.8,32.9,11.3,251.0
2025-10-18T01:00,30.2,42.0,27.8,10.2,218.0
2025-10-18T02:00,28.5,39.2,23.7,9.0,202.0
2025-10-18T03:00,26.9,36.7,21.8,7.7,209.0
2025-10-18T04:00,26.4,34.8,20.8,6.3,232.0
2025-10-18T05:00,29.0,33.8,25.8,4.7,271.0
2025-10-18T06:00,28.3,32.9,25.3,5.1,347.0
2025-10-18T07:00,29.6,34.0,24.5,5.7,439.0
2025-10-18T08:00,30.2,33.6,22.6,6.4,486.0
2025-10-18T09:00,27.1,31.4,18.9,7.6,450.0
2025-10-18T10:00,22.4,33.5,14.1,8.9,369.0
2025-10-18T11:00,17.9,32.5,10.0,9.3,294.0
2025-10-18T12:00,15.2,31.4,7.2,8.1,238.0
2025-10-18T13:00,14.0,31.3,5.2,6.1,189.0
2025-10-18T14:00,13.7,32.1,3.9,4.5,157.0
2025-10-18T15:00,13.5,32.2,3.4,3.7,151.0
2025-10-18T16:00,13.0,31.3,3.6,3.3,162.0
2025-10-18T17:00,11.1,25.5,4.3,3.2,176.0
2025-10-18T18:00,11.1,21.6,5.5,3.6,189.0
2025-10-18T19:00,10.0,17.6,7.2,4.2,204.0
2025-10-18T20:00,8.3,13.6,8.4,4.9,214.0
2025-10-18T21:00,7.2,10.8,8.6,5.6,217.0
2025-10-18T22:00,7.0,9.7,8.4,6.3,217.0
2025-10-18T23:00,7.1,9.5,8.1,6.9,212.0
2025-10-19T00:00,7.3,9.7,7.8,7.2,201.0
2025-10-19T01:00,7.7,10.1,7.4,7.4,187.0
2025-10-19T02:00,7.8,10.1,7.2,7.4,178.0
2025-10-19T03:00,7.8,9.7,7.0,7.1,173.0
2025-10-19T04:00,7.6,9.1,6.9,6.6,172.0
2025-10-19T05:00,10.9,14.3,11.2,7.4,189.0
2025-10-19T06:00,11.5,14.3,13.9,8.2,242.0
2025-10-19T07:00,14.0,16.3,17.5,9.2,312.0
2025-10-19T08:00,18.6,20.8,19.0,9.9,354.0
2025-10-19T09:00,14.0,16.3,16.5,10.2,343.0
2025-10-19T10:00,11.4,14.2,11.9,10.1,304.0
2025-10-19T11:00,9.9,12.7,8.1,9.5,263.0
2025-10-19T12:00,7.9,10.6,6.1,8.0,226.0
2025-10-19T13:00,6.8,9.1,4.8,6.0,187.0
2025-10-19T14:00,6.1,8.2,4.0,4.4,162.0
2025-10-19T15:00,5.6,7.3,3.6,3.5,158.0
2025-10-19T16:00,5.2,6.5,3.6,3.0,167.0
2025-10-19T17:00,1.0,1.0,5.6,3.4,180.0
2025-10-19T18:00,2.8,2.9,6.9,3.6,196.0
2025-10-19T19:00,3.7,3.8,8.9,4.0,217.0
2025-10-19T20:00,4.1,4.2,11.3,4.6,233.0
2025-10-19T21:00,5.0,5.0,14.2,5.8,239.0
2025-10-19T22:00,6.4,6.5,17.6,7.3,240.0
2025-10-19T23:00,8.4,8.6,20.5,8.3,248.0
2025-10-20T00:00,10.9,11.2,23.0,8.6,273.0
2025-10-20T01:00,13.2,13.6,25.2,8.5,304.0
2025-10-20T02:00,14.7,15.3,26.2,8.1,324.0
2025-10-20T03:00,15.7,16.4,25.5,7.4,318.0
2025-10-20T04:00,16.3,17.1,23.6,6.5,300.0
2025-10-20T05:00,17.1,18.0,22.7,4.7,300.0
2025-10-20T06:00,17.8,19.0,21.0,5.0,343.0
2025-10-20T07:00,20.3,21.8,18.6,5.5,403.0
2025-10-20T08:00,24.1,25.4,16.6,6.5,430.0
2025-10-20T09:00,24.6,26.3,15.7,8.5,391.0
2025-10-20T10:00,16.2,18.2,15.2,10.9,320.0
2025-10-20T11:00,12.1,13.8,14.3,12.5,263.0
2025-10-20T12:00,10.1,13.0,12.4,12.6,240.0
2025-10-20T13:00,10.1,14.6,10.1,11.8,232.0
2025-10-20T14:00,10.5,16.4,8.7,11.2,231.0
2025-10-20T15:00,10.9,17.5,8.3,11.0,236.0
2025-10-20T16:00,11.1,17.6,8.8,11.0,249.0
2025-10-20T17:00,10.4,14.2,12.8,11.9,266.0
2025-10-20T18:00,13.8,17.2,17.9,13.2,288.0
2025-10-20T19:00,15.9,18.8,25.2,15.1,316.0
2025-10-20T20:00,18.2,20.6,32.1,16.3,342.0
2025-10-20T21:00,22.6,25.0,38.4,16.6,372.0
2025-10-20T22:00,26.3,28.7,44.3,16.2,402.0
2025-10-20T23:00,27.4,29.8,47.5,15.3,413.0
2025-10-21T00:00,27.5,29.7,46.2,13.4,390.0
2025-10-21T01:00,27.1,28.9,42.1,10.8,348.0
2025-10-21T02:00,26.6,28.1,38.3,8.7,312.0
2025-10-21T03:00,26.0,27.4,35.8,7.2,284.0
2025-10-21T04:00,25.3,26.5,33.6,6.1,262.0
2025-10-21T05:00,25.7,27.5,29.1,5.5,265.0
2025-10-21T06:00,25.5,27.4,27.7,5.9,320.0
2025-10-21T07:00,27.7,29.5,25.6,6.6,399.0
2025-10-21T08:00,31.0,32.4,22.8,7.5,439.0
2025-10-21T09:00,30.5,31.9,18.9,8.9,402.0
2025-10-21T10:00,19.8,23.5,14.3,10.5,326.0
2025-10-21T11:00,12.7,15.8,10.7,11.7,265.0
2025-10-21T12:00,11.2,14.2,8.6,12.3,234.0
2025-10-21T13:00,11.2,14.6,7.4,12.6,218.0
2025-10-21T14:00,11.7,15.4,7.3,12.7,223.0
2025-10-21T15:00,12.2,16.2,7.6,12.5,261.0
2025-10-21T16:00,12.7,16.9,9.0,12.2,320.0
2025-10-21T17:00,16.8,22.3,16.0,12.7,368.0
2025-10-21T18:00,23.0,28.8,23.4,14.4,389.0
2025-10-21T19:00,27.9,33.8,33.7,16.6,399.0
2025-10-21T20:00,32.5,38.3,42.4,18.0,421.0
2025-10-21T21:00,36.3,41.8,48.4,18.0,484.0
2025-10-21T22:00,38.8,43.5,52.8,17.1,558.0
2025-10-21T23:00,39.1,43.0,54.3,15.6,581.0
2025-10-22T00:00,37.5,40.3,51.6,13.3,505.0
2025-10-22T01:00,34.8,37.1,46.0,10.4,378.0
2025-10-22T02:00,32.0,34.1,40.5,8.1,278.0
2025-10-22T03:00,29.4,31.4,35.5,6.8,222.0
2025-10-22T04:00,27.2,29.2,30.6,6.1,194.0
2025-10-22T05:00,24.9,27.4,22.7,6.0,224.0
2025-10-22T06:00,22.8,25.2,23.1,6.2,373.0
2025-10-22T07:00,22.8,25.0,23.4,6.6,580.0
2025-10-22T08:00,22.4,24.1,22.3,6.8,691.0
2025-10-22T09:00,20.2,21.9,18.5,7.0,612.0
2025-10-22T10:00,17.8,20.8,13.2,7.1,438.0
2025-10-22T11:00,14.5,19.6,8.8,6.9,298.0
2025-10-22T12:00,13.8,19.6,5.7,6.1,243.0
2025-10-22T13:00,13.4,19.3,3.5,4.9,224.0
2025-10-22T14:00,13.1,19.0,2.6,4.1,220.0
2025-10-22T15:00,12.7,18.6,2.7,3.8,230.0
2025-10-22T16:00,12.6,18.3,4.1,3.8,255.0
2025-10-22T17:00,15.6,21.7,9.4,4.6,286.0
2025-10-22T18:00,21.7,27.8,20.0,6.8,323.0
2025-10-22T19:00,26.0,31.7,34.7,9.8,365.0
2025-10-22T20:00,28.4,33.5,45.9,11.9,395.0
2025-10-22T21:00,30.7,35.5,50.9,12.3,410.0
2025-10-22T22:00,31.7,35.9,52.5,11.7,414.0
2025-10-22T23:00,30.7,33.6,51.7,10.7,401.0
2025-10-23T00:00,27.7,29.7,48.2,9.1,360.0
2025-10-23T01:00,24.4,26.2,42.3,7.1,302.0
2025-10-23T02:00,21.2,23.1,36.6,5.4,252.0
2025-10-23T03:00,18.6,20.6,31.5,4.4,208.0
2025-10-23T04:00,16.5,18.8,26.5,3.8,173.0
2025-10-23T05:00,14.8,17.0,23.3,3.4,178.0
2025-10-23T06:00,13.9,16.4,23.6,4.1,266.0
2025-10-23T07:00,15.0,17.5,23.9,5.1,395.0
2025-10-23T08:00,16.8,19.0,22.8,5.8,469.0
2025-10-23T09:00,17.5,19.8,19.1,6.2,434.0
2025-10-23T10:00,17.1,20.2,14.1,6.3,344.0
2025-10-23T11:00,12.7,18.8,9.8,6.2,268.0
2025-10-23T12:00,11.7,18.7,6.7,5.5,225.0
2025-10-23T13:00,11.5,18.5,4.4,4.4,195.0
2025-10-23T14:00,10.7,16.9,3.5,3.8,188.0
2025-10-23T15:00,10.0,15.4,4.0,3.7,218.0
2025-10-23T16:00,9.7,14.4,6.1,4.1,270.0
2025-10-23T17:00,6.8,7.1,11.8,4.8,307.0
2025-10-23T18:00,11.9,12.2,20.2,6.8,308.0
2025-10-23T19:00,15.3,15.5,31.7,9.5,294.0
2025-10-23T20:00,16.7,16.9,40.7,11.2,292.0
2025-10-23T21:00,19.0,19.2,45.1,11.2,325.0
2025-10-23T22:00,20.2,20.5,47.0,10.3,370.0
2025-10-23T23:00,18.8,19.0,46.0,9.1,387.0
2025-10-24T00:00,16.4,16.8,40.8,7.6,349.0
2025-10-24T01:00,14.4,14.8,32.9,5.8,282.0
2025-10-24T02:00,12.9,13.2,26.3,4.5,227.0
2025-10-24T03:00,11.7,12.1,22.6,3.9,184.0
2025-10-24T04:00,10.8,11.2,20.2,3.7,153.0
2025-10-24T05:00,11.0,11.4,21.5,3.9,173.0
2025-10-24T06:00,10.8,11.3,22.5,4.6,300.0
2025-10-24T07:00,12.6,13.2,23.7,5.6,478.0
2025-10-24T08:00,15.0,15.6,23.1,6.3,584.0
2025-10-24T09:00,15.9,16.6,19.3,6.7,550.0
2025-10-24T10:00,15.7,16.8,13.8,6.8,444.0
2025-10-24T11:00,12.7,14.6,9.1,6.5,346.0
2025-10-24T12:00,11.0,14.1,5.9,5.5,277.0
2025-10-24T13:00,11.6,17.2,3.6,4.1,217.0
2025-10-24T14:00,12.1,19.5,2.7,3.2,184.0
2025-10-24T15:00,12.3,20.5,3.6,3.0,186.0
2025-10-24T16:00,12.7,21.0,5.9,3.3,215.0
2025-10-24T17:00,10.4,15.3,10.3,4.1,273.0
2025-10-24T18:00,14.3,19.6,13.8,5.5,385.0
2025-10-24T19:00,15.7,21.1,18.8,7.3,525.0
2025-10-24T20:00,17.1,22.4,23.2,8.7,615.0
2025-10-24T21:00,19.0,24.3,26.7,9.2,615.0
2025-10-24T22:00,20.2,24.9,29.7,9.2,566.0
2025-10-24T23:00,19.6,23.6,30.8,8.7,506.0
2025-10-25T00:00,18.7,22.0,28.8,7.6,441.0
2025-10-25T01:00,17.4,20.1,24.9,6.0,366.0
2025-10-25T02:00,16.1,18.6,21.8,4.8,309.0
2025-10-25T03:00,15.1,17.6,20.3,4.2,284.0
2025-10-25T04:00,14.6,17.0,19.6,3.9,278.0
2025-10-25T05:00,19.2,22.2,23.6,4.9,278.0
2025-10-25T06:00,19.2,22.1,25.2,6.1,285.0
2025-10-25T07:00,21.8,24.6,27.2,7.7,298.0
2025-10-25T08:00,25.1,27.4,26.9,8.6,301.0
2025-10-25T09:00,23.1,25.2,22.3,8.0,283.0
2025-10-25T10:00,15.6,19.8,15.5,6.6,256.0
2025-10-25T11:00,12.8,18.5,10.0,5.4,234.0
2025-10-25T12:00,12.3,18.9,6.9,4.7,223.0
2025-10-25T13:00,12.9,20.6,5.1,4.3,217.0
2025-10-25T14:00,14.1,22.4,5.0,4.2,220.0
2025-10-25T15:00,15.3,23.8,6.9,4.5,230.0
2025-10-25T16:00,16.4,24.9,10.5,5.2,248.0
2025-10-25T17:00,18.0,24.5,13.9,5.7,280.0
2025-10-25T18:00,23.5,30.2,20.8,7.4,339.0
2025-10-25T19:00,26.5,33.2,30.4,9.7,412.0
2025-10-25T20:00,28.3,34.7,38.2,11.7,467.0
2025-10-25T21:00,29.8,36.0,43.0,13.2,500.0
2025-10-25T22:00,32.0,37.7,45.9,14.4,514.0
2025-10-25T23:00,33.1,38.2,46.6,14.5,490.0
2025-10-26T00:00,32.5,36.8,43.8,12.9,397.0
2025-10-26T01:00,31.0,34.3,38.8,10.3,266.0
2025-10-26T02:00,28.8,31.5,34.1,8.1,170.0
2025-10-26T03:00,26.5,28.8,31.0,6.7,138.0
2025-10-26T04:00,24.5,26.6,28.2,5.8,141.0
2025-10-26T05:00,21.4,23.8,25.5,5.2,169.0
2025-10-26T06:00,21.4,23.7,23.4,6.3,237.0
2025-10-26T07:00,24.2,26.4,20.5,7.9,330.0
2025-10-26T08:00,29.0,31.1,18.2,9.1,386.0
2025-10-26T09:00,29.7,31.9,17.2,9.7,373.0
2025-10-26T10:00,24.3,28.5,16.7,9.9,324.0
2025-10-26T11:00,21.5,26.8,15.7,9.8,280.0
2025-10-26T12:00,19.3,25.2,13.4,9.3,255.0
2025-10-26T13:00,16.9,23.7,10.5,8.6,235.0
2025-10-26T14:00,15.4,22.8,8.7,7.9,225.0
2025-10-26T15:00,13.8,20.8,8.3,7.2,231.0
2025-10-26T16:00,12.5,18.7,8.8,6.6,247.0
2025-10-26T17:00,15.8,22.0,11.4,7.0,256.0
2025-10-26T18:00,19.7,25.3,17.1,8.2,250.0
2025-10-26T19:00,20.6,25.4,25.2,9.9,238.0
2025-10-26T20:00,20.4,24.4,32.6,11.4,228.0
2025-10-26T21:00,22.5,26.4,38.8,12.6,222.0
2025-10-26T22:00,28.0,32.0,44.3,13.6,219.0
2025-10-26T23:00,31.7,35.5,47.2,13.7,226.0
2025-10-27T00:00,33.1,36.3,45.9,12.1,251.0
2025-10-27T01:00,32.9,35.4,41.9,9.5,285.0
2025-10-27T02:00,32.1,34.1,38.2,7.4,309.0
2025-10-27T03:00,31.1,33.1,35.8,6.1,298.0
2025-10-27T04:00,30.5,32.4,33.6,5.3,276.0
2025-10-27T05:00,25.9,27.9,28.0,5.5,302.0
2025-10-27T06:00,25.8,27.8,27.2,6.2,442.0
2025-10-27T07:00,27.8,29.9,25.9,7.2,630.0
2025-10-27T08:00,29.8,31.8,23.8,8.1,721.0
2025-10-27T09:00,27.2,29.5,20.4,8.9,620.0
2025-10-27T10:00,22.2,26.7,16.2,9.5,422.0
2025-10-27T11:00,16.6,22.1,12.4,9.4,269.0
2025-10-27T12:00,12.7,17.5,9.0,7.8,217.0
2025-10-27T13:00,10.2,14.8,6.0,5.5,210.0
2025-10-27T14:00,9.0,13.3,4.6,3.9,222.0
2025-10-27T15:00,8.3,12.4,4.6,3.4,248.0
2025-10-27T16:00,8.0,11.8,6.1,3.6,293.0
2025-10-27T17:00,11.2,15.7,12.3,4.5,346.0
2025-10-27T18:00,17.1,21.5,23.1,7.4,414.0
2025-10-27T19:00,21.3,25.4,38.1,11.3,490.0
2025-10-27T20:00,24.3,28.1,49.1,13.9,538.0
2025-10-27T21:00,27.1,30.4,52.8,13.9,538.0
2025-10-27T22:00,27.6,30.2,52.6,12.6,509.0
2025-10-27T23:00,26.0,27.7,50.7,11.0,475.0
2025-10-28T00:00,23.2,24.6,47.0,9.1,444.0
2025-10-28T01:00,20.5,22.1,41.6,7.0,408.0
2025-10-28T02:00,18.5,20.1,36.5,5.3,366.0
2025-10-28T03:00,17.0,18.7,32.6,4.5,306.0
2025-10-28T04:00,16.2,18.2,29.0,4.2,240.0
2025-10-28T05:00,14.1,17.2,21.8,4.4,201.0
2025-10-28T06:00,11.7,14.7,21.3,4.5,211.0
2025-10-28T07:00,11.5,14.6,20.5,4.6,247.0
2025-10-28T08:00,11.8,15.0,19.4,4.8,275.0
2025-10-28T09:00,11.1,14.4,17.7,5.0,285.0
2025-10-28T10:00,10.8,14.8,15.5,5.2,288.0
2025-10-28T11:00,10.7,15.4,13.5,5.3,280.0
2025-10-28T12:00,15.7,23.0,11.7,5.2,253.0
2025-10-28T13:00,19.5,33.1,10.0,5.0,215.0
2025-10-28T14:00,17.2,27.9,8.6,4.6,192.0
2025-10-28T15:00,15.4,24.9,7.3,4.0,199.0
2025-10-28T16:00,15.5,26.5,6.3,3.3,220.0
2025-10-28T17:00,17.5,26.5,11.0,5.4,233.0
2025-10-28T18:00,18.3,26.5,12.3,5.6,229.0
2025-10-28T19:00,19.3,29.6,14.2,5.8,217.0
2025-10-28T20:00,21.3,33.5,15.8,5.9,205.0
2025-10-28T21:00,22.5,34.7,17.0,5.9,197.0
2025-10-28T22:00,24.0,37.4,18.0,5.9,190.0
2025-10-28T23:00,26.7,41.4,18.1,5.6,182.0
2025-10-29T00:00,28.4,44.1,16.6,4.9,170.0
2025-10-29T01:00,28.1,42.3,14.4,4.0,158.0
2025-10-29T02:00,28.2,42.0,13.3,3.5,151.0
2025-10-29T03:00,28.9,41.9,14.5,3.6,151.0
2025-10-29T04:00,29.0,42.0,17.0,4.1,158.0
2025-10-29T05:00,28.6,42.1,15.6,4.2,173.0
2025-10-29T06:00,31.1,46.6,19.9,5.5,209.0
2025-10-29T07:00,35.0,50.1,25.4,7.2,255.0
2025-10-29T08:00,37.7,51.3,27.3,7.9,278.0
2025-10-29T09:00,33.9,46.7,21.8,6.8,257.0
2025-10-29T10:00,24.0,43.4,12.7,4.8,214.0
2025-10-29T11:00,20.8,40.3,5.7,3.2,182.0
2025-10-29T12:00,18.6,36.8,3.3,2.6,173.0
2025-10-29T13:00,16.4,32.0,3.0,2.5,174.0
2025-10-29T14:00,14.5,27.5,3.5,2.5,181.0
2025-10-29T15:00,12.6,23.2,4.1,2.5,188.0
2025-10-29T16:00,11.7,20.7,5.6,2.7,201.0
2025-10-29T17:00,15.5,22.4,9.0,3.9,229.0
2025-10-29T18:00,19.5,26.9,15.9,5.9,285.0
2025-10-29T19:00,22.9,30.0,25.5,8.7,357.0
2025-10-29T20:00,24.5,31.1,33.3,10.6,412.0
2025-10-29T21:00,26.5,32.0,38.2,11.1,437.0
2025-10-29T22:00,27.9,32.0,41.3,10.9,445.0
2025-10-29T23:00,27.0,29.9,42.0,10.1,447.0
2025-10-30T00:00,24.3,26.8,38.9,8.7,449.0
2025-10-30T01:00,21.9,24.2,33.4,6.8,444.0
2025-10-30T02:00,20.0,22.2,28.5,5.3,420.0
2025-10-30T03:00,18.4,20.4,25.2,4.3,356.0
2025-10-30T04:00,16.9,18.7,22.5,3.6,274.0
2025-10-30T05:00,15.7,17.5,21.0,3.6,224.0
2025-10-30T06:00,14.6,16.2,21.1,4.3,242.0
2025-10-30T07:00,15.4,16.8,21.2,5.2,294.0
2025-10-30T08:00,16.5,17.6,20.3,5.9,324.0
2025-10-30T09:00,16.4,17.3,17.7,6.2,307.0
2025-10-30T10:00,13.3,15.1,14.1,6.2,269.0
2025-10-30T11:00,9.6,12.4,11.0,5.9,234.0
2025-10-30T12:00,8.3,11.4,8.4,5.1,202.0
2025-10-30T13:00,7.9,11.1,6.3,4.0,173.0
2025-10-30T14:00,7.6,11.0,5.4,3.3,169.0
2025-10-30T15:00,7.7,10.9,6.0,3.1,199.0
2025-10-30T16:00,7.9,11.0,7.8,3.2,255.0
2025-10-30T17:00,8.2,9.5,13.5,4.0,336.0
2025-10-30T18:00,12.7,14.2,20.2,6.7,473.0
2025-10-30T19:00,16.4,17.9,29.5,10.5,634.0
2025-10-30T20:00,18.5,20.1,37.3,13.0,731.0
2025-10-30T21:00,22.1,23.5,42.9,13.4,715.0
2025-10-30T22:00,24.6,25.8,47.1,12.5,634.0
2025-10-30T23:00,23.9,24.8,48.0,11.2,539.0
2025-10-31T00:00,19.6,20.3,43.5,9.2,435.0
2025-10-31T01:00,16.1,16.6,35.7,6.6,318.0
2025-10-31T02:00,14.1,14.6,29.0,4.7,227.0
2025-10-31T03:00,12.5,13.0,25.0,3.8,159.0
2025-10-31T04:00,11.3,11.6,22.2,3.5,117.0
2025-10-31T05:00,8.4,8.8,17.0,3.0,145.0
2025-10-31T06:00,7.8,8.1,18.4,3.8,317.0
2025-10-31T07:00,9.0,9.4,20.2,4.9,559.0
2025-10-31T08:00,11.0,11.3,20.7,5.6,697.0
2025-10-31T09:00,11.6,12.0,18.9,5.6,630.0
2025-10-31T10:00,11.2,11.8,15.8,5.2,460.0
2025-10-31T11:00,7.9,9.5,12.6,4.8,317.0
2025-10-31T12:00,7.2,9.7,9.2,4.4,250.0
2025-10-31T13:00,7.9,11.1,5.6,4.0,210.0
2025-10-31T14:00,9.4,13.5,3.3,3.7,184.0
2025-10-31T15:00,10.5,15.6,3.1,3.5,171.0
2025-10-31T16:00,10.3,15.6,4.2,3.4,171.0
2025-10-31T17:00,10.4,16.2,5.6,3.5,173.0
2025-10-31T18:00,7.5,14.4,6.6,3.4,173.0
2025-10-31T19:00,7.5,13.7,8.2,3.4,173.0
2025-10-31T20:00,8.4,14.3,10.2,3.5,172.0
2025-10-31T21:00,10.9,17.2,13.6,4.1,167.0
2025-10-31T22:00,12.3,17.9,17.4,5.0,160.0
2025-10-31T23:00,11.3,15.3,18.9,5.3,155.0
2025-11-01T00:00,8.1,10.3,15.9,4.7,153.0
2025-11-01T01:00,6.1,6.9,10.6,3.6,153.0
2025-11-01T02:00,4.6,4.8,6.7,2.8,158.0
2025-11-01T03:00,3.7,3.8,5.5,2.6,161.0
2025-11-01T04:00,3.2,3.3,5.6,2.8,169.0
2025-11-01T05:00,6.8,6.8,16.7,6.1,204.0
2025-11-01T06:00,7.3,7.3,18.2,7.4,305.0
2025-11-01T07:00,8.7,8.7,20.2,9.1,433.0
2025-11-01T08:00,9.8,10.0,20.3,9.9,496.0
2025-11-01T09:00,7.0,7.5,16.9,8.9,433.0
2025-11-01T10:00,4.7,5.5,11.6,6.9,305.0
2025-11-01T11:00,4.1,5.6,7.5,5.3,206.0
2025-11-01T12:00,4.3,6.9,5.6,4.3,172.0
2025-11-01T13:00,4.5,8.0,4.8,3.7,166.0
2025-11-01T14:00,4.6,8.4,4.9,3.4,173.0
2025-11-01T15:00,4.6,8.2,5.6,3.4,193.0
2025-11-01T16:00,4.6,7.7,7.1,3.7,225.0
2025-11-01T17:00,9.1,14.3,13.0,4.5,255.0
2025-11-01T18:00,13.4,17.9,20.3,6.6,276.0
2025-11-01T19:00,16.5,20.4,30.3,9.6,294.0
2025-11-01T20:00,18.7,22.4,37.7,11.9,318.0
2025-11-01T21:00,21.3,24.9,40.2,13.0,360.0
2025-11-01T22:00,23.9,27.1,40.0,13.5,406.0
2025-11-01T23:00,25.2,27.9,39.1,13.1,425.0
2025-11-02T00:00,24.0,26.3,37.7,11.4,395.0
2025-11-02T01:00,22.1,24.2,35.6,8.7,338.0
2025-11-02T02:00,20.1,22.2,33.4,6.6,286.0
2025-11-02T03:00,18.2,20.4,31.2,5.3,238.0
2025-11-02T04:00,16.6,18.7,28.9,4.4,196.0
2025-11-02T05:00,15.1,17.1,27.6,4.2,196.0
2025-11-02T06:00,13.9,15.7,27.2,5.1,285.0
2025-11-02T07:00,15.4,17.1,26.5,6.4,418.0
2025-11-02T08:00,17.7,19.2,24.8,7.2,493.0
2025-11-02T09:00,18.0,19.2,21.3,7.2,454.0
2025-11-02T10:00,14.8,17.9,16.7,6.8,358.0
2025-11-02T11:00,13.9,20.4,12.6,6.2,279.0
2025-11-02T12:00,16.4,25.6,9.1,5.2,242.0
2025-11-02T13:00,19.2,30.0,6.0,4.1,222.0
2025-11-02T14:00,21.7,33.4,4.5,3.4,223.0
2025-11-02T15:00,21.4,32.5,4.2,3.3,238.0
2025-11-02T16:00,20.4,29.9,5.4,3.7,274.0
2025-11-02T17:00,21.6,29.2,10.1,4.5,354.0
2025-11-02T18:00,26.2,34.0,20.1,7.1,537.0
2025-11-02T19:00,30.9,38.9,33.8,10.6,764.0
2025-11-02T20:00,36.2,43.7,42.6,12.7,888.0
2025-11-02T21:00,37.0,43.3,42.6,12.2,818.0
2025-11-02T22:00,35.3,40.5,37.8,10.3,645.0
2025-11-02T23:00,31.9,37.0,32.0,8.4,487.0
2025-11-03T00:00,28.6,34.6,25.5,7.0,379.0
2025-11-03T01:00,26.3,32.9,18.1,5.7,286.0
2025-11-03T02:00,24.3,31.5,13.0,4.7,230.0
2025-11-03T03:00,23.4,31.3,11.4,4.0,217.0
2025-11-03T04:00,23.5,32.2,12.2,3.8,240.0
2025-11-03T05:00,25.0,34.7,14.0,4.9,297.0
2025-11-03T06:00,26.9,37.0,19.9,6.7,425.0
2025-11-03T07:00,31.4,42.1,27.8,9.2,585.0
2025-11-03T08:00,36.4,46.7,31.1,10.6,664.0
2025-11-03T09:00,33.8,42.3,25.7,9.8,585.0
2025-11-03T10:00,26.8,42.8,15.7,8.0,423.0
2025-11-03T11:00,22.9,42.8,7.9,6.3,290.0
2025-11-03T12:00,22.4,52.2,4.7,5.2,227.0
2025-11-03T13:00,22.2,53.1,3.6,4.2,193.0
2025-11-03T14:00,21.0,49.7,3.3,3.6,175.0
2025-11-03T15:00,19.1,44.2,3.5,3.3,176.0
2025-11-03T16:00,17.1,38.6,4.5,3.3,192.0
2025-11-03T17:00,15.0,27.3,11.6,4.2,206.0
2025-11-03T18:00,15.8,27.2,11.9,4.6,209.0
2025-11-03T19:00,14.9,26.1,12.3,5.1,209.0
2025-11-03T20:00,16.4,29.7,12.3,5.4,208.0
2025-11-03T21:00,13.1,23.3,11.8,5.3,206.0
2025-11-03T22:00,12.4,21.2,10.9,4.9,202.0
2025-11-03T23:00,11.3,19.2,9.8,4.5,196.0
2025-11-04T00:00,10.3,18.7,8.5,4.0,185.0
2025-11-04T01:00,10.2,21.2,7.0,3.5,171.0
2025-11-04T02:00,10.5,25.8,5.8,3.0,162.0
2025-11-04T03:00,10.9,29.0,5.0,2.6,159.0
2025-11-04T04:00,10.1,27.4,4.4,2.3,161.0
2025-11-04T05:00,11.4,31.0,5.8,3.2,167.0
2025-11-04T06:00,10.4,25.4,7.1,3.3,181.0
2025-11-04T07:00,9.1,22.4,8.7,3.4,198.0
2025-11-04T08:00,8.4,17.5,9.4,3.4,207.0
2025-11-04T09:00,6.4,12.4,8.2,3.1,199.0
2025-11-04T10:00,6.1,10.0,6.1,2.6,181.0
2025-11-04T11:00,4.9,7.0,4.4,2.2,169.0
2025-11-04T12:00,4.1,5.2,3.4,1.8,165.0
2025-11-04T13:00,3.6,4.3,2.8,1.5,167.0
2025-11-04T14:00,2.1,2.3,2.7,1.3,173.0
2025-11-04T15:00,1.9,2.1,2.9,1.3,169.0
2025-11-04T16:00,1.9,2.0,3.5,1.5,171.0
2025-11-04T17:00,3.6,3.6,7.2,2.4,225.0
2025-11-04T18:00,6.2,6.3,12.3,3.9,397.0
2025-11-04T19:00,6.4,6.5,19.1,6.0,621.0
2025-11-04T20:00,10.0,10.2,23.0,7.2,744.0
2025-11-04T21:00,12.2,12.4,21.0,6.8,674.0
2025-11-04T22:00,9.9,10.2,16.0,5.5,502.0
2025-11-04T23:00,7.5,7.7,12.0,4.4,352.0
2025-11-05T00:00,6.8,7.0,10.5,3.9,263.0
2025-11-05T01:00,7.6,7.7,10.1,3.6,196.0
2025-11-05T02:00,8.7,8.8,10.3,3.5,154.0
2025-11-05T03:00,9.2,9.3,11.2,3.6,143.0
2025-11-05T04:00,9.4,9.5,12.7,3.8,158.0
2025-11-05T05:00,11.1,11.6,12.3,4.3,187.0
2025-11-05T06:00,12.2,12.7,16.3,6.2,242.0
2025-11-05T07:00,18.9,19.3,21.7,8.7,311.0
2025-11-05T08:00,25.0,25.3,23.9,10.0,348.0
2025-11-05T09:00,20.7,20.9,20.0,9.1,323.0
2025-11-05T10:00,17.2,17.4,12.9,7.0,265.0
2025-11-05T11:00,13.5,13.8,7.4,5.3,217.0
2025-11-05T12:00,11.6,11.9,5.1,4.5,191.0
2025-11-05T13:00,11.4,11.7,4.4,4.0,175.0
2025-11-05T14:00,11.2,11.4,4.8,3.8,174.0
2025-11-05T15:00,11.1,11.4,6.0,3.8,197.0
2025-11-05T16:00,11.1,11.4,8.3,4.2,234.0
2025-11-05T17:00,15.4,15.7,12.2,5.1,261.0
2025-11-05T18:00,22.6,22.9,19.8,7.6,263.0
2025-11-05T19:00,26.1,26.3,30.3,11.0,255.0
2025-11-05T20:00,29.1,29.4,38.5,13.4,252.0
2025-11-05T21:00,31.2,31.7,42.4,14.0,267.0
2025-11-05T22:00,32.4,32.7,44.1,13.6,287.0
2025-11-05T23:00,31.9,32.4,44.2,12.6,292.0
2025-11-06T00:00,28.6,28.9,42.7,10.7,267.0
2025-11-06T01:00,24.6,25.0,39.6,8.2,227.0
2025-11-06T02:00,21.1,21.4,36.1,6.1,197.0
2025-11-06T03:00,18.6,18.9,31.9,4.9,180.0
2025-11-06T04:00,16.6,16.9,27.2,4.1,174.0
2025-11-06T05:00,16.8,16.9,20.0,2.8,195.0
2025-11-06T06:00,17.0,17.3,22.4,3.5,270.0
2025-11-06T07:00,19.4,19.7,25.4,4.4,371.0
2025-11-06T08:00,21.9,22.2,26.6,5.2,435.0
2025-11-06T09:00,22.8,23.2,24.0,5.7,427.0
2025-11-06T10:00,21.4,21.8,19.4,6.0,381.0
2025-11-06T11:00,15.5,15.9,15.8,6.3,335.0
2025-11-06T12:00,13.7,14.1,13.9,6.4,292.0
2025-11-06T13:00,12.0,12.5,13.0,6.5,248.0
2025-11-06T14:00,11.2,11.6,14.0,7.0,231.0
2025-11-06T15:00,10.4,10.9,17.6,8.0,253.0
2025-11-06T16:00,10.7,11.1,23.1,9.5,302.0
2025-11-06T17:00,13.6,13.6,35.5,13.2,364.0
2025-11-06T18:00,17.9,18.1,40.5,14.8,431.0
2025-11-06T19:00,21.5,21.8,47.4,17.0,510.0
2025-11-06T20:00,24.9,25.2,52.5,18.0,614.0
2025-11-06T21:00,27.0,27.1,54.1,17.0,785.0
2025-11-06T22:00,27.5,27.8,53.9,14.9,981.0
2025-11-06T23:00,26.7,27.2,53.5,12.7,1083.0
2025-11-07T00:00,25.0,25.3,53.4,10.7,1016.0
2025-11-07T01:00,23.3,23.5,53.1,8.6,855.0
2025-11-07T02:00,21.8,21.9,52.4,7.0,709.0
2025-11-07T03:00,20.5,20.6,51.3,6.0,591.0
2025-11-07T04:00,19.4,19.6,49.9,5.4,488.0
2025-11-07T05:00,17.1,17.3,43.8,5.5,470.0
2025-11-07T06:00,17.3,17.5,43.9,7.3,630.0
2025-11-07T07:00,20.6,20.8,43.8,9.8,875.0
2025-11-07T08:00,25.7,25.8,41.8,11.3,998.0
2025-11-07T09:00,28.5,28.6,36.3,11.0,870.0
2025-11-07T10:00,29.0,29.2,28.9,9.7,620.0
2025-11-07T11:00,14.9,15.4,23.1,8.9,422.0
2025-11-07T12:00,14.2,14.5,19.7,8.9,329.0
2025-11-07T13:00,13.1,13.3,17.9,9.3,289.0
2025-11-07T14:00,12.4,12.6,18.5,10.0,317.0
2025-11-07T15:00,12.7,12.9,22.6,10.8,442.0
2025-11-07T16:00,14.8,14.9,29.1,12.0,635.0
2025-11-07T17:00,18.8,19.4,47.4,15.6,828.0
2025-11-07T18:00,25.0,25.4,48.1,18.8,1031.0
2025-11-07T19:00,29.5,30.3,49.2,23.1,1232.0
2025-11-07T20:00,33.5,34.6,50.7,25.8,1331.0
2025-11-07T21:00,34.9,36.1,53.1,25.7,1252.0
2025-11-07T22:00,35.5,36.8,56.0,23.9,1069.0
2025-11-07T23:00,35.5,36.7,57.8,21.5,907.0
2025-11-08T00:00,33.6,34.6,57.9,18.2,813.0
2025-11-08T01:00,31.4,32.1,57.0,14.1,739.0
2025-11-08T02:00,29.0,29.6,56.0,10.8,661.0
2025-11-08T03:00,26.8,27.4,55.6,8.7,552.0
2025-11-08T04:00,24.9,25.4,55.1,7.3,440.0
2025-11-08T05:00,22.6,23.1,53.5,6.8,384.0
2025-11-08T06:00,21.8,22.3,51.4,8.1,441.0
2025-11-08T07:00,24.2,24.7,48.3,9.8,555.0
2025-11-08T08:00,27.7,28.3,44.2,10.9,615.0
2025-11-08T09:00,26.3,27.0,38.7,10.8,560.0
2025-11-08T10:00,24.2,24.9,32.3,9.9,451.0
2025-11-08T11:00,18.1,19.2,26.1,9.0,358.0
2025-11-08T12:00,12.9,14.1,19.4,7.8,287.0
2025-11-08T13:00,9.9,10.9,13.0,6.4,234.0
2025-11-08T14:00,8.6,9.5,10.5,5.9,250.0
2025-11-08T15:00,8.1,8.8,14.1,6.7,397.0
2025-11-08T16:00,9.0,9.6,21.6,8.4,613.0
2025-11-08T17:00,25.1,26.4,41.5,11.1,776.0
2025-11-08T18:00,33.8,35.0,48.4,14.5,836.0
2025-11-08T19:00,39.7,41.0,57.9,19.1,841.0
2025-11-08T20:00,42.4,43.7,64.0,21.7,812.0
2025-11-08T21:00,44.0,45.2,63.5,20.7,742.0
2025-11-08T22:00,45.1,46.1,59.6,17.8,638.0
2025-11-08T23:00,44.5,45.2,56.6,14.7,542.0
2025-11-09T00:00,41.6,42.1,56.6,11.9,466.0
2025-11-09T01:00,38.3,38.8,57.6,8.9,398.0
2025-11-09T02:00,35.2,35.7,57.2,6.7,345.0
2025-11-09T03:00,32.4,32.8,54.2,5.5,302.0
2025-11-09T04:00,29.9,30.5,49.8,5.0,274.0
2025-11-09T05:00,27.5,28.1,37.9,5.0,284.0
2025-11-09T06:00,26.1,26.7,38.6,6.4,368.0
2025-11-09T07:00,27.0,27.5,39.3,8.2,488.0
2025-11-09T08:00,28.3,28.8,37.9,9.4,559.0
2025-11-09T09:00,27.0,27.4,32.9,9.2,532.0
2025-11-09T10:00,24.9,25.3,25.8,8.3,455.0
2025-11-09T11:00,17.7,18.3,19.3,7.4,382.0
2025-11-09T12:00,13.1,13.7,13.3,6.4,307.0
2025-11-09T13:00,10.8,12.3,7.8,5.4,235.0
2025-11-09T14:00,9.1,12.6,5.4,4.9,237.0
2025-11-09T15:00,8.6,13.2,7.4,5.3,364.0
2025-11-09T16:00,9.3,13.8,12.5,6.2,564.0
2025-11-09T17:00,22.4,29.6,22.6,7.2,753.0
2025-11-09T18:00,30.6,37.8,32.2,9.4,929.0
2025-11-09T19:00,35.5,42.4,45.4,12.3,1092.0
2025-11-09T20:00,37.0,42.6,54.5,14.0,1163.0
2025-11-09T21:00,35.9,40.2,56.4,13.6,1068.0
2025-11-09T22:00,34.3,37.8,54.4,12.1,881.0
2025-11-09T23:00,31.9,35.0,50.4,10.3,734.0
2025-11-10T00:00,28.3,31.3,44.0,8.4,695.0
2025-11-10T01:00,25.3,28.2,35.6,6.4,697.0
2025-11-10T02:00,23.1,26.0,29.0,4.8,676.0
2025-11-10T03:00,21.4,24.3,25.1,3.9,577.0
2025-11-10T04:00,20.1,23.0,22.9,3.6,454.0
2025-11-10T05:00,21.0,24.4,24.2,5.2,409.0
2025-11-10T06:00,20.9,24.4,28.0,6.9,533.0
2025-11-10T07:00,23.6,27.2,33.0,9.3,734.0
2025-11-10T08:00,27.1,30.5,35.3,10.7,836.0
2025-11-10T09:00,25.6,28.4,32.5,10.4,736.0
2025-11-10T10:00,23.7,27.0,26.9,9.3,539.0
2025-11-10T11:00,17.1,22.6,21.7,8.2,378.0
2025-11-10T12:00,13.8,20.1,16.7,7.2,291.0
2025-11-10T13:00,12.9,19.5,12.1,6.3,242.0
2025-11-10T14:00,12.3,19.1,11.2,6.0,256.0
2025-11-10T15:00,12.1,18.5,16.7,6.7,374.0
2025-11-10T16:00,13.9,19.3,25.9,8.2,555.0
2025-11-10T17:00,33.2,43.0,34.4,10.7,700.0
2025-11-10T18:00,41.9,51.6,41.7,13.9,776.0
2025-11-10T19:00,46.9,56.1,51.6,18.1,816.0
2025-11-10T20:00,49.0,57.0,58.0,20.6,820.0
2025-11-10T21:00,48.8,55.2,57.5,19.7,776.0
2025-11-10T22:00,47.3,52.3,53.3,17.1,696.0
2025-11-10T23:00,44.1,48.1,49.4,14.3,620.0
2025-11-11T00:00,40.0,43.4,46.8,11.7,560.0
2025-11-11T01:00,37.5,40.4,44.4,9.0,504.0
2025-11-11T02:00,34.3,36.8,42.4,6.9,456.0
2025-11-11T03:00,31.0,33.2,41.3,5.6,399.0
2025-11-11T04:00,28.5,30.4,40.6,4.9,351.0
2025-11-11T05:00,30.4,32.5,38.3,5.2,362.0
2025-11-11T06:00,28.3,30.4,38.5,6.5,503.0
2025-11-11T07:00,29.2,31.2,38.5,8.3,705.0
2025-11-11T08:00,31.4,33.2,37.0,9.6,810.0
2025-11-11T09:00,30.5,32.1,33.0,10.2,723.0
2025-11-11T10:00,28.8,30.7,27.5,10.4,540.0
2025-11-11T11:00,23.1,28.1,22.1,10.1,389.0
2025-11-11T12:00,19.7,25.7,16.4,8.8,310.0
2025-11-11T13:00,18.6,24.8,10.7,7.0,264.0
2025-11-11T14:00,18.3,24.4,8.4,6.0,265.0
2025-11-11T15:00,18.2,23.9,10.9,6.3,333.0
2025-11-11T16:00,18.9,24.0,16.6,7.4,448.0
2025-11-11T17:00,37.8,46.6,31.9,10.1,563.0
2025-11-11T18:00,47.6,56.0,40.6,12.6,678.0
2025-11-11T19:00,49.9,57.2,52.3,15.9,792.0
2025-11-11T20:00,48.4,54.4,59.8,17.9,860.0
2025-11-11T21:00,48.7,52.7,58.9,17.4,863.0
2025-11-11T22:00,49.0,51.6,53.7,15.6,820.0
2025-11-11T23:00,47.8,49.9,49.4,13.5,737.0
2025-11-12T00:00,45.1,47.4,48.1,11.3,590.0
2025-11-12T01:00,42.3,44.7,47.7,8.9,403.0
2025-11-12T02:00,40.0,42.6,46.4,7.0,259.0
2025-11-12T03:00,38.3,41.0,43.2,5.8,191.0
2025-11-12T04:00,36.8,39.3,39.2,5.2,166.0
2025-11-12T05:00,36.2,38.9,34.1,5.3,167.0
2025-11-12T06:00,35.0,37.5,34.6,6.6,203.0
2025-11-12T07:00,36.6,38.9,35.1,8.4,266.0
2025-11-12T08:00,38.5,40.6,34.2,9.7,315.0
2025-11-12T09:00,36.2,38.4,30.9,10.0,335.0
2025-11-12T10:00,34.0,36.0,26.1,9.9,340.0
2025-11-12T11:00,27.4,31.2,21.4,9.5,337.0
2025-11-12T12:00,24.7,29.5,15.9,8.7,310.0
2025-11-12T13:00,23.6,28.4,10.5,7.8,275.0
2025-11-12T14:00,23.6,28.4,8.7,7.6,276.0
2025-11-12T15:00,23.9,28.5,12.7,8.5,322.0
2025-11-12T16:00,25.7,29.4,20.4,10.1,405.0
2025-11-12T17:00,42.0,48.2,41.7,15.1,549.0
2025-11-12T18:00,52.7,58.9,49.0,18.2,819.0
2025-11-12T19:00,56.6,62.6,58.8,22.3,1148.0
2025-11-12T20:00,58.0,62.9,64.7,24.3,1364.0
2025-11-12T21:00,56.9,60.1,62.9,22.3,1392.0
2025-11-12T22:00,53.1,55.1,57.1,18.2,1305.0
2025-11-12T23:00,46.8,48.5,52.0,14.3,1151.0
2025-11-13T00:00,39.7,41.3,49.6,11.4,896.0
2025-11-13T01:00,34.2,35.7,47.9,8.8,574.0
2025-11-13T02:00,30.3,31.9,45.2,6.8,326.0
2025-11-13T03:00,27.5,29.0,39.8,5.6,216.0
2025-11-13T04:00,25.6,27.1,33.4,5.0,182.0
2025-11-13T05:00,24.6,26.0,30.3,5.2,178.0
2025-11-13T06:00,23.7,25.1,31.3,6.5,204.0
2025-11-13T07:00,25.7,27.0,32.6,8.4,261.0
2025-11-13T08:00,28.4,29.6,32.8,9.9,310.0
2025-11-13T09:00,27.6,28.7,31.3,10.8,342.0
2025-11-13T10:00,25.4,26.5,28.7,11.3,367.0
2025-11-13T11:00,21.1,23.3,25.3,11.5,370.0
2025-11-13T12:00,17.9,21.2,19.9,11.3,330.0
2025-11-13T13:00,17.1,20.4,13.7,10.7,268.0
2025-11-13T14:00,16.3,19.3,10.9,10.6,237.0
2025-11-13T15:00,15.7,18.3,13.8,11.0,264.0
2025-11-13T16:00,16.9,18.8,20.2,11.8,322.0
2025-11-13T17:00,21.1,23.0,36.1,13.0,379.0
2025-11-13T18:00,26.5,28.1,41.4,15.2,433.0
2025-11-13T19:00,29.2,30.6,48.6,18.1,486.0
2025-11-13T20:00,31.1,32.2,53.0,19.6,520.0
2025-11-13T21:00,32.1,32.9,51.9,18.7,526.0
2025-11-13T22:00,31.9,32.5,48.0,16.4,512.0
2025-11-13T23:00,30.3,30.7,45.0,14.0,480.0
2025-11-14T00:00,27.0,27.6,45.0,11.5,418.0
2025-11-14T01:00,24.2,24.9,45.9,8.9,338.0
2025-11-14T02:00,22.2,22.9,45.5,6.9,284.0
2025-11-14T03:00,21.0,21.7,42.3,5.8,261.0
2025-11-14T04:00,20.3,21.0,37.9,5.2,265.0
2025-11-14T05:00,20.0,20.7,35.9,5.5,321.0
2025-11-14T06:00,19.7,20.4,35.3,6.9,485.0
2025-11-14T07:00,22.4,22.9,34.5,8.8,701.0
2025-11-14T08:00,26.0,26.5,33.6,10.3,833.0
2025-11-14T09:00,25.7,26.2,33.2,10.9,805.0
2025-11-14T10:00,23.5,24.0,32.8,11.0,691.0
2025-11-14T11:00,20.0,21.0,31.0,11.0,579.0
2025-11-14T12:00,15.1,16.6,25.5,10.9,475.0
2025-11-14T13:00,14.5,16.2,18.7,10.7,371.0
2025-11-14T14:00,14.2,15.8,16.0,11.2,335.0
2025-11-14T15:00,14.2,15.8,20.8,12.6,395.0
2025-11-14T16:00,16.2,17.5,29.7,14.6,522.0
2025-11-14T17:00,23.7,25.4,45.4,16.8,692.0
2025-11-14T18:00,33.2,34.8,50.7,19.6,950.0
2025-11-14T19:00,38.8,40.3,57.7,23.4,1250.0
2025-11-14T20:00,41.6,42.7,61.7,25.3,1433.0
2025-11-14T21:00,42.5,43.3,59.8,23.6,1422.0
2025-11-14T22:00,41.2,41.6,54.8,20.1,1293.0
2025-11-14T23:00,38.0,38.3,50.3,16.5,1115.0
2025-11-15T00:00,33.2,33.5,47.6,13.3,872.0
2025-11-15T01:00,28.6,28.9,45.5,10.1,580.0
2025-11-15T02:00,24.8,25.1,43.3,7.7,354.0
2025-11-15T03:00,22.1,22.4,41.1,6.3,235.0
2025-11-15T04:00,20.3,20.5,38.8,5.6,181.0
2025-11-15T05:00,17.9,18.1,37.3,5.7,186.0
2025-11-15T06:00,17.5,17.8,35.8,7.4,284.0
2025-11-15T07:00,20.5,20.8,33.6,9.8,440.0
2025-11-15T08:00,24.7,24.9,31.5,11.7,546.0
2025-11-15T09:00,24.4,24.6,29.9,12.7,550.0
2025-11-15T10:00,23.3,23.5,28.4,13.1,503.0
2025-11-15T11:00,18.0,18.6,26.1,13.2,452.0
2025-11-15T12:00,15.5,16.3,21.2,12.5,401.0
2025-11-15T13:00,14.2,15.1,15.5,11.4,346.0
2025-11-15T14:00,13.7,14.6,13.9,11.1,318.0
2025-11-15T15:00,13.9,14.8,19.5,12.1,334.0
2025-11-15T16:00,16.2,16.9,29.2,13.8,378.0
2025-11-15T17:00,19.2,19.5,41.7,16.1,432.0
2025-11-15T18:00,27.6,27.9,46.3,18.2,501.0
2025-11-15T19:00,30.9,31.1,52.5,21.0,580.0
2025-11-15T20:00,31.3,31.5,55.7,22.4,634.0
2025-11-15T21:00,31.9,32.0,53.2,21.3,658.0
2025-11-15T22:00,31.4,31.7,47.6,18.7,657.0
2025-11-15T23:00,29.1,29.6,42.7,15.9,610.0
2025-11-16T00:00,25.6,25.8,39.8,13.0,479.0
2025-11-16T01:00,22.1,22.3,37.5,9.8,301.0
2025-11-16T02:00,19.5,19.7,35.5,7.4,171.0
2025-11-16T03:00,17.5,17.7,33.8,5.9,127.0
2025-11-16T04:00,15.9,16.2,32.4,5.1,130.0
2025-11-16T05:00,12.7,13.0,37.3,4.8,159.0
2025-11-16T06:00,12.0,12.4,37.0,6.1,217.0
2025-11-16T07:00,14.0,14.4,36.6,8.0,300.0
2025-11-16T08:00,17.5,18.0,36.0,9.6,382.0
2025-11-16T09:00,19.1,19.7,35.1,10.7,465.0
2025-11-16T10:00,19.8,20.3,34.0,11.7,546.0
2025-11-16T11:00,21.4,22.0,33.7,12.4,585.0
2025-11-16T12:00,18.6,19.7,34.3,12.6,543.0
2025-11-16T13:00,16.0,17.2,35.7,12.7,459.0
2025-11-16T14:00,16.5,17.5,38.0,13.5,417.0
2025-11-16T15:00,18.3,19.1,42.1,15.6,466.0
2025-11-16T16:00,23.5,24.1,47.2,18.4,556.0
2025-11-16T17:00,22.7,23.3,47.2,19.6,620.0
2025-11-16T18:00,29.4,30.2,46.3,24.5,621.0
2025-11-16T19:00,33.6,34.3,45.0,31.0,597.0
2025-11-16T20:00,35.9,36.6,44.0,35.0,591.0
2025-11-16T21:00,36.1,36.8,43.7,34.3,637.0
2025-11-16T22:00,37.0,37.6,43.5,31.0,701.0
2025-11-16T23:00,36.4,37.0,42.8,27.1,729.0
2025-11-17T00:00,32.9,33.4,41.1,22.8,692.0
2025-11-17T01:00,30.2,30.5,38.8,17.9,619.0
2025-11-17T02:00,27.8,28.1,36.1,13.9,542.0
2025-11-17T03:00,25.8,26.0,33.0,11.2,446.0
2025-11-17T04:00,24.0,24.2,29.5,9.4,346.0
2025-11-17T05:00,20.0,20.2,30.5,9.1,316.0
2025-11-17T06:00,19.7,19.9,27.9,10.7,425.0
2025-11-17T07:00,22.5,22.7,24.4,12.8,605.0
2025-11-17T08:00,27.6,27.9,22.7,14.2,718.0
2025-11-17T09:00,29.8,30.0,24.9,14.2,702.0
2025-11-17T10:00,26.2,26.7,28.9,13.5,620.0
2025-11-17T11:00,18.6,19.2,30.6,12.8,528.0
2025-11-17T12:00,14.1,14.9,26.3,12.2,412.0
2025-11-17T13:00,12.5,13.2,19.8,11.6,286.0
2025-11-17T14:00,12.0,12.7,18.2,11.9,249.0
2025-11-17T15:00,12.3,13.0,26.4,13.7,351.0
2025-11-17T16:00,16.6,17.2,39.5,16.5,542.0
2025-11-17T17:00,15.5,15.8,57.8,18.9,767.0
2025-11-17T18:00,22.9,23.7,59.0,20.0,1078.0
2025-11-17T19:00,25.0,26.0,60.4,21.5,1424.0
2025-11-17T20:00,25.0,25.8,60.1,22.0,1591.0
2025-11-17T21:00,25.1,25.6,56.6,20.8,1445.0
2025-11-17T22:00,25.1,25.4,51.4,18.5,1121.0
2025-11-17T23:00,24.6,24.9,46.2,16.0,813.0
2025-11-18T00:00,22.5,22.8,41.7,13.2,567.0
2025-11-18T01:00,20.3,20.7,37.2,10.1,337.0
2025-11-18T02:00,18.6,19.0,33.3,7.7,178.0
2025-11-18T03:00,17.2,17.6,30.0,6.2,116.0
2025-11-18T04:00,16.1,16.4,27.2,5.4,124.0
2025-11-18T05:00,14.6,15.0,26.5,5.7,183.0
2025-11-18T06:00,14.8,15.2,25.1,7.4,325.0
2025-11-18T07:00,17.8,18.2,23.3,9.8,518.0
2025-11-18T08:00,22.5,23.1,22.7,11.6,640.0
2025-11-18T09:00,23.6,24.1,25.1,12.3,627.0
2025-11-18T10:00,20.8,21.5,28.8,12.5,545.0
2025-11-18T11:00,16.8,17.6,30.1,12.6,467.0
2025-11-18T12:00,10.3,11.2,25.5,12.7,414.0
2025-11-18T13:00,9.1,10.0,18.6,12.8,366.0
2025-11-18T14:00,9.1,9.9,16.5,13.5,340.0
2025-11-18T15:00,9.6,10.4,23.8,15.2,332.0
2025-11-18T16:00,13.3,13.9,35.9,17.5,345.0
2025-11-18T17:00,24.5,25.4,40.4,19.6,409.0
2025-11-18T18:00,33.2,34.0,44.6,22.4,580.0
2025-11-18T19:00,38.1,38.9,50.3,26.2,802.0
2025-11-18T20:00,40.5,41.4,53.9,28.7,931.0
2025-11-18T21:00,40.0,40.9,53.4,28.8,889.0
2025-11-18T22:00,39.3,40.2,50.7,27.6,755.0
2025-11-18T23:00,39.1,39.9,48.3,25.6,621.0
2025-11-19T00:00,38.3,39.1,47.1,22.5,506.0
2025-11-19T01:00,36.9,37.5,46.1,18.5,393.0
2025-11-19T02:00,34.9,35.5,44.8,15.2,319.0
2025-11-19T03:00,33.1,33.6,43.1,12.9,306.0
2025-11-19T04:00,31.5,32.0,41.1,11.1,333.0
2025-11-19T05:00,33.2,33.6,37.6,10.6,375.0
2025-11-19T06:00,32.0,32.5,35.1,11.4,440.0
2025-11-19T07:00,34.5,34.9,31.6,12.5,520.0
2025-11-19T08:00,38.8,39.1,29.3,13.5,563.0
2025-11-19T09:00,39.5,39.9,30.0,14.3,540.0
2025-11-19T10:00,36.6,37.3,31.8,15.0,479.0
2025-11-19T11:00,30.4,32.0,31.4,15.6,418.0
2025-11-19T12:00,24.7,26.8,25.0,15.8,351.0
2025-11-19T13:00,21.9,24.1,16.3,16.0,282.0
2025-11-19T14:00,21.0,23.3,12.8,16.7,264.0
2025-11-19T15:00,21.0,23.1,19.7,18.3,329.0
2025-11-19T16:00,23.2,24.7,31.9,20.4,443.0
2025-11-19T17:00,36.2,37.4,47.0,23.7,562.0
2025-11-19T18:00,43.2,44.5,47.6,26.0,679.0
2025-11-19T19:00,47.3,48.7,48.2,29.1,799.0
2025-11-19T20:00,49.0,50.5,48.1,30.8,893.0
2025-11-19T21:00,50.2,51.8,46.7,30.3,963.0
2025-11-19T22:00,50.9,52.5,44.5,28.6,1006.0
2025-11-19T23:00,49.7,51.2,41.9,26.0,981.0
2025-11-20T00:00,46.7,48.1,38.9,22.3,832.0
2025-11-20T01:00,44.1,45.3,35.4,17.9,615.0
2025-11-20T02:00,42.3,43.3,32.3,14.2,451.0
2025-11-20T03:00,40.4,41.4,29.4,11.6,389.0
2025-11-20T04:00,39.0,39.9,26.8,9.8,381.0
2025-11-20T05:00,36.6,37.5,25.8,8.5,400.0
2025-11-20T06:00,35.4,36.3,23.5,9.6,461.0
2025-11-20T07:00,37.8,38.8,20.5,11.1,550.0
2025-11-20T08:00,42.7,43.7,19.6,12.8,599.0
2025-11-20T09:00,45.8,46.4,23.5,14.9,572.0
2025-11-20T10:00,40.6,42.1,29.6,17.1,505.0
2025-11-20T11:00,35.9,38.2,32.7,18.6,445.0
2025-11-20T12:00,32.9,35.2,29.1,18.7,391.0
2025-11-20T13:00,29.2,31.7,22.5,18.1,344.0
2025-11-20T14:00,27.2,29.9,19.4,17.8,347.0
2025-11-20T15:00,26.0,29.0,23.4,18.0,431.0
2025-11-20T16:00,26.1,28.9,30.8,18.5,566.0
2025-11-20T17:00,38.2,41.7,41.1,19.4,700.0
2025-11-20T18:00,41.0,44.4,43.5,21.3,829.0
2025-11-20T19:00,41.8,44.9,46.8,23.8,958.0
2025-11-20T20:00,44.8,48.0,48.3,25.3,1054.0
2025-11-20T21:00,49.7,52.9,46.7,25.1,1111.0
2025-11-20T22:00,53.2,56.1,43.3,23.9,1134.0
2025-11-20T23:00,54.7,57.0,39.8,21.7,1106.0
2025-11-21T00:00,53.4,55.3,36.6,17.9,998.0
2025-11-21T01:00,51.3,53.1,33.3,13.2,839.0
2025-11-21T02:00,49.5,51.2,30.3,9.5,691.0
2025-11-21T03:00,48.0,49.9,27.7,7.5,553.0
2025-11-21T04:00,46.8,49.0,25.5,6.6,426.0
2025-11-21T05:00,43.3,45.4,22.0,5.5,379.0
2025-11-21T06:00,42.6,44.8,21.8,7.4,485.0
2025-11-21T07:00,45.3,47.7,21.6,10.0,670.0
2025-11-21T08:00,50.4,53.0,22.2,12.0,779.0
2025-11-21T09:00,53.2,55.2,24.8,12.3,728.0
2025-11-21T10:00,52.9,55.9,28.2,12.0,602.0
2025-11-21T11:00,44.6,51.0,29.9,12.4,499.0
2025-11-21T12:00,41.6,47.3,27.4,14.3,450.0
2025-11-21T13:00,38.4,43.9,23.1,16.9,424.0
2025-11-21T14:00,35.4,40.9,22.0,19.4,431.0
2025-11-21T15:00,33.2,38.6,27.5,21.6,487.0
2025-11-21T16:00,32.9,37.6,36.2,23.7,576.0
2025-11-21T17:00,44.8,51.2,47.1,25.3,655.0
2025-11-21T18:00,49.6,55.4,48.6,27.7,713.0
2025-11-21T19:00,51.2,56.7,50.6,30.7,761.0
2025-11-21T20:00,52.6,58.1,51.2,31.9,797.0
2025-11-21T21:00,55.2,60.3,49.2,29.6,828.0
2025-11-21T22:00,57.4,61.5,45.8,25.4,846.0
2025-11-21T23:00,57.2,60.3,42.3,21.2,825.0
2025-11-22T00:00,54.0,56.6,38.8,17.2,737.0
2025-11-22T01:00,50.4,53.0,35.2,13.2,610.0
2025-11-22T02:00,47.4,50.1,32.5,10.0,507.0
2025-11-22T03:00,45.2,48.2,31.5,8.0,433.0
2025-11-22T04:00,43.9,47.3,31.5,7.0,383.0
2025-11-22T05:00,42.3,45.1,29.3,7.1,407.0
2025-11-22T06:00,42.6,47.5,27.2,8.6,577.0
2025-11-22T07:00,45.8,52.0,24.5,10.7,822.0
2025-11-22T08:00,51.2,58.3,23.2,12.1,973.0
2025-11-22T09:00,55.6,63.3,25.1,11.9,943.0
2025-11-22T10:00,54.2,63.6,28.5,11.2,819.0
2025-11-22T11:00,47.6,58.4,30.0,11.5,702.0
2025-11-22T12:00,45.1,55.2,26.6,14.0,603.0
2025-11-22T13:00,43.0,53.1,21.2,17.5,511.0
2025-11-22T14:00,41.4,51.5,19.7,20.8,483.0
2025-11-22T15:00,39.7,49.7,25.9,23.2,570.0
2025-11-22T16:00,41.7,51.5,36.0,25.3,723.0
2025-11-22T17:00,56.2,68.9,53.6,26.9,850.0
2025-11-22T18:00,64.3,75.7,54.5,30.5,913.0
2025-11-22T19:00,68.5,79.4,55.6,35.4,951.0
2025-11-22T20:00,69.8,80.6,55.9,38.3,987.0
2025-11-22T21:00,68.7,78.5,54.9,38.0,1046.0
2025-11-22T22:00,68.2,76.8,53.0,35.7,1102.0
2025-11-22T23:00,67.3,75.0,50.2,32.4,1105.0
2025-11-23T00:00,64.3,70.5,46.1,27.6,1013.0
2025-11-23T01:00,60.3,65.2,41.1,21.8,868.0
2025-11-23T02:00,56.3,60.5,36.9,16.9,740.0
2025-11-23T03:00,52.4,56.5,34.2,13.6,629.0
2025-11-23T04:00,48.9,52.9,32.4,11.2,535.0
2025-11-23T05:00,41.0,45.1,31.4,10.5,530.0
2025-11-23T06:00,40.3,46.1,31.4,11.5,703.0
2025-11-23T07:00,42.7,49.1,31.5,13.0,964.0
2025-11-23T08:00,48.0,54.5,31.4,14.1,1117.0
2025-11-23T09:00,53.1,59.8,31.6,14.3,1056.0
2025-11-23T10:00,53.0,60.5,31.8,14.2,887.0
2025-11-23T11:00,44.9,55.1,30.5,14.8,734.0
2025-11-23T12:00,43.4,54.9,25.5,16.7,622.0
2025-11-23T13:00,41.6,53.9,19.1,19.2,527.0
2025-11-23T14:00,40.0,52.6,16.6,21.4,499.0
2025-11-23T15:00,39.6,52.3,21.9,22.5,568.0
2025-11-23T16:00,42.0,54.7,31.3,23.2,704.0
2025-11-23T17:00,61.5,79.2,43.8,22.4,874.0
2025-11-23T18:00,71.0,87.8,45.8,26.4,1111.0
2025-11-23T19:00,77.1,93.4,48.5,31.7,1382.0
2025-11-23T20:00,78.5,93.1,49.9,34.7,1547.0
2025-11-23T21:00,77.8,90.3,49.3,33.6,1534.0
2025-11-23T22:00,77.3,87.3,47.3,30.2,1416.0
2025-11-23T23:00,74.7,82.7,44.5,26.1,1276.0
2025-11-24T00:00,69.6,75.4,40.3,21.2,1127.0
2025-11-24T01:00,63.1,68.0,35.1,15.7,957.0
2025-11-24T02:00,57.3,61.7,31.0,11.3,810.0
2025-11-24T03:00,52.2,56.2,28.9,8.8,683.0
2025-11-24T04:00,47.8,51.9,27.9,7.6,580.0
2025-11-24T05:00,42.8,46.4,25.0,7.4,556.0
2025-11-24T06:00,40.0,43.5,23.1,8.7,683.0
2025-11-24T07:00,40.9,43.5,20.6,10.5,890.0
2025-11-24T08:00,36.3,38.1,20.0,11.9,1015.0
2025-11-24T09:00,41.0,43.3,23.9,12.6,978.0
2025-11-24T10:00,39.8,42.8,29.6,13.0,860.0
2025-11-24T11:00,39.2,44.2,32.5,13.0,744.0
2025-11-24T12:00,40.3,48.8,28.5,12.5,642.0
2025-11-24T13:00,37.1,45.6,21.6,11.6,541.0
2025-11-24T14:00,34.9,43.2,18.5,11.5,489.0
2025-11-24T15:00,34.1,42.1,23.0,12.6,511.0
2025-11-24T16:00,36.9,43.2,31.3,14.4,582.0
2025-11-24T17:00,57.5,68.2,36.7,17.4,665.0
2025-11-24T18:00,65.2,75.7,39.9,20.1,754.0
2025-11-24T19:00,68.9,78.7,44.2,23.8,856.0
2025-11-24T20:00,69.2,77.8,46.4,25.8,956.0
2025-11-24T21:00,67.5,74.3,44.6,25.0,1079.0
2025-11-24T22:00,65.2,69.8,40.6,22.6,1200.0
2025-11-24T23:00,61.0,64.0,36.9,19.7,1229.0
2025-11-25T00:00,54.7,56.9,34.0,16.1,1094.0
2025-11-25T01:00,48.1,49.8,31.3,12.0,867.0
2025-11-25T02:00,42.1,43.7,29.2,8.9,679.0
2025-11-25T03:00,37.0,38.4,27.8,7.2,561.0
2025-11-25T04:00,32.7,34.2,27.0,6.5,483.0
2025-11-25T05:00,29.3,31.1,22.2,6.4,481.0
2025-11-25T06:00,26.3,28.2,22.2,7.9,624.0
2025-11-25T07:00,27.2,28.9,22.4,10.1,843.0
2025-11-25T08:00,30.4,31.7,23.3,11.6,972.0
2025-11-25T09:00,29.5,30.9,26.1,11.9,918.0
2025-11-25T10:00,26.9,28.0,29.6,11.6,772.0
2025-11-25T11:00,25.1,26.7,31.3,11.4,646.0
2025-11-25T12:00,23.2,25.9,28.7,11.3,567.0
2025-11-25T13:00,25.4,28.8,24.3,11.4,508.0
2025-11-25T14:00,25.1,28.3,23.2,12.5,488.0
2025-11-25T15:00,24.7,27.7,29.0,15.1,523.0
2025-11-25T16:00,27.2,29.3,38.1,18.6,598.0
2025-11-25T17:00,43.5,48.1,47.7,19.4,692.0
2025-11-25T18:00,48.8,52.7,48.9,22.0,810.0
2025-11-25T19:00,48.7,51.7,50.3,25.4,946.0
2025-11-25T20:00,45.6,47.6,49.8,27.1,1061.0
2025-11-25T21:00,42.8,43.8,45.8,25.5,1161.0
2025-11-25T22:00,40.0,40.5,39.8,22.1,1238.0
2025-11-25T23:00,36.0,36.6,34.6,18.7,1234.0
2025-11-26T00:00,32.1,32.6,31.0,15.4,1086.0
2025-11-26T01:00,29.8,30.4,28.0,12.1,855.0
2025-11-26T02:00,27.9,28.6,25.6,9.6,667.0
2025-11-26T03:00,26.3,27.1,23.7,8.3,565.0
2025-11-26T04:00,25.1,26.1,22.3,7.9,505.0
2025-11-26T05:00,17.7,18.5,23.2,6.5,484.0
2025-11-26T06:00,18.0,18.9,21.9,9.0,520.0
2025-11-26T07:00,21.8,22.8,20.3,12.5,596.0
2025-11-26T08:00,27.9,28.9,19.9,14.8,653.0
2025-11-26T09:00,33.6,34.5,22.3,14.7,674.0
2025-11-26T10:00,38.1,38.6,26.0,13.5,676.0
2025-11-26T11:00,24.3,25.9,27.8,12.8,656.0
2025-11-26T12:00,23.0,25.0,25.0,13.3,575.0
2025-11-26T13:00,23.4,25.6,20.3,14.4,473.0
2025-11-26T14:00,24.5,26.7,19.3,15.9,459.0
2025-11-26T15:00,26.3,28.4,25.4,17.8,618.0
2025-11-26T16:00,31.2,32.9,35.2,20.2,865.0
2025-11-26T17:00,51.6,54.2,45.5,25.6,1065.0
2025-11-26T18:00,61.9,64.7,46.5,29.9,1174.0
2025-11-26T19:00,66.6,69.6,47.8,35.7,1234.0
2025-11-26T20:00,66.1,68.9,48.2,38.8,1237.0
2025-11-26T21:00,61.5,64.0,47.1,37.1,1158.0
2025-11-26T22:00,57.5,59.4,45.0,32.8,1021.0
2025-11-26T23:00,53.7,54.9,42.4,27.9,893.0
2025-11-27T00:00,47.5,48.3,39.0,22.7,794.0
2025-11-27T01:00,41.1,41.8,35.0,16.9,704.0
2025-11-27T02:00,35.9,36.4,31.9,12.5,624.0
2025-11-27T03:00,31.4,32.4,30.3,10.0,544.0
2025-11-27T04:00,27.6,28.5,29.6,8.7,476.0
2025-11-27T05:00,26.1,27.0,33.1,9.9,454.0
2025-11-27T06:00,24.1,24.9,32.8,10.7,520.0
2025-11-27T07:00,25.4,26.0,32.2,11.8,632.0
2025-11-27T08:00,28.4,28.9,31.7,12.5,708.0
2025-11-27T09:00,28.7,29.2,31.7,12.5,712.0
2025-11-27T10:00,26.1,26.8,31.7,12.2,679.0
2025-11-27T11:00,23.6,24.6,29.9,11.6,630.0
2025-11-27T12:00,16.9,18.5,23.2,10.3,543.0
2025-11-27T13:00,15.8,17.5,14.8,8.7,441.0
2025-11-27T14:00,17.3,19.0,12.1,8.5,414.0
2025-11-27T15:00,18.9,20.6,20.6,10.7,509.0
2025-11-27T16:00,23.9,25.3,34.8,14.4,679.0
2025-11-27T17:00,46.1,49.2,44.1,16.9,868.0
2025-11-27T18:00,54.4,57.5,46.7,20.9,1109.0
2025-11-27T19:00,59.3,62.2,50.1,26.3,1370.0
2025-11-27T20:00,60.8,63.6,51.8,29.3,1492.0
2025-11-27T21:00,60.3,62.4,50.4,28.0,1376.0
2025-11-27T22:00,57.5,58.9,47.2,24.4,1122.0
2025-11-27T23:00,52.6,53.6,44.0,20.4,874.0
2025-11-28T00:00,45.6,46.4,41.1,16.2,665.0
2025-11-28T01:00,39.0,39.8,38.1,11.6,463.0
2025-11-28T02:00,33.8,34.6,35.5,8.1,314.0
2025-11-28T03:00,29.8,30.6,33.5,6.1,233.0
2025-11-28T04:00,26.6,27.4,31.9,5.2,205.0
2025-11-28T05:00,26.1,27.0,29.3,6.1,234.0
2025-11-28T06:00,24.6,25.4,28.0,7.9,357.0
2025-11-28T07:00,26.3,27.1,26.3,10.5,537.0
2025-11-28T08:00,29.9,30.7,25.5,12.4,667.0
2025-11-28T09:00,30.4,31.1,27.0,13.2,701.0
2025-11-28T10:00,27.2,28.2,29.4,13.4,686.0
2025-11-28T11:00,26.1,27.3,30.0,13.2,649.0
2025-11-28T12:00,20.5,23.2,26.0,12.4,580.0
2025-11-28T13:00,19.8,22.9,20.3,11.2,490.0
2025-11-28T14:00,19.8,23.1,18.8,10.9,442.0
2025-11-28T15:00,20.7,23.9,25.6,12.2,448.0
2025-11-28T16:00,25.3,27.8,36.6,14.3,495.0
2025-11-28T17:00,39.3,43.1,44.7,16.8,610.0
2025-11-28T18:00,48.0,51.7,46.9,20.1,874.0
2025-11-28T19:00,51.9,55.6,49.8,24.6,1205.0
2025-11-28T20:00,53.0,56.2,51.3,27.3,1386.0
2025-11-28T21:00,52.5,55.3,50.2,26.8,1287.0
2025-11-28T22:00,51.5,53.7,47.8,24.4,1038.0
2025-11-28T23:00,48.9,50.4,45.0,21.4,803.0
2025-11-29T00:00,44.2,45.3,42.0,17.6,629.0
2025-11-29T01:00,39.5,40.4,38.7,13.0,470.0
2025-11-29T02:00,35.5,36.3,36.3,9.6,357.0
2025-11-29T03:00,32.0,32.8,35.3,7.8,306.0
2025-11-29T04:00,29.2,30.2,35.1,7.1,300.0
2025-11-29T05:00,28.1,28.9,31.8,7.5,321.0
2025-11-29T06:00,27.4,28.3,30.5,9.3,382.0
2025-11-29T07:00,29.9,30.9,28.7,11.7,470.0
2025-11-29T08:00,33.6,34.7,27.8,13.4,530.0
2025-11-29T09:00,35.4,36.2,29.1,13.5,535.0
2025-11-29T10:00,32.2,33.4,31.3,12.9,512.0
2025-11-29T11:00,29.8,31.4,32.2,13.2,484.0
2025-11-29T12:00,30.6,33.3,29.6,15.1,435.0
2025-11-29T13:00,31.9,35.0,25.7,17.9,381.0
2025-11-29T14:00,32.2,35.5,24.9,20.5,396.0
2025-11-29T15:00,32.6,35.7,30.5,22.3,526.0
2025-11-29T16:00,37.0,39.6,39.3,24.0,725.0
2025-11-29T17:00,58.4,63.1,46.6,25.7,932.0
2025-11-29T18:00,68.2,72.9,47.5,30.3,1177.0
2025-11-29T19:00,73.8,78.5,48.7,36.5,1429.0
2025-11-29T20:00,75.4,79.9,49.4,40.3,1541.0
2025-11-29T21:00,73.6,77.5,49.3,40.0,1402.0
2025-11-29T22:00,70.3,73.8,48.6,37.3,1122.0
2025-11-29T23:00,65.9,68.9,47.3,33.5,882.0
2025-11-30T00:00,61.2,64.0,44.9,28.4,750.0
2025-11-30T01:00,56.8,58.8,41.8,22.2,657.0
2025-11-30T02:00,52.0,53.6,39.1,17.2,583.0
2025-11-30T03:00,47.6,48.9,37.4,14.3,514.0
2025-11-30T04:00,44.4,45.6,36.2,12.6,463.0
2025-11-30T05:00,45.4,47.1,38.5,12.5,444.0
2025-11-30T06:00,44.1,45.8,36.2,13.5,482.0
2025-11-30T07:00,45.9,47.1,33.1,14.8,552.0
2025-11-30T08:00,38.8,39.5,31.0,15.8,592.0
2025-11-30T09:00,45.5,46.6,31.4,16.1,570.0
2025-11-30T10:00,44.2,45.4,32.8,16.0,518.0
2025-11-30T11:00,43.9,45.8,32.6,16.0,470.0
2025-11-30T12:00,46.3,50.1,28.1,15.9,412.0
2025-11-30T13:00,46.7,51.1,22.0,15.8,358.0
2025-11-30T14:00,46.2,50.8,20.0,16.2,381.0
2025-11-30T15:00,46.2,50.6,26.2,17.2,520.0
2025-11-30T16:00,52.5,56.1,36.4,18.7,735.0
2025-11-30T17:00,80.8,87.8,43.0,20.1,982.0
2025-11-30T18:00,86.8,93.4,43.0,23.9,1315.0
2025-11-30T19:00,91.5,97.8,43.0,29.2,1679.0
2025-11-30T20:00,93.8,99.7,43.0,33.1,1866.0
2025-11-30T21:00,91.7,97.3,43.1,34.6,1736.0
2025-11-30T22:00,87.5,92.7,43.1,34.8,1428.0
2025-11-30T23:00,82.7,87.3,42.6,33.3,1153.0
2025-12-01T00:00,77.5,81.7,41.1,29.5,982.0
2025-12-01T01:00,72.2,75.7,39.1,24.1,844.0
2025-12-01T02:00,66.4,69.2,37.1,19.4,734.0
2025-12-01T03:00,61.0,63.1,35.3,15.9,642.0
2025-12-01T04:00,55.9,57.7,33.4,13.2,578.0
2025-12-01T05:00,52.0,53.2,32.4,10.5,567.0
2025-12-01T06:00,41.0,41.9,30.5,11.8,661.0
2025-12-01T07:00,36.6,37.3,28.0,13.6,808.0
2025-12-01T08:00,41.0,41.8,26.7,15.0,879.0
2025-12-01T09:00,43.4,44.5,27.8,15.2,795.0
2025-12-01T10:00,43.3,44.7,30.1,15.1,636.0
2025-12-01T11:00,41.2,43.8,31.4,15.7,507.0
2025-12-01T12:00,45.8,49.0,29.8,18.0,433.0
2025-12-01T13:00,50.3,54.0,27.2,21.1,390.0
2025-12-01T14:00,51.3,55.2,27.0,23.6,411.0
2025-12-01T15:00,51.6,55.3,31.7,24.6,521.0
2025-12-01T16:00,55.6,58.7,38.7,25.1,694.0
2025-12-01T17:00,77.5,82.0,44.5,27.8,891.0
2025-12-01T18:00,85.2,89.4,44.2,32.4,1129.0
2025-12-01T19:00,91.3,95.5,43.7,38.5,1390.0
2025-12-01T20:00,92.9,96.9,43.5,42.2,1579.0
2025-12-01T21:00,88.2,92.0,44.0,41.6,1664.0
2025-12-01T22:00,82.2,85.2,44.7,38.6,1678.0
2025-12-01T23:00,76.4,78.7,44.4,34.4,1622.0
2025-12-02T00:00,69.2,71.0,42.1,28.8,1470.0
2025-12-02T01:00,62.4,63.8,38.7,22.0,1247.0
2025-12-02T02:00,56.2,57.4,35.9,16.5,1034.0
2025-12-02T03:00,51.0,52.2,34.1,13.0,832.0
2025-12-02T04:00,46.8,48.0,32.7,10.8,640.0
2025-12-02T05:00,32.4,33.2,39.3,9.3,532.0
2025-12-02T06:00,28.4,29.1,38.8,10.3,578.0
2025-12-02T07:00,33.3,34.2,38.2,11.6,709.0
2025-12-02T08:00,37.5,38.5,37.3,12.5,793.0
2025-12-02T09:00,38.6,39.6,36.3,12.5,770.0
2025-12-02T10:00,36.2,37.4,35.1,12.1,699.0
2025-12-02T11:00,31.5,33.4,33.5,11.8,628.0
2025-12-02T12:00,28.4,30.6,30.0,11.3,552.0
2025-12-02T13:00,27.2,29.5,26.0,10.8,476.0
2025-12-02T14:00,27.3,29.6,26.3,11.5,463.0
2025-12-02T15:00,28.4,30.6,34.6,14.1,563.0
2025-12-02T16:00,38.1,40.2,47.2,17.9,726.0
2025-12-02T17:00,51.8,53.8,65.8,21.6,863.0
2025-12-02T18:00,59.6,61.9,66.8,25.5,958.0
2025-12-02T19:00,64.3,66.4,68.1,30.7,1028.0
2025-12-02T20:00,63.3,65.4,67.6,33.3,1036.0
2025-12-02T21:00,61.0,62.6,63.8,31.3,950.0
2025-12-02T22:00,57.6,58.8,58.3,26.8,803.0
2025-12-02T23:00,52.0,53.1,53.8,22.1,652.0
2025-12-03T00:00,44.0,45.1,51.4,17.6,502.0
2025-12-03T01:00,36.9,37.8,49.9,12.9,349.0
2025-12-03T02:00,31.3,32.4,48.5,9.4,241.0
2025-12-03T03:00,27.2,28.3,47.0,7.4,190.0
2025-12-03T04:00,24.5,25.6,45.5,6.6,183.0
2025-12-03T05:00,21.3,22.7,45.2,6.9,231.0
2025-12-03T06:00,19.7,21.1,43.6,8.6,373.0
2025-12-03T07:00,21.5,22.9,41.3,11.0,571.0
2025-12-03T08:00,25.6,27.1,39.0,12.6,719.0
2025-12-03T09:00,27.2,28.7,37.4,12.9,779.0
2025-12-03T10:00,25.8,27.4,35.9,12.4,790.0
2025-12-03T11:00,23.8,25.6,33.0,11.6,764.0
2025-12-03T12:00,19.4,22.1,26.4,10.3,660.0
2025-12-03T13:00,18.8,21.7,18.5,8.7,520.0
2025-12-03T14:00,20.2,22.8,14.8,8.2,479.0
2025-12-03T15:00,22.2,24.4,18.6,9.4,629.0
2025-12-03T16:00,26.5,28.9,26.6,11.8,879.0
2025-12-03T17:00,28.4,30.2,44.5,12.8,1092.0
2025-12-03T18:00,34.8,36.7,48.9,14.6,1243.0
2025-12-03T19:00,38.0,40.0,54.8,17.1,1356.0
2025-12-03T20:00,39.0,40.7,58.7,18.3,1368.0
2025-12-03T21:00,38.5,39.8,59.1,17.3,1211.0
2025-12-03T22:00,35.4,36.4,57.5,15.0,952.0
2025-12-03T23:00,28.9,30.0,54.7,12.8,730.0
2025-12-04T00:00,22.9,24.0,50.4,10.7,585.0
2025-12-04T01:00,19.4,20.4,44.9,8.7,477.0
2025-12-04T02:00,17.6,18.5,40.0,7.2,418.0
2025-12-04T03:00,16.4,17.1,35.9,6.5,441.0
2025-12-04T04:00,16.6,17.2,32.3,6.3,514.0
2025-12-04T05:00,17.9,18.6,28.6,6.0,552.0
2025-12-04T06:00,18.2,18.9,29.8,7.8,503.0
2025-12-04T07:00,21.8,22.4,31.5,10.3,419.0
2025-12-04T08:00,26.2,27.0,32.5,12.4,369.0
2025-12-04T09:00,30.4,31.0,32.1,13.7,388.0
2025-12-04T10:00,36.4,37.0,31.0,14.6,441.0
2025-12-04T11:00,31.5,32.4,31.0,15.2,493.0
2025-12-04T12:00,27.9,28.9,32.8,15.3,531.0
2025-12-04T13:00,28.8,29.9,35.6,15.1,568.0
2025-12-04T14:00,29.3,30.7,38.3,15.3,613.0
2025-12-04T15:00,29.5,31.4,40.6,15.9,673.0
2025-12-04T16:00,34.7,36.7,42.8,16.8,739.0
2025-12-04T17:00,38.4,42.7,26.9,9.6,796.0
2025-12-04T18:00,41.2,46.9,31.5,10.5,848.0
2025-12-04T19:00,45.4,53.8,37.9,11.9,891.0
2025-12-04T20:00,49.0,59.0,42.9,13.2,890.0
2025-12-04T21:00,51.2,63.8,45.2,14.7,813.0
2025-12-04T22:00,52.7,67.5,46.0,16.1,692.0
2025-12-04T23:00,52.2,68.0,45.8,16.6,596.0
2025-12-05T00:00,49.2,65.9,44.2,15.3,555.0
2025-12-05T01:00,47.1,63.3,41.5,12.9,538.0
2025-12-05T02:00,45.1,60.3,38.9,10.9,523.0
2025-12-05T03:00,42.8,56.6,36.6,9.4,492.0
2025-12-05T04:00,39.1,51.2,34.5,8.2,463.0
2025-12-05T05:00,43.7,60.1,34.9,10.5,467.0
2025-12-05T06:00,46.1,63.1,37.2,13.2,547.0
2025-12-05T07:00,51.6,68.7,40.2,17.0,659.0
2025-12-05T08:00,56.6,73.1,41.5,19.2,706.0
2025-12-05T09:00,59.4,72.4,40.2,18.8,623.0
2025-12-05T10:00,57.7,66.4,37.3,16.9,474.0
2025-12-05T11:00,49.8,61.5,33.0,14.7,350.0
2025-12-05T12:00,34.3,48.7,25.6,12.1,272.0
2025-12-05T13:00,30.7,45.5,16.9,9.1,219.0
2025-12-05T14:00,31.4,47.0,12.1,7.4,215.0
2025-12-05T15:00,35.6,52.9,13.9,7.4,295.0
2025-12-05T16:00,39.6,55.5,19.6,8.6,423.0
2025-12-05T17:00,45.8,59.4,29.0,10.2,519.0
2025-12-05T18:00,48.0,62.6,34.5,12.1,536.0
2025-12-05T19:00,51.2,66.1,42.0,14.8,521.0
2025-12-05T20:00,55.8,71.2,47.4,16.8,526.0
2025-12-05T21:00,58.9,72.9,48.8,18.0,597.0
2025-12-05T22:00,59.0,70.1,48.2,18.7,688.0
2025-12-05T23:00,55.4,63.8,46.9,18.0,722.0
2025-12-06T00:00,48.7,54.9,45.8,15.1,647.0
2025-12-06T01:00,39.9,44.5,44.0,11.0,515.0
2025-12-06T02:00,31.3,34.5,41.1,7.7,399.0
2025-12-06T03:00,24.7,26.8,35.6,5.9,318.0
2025-12-06T04:00,20.1,21.4,28.9,5.0,254.0
2025-12-06T05:00,16.4,17.3,18.2,4.1,225.0
2025-12-06T06:00,14.5,15.0,20.9,5.3,251.0
2025-12-06T07:00,14.9,15.3,24.6,7.0,311.0
2025-12-06T08:00,16.7,17.1,26.8,8.5,363.0
2025-12-06T09:00,17.3,17.9,26.5,9.7,399.0
2025-12-06T10:00,18.3,18.7,24.7,10.8,427.0
2025-12-06T11:00,17.5,18.1,22.5,11.2,427.0
2025-12-06T12:00,10.9,11.9,18.8,10.4,368.0
2025-12-06T13:00,9.5,10.7,14.6,9.0,281.0
2025-12-06T14:00,9.0,10.3,13.8,8.4,242.0
2025-12-06T15:00,8.9,10.2,19.1,9.2,302.0
2025-12-06T16:00,10.7,11.8,27.7,10.8,411.0
2025-12-06T17:00,22.1,25.1,38.8,13.6,494.0
2025-12-06T18:00,30.2,32.9,42.4,17.6,511.0
2025-12-06T19:00,35.9,38.5,47.2,23.0,502.0
2025-12-06T20:00,38.9,41.3,50.1,26.0,514.0
2025-12-06T21:00,41.8,43.9,48.8,24.6,586.0
2025-12-06T22:00,41.8,43.4,45.6,20.8,680.0
2025-12-06T23:00,38.3,39.7,43.4,16.8,724.0
2025-12-07T00:00,31.5,32.9,44.4,13.1,680.0
2025-12-07T01:00,26.3,27.5,46.4,9.3,586.0
2025-12-07T02:00,22.3,23.4,46.5,6.3,488.0
2025-12-07T03:00,19.7,20.7,42.2,4.6,375.0
2025-12-07T04:00,18.1,19.0,35.9,3.7,258.0
2025-12-07T05:00,14.4,15.3,29.8,4.5,215.0
2025-12-07T06:00,14.3,15.4,30.2,5.3,318.0
2025-12-07T07:00,14.8,15.8,30.6,6.3,496.0
2025-12-07T08:00,15.7,16.8,30.3,7.3,608.0
2025-12-07T09:00,15.9,17.3,29.1,8.1,583.0
2025-12-07T10:00,16.3,17.8,27.2,8.8,492.0
2025-12-07T11:00,16.6,18.7,24.8,9.0,414.0
2025-12-07T12:00,15.4,18.7,21.2,8.2,374.0
2025-12-07T13:00,15.1,19.6,17.0,6.9,346.0
2025-12-07T14:00,15.1,20.2,14.5,6.0,327.0
2025-12-07T15:00,16.0,21.5,14.4,5.8,303.0
2025-12-07T16:00,17.6,22.9,15.9,6.1,287.0
2025-12-07T17:00,20.6,25.7,16.0,6.0,319.0
2025-12-07T18:00,23.2,29.3,23.3,8.0,439.0
2025-12-07T19:00,27.0,33.5,33.2,10.7,606.0
2025-12-07T20:00,28.9,35.4,39.6,12.3,733.0
2025-12-07T21:00,27.3,34.8,39.6,12.1,798.0
2025-12-07T22:00,27.9,35.0,36.1,10.8,823.0
2025-12-07T23:00,27.5,34.3,31.8,9.3,785.0
2025-12-08T00:00,24.9,31.2,27.0,7.5,638.0
2025-12-08T01:00,22.4,28.1,21.3,5.4,427.0
2025-12-08T02:00,20.2,25.0,16.5,3.8,267.0
2025-12-08T03:00,15.7,19.8,12.3,3.1,204.0
2025-12-08T04:00,14.6,18.7,9.0,2.9,192.0
2025-12-08T05:00,12.0,15.3,11.9,3.3,205.0
2025-12-08T06:00,13.0,16.5,18.9,6.1,247.0
2025-12-08T07:00,17.5,21.0,28.5,9.9,315.0
2025-12-08T08:00,25.1,29.0,34.8,12.2,376.0
2025-12-08T09:00,26.1,29.9,35.0,11.6,428.0
2025-12-08T10:00,22.9,25.7,31.9,9.6,474.0
2025-12-08T11:00,20.3,22.8,28.2,7.8,487.0
2025-12-08T12:00,17.8,20.0,23.9,6.9,435.0
2025-12-08T13:00,16.8,19.3,18.9,6.3,350.0
2025-12-08T14:00,18.0,21.1,16.0,6.1,300.0
2025-12-08T15:00,18.7,21.9,16.2,6.2,316.0
2025-12-08T16:00,18.4,21.2,18.4,6.8,367.0
2025-12-08T17:00,19.4,21.4,31.6,8.2,423.0
2025-12-08T18:00,25.3,27.1,36.2,12.9,489.0
2025-12-08T19:00,32.1,34.0,42.5,19.3,560.0
2025-12-08T20:00,35.7,37.4,47.4,23.6,593.0
2025-12-08T21:00,35.5,37.0,49.4,23.9,558.0
2025-12-08T22:00,32.8,34.1,49.9,22.1,485.0
2025-12-08T23:00,29.8,31.0,49.8,19.4,424.0
2025-12-09T00:00,26.2,27.2,49.8,15.7,395.0
2025-12-09T01:00,21.8,22.6,49.3,11.1,378.0
2025-12-09T02:00,18.1,18.9,47.3,7.5,356.0
2025-12-09T03:00,15.9,16.9,42.0,5.5,313.0
2025-12-09T04:00,14.7,16.0,35.1,4.5,266.0
2025-12-09T05:00,13.9,15.0,37.2,5.5,251.0
2025-12-09T06:00,14.3,17.1,37.7,6.5,286.0
2025-12-09T07:00,16.9,21.0,38.5,8.0,354.0
2025-12-09T08:00,20.8,26.4,39.2,9.3,436.0
2025-12-09T09:00,24.2,29.6,39.9,10.4,559.0
2025-12-09T10:00,26.5,31.3,40.5,11.3,697.0
2025-12-09T11:00,27.1,31.5,40.5,11.6,757.0
2025-12-09T12:00,25.1,29.3,39.2,10.7,664.0
2025-12-09T13:00,22.4,26.3,37.3,9.0,493.0
2025-12-09T14:00,21.3,24.6,36.1,7.9,376.0
2025-12-09T15:00,21.1,24.0,36.2,7.6,376.0
2025-12-09T16:00,20.5,23.2,37.1,7.7,431.0
2025-12-09T17:00,12.7,16.7,13.4,3.8,484.0
2025-12-09T18:00,14.2,17.0,21.6,6.1,525.0
2025-12-09T19:00,18.2,20.3,32.7,9.2,564.0
2025-12-09T20:00,22.1,23.9,40.6,11.7,577.0
2025-12-09T21:00,25.6,27.1,41.9,13.0,549.0
2025-12-09T22:00,26.5,27.9,40.0,13.7,494.0
2025-12-09T23:00,23.8,25.3,38.1,13.8,431.0
2025-12-10T00:00,20.8,22.4,38.1,13.2,354.0
2025-12-10T01:00,18.4,19.7,38.2,12.0,269.0
2025-12-10T02:00,16.8,17.9,36.7,10.9,210.0
2025-12-10T03:00,14.7,15.5,31.9,9.8,192.0
2025-12-10T04:00,12.3,12.9,25.5,8.6,200.0
2025-12-10T05:00,13.8,14.8,36.3,10.5,218.0
2025-12-10T06:00,14.1,15.0,34.6,12.7,250.0
2025-12-10T07:00,17.1,17.9,32.2,15.8,293.0
2025-12-10T08:00,22.2,22.9,30.3,18.5,322.0
2025-12-10T09:00,20.6,21.3,29.5,20.4,327.0
2025-12-10T10:00,15.8,16.5,29.3,22.0,320.0
2025-12-10T11:00,14.6,15.4,28.9,23.4,308.0
2025-12-10T12:00,13.5,14.4,27.6,24.5,287.0
2025-12-10T13:00,13.3,14.2,26.1,25.5,262.0
2025-12-10T14:00,13.2,14.1,26.1,26.3,260.0
2025-12-10T15:00,13.0,14.0,28.9,26.7,280.0
2025-12-10T16:00,13.5,14.4,33.1,27.1,323.0
2025-12-10T17:00,11.9,12.0,33.3,27.6,418.0
2025-12-10T18:00,16.5,16.9,34.2,31.6,626.0
2025-12-10T19:00,22.9,23.3,35.6,36.9,887.0
2025-12-10T20:00,29.5,29.9,37.3,39.4,1045.0
2025-12-10T21:00,30.0,30.4,39.9,36.9,1005.0
2025-12-10T22:00,30.0,30.4,42.9,31.5,863.0
2025-12-10T23:00,30.3,30.5,44.9,26.0,748.0
2025-12-11T00:00,29.0,29.2,44.9,20.7,718.0
2025-12-11T01:00,25.3,25.6,43.9,15.2,715.0
2025-12-11T02:00,22.2,22.5,43.2,10.9,694.0
2025-12-11T03:00,19.7,20.1,43.4,8.3,620.0
2025-12-11T04:00,16.0,16.5,44.0,7.0,527.0
2025-12-11T05:00,10.5,11.1,32.0,5.1,473.0
2025-12-11T06:00,10.5,11.1,34.9,6.5,490.0
2025-12-11T07:00,12.0,12.7,38.8,8.4,546.0
2025-12-11T08:00,15.5,16.3,41.4,10.0,602.0
2025-12-11T09:00,18.0,18.6,41.7,11.1,658.0
2025-12-11T10:00,18.9,19.5,40.6,12.0,713.0
2025-12-11T11:00,18.1,18.6,39.2,12.3,730.0
2025-12-11T12:00,17.1,17.7,36.8,11.6,667.0
2025-12-11T13:00,15.8,16.3,34.0,10.5,566.0
2025-12-11T14:00,15.6,16.2,33.2,10.2,508.0
2025-12-11T15:00,16.2,16.8,36.4,12.1,541.0
2025-12-11T16:00,18.4,19.0,41.5,15.0,618.0
2025-12-11T17:00,11.4,11.8,39.2,7.3,683.0
2025-12-11T18:00,11.2,12.2,39.1,7.4,734.0
2025-12-11T19:00,11.2,12.7,39.0,7.5,773.0
2025-12-11T20:00,11.5,13.3,38.5,7.4,745.0
2025-12-11T21:00,11.6,13.5,38.0,7.2,591.0
2025-12-11T22:00,11.4,13.6,37.1,6.8,370.0
2025-12-11T23:00,10.6,13.2,34.8,6.3,211.0
2025-12-12T00:00,9.3,12.1,29.8,5.4,180.0
2025-12-12T01:00,8.7,11.7,23.3,4.3,211.0
2025-12-12T02:00,8.5,11.5,18.4,3.5,232.0
2025-12-12T03:00,8.2,11.1,15.8,3.1,210.0
2025-12-12T04:00,8.3,11.3,14.7,3.0,178.0
2025-12-12T05:00,7.8,10.4,12.1,3.2,171.0
2025-12-12T06:00,9.0,11.6,16.8,4.6,204.0
2025-12-12T07:00,11.5,14.3,23.2,6.5,262.0
2025-12-12T08:00,14.8,17.6,27.8,8.3,329.0
2025-12-12T09:00,17.8,20.1,28.7,9.6,426.0
2025-12-12T10:00,18.6,20.7,27.9,10.7,532.0
2025-12-12T11:00,19.3,21.3,27.3,11.6,571.0
2025-12-12T12:00,19.3,21.5,27.5,12.1,480.0
2025-12-12T13:00,16.6,18.6,28.1,12.3,322.0
2025-12-12T14:00,14.9,16.2,29.5,13.0,211.0
2025-12-12T15:00,17.3,23.1,32.8,14.4,196.0
2025-12-12T16:00,18.3,22.1,36.9,16.2,227.0
2025-12-12T17:00,23.4,25.7,43.6,13.7,275.0
2025-12-12T18:00,27.4,30.2,41.4,14.9,345.0
2025-12-12T19:00,31.4,34.8,38.3,16.5,432.0
2025-12-12T20:00,31.0,34.3,35.9,17.2,484.0
2025-12-12T21:00,27.2,30.3,34.9,16.2,473.0
2025-12-12T22:00,25.9,28.4,34.6,14.3,428.0
2025-12-12T23:00,23.5,25.9,34.3,12.2,386.0
2025-12-13T00:00,20.2,22.9,33.9,10.0,359.0
2025-12-13T01:00,18.5,21.4,33.4,7.7,334.0
2025-12-13T02:00,18.1,21.7,32.7,6.1,312.0
2025-12-13T03:00,18.5,22.9,31.4,5.5,280.0
2025-12-13T04:00,19.1,24.7,29.7,5.6,251.0
2025-12-13T05:00,28.1,36.6,29.8,9.7,264.0
2025-12-13T06:00,29.9,39.0,29.5,11.9,367.0
2025-12-13T07:00,31.7,40.6,29.1,15.0,512.0
2025-12-13T08:00,36.8,45.6,28.5,16.9,591.0
2025-12-13T09:00,41.9,50.9,27.5,16.7,538.0
2025-12-13T10:00,37.0,44.8,26.3,15.5,419.0
2025-12-13T11:00,31.0,40.4,25.6,14.3,326.0
2025-12-13T12:00,29.9,41.0,25.6,13.5,296.0
2025-12-13T13:00,28.6,39.6,26.1,12.8,291.0
2025-12-13T14:00,27.2,37.3,26.5,12.2,288.0
2025-12-13T15:00,25.9,34.3,26.9,11.7,276.0
2025-12-13T16:00,24.6,31.3,27.2,11.3,265.0
2025-12-13T17:00,29.3,37.0,26.1,10.1,270.0
2025-12-13T18:00,27.9,34.6,27.6,11.7,301.0
2025-12-13T19:00,29.0,35.0,29.5,14.0,347.0
2025-12-13T20:00,30.7,36.3,30.3,15.9,384.0
2025-12-13T21:00,32.1,36.8,28.8,17.2,405.0
2025-12-13T22:00,34.2,38.1,26.2,18.2,418.0
2025-12-13T23:00,36.8,40.5,24.4,18.6,422.0
2025-12-14T00:00,34.3,38.6,24.3,18.3,416.0
2025-12-14T01:00,33.6,38.3,25.0,17.4,401.0
2025-12-14T02:00,33.2,38.0,25.6,16.3,380.0
2025-12-14T03:00,33.5,38.8,25.5,15.0,344.0
2025-12-14T04:00,34.0,39.1,25.3,13.5,302.0
2025-12-14T05:00,24.0,26.0,27.1,6.8,283.0
2025-12-14T06:00,18.7,20.0,26.9,6.6,312.0
2025-12-14T07:00,13.1,14.4,26.5,6.3,365.0
2025-12-14T08:00,10.7,12.5,24.7,5.9,396.0
2025-12-14T09:00,10.4,12.6,20.3,5.5,386.0
2025-12-14T10:00,10.3,13.2,14.4,5.0,354.0
2025-12-14T11:00,9.5,13.3,9.7,4.5,318.0
2025-12-14T12:00,8.0,12.3,6.3,3.7,267.0
2025-12-14T13:00,6.8,10.2,4.0,2.9,212.0
2025-12-14T14:00,6.0,8.6,4.5,2.7,203.0
2025-12-14T15:00,6.4,8.3,10.0,3.8,291.0
2025-12-14T16:00,8.1,9.5,18.4,5.5,426.0
2025-12-14T17:00,10.5,12.5,20.8,6.1,500.0
2025-12-14T18:00,10.4,12.3,21.8,6.2,452.0
2025-12-14T19:00,10.9,12.3,23.1,6.3,345.0
2025-12-14T20:00,10.9,12.4,23.2,6.3,259.0
2025-12-14T21:00,10.9,12.6,21.3,6.0,230.0
2025-12-14T22:00,11.9,13.6,18.2,5.6,222.0
2025-12-14T23:00,12.6,14.5,14.8,5.0,214.0
2025-12-15T00:00,11.4,12.8,10.8,4.1,194.0
2025-12-15T01:00,8.7,9.4,6.4,3.0,173.0
2025-12-15T02:00,6.2,6.6,3.4,2.3,160.0
2025-12-15T03:00,5.1,5.5,2.4,2.2,161.0
2025-12-15T04:00,4.6,5.2,2.8,2.4,169.0
2025-12-15T05:00,2.4,2.6,4.7,2.9,179.0
2025-12-15T06:00,2.3,2.7,6.3,3.5,189.0
2025-12-15T07:00,2.9,3.5,8.4,4.5,200.0
2025-12-15T08:00,4.5,5.4,10.0,5.2,209.0
2025-12-15T09:00,5.9,7.0,10.4,5.6,216.0
2025-12-15T10:00,6.5,7.9,10.3,5.9,222.0
2025-12-15T11:00,6.5,8.1,10.0,6.1,222.0
2025-12-15T12:00,6.8,8.6,9.1,6.1,209.0
2025-12-15T13:00,7.0,8.8,8.1,6.0,190.0
2025-12-15T14:00,7.0,8.9,8.5,6.2,188.0
2025-12-15T15:00,7.1,8.9,11.0,6.6,209.0
2025-12-15T16:00,7.3,9.1,14.9,7.2,246.0
2025-12-15T17:00,16.7,20.2,27.6,10.1,297.0
2025-12-15T18:00,22.1,25.3,32.6,13.4,374.0
2025-12-15T19:00,25.9,28.9,39.4,17.9,464.0
2025-12-15T20:00,29.0,32.0,44.3,21.4,529.0
2025-12-15T21:00,32.0,34.8,45.7,23.5,558.0
2025-12-15T22:00,35.5,38.2,45.2,24.5,562.0
2025-12-15T23:00,38.1,40.2,44.2,23.9,536.0
2025-12-16T00:00,36.9,38.6,43.0,20.4,461.0
2025-12-16T01:00,30.7,32.4,41.4,15.3,357.0
2025-12-16T02:00,24.4,26.0,40.1,11.1,276.0
2025-12-16T03:00,21.1,22.6,39.6,8.9,236.0
2025-12-16T04:00,19.0,20.4,39.4,7.8,220.0
2025-12-16T05:00,15.4,16.4,38.7,5.5,232.0
2025-12-16T06:00,14.0,14.7,39.2,7.1,290.0
2025-12-16T07:00,15.5,16.1,39.9,9.4,376.0
2025-12-16T08:00,18.7,19.3,39.6,11.2,446.0
2025-12-16T09:00,21.2,21.7,37.8,12.1,489.0
2025-12-16T10:00,21.1,21.6,35.1,12.6,517.0
2025-12-16T11:00,20.0,20.7,32.5,12.7,514.0
2025-12-16T12:00,13.1,14.1,29.6,12.3,457.0
2025-12-16T13:00,10.8,11.5,26.9,11.5,370.0
2025-12-16T14:00,10.1,10.7,26.6,11.5,315.0
2025-12-16T15:00,10.6,11.1,30.7,12.7,311.0
2025-12-16T16:00,11.9,12.3,37.3,14.6,337.0
2025-12-16T17:00,16.2,16.6,41.6,15.5,398.0
2025-12-16T18:00,23.4,24.6,42.4,19.9,529.0
2025-12-16T19:00,28.1,29.5,43.4,25.8,694.0
2025-12-16T20:00,33.3,34.7,43.6,29.2,784.0
2025-12-16T21:00,37.8,39.1,42.3,27.9,734.0
2025-12-16T22:00,38.4,39.5,40.3,24.0,608.0
2025-12-16T23:00,38.8,39.8,38.7,19.9,494.0
2025-12-17T00:00,37.3,38.5,38.6,16.1,414.0
2025-12-17T01:00,30.6,32.0,38.9,12.1,346.0
2025-12-17T02:00,25.6,27.0,38.3,9.2,303.0
2025-12-17T03:00,22.7,24.2,35.1,7.7,295.0
2025-12-17T04:00,20.7,22.4,31.0,7.3,312.0
2025-12-17T05:00,17.8,19.3,28.8,7.0,342.0
2025-12-17T06:00,18.6,20.5,28.0,9.2,385.0
2025-12-17T07:00,22.6,24.7,26.9,12.4,441.0
2025-12-17T08:00,29.6,31.9,26.0,16.1,497.0
2025-12-17T09:00,35.7,38.2,24.9,21.2,561.0
2025-12-17T10:00,41.4,44.0,24.0,26.8,626.0
2025-12-17T11:00,47.8,50.5,24.5,29.8,653.0
2025-12-17T12:00,50.2,52.5,27.4,27.8,616.0
2025-12-17T13:00,40.0,42.4,31.7,23.1,541.0
2025-12-17T14:00,34.3,37.0,35.3,19.6,473.0
2025-12-17T15:00,29.3,32.4,37.6,18.8,419.0
2025-12-17T16:00,28.3,31.2,39.2,19.2,371.0
2025-12-17T17:00,27.2,29.1,40.6,18.6,348.0
2025-12-17T18:00,27.7,29.6,39.4,18.7,368.0
2025-12-17T19:00,27.2,29.0,37.8,18.8,413.0
2025-12-17T20:00,25.8,27.7,36.2,19.0,441.0
2025-12-17T21:00,23.9,25.7,35.0,19.3,437.0
2025-12-17T22:00,21.5,23.2,33.7,19.7,417.0
2025-12-17T23:00,19.5,21.1,32.1,19.7,385.0
2025-12-18T00:00,18.0,19.3,29.8,19.2,332.0
2025-12-18T01:00,16.9,18.0,27.0,18.4,266.0
2025-12-18T02:00,15.9,16.9,24.1,17.6,218.0
2025-12-18T03:00,14.1,14.8,20.6,16.9,201.0
2025-12-18T04:00,12.5,13.1,17.0,16.2,201.0
2025-12-18T05:00,1.5,1.7,16.8,9.4,211.0
2025-12-18T06:00,1.3,1.4,17.3,9.5,234.0
2025-12-18T07:00,2.3,2.5,18.0,9.5,267.0
2025-12-18T08:00,4.4,4.6,17.8,9.6,289.0
2025-12-18T09:00,5.8,6.2,15.9,9.7,290.0
2025-12-18T10:00,5.7,6.2,13.2,9.8,279.0
2025-12-18T11:00,4.7,5.2,11.2,9.8,269.0
2025-12-18T12:00,4.7,5.2,10.3,9.6,259.0
2025-12-18T13:00,4.9,5.3,10.0,9.2,249.0
2025-12-18T14:00,5.0,5.3,10.8,8.9,251.0
2025-12-18T15:00,5.2,5.4,12.8,8.6,272.0
2025-12-18T16:00,6.0,6.2,15.8,8.3,305.0
2025-12-18T17:00,8.1,8.6,21.8,8.6,335.0
2025-12-18T18:00,8.8,9.3,24.6,9.1,357.0
2025-12-18T19:00,8.9,9.4,28.6,9.9,376.0
2025-12-18T20:00,9.8,10.3,31.9,10.7,394.0
2025-12-18T21:00,8.7,9.1,34.2,11.8,409.0
2025-12-18T22:00,10.3,10.8,35.9,13.0,423.0
2025-12-18T23:00,8.8,9.1,36.7,13.6,440.0
2025-12-19T00:00,6.3,6.5,36.4,13.3,466.0
2025-12-19T01:00,7.1,7.4,35.2,12.6,496.0
2025-12-19T02:00,7.7,8.1,33.9,11.7,520.0
2025-12-19T03:00,7.3,7.5,32.4,10.7,529.0
2025-12-19T04:00,7.4,7.7,30.8,9.6,532.0
2025-12-19T05:00,15.8,16.5,35.3,15.7,549.0
2025-12-19T06:00,17.2,17.9,36.3,20.5,608.0
2025-12-19T07:00,19.4,20.0,37.5,26.9,681.0
2025-12-19T08:00,22.9,23.5,37.1,30.3,701.0
2025-12-19T09:00,28.3,28.8,33.6,27.6,620.0
2025-12-19T10:00,26.0,26.7,28.5,21.7,487.0
2025-12-19T11:00,19.0,19.8,25.0,17.3,376.0
2025-12-19T12:00,19.8,20.7,23.7,16.0,303.0
2025-12-19T13:00,20.4,21.2,23.9,16.1,252.0
2025-12-19T14:00,21.1,21.9,26.5,16.6,255.0
2025-12-19T15:00,23.1,24.0,33.4,16.9,329.0
2025-12-19T16:00,24.7,25.4,42.8,17.5,455.0
2025-12-19T17:00,30.2,31.0,54.5,21.3,611.0
2025-12-19T18:00,32.7,33.8,55.9,22.7,800.0
2025-12-19T19:00,35.9,37.4,57.7,24.7,1017.0
2025-12-19T20:00,37.0,38.8,59.0,26.7,1228.0
2025-12-19T21:00,39.1,41.0,59.3,28.8,1456.0
2025-12-19T22:00,41.3,43.1,59.1,30.9,1676.0
2025-12-19T23:00,42.4,44.1,58.4,32.1,1782.0
2025-12-20T00:00,40.7,42.5,57.1,31.8,1695.0
2025-12-20T01:00,38.1,39.7,55.4,30.5,1493.0
2025-12-20T02:00,36.7,38.2,53.9,29.5,1303.0
2025-12-20T03:00,35.4,36.7,53.0,29.2,1172.0
2025-12-20T04:00,34.5,35.7,52.2,29.0,1053.0
2025-12-20T05:00,32.0,33.6,53.7,14.7,929.0
2025-12-20T06:00,32.5,34.1,52.4,18.7,780.0
2025-12-20T07:00,36.2,37.6,50.3,24.2,626.0
2025-12-20T08:00,43.2,44.7,47.0,27.2,506.0
2025-12-20T09:00,45.2,46.4,41.6,25.5,442.0
2025-12-20T10:00,35.4,36.7,35.1,21.3,412.0
2025-12-20T11:00,31.3,32.5,29.6,18.1,395.0
2025-12-20T12:00,26.1,27.0,25.8,17.1,382.0
2025-12-20T13:00,24.7,25.7,23.1,17.1,381.0
2025-12-20T14:00,21.6,22.4,22.0,16.9,395.0
2025-12-20T15:00,18.7,19.4,23.4,16.0,426.0
2025-12-20T16:00,18.4,19.1,26.5,15.0,472.0
2025-12-20T17:00,20.5,21.3,25.6,13.3,528.0
2025-12-20T18:00,20.8,21.7,26.3,15.0,606.0
2025-12-20T19:00,19.8,20.6,27.2,17.3,695.0
2025-12-20T20:00,20.6,21.4,28.2,19.2,752.0
2025-12-20T21:00,23.3,24.1,29.3,20.1,760.0
2025-12-20T22:00,23.9,24.7,30.4,20.6,737.0
2025-12-20T23:00,24.6,25.3,31.2,20.7,693.0
2025-12-21T00:00,24.4,25.1,31.3,20.5,618.0
2025-12-21T01:00,25.8,26.5,31.1,20.0,523.0
2025-12-21T02:00,26.0,26.6,31.6,19.0,449.0
2025-12-21T03:00,21.9,22.5,33.4,17.2,410.0
2025-12-21T04:00,18.3,18.9,35.8,15.1,392.0
2025-12-21T05:00,21.4,22.2,31.5,12.7,396.0
2025-12-21T06:00,23.1,23.8,32.8,16.5,428.0
2025-12-21T07:00,27.0,27.7,34.4,21.7,482.0
2025-12-21T08:00,34.1,34.9,35.0,25.9,544.0
2025-12-21T09:00,41.2,42.0,33.1,28.5,624.0
2025-12-21T10:00,47.0,48.0,30.2,30.1,711.0
2025-12-21T11:00,32.1,33.2,28.5,29.9,759.0
2025-12-21T12:00,30.9,31.9,28.7,26.6,719.0
2025-12-21T13:00,29.0,30.0,30.1,21.5,641.0
2025-12-21T14:00,29.7,30.9,33.7,18.4,624.0
2025-12-21T15:00,30.9,31.9,41.2,18.6,725.0
2025-12-21T16:00,33.4,34.6,50.9,20.8,887.0
2025-12-21T17:00,41.8,43.5,49.9,19.5,1041.0
2025-12-21T18:00,46.1,48.0,51.3,24.9,1193.0
2025-12-21T19:00,49.9,52.0,53.2,32.3,1337.0
2025-12-21T20:00,52.9,54.8,55.0,36.5,1379.0
2025-12-21T21:00,44.9,46.7,56.5,35.3,1247.0
2025-12-21T22:00,42.0,43.7,58.0,31.0,1013.0
2025-12-21T23:00,21.5,22.3,58.9,25.6,804.0
2025-12-22T00:00,17.9,18.5,59.0,18.7,660.0
2025-12-22T01:00,18.3,18.9,58.7,10.7,540.0
2025-12-22T02:00,16.9,17.6,58.5,4.8,446.0
2025-12-22T03:00,16.1,16.6,59.0,2.5,368.0
2025-12-22T04:00,15.0,15.6,59.7,2.2,316.0
2025-12-22T05:00,13.7,14.3,59.7,2.9,326.0
2025-12-22T06:00,11.7,12.2,58.3,4.0,442.0
2025-12-22T07:00,13.6,13.9,56.2,5.7,619.0
2025-12-22T08:00,18.8,19.1,53.3,7.2,763.0
2025-12-22T09:00,22.4,22.6,48.9,8.4,833.0
2025-12-22T10:00,22.9,23.2,43.6,9.6,869.0
2025-12-22T11:00,23.2,23.5,40.1,10.7,899.0
2025-12-22T12:00,27.4,27.8,39.1,12.0,920.0
2025-12-22T13:00,26.3,27.0,39.7,13.2,935.0
2025-12-22T14:00,26.6,27.5,41.8,14.0,979.0
2025-12-22T15:00,25.0,25.7,46.6,13.7,1103.0
2025-12-22T16:00,27.2,27.9,52.8,12.9,1257.0
2025-12-22T17:00,42.5,43.1,57.1,16.0,1322.0
2025-12-22T18:00,47.5,48.4,56.3,21.5,1225.0
2025-12-22T19:00,51.1,53.0,55.1,29.2,1039.0
2025-12-22T20:00,54.5,56.2,53.7,35.7,870.0
2025-12-22T21:00,55.6,57.3,51.6,40.2,756.0
2025-12-22T22:00,53.7,55.3,49.3,43.5,658.0
2025-12-22T23:00,53.3,55.1,48.6,44.1,567.0
2025-12-23T00:00,51.5,53.4,50.6,41.1,476.0
2025-12-23T01:00,48.8,51.0,54.1,35.4,392.0
2025-12-23T02:00,46.0,48.5,57.5,29.0,325.0
2025-12-23T03:00,44.1,46.7,60.3,21.1,269.0
2025-12-23T04:00,42.5,44.7,62.8,12.4,230.0
2025-12-23T05:00,36.1,38.6,65.3,4.8,234.0
2025-12-23T06:00,36.2,39.0,66.1,5.8,313.0
2025-12-23T07:00,39.1,42.3,66.8,7.1,435.0
2025-12-23T08:00,42.8,46.3,65.3,8.0,527.0
2025-12-23T09:00,42.8,46.6,59.6,7.9,545.0
2025-12-23T10:00,40.2,44.0,51.6,7.4,532.0
2025-12-23T11:00,38.0,41.8,45.0,7.3,548.0
2025-12-23T12:00,37.4,41.3,40.1,7.9,622.0
2025-12-23T13:00,31.9,35.7,36.6,8.9,725.0
2025-12-23T14:00,28.7,32.4,37.7,10.3,828.0
2025-12-23T15:00,29.7,33.3,46.8,12.7,943.0
2025-12-23T16:00,34.6,38.3,60.4,15.5,1059.0
2025-12-23T17:00,41.6,47.5,69.8,14.1,1111.0
2025-12-23T18:00,45.4,51.6,72.4,12.5,1060.0
2025-12-23T19:00,47.3,53.7,75.8,10.3,946.0
2025-12-23T20:00,45.6,52.0,77.5,8.4,821.0
2025-12-23T21:00,40.6,46.8,77.1,7.3,693.0
2025-12-23T22:00,36.6,42.3,75.0,6.5,555.0
2025-12-23T23:00,33.4,38.4,70.1,5.7,439.0
2025-12-24T00:00,29.9,34.5,60.2,4.7,356.0
2025-12-24T01:00,26.7,31.0,47.5,3.8,295.0
2025-12-24T02:00,24.1,28.2,36.9,3.1,261.0
2025-12-24T03:00,22.1,26.0,29.5,2.7,253.0
2025-12-24T04:00,20.5,24.2,24.3,2.6,273.0
2025-12-24T05:00,16.9,21.0,16.7,3.1,326.0
2025-12-24T06:00,16.6,20.3,21.1,4.6,441.0
2025-12-24T07:00,18.5,21.7,27.0,6.6,589.0
2025-12-24T08:00,22.2,24.9,31.1,8.2,695.0
2025-12-24T09:00,24.4,26.7,31.3,8.7,725.0
2025-12-24T10:00,25.4,27.4,29.6,8.7,711.0
2025-12-24T11:00,24.6,26.5,28.8,9.2,677.0
2025-12-24T12:00,24.4,26.7,29.2,10.5,613.0
2025-12-24T13:00,24.4,27.0,30.4,12.2,527.0
2025-12-24T14:00,27.9,30.5,34.2,14.5,468.0
2025-12-24T15:00,33.1,35.9,42.7,18.1,459.0
2025-12-24T16:00,38.9,41.8,53.6,22.3,478.0
2025-12-24T17:00,45.8,49.9,62.0,20.5,501.0
2025-12-24T18:00,47.0,51.3,64.2,20.9,535.0
2025-12-24T19:00,48.1,52.5,67.3,21.2,573.0
2025-12-24T20:00,49.2,53.4,70.3,20.7,579.0
2025-12-24T21:00,48.9,52.9,73.0,18.5,525.0
2025-12-24T22:00,47.3,51.1,75.5,15.5,437.0
2025-12-24T23:00,44.6,48.4,77.1,12.5,361.0
2025-12-25T00:00,40.3,44.0,78.4,9.9,312.0
2025-12-25T01:00,36.1,39.7,78.7,7.4,274.0
2025-12-25T02:00,31.8,35.0,75.4,5.5,243.0
2025-12-25T03:00,27.2,30.2,65.0,4.2,211.0
2025-12-25T04:00,23.5,26.3,50.9,3.3,185.0
2025-12-25T05:00,17.6,20.0,32.6,2.5,185.0
2025-12-25T06:00,16.0,18.2,33.3,3.5,224.0
2025-12-25T07:00,16.6,18.6,34.3,4.9,289.0
2025-12-25T08:00,19.2,21.1,35.2,6.3,360.0
2025-12-25T09:00,21.0,23.3,35.7,7.5,442.0
2025-12-25T10:00,21.8,24.2,36.1,8.7,529.0
2025-12-25T11:00,23.9,26.3,37.1,10.0,583.0
2025-12-25T12:00,25.4,27.8,38.9,11.6,564.0
2025-12-25T13:00,26.9,29.4,41.3,13.3,512.0
2025-12-25T14:00,28.8,31.3,44.4,15.2,513.0
2025-12-25T15:00,32.5,35.2,49.0,17.8,627.0
2025-12-25T16:00,37.1,39.8,54.2,20.5,794.0
2025-12-25T17:00,39.1,43.7,59.8,14.9,917.0
2025-12-25T18:00,40.6,45.2,58.7,14.2,968.0
2025-12-25T19:00,41.1,45.8,57.2,13.2,975.0
2025-12-25T20:00,41.2,45.9,55.9,12.3,930.0
2025-12-25T21:00,41.8,46.4,56.1,11.6,805.0
2025-12-25T22:00,42.0,46.6,56.6,10.9,627.0
2025-12-25T23:00,37.3,41.9,54.0,10.0,474.0
2025-12-26T00:00,28.3,32.9,45.2,8.4,367.0
2025-12-26T01:00,23.3,28.3,33.4,6.4,286.0
2025-12-26T02:00,23.6,32.4,24.8,5.3,239.0
2025-12-26T03:00,25.6,37.4,21.9,5.4,246.0
2025-12-26T04:00,26.5,39.1,22.2,6.2,289.0
2025-12-26T05:00,25.7,42.8,14.0,4.7,323.0
2025-12-26T06:00,24.0,40.5,15.0,5.1,332.0
2025-12-26T07:00,23.6,38.2,16.6,5.6,332.0
2025-12-26T08:00,23.9,35.9,18.5,6.3,333.0
2025-12-26T09:00,24.4,33.9,20.9,7.4,338.0
2025-12-26T10:00,27.8,36.6,23.8,8.6,342.0
2025-12-26T11:00,31.1,40.3,26.6,9.5,343.0
2025-12-26T12:00,36.8,46.8,29.1,9.6,331.0
2025-12-26T13:00,39.7,51.5,31.6,9.4,316.0
2025-12-26T14:00,40.9,54.0,34.5,9.6,319.0
2025-12-26T15:00,41.8,56.3,38.6,10.8,353.0
2025-12-26T16:00,44.4,58.8,43.1,12.4,405.0
2025-12-26T17:00,45.9,56.7,39.5,12.5,460.0
2025-12-26T18:00,50.8,61.0,43.8,15.0,520.0
2025-12-26T19:00,53.8,63.8,49.8,18.4,582.0
2025-12-26T20:00,54.7,64.5,54.3,20.3,622.0
2025-12-26T21:00,55.6,65.0,55.6,19.7,631.0
2025-12-26T22:00,54.8,63.3,55.5,17.6,618.0
2025-12-26T23:00,51.5,58.9,55.6,15.0,590.0
2025-12-27T00:00,44.6,51.2,57.7,11.8,542.0
2025-12-27T01:00,36.6,42.6,60.1,8.2,478.0
2025-12-27T02:00,30.0,35.6,59.6,5.4,417.0
2025-12-27T03:00,25.0,30.3,53.2,3.9,354.0
2025-12-27T04:00,21.0,26.5,43.9,3.2,293.0
2025-12-27T05:00,19.4,23.7,38.9,4.5,263.0
2025-12-27T06:00,18.1,22.4,40.1,5.8,291.0
2025-12-27T07:00,19.2,23.5,41.6,7.5,350.0
2025-12-27T08:00,21.5,25.9,42.3,9.0,392.0
2025-12-27T09:00,22.7,27.4,41.3,9.9,390.0
2025-12-27T10:00,23.1,28.0,39.5,10.5,369.0
2025-12-27T11:00,23.3,28.6,37.9,10.8,361.0
2025-12-27T12:00,24.2,29.8,36.5,10.1,361.0
2025-12-27T13:00,24.5,30.3,35.3,9.1,372.0
2025-12-27T14:00,24.0,30.0,35.9,9.4,435.0
2025-12-27T15:00,27.8,33.9,39.4,12.4,572.0
2025-12-27T16:00,35.3,41.4,44.7,16.7,761.0
2025-12-27T17:00,34.3,42.3,46.4,15.3,978.0
2025-12-27T18:00,34.7,42.5,51.6,14.6,1287.0
2025-12-27T19:00,32.7,40.5,58.6,13.5,1623.0
2025-12-27T20:00,31.1,38.8,63.1,12.2,1767.0
2025-12-27T21:00,28.9,36.4,63.7,10.7,1566.0
2025-12-27T22:00,27.0,34.3,61.9,9.1,1172.0
2025-12-27T23:00,24.7,32.1,57.5,7.5,820.0
2025-12-28T00:00,22.1,29.2,49.2,5.9,583.0
2025-12-28T01:00,19.8,26.7,38.4,4.4,387.0
2025-12-28T02:00,18.0,24.7,29.3,3.3,248.0
2025-12-28T03:00,16.2,22.8,22.9,2.7,173.0
2025-12-28T04:00,14.6,21.2,18.2,2.5,155.0
2025-12-28T05:00,12.9,19.8,15.1,2.3,185.0
2025-12-28T06:00,12.2,19.4,16.5,3.0,288.0
2025-12-28T07:00,12.1,19.2,18.6,3.9,439.0
2025-12-28T08:00,12.8,19.3,20.3,4.7,551.0
2025-12-28T09:00,13.1,18.8,21.3,5.0,584.0
2025-12-28T10:00,12.9,18.0,22.0,5.2,578.0
2025-12-28T11:00,13.0,17.8,22.9,5.4,564.0
2025-12-28T12:00,15.8,20.6,23.8,5.9,547.0
2025-12-28T13:00,16.6,21.2,25.0,6.4,523.0
2025-12-28T14:00,18.0,22.5,27.2,6.8,512.0
2025-12-28T15:00,19.0,23.5,31.5,6.7,539.0
2025-12-28T16:00,19.6,24.0,36.9,6.5,580.0
2025-12-28T17:00,18.4,23.1,34.5,5.9,583.0
2025-12-28T18:00,18.5,23.1,37.6,6.4,512.0
2025-12-28T19:00,19.6,23.9,41.9,7.2,404.0
2025-12-28T20:00,21.1,25.1,45.5,7.9,313.0
2025-12-28T21:00,22.2,26.0,49.0,8.8,262.0
2025-12-28T22:00,22.5,26.1,51.9,9.6,229.0
2025-12-28T23:00,22.8,26.3,50.7,9.6,205.0
2025-12-29T00:00,22.9,26.1,42.0,8.0,188.0
2025-12-29T01:00,20.4,23.1,29.2,5.5,179.0
2025-12-29T02:00,13.3,16.4,18.7,3.5,172.0
2025-12-29T03:00,10.4,13.7,12.8,2.6,158.0
2025-12-29T04:00,8.6,11.8,9.2,2.2,146.0
2025-12-29T05:00,9.7,13.6,12.6,3.0,149.0
2025-12-29T06:00,8.0,11.5,14.2,3.5,182.0
2025-12-29T07:00,8.4,12.2,16.3,4.3,231.0
2025-12-29T08:00,9.9,14.1,17.6,4.9,266.0
2025-12-29T09:00,10.9,15.5,17.1,5.2,277.0
2025-12-29T10:00,10.9,15.9,15.6,5.3,274.0
2025-12-29T11:00,10.9,16.0,14.5,5.3,264.0
2025-12-29T12:00,10.8,16.2,13.9,5.3,240.0
2025-12-29T13:00,10.8,16.4,13.6,5.2,209.0
2025-12-29T14:00,11.3,16.9,14.3,5.2,196.0
2025-12-29T15:00,11.6,17.2,16.5,5.2,210.0
2025-12-29T16:00,11.5,16.9,19.7,5.3,242.0
2025-12-29T17:00,14.9,20.5,24.4,5.6,285.0
2025-12-29T18:00,16.6,21.9,29.2,6.2,357.0
2025-12-29T19:00,18.6,23.8,35.7,7.2,442.0
2025-12-29T20:00,19.9,25.1,40.7,8.0,482.0
2025-12-29T21:00,21.1,26.4,43.2,8.7,439.0
2025-12-29T22:00,21.9,27.1,44.1,9.4,353.0
2025-12-29T23:00,21.4,26.3,42.8,9.7,285.0
2025-12-30T00:00,20.4,25.1,38.1,9.4,263.0
2025-12-30T01:00,18.9,23.1,31.2,8.8,260.0
2025-12-30T02:00,16.2,20.3,25.2,8.0,252.0
2025-12-30T03:00,14.3,19.2,20.5,6.9,217.0
2025-12-30T04:00,14.0,19.7,16.7,5.7,177.0
2025-12-30T05:00,15.3,21.1,17.0,4.9,175.0
2025-12-30T06:00,14.0,17.9,21.0,5.6,247.0
2025-12-30T07:00,14.9,18.2,26.5,6.7,358.0
2025-12-30T08:00,17.5,20.4,30.2,7.8,446.0
2025-12-30T09:00,20.7,23.7,30.3,9.2,484.0
2025-12-30T10:00,21.3,24.0,28.5,10.7,499.0
2025-12-30T11:00,21.2,23.3,26.9,11.5,509.0
2025-12-30T12:00,17.9,20.5,25.3,10.7,525.0
2025-12-30T13:00,12.6,15.4,23.9,9.2,536.0
2025-12-30T14:00,12.0,14.3,24.5,8.8,529.0
2025-12-30T15:00,15.2,17.4,29.3,10.5,482.0
2025-12-30T16:00,18.3,20.3,36.1,13.2,416.0
2025-12-30T17:00,42.6,46.4,47.1,21.4,380.0
2025-12-30T18:00,47.8,54.2,46.3,23.7,409.0
2025-12-30T19:00,52.3,58.6,45.1,26.6,468.0
2025-12-30T20:00,53.3,58.7,44.2,27.1,499.0
2025-12-30T21:00,50.1,54.2,44.2,23.1,473.0
2025-12-30T22:00,40.6,43.9,44.5,16.7,420.0
2025-12-30T23:00,32.6,35.2,43.9,11.3,369.0
2025-12-31T00:00,26.0,28.2,42.1,8.2,328.0
2025-12-31T01:00,21.1,22.9,39.5,6.2,288.0
2025-12-31T02:00,17.8,19.3,36.0,4.8,256.0
2025-12-31T03:00,15.3,16.6,30.7,3.9,233.0
2025-12-31T04:00,13.3,14.7,24.5,3.6,217.0
2025-12-31T05:00,6.8,9.2,12.0,3.1,210.0
2025-12-31T06:00,8.3,11.5,17.7,5.0,215.0
2025-12-31T07:00,11.4,15.7,25.6,7.5,229.0
2025-12-31T08:00,15.8,20.8,31.0,9.5,237.0
2025-12-31T09:00,18.0,22.0,32.2,10.5,232.0
2025-12-31T10:00,20.6,23.9,30.9,10.8,222.0
2025-12-31T11:00,19.6,21.7,27.8,10.4,217.0
2025-12-31T12:00,15.6,16.8,21.2,8.5,220.0
2025-12-31T13:00,8.4,9.1,12.8,5.8,228.0
2025-12-31T14:00,4.2,4.5,7.9,4.0,239.0
2025-12-31T15:00,3.0,3.2,9.3,4.0,245.0
2025-12-31T16:00,3.4,3.6,14.2,4.9,255.0
2025-12-31T17:00,10.7,11.6,15.0,5.3,295.0
2025-12-31T18:00,13.3,14.2,21.4,7.6,394.0
2025-12-31T19:00,18.2,19.2,30.1,10.8,524.0
2025-12-31T20:00,21.6,22.6,36.1,13.6,621.0
2025-12-31T21:00,22.2,23.2,37.6,15.8,665.0
2025-12-31T22:00,22.1,23.1,36.5,17.6,677.0
2025-12-31T23:00,22.0,23.1,33.3,17.9,658.0
2026-01-01T00:00,20.6,21.8,27.0,15.4,589.0
2026-01-01T01:00,16.8,17.7,18.6,11.4,489.0
2026-01-01T02:00,13.4,14.1,12.5,8.7,411.0
2026-01-01T03:00,10.9,11.3,10.4,8.5,373.0
2026-01-01T04:00,9.1,9.3,10.6,9.5,358.0
2026-01-01T05:00,8.1,8.4,10.9,10.4,360.0
2026-01-01T06:00,8.3,8.5,13.6,13.7,395.0
2026-01-01T07:00,11.4,11.8,17.3,18.2,448.0
2026-01-01T08:00,18.1,18.5,19.3,21.3,471.0
2026-01-01T09:00,26.5,27.0,18.0,21.8,434.0
2026-01-01T10:00,18.0,18.6,15.0,20.9,368.0
2026-01-01T11:00,11.9,12.2,12.5,19.4,315.0
2026-01-01T12:00,9.2,9.6,10.7,16.9,285.0
2026-01-01T13:00,7.7,8.3,9.4,13.8,269.0
2026-01-01T14:00,7.1,7.8,10.3,11.8,284.0
2026-01-01T15:00,7.0,7.7,14.8,11.5,334.0
2026-01-01T16:00,7.7,8.4,21.4,12.4,415.0
2026-01-01T17:00,34.2,40.7,25.9,14.3,530.0
2026-01-01T18:00,42.3,48.0,29.0,18.7,725.0
2026-01-01T19:00,48.1,53.4,33.4,24.7,953.0
2026-01-01T20:00,52.9,58.3,36.6,28.4,1078.0
2026-01-01T21:00,55.1,60.3,37.7,28.0,1018.0
2026-01-01T22:00,55.4,59.8,37.7,25.3,855.0
2026-01-01T23:00,53.4,57.3,37.6,22.0,695.0
2026-01-02T00:00,48.1,51.7,37.6,18.3,566.0
2026-01-02T01:00,41.3,45.1,37.4,14.1,441.0
2026-01-02T02:00,35.4,39.3,37.9,10.6,342.0
2026-01-02T03:00,30.5,34.6,39.6,8.4,271.0
2026-01-02T04:00,26.7,30.6,41.8,7.0,226.0
2026-01-02T05:00,20.8,24.6,47.1,5.7,229.0
2026-01-02T06:00,18.6,22.2,46.4,6.7,312.0
2026-01-02T07:00,18.3,21.7,45.3,8.1,442.0
2026-01-02T08:00,19.0,21.8,43.0,9.1,540.0
2026-01-02T09:00,19.3,21.5,38.5,9.5,578.0
2026-01-02T10:00,18.0,19.7,32.9,9.6,583.0
2026-01-02T11:00,16.9,18.6,28.5,9.5,556.0
2026-01-02T12:00,14.4,16.8,25.6,9.0,461.0
2026-01-02T13:00,12.9,15.6,23.9,8.3,335.0
2026-01-02T14:00,12.5,15.4,25.2,8.3,288.0
2026-01-02T15:00,12.8,15.8,31.7,9.9,392.0
2026-01-02T16:00,18.0,20.9,41.1,12.3,574.0
2026-01-02T17:00,23.5,26.5,47.4,13.7,730.0
2026-01-02T18:00,27.5,29.8,49.0,12.9,831.0
2026-01-02T19:00,24.7,26.5,51.2,11.8,906.0
2026-01-02T20:00,23.5,25.2,52.6,11.0,933.0
2026-01-02T21:00,22.4,24.2,53.2,10.8,892.0
2026-01-02T22:00,21.5,23.5,52.9,10.8,804.0
2026-01-02T23:00,20.6,22.7,51.0,10.4,707.0
2026-01-03T00:00,19.4,21.6,46.1,9.2,610.0
2026-01-03T01:00,18.1,20.3,39.4,7.7,505.0
2026-01-03T02:00,17.0,19.2,33.7,6.5,409.0
2026-01-03T03:00,15.9,17.9,29.1,5.7,306.0
2026-01-03T04:00,15.0,17.0,25.5,5.2,212.0
2026-01-03T05:00,12.4,14.0,17.4,5.5,196.0
2026-01-03T06:00,12.7,14.3,23.5,7.2,322.0
2026-01-03T07:00,14.7,16.4,31.7,9.5,527.0
2026-01-03T08:00,18.2,19.8,36.7,11.1,687.0
2026-01-03T09:00,20.6,22.1,35.8,11.4,769.0
2026-01-03T10:00,19.3,20.8,31.7,11.1,807.0
2026-01-03T11:00,18.5,20.3,27.0,10.6,781.0
2026-01-03T12:00,16.1,19.3,21.4,10.0,643.0
2026-01-03T13:00,15.2,19.0,15.2,9.3,441.0
2026-01-03T14:00,16.1,20.1,12.3,9.1,299.0
2026-01-03T15:00,16.8,20.7,15.5,9.8,278.0
2026-01-03T16:00,19.4,22.1,21.9,11.1,317.0
2026-01-03T17:00,34.3,38.6,34.7,14.1,358.0
2026-01-03T18:00,38.9,42.6,35.7,17.0,390.0
2026-01-03T19:00,41.3,44.6,37.0,21.0,424.0
2026-01-03T20:00,42.4,45.1,37.5,23.0,432.0
2026-01-03T21:00,39.0,41.1,36.8,21.5,394.0
2026-01-03T22:00,32.9,34.8,35.3,18.2,331.0
2026-01-03T23:00,27.1,28.8,32.9,15.0,279.0
2026-01-04T00:00,23.7,25.3,28.9,12.5,250.0
2026-01-04T01:00,21.8,23.1,24.0,10.0,233.0
2026-01-04T02:00,20.5,21.3,19.9,8.1,222.0
2026-01-04T03:00,19.0,19.5,17.2,6.8,218.0
2026-01-04T04:00,16.9,17.2,15.3,6.0,220.0
2026-01-04T05:00,26.4,27.6,25.6,11.6,231.0
2026-01-04T06:00,24.4,25.3,23.4,11.9,256.0
2026-01-04T07:00,23.6,24.2,20.4,12.3,289.0
2026-01-04T08:00,22.6,22.9,17.6,12.5,310.0
2026-01-04T09:00,21.5,21.6,15.4,12.4,308.0
2026-01-04T10:00,16.6,16.9,13.5,12.0,293.0
2026-01-04T11:00,19.4,25.3,12.0,11.4,276.0
2026-01-04T12:00,14.8,18.6,10.7,10.3,257.0
2026-01-04T13:00,13.9,18.5,9.8,9.0,236.0
2026-01-04T14:00,12.7,17.6,9.5,8.0,225.0
2026-01-04T15:00,11.6,16.2,10.1,7.5,230.0
2026-01-04T16:00,10.3,14.6,11.3,7.3,244.0
2026-01-04T17:00,19.0,22.1,16.1,8.5,258.0
2026-01-04T18:00,20.0,22.2,17.8,9.3,265.0
2026-01-04T19:00,20.9,23.1,20.2,10.5,273.0
2026-01-04T20:00,20.5,22.8,21.8,11.8,289.0
2026-01-04T21:00,21.8,23.7,21.9,13.6,326.0
2026-01-04T22:00,23.7,25.5,21.3,15.7,373.0
2026-01-04T23:00,26.0,27.5,21.0,16.8,404.0
2026-01-05T00:00,26.0,27.6,21.4,16.3,408.0
2026-01-05T01:00,25.6,27.3,22.2,14.9,396.0
2026-01-05T02:00,25.3,27.2,23.5,13.7,379.0
2026-01-05T03:00,24.7,27.0,25.8,12.9,342.0
2026-01-05T04:00,24.1,26.7,28.6,12.1,299.0
2026-01-05T05:00,20.5,22.5,36.0,8.5,304.0
2026-01-05T06:00,19.7,21.9,37.8,9.2,416.0
2026-01-05T07:00,20.4,22.8,40.0,10.3,576.0
2026-01-05T08:00,23.1,25.4,39.8,11.4,656.0
2026-01-05T09:00,25.7,28.2,35.2,12.7,572.0
2026-01-05T10:00,24.3,28.3,28.3,14.0,408.0
2026-01-05T11:00,22.8,28.6,22.5,14.6,288.0
2026-01-05T12:00,19.4,25.8,18.5,13.9,264.0
2026-01-05T13:00,17.6,24.4,15.6,12.6,284.0
2026-01-05T14:00,17.1,24.0,14.9,11.8,321.0
2026-01-05T15:00,17.2,24.0,17.5,11.9,381.0
2026-01-05T16:00,17.7,24.1,22.3,12.6,457.0
2026-01-05T17:00,39.7,50.8,27.7,14.4,508.0
2026-01-05T18:00,43.7,53.3,33.0,17.2,504.0
2026-01-05T19:00,45.3,54.1,40.3,21.1,474.0
2026-01-05T20:00,44.6,52.5,45.7,23.7,460.0
2026-01-05T21:00,43.2,50.1,47.6,24.0,489.0
2026-01-05T22:00,42.1,48.2,47.7,23.0,535.0
2026-01-05T23:00,41.3,46.9,46.8,21.3,558.0
2026-01-06T00:00,39.2,44.2,44.9,18.5,539.0
2026-01-06T01:00,36.8,41.2,42.1,15.1,498.0
2026-01-06T02:00,34.5,38.8,39.2,12.3,453.0
2026-01-06T03:00,32.2,36.9,36.2,10.7,397.0
2026-01-06T04:00,29.7,34.8,33.2,9.9,338.0
2026-01-06T05:00,24.4,28.8,36.3,7.4,315.0
2026-01-06T06:00,23.9,28.1,38.8,8.6,362.0
2026-01-06T07:00,20.9,24.3,41.8,10.3,446.0
2026-01-06T08:00,25.8,29.5,41.7,11.5,510.0
2026-01-06T09:00,31.9,35.7,35.2,11.6,532.0
2026-01-06T10:00,26.9,31.7,25.5,11.3,534.0
2026-01-06T11:00,24.4,31.4,18.2,11.3,523.0
2026-01-06T12:00,24.7,31.9,15.3,12.1,489.0
2026-01-06T13:00,24.9,32.4,14.9,13.2,442.0
2026-01-06T14:00,24.6,32.5,16.3,14.4,416.0
2026-01-06T15:00,24.3,31.9,20.4,15.2,429.0
2026-01-06T16:00,24.5,31.4,26.5,16.1,462.0
2026-01-06T17:00,32.6,40.0,29.6,17.1,497.0
2026-01-06T18:00,39.7,46.7,32.7,21.2,519.0
2026-01-06T19:00,46.3,52.9,37.0,26.8,542.0
2026-01-06T20:00,51.9,58.1,40.4,31.1,586.0
2026-01-06T21:00,55.9,62.2,42.3,33.1,678.0
2026-01-06T22:00,57.7,63.8,43.4,33.7,790.0
2026-01-06T23:00,56.2,62.2,43.7,32.6,862.0
2026-01-07T00:00,52.7,58.6,43.0,28.7,864.0
2026-01-07T01:00,49.5,54.8,41.4,23.1,827.0
2026-01-07T02:00,45.3,50.2,39.9,18.4,777.0
2026-01-07T03:00,42.1,46.9,38.6,15.5,716.0
2026-01-07T04:00,40.2,44.8,37.3,13.5,644.0
2026-01-07T05:00,29.9,32.7,43.3,12.2,584.0
2026-01-07T06:00,27.1,30.0,42.5,13.8,546.0
2026-01-07T07:00,28.6,32.0,41.2,15.9,521.0
2026-01-07T08:00,33.3,36.8,39.2,17.3,504.0
2026-01-07T09:00,39.0,42.1,35.9,17.1,497.0
2026-01-07T10:00,34.3,37.7,31.9,16.2,499.0
2026-01-07T11:00,26.3,30.9,28.1,15.4,502.0
2026-01-07T12:00,24.9,29.2,24.2,15.1,499.0
2026-01-07T13:00,23.5,27.9,20.6,14.9,496.0
2026-01-07T14:00,21.9,26.4,19.4,15.1,504.0
2026-01-07T15:00,20.8,25.3,22.4,15.4,534.0
2026-01-07T16:00,21.8,25.6,28.0,16.1,576.0
2026-01-07T17:00,29.2,32.5,32.2,16.0,609.0
2026-01-07T18:00,36.7,39.7,35.9,19.5,610.0
2026-01-07T19:00,42.1,44.9,40.9,24.3,601.0
2026-01-07T20:00,46.0,49.1,44.6,27.6,630.0
2026-01-07T21:00,48.3,51.6,45.7,28.3,744.0
2026-01-07T22:00,49.4,52.4,45.5,27.5,896.0
2026-01-07T23:00,48.4,51.3,44.3,25.4,987.0
2026-01-08T00:00,46.7,49.4,42.0,21.4,966.0
2026-01-08T01:00,44.0,46.3,38.7,16.0,885.0
2026-01-08T02:00,40.2,42.3,35.8,11.8,801.0
2026-01-08T03:00,36.0,38.1,33.1,9.4,724.0
2026-01-08T04:00,32.9,35.0,30.7,8.0,643.0
2026-01-08T05:00,24.8,26.7,34.7,9.1,586.0
2026-01-08T06:00,24.2,26.3,34.1,11.0,572.0
2026-01-08T07:00,25.4,27.6,33.2,13.6,581.0
2026-01-08T08:00,29.3,32.4,32.3,15.4,583.0
2026-01-08T09:00,34.5,37.5,31.7,15.5,563.0
2026-01-08T10:00,27.1,30.6,31.2,14.7,535.0
2026-01-08T11:00,24.3,28.6,30.1,14.3,511.0
2026-01-08T12:00,23.9,27.8,27.3,14.8,479.0
2026-01-08T13:00,22.9,26.8,24.0,15.6,451.0
2026-01-08T14:00,22.3,26.3,23.5,16.7,469.0
2026-01-08T15:00,21.1,25.1,28.1,17.6,548.0
2026-01-08T16:00,23.3,26.4,35.4,18.7,674.0
2026-01-08T17:00,39.1,43.3,37.5,22.8,846.0
2026-01-08T18:00,47.5,51.6,38.9,27.3,1119.0
2026-01-08T19:00,54.5,58.6,40.9,33.5,1439.0
2026-01-08T20:00,57.9,62.2,42.5,37.3,1642.0
2026-01-08T21:00,57.6,61.9,43.4,37.0,1635.0
2026-01-08T22:00,57.7,61.9,44.0,34.3,1512.0
2026-01-08T23:00,56.5,60.3,43.5,30.7,1393.0
2026-01-09T00:00,53.1,56.6,41.5,25.8,1328.0
2026-01-09T01:00,48.9,52.0,38.5,20.0,1268.0
2026-01-09T02:00,44.9,47.8,35.9,15.3,1182.0
2026-01-09T03:00,41.2,44.2,34.3,12.6,1045.0
2026-01-09T04:00,37.8,41.1,33.1,11.0,882.0
2026-01-09T05:00,28.6,31.0,26.1,9.7,744.0
2026-01-09T06:00,28.5,30.9,25.8,10.8,638.0
2026-01-09T07:00,30.6,32.7,25.5,12.3,557.0
2026-01-09T08:00,34.5,37.3,25.9,13.4,525.0
2026-01-09T09:00,37.5,39.7,28.1,13.7,590.0
2026-01-09T10:00,29.6,32.4,30.9,13.5,706.0
2026-01-09T11:00,25.6,29.4,31.9,13.1,754.0
2026-01-09T12:00,22.6,27.5,28.2,12.0,641.0
2026-01-09T13:00,20.0,25.4,22.5,10.6,462.0
2026-01-09T14:00,19.3,24.7,20.7,10.3,380.0
2026-01-09T15:00,19.8,25.0,26.3,12.0,495.0
2026-01-09T16:00,25.0,29.5,35.6,14.8,708.0
2026-01-09T17:00,33.2,36.0,47.7,18.8,885.0
2026-01-09T18:00,40.9,43.9,51.7,21.7,998.0
2026-01-09T19:00,42.6,45.8,57.0,25.5,1076.0
2026-01-09T20:00,44.0,47.0,59.6,27.6,1064.0
2026-01-09T21:00,44.4,46.7,57.0,26.7,898.0
2026-01-09T22:00,43.2,44.9,51.7,24.0,644.0
2026-01-09T23:00,40.9,42.4,47.0,20.8,442.0
2026-01-10T00:00,36.9,38.4,44.1,17.0,357.0
2026-01-10T01:00,32.0,33.4,41.8,12.7,324.0
2026-01-10T02:00,27.6,29.0,40.1,9.3,296.0
2026-01-10T03:00,24.1,25.4,39.3,7.2,240.0
2026-01-10T04:00,21.5,22.8,39.3,6.0,188.0
2026-01-10T05:00,20.7,22.1,38.5,6.0,191.0
2026-01-10T06:00,19.0,20.3,38.6,7.4,297.0
2026-01-10T07:00,20.0,21.3,38.6,9.4,457.0
2026-01-10T08:00,23.6,25.0,37.8,10.8,572.0
2026-01-10T09:00,25.4,26.7,35.8,11.2,598.0
2026-01-10T10:00,22.9,24.0,33.0,11.1,579.0
2026-01-10T11:00,21.1,22.4,29.9,10.6,554.0
2026-01-10T12:00,17.1,19.1,24.8,9.2,503.0
2026-01-10T13:00,14.1,16.8,19.3,7.4,444.0
2026-01-10T14:00,14.3,17.1,18.8,7.1,474.0
2026-01-10T15:00,14.7,17.7,28.0,9.5,699.0
2026-01-10T16:00,20.3,23.1,42.3,13.4,1012.0
2026-01-10T17:00,26.8,29.0,55.5,16.8,1186.0
2026-01-10T18:00,32.2,34.5,54.6,18.0,1095.0
2026-01-10T19:00,33.4,35.2,53.5,19.6,865.0
2026-01-10T20:00,35.4,36.6,53.1,20.0,651.0
2026-01-10T21:00,34.6,35.5,54.4,18.4,493.0
2026-01-10T22:00,31.4,32.2,56.3,15.7,350.0
2026-01-10T23:00,25.8,26.6,56.9,13.0,257.0
2026-01-11T00:00,20.7,21.4,55.5,10.4,245.0
2026-01-11T01:00,16.9,17.5,52.6,7.7,283.0
2026-01-11T02:00,14.1,14.6,48.3,5.7,304.0
2026-01-11T03:00,12.0,12.6,40.7,4.5,272.0
2026-01-11T04:00,10.4,11.1,31.6,3.8,224.0
2026-01-11T05:00,9.6,10.4,30.3,3.6,206.0
2026-01-11T06:00,8.8,9.6,32.2,4.6,254.0
2026-01-11T07:00,9.9,10.9,34.7,6.0,332.0
2026-01-11T08:00,13.2,14.2,35.8,7.3,385.0
2026-01-11T09:00,16.7,17.7,34.6,8.6,383.0
2026-01-11T10:00,19.3,20.1,32.0,9.8,355.0
2026-01-11T11:00,20.4,21.3,29.2,10.3,338.0
2026-01-11T12:00,16.5,17.8,25.5,9.4,347.0
2026-01-11T13:00,15.5,17.0,21.7,7.7,365.0
2026-01-11T14:00,12.0,13.6,21.0,6.8,381.0
2026-01-11T15:00,15.4,17.3,25.9,7.4,386.0
2026-01-11T16:00,18.5,21.8,33.9,8.7,388.0
2026-01-11T17:00,20.1,25.1,41.5,10.4,395.0
2026-01-11T18:00,24.4,30.7,47.9,12.6,416.0
2026-01-11T19:00,27.9,35.5,53.7,15.1,441.0
2026-01-11T20:00,30.6,40.2,57.4,16.8,451.0
2026-01-11T21:00,32.6,44.0,58.2,17.5,435.0
2026-01-11T22:00,33.8,46.0,56.8,17.3,404.0
2026-01-11T23:00,32.1,45.2,53.6,16.1,366.0
2026-01-12T00:00,29.0,41.0,48.0,12.9,315.0
2026-01-12T01:00,22.9,34.9,40.6,8.6,257.0
2026-01-12T02:00,17.4,29.9,33.5,5.4,222.0
2026-01-12T03:00,16.1,29.8,26.3,4.1,222.0
2026-01-12T04:00,15.9,29.4,19.4,3.9,244.0
2026-01-12T05:00,20.4,39.0,19.7,4.1,282.0
2026-01-12T06:00,22.1,40.0,23.6,5.4,348.0
2026-01-12T07:00,24.9,43.4,28.7,7.1,431.0
2026-01-12T08:00,27.2,44.7,31.4,8.3,487.0
2026-01-12T09:00,29.0,43.9,29.6,8.7,502.0
2026-01-12T10:00,28.6,40.6,25.3,8.5,492.0
2026-01-12T11:00,24.3,39.3,20.5,8.0,458.0
2026-01-12T12:00,19.0,42.1,14.7,6.8,380.0
2026-01-12T13:00,20.9,52.5,8.5,5.2,280.0
2026-01-12T14:00,21.0,53.1,5.6,4.4,223.0
2026-01-12T15:00,19.8,49.7,8.1,4.9,241.0
2026-01-12T16:00,19.3,44.7,13.8,6.1,303.0
2026-01-12T17:00,18.5,35.0,14.6,5.6,382.0
2026-01-12T18:00,21.7,36.0,22.5,6.9,497.0
2026-01-12T19:00,24.3,35.5,33.3,8.8,629.0
2026-01-12T20:00,25.1,33.6,40.9,9.9,693.0
2026-01-12T21:00,23.3,29.3,42.9,9.8,633.0
2026-01-12T22:00,20.9,24.9,41.7,9.1,506.0
2026-01-12T23:00,18.0,20.8,38.6,8.1,389.0
2026-01-13T00:00,15.3,17.6,32.9,6.9,307.0
2026-01-13T01:00,13.4,15.7,25.4,5.6,235.0
2026-01-13T02:00,12.4,14.8,19.4,4.5,186.0
2026-01-13T03:00,11.8,14.7,16.0,3.8,166.0
2026-01-13T04:00,11.3,14.6,14.2,3.5,168.0
2026-01-13T05:00,9.0,12.4,12.4,3.3,181.0
2026-01-13T06:00,9.2,12.8,16.7,4.6,199.0
2026-01-13T07:00,10.9,14.3,22.6,6.5,229.0
2026-01-13T08:00,13.5,16.6,26.4,8.1,277.0
2026-01-13T09:00,14.7,17.6,26.5,9.1,369.0
2026-01-13T10:00,14.4,17.3,24.5,9.8,480.0
2026-01-13T11:00,15.9,18.5,22.3,10.2,540.0
2026-01-13T12:00,13.8,18.4,19.4,9.8,499.0
2026-01-13T13:00,11.9,17.3,16.2,9.0,407.0
2026-01-13T14:00,10.7,16.1,15.9,9.0,350.0
2026-01-13T15:00,10.3,15.3,21.1,10.3,356.0
2026-01-13T16:00,12.1,15.7,29.2,12.4,396.0
2026-01-13T17:00,15.9,17.1,37.9,15.7,470.0
2026-01-13T18:00,23.7,24.8,39.5,18.5,617.0
2026-01-13T19:00,28.8,30.3,41.6,22.3,798.0
2026-01-13T20:00,32.5,33.9,42.9,24.3,896.0
2026-01-13T21:00,35.0,36.2,42.5,23.0,842.0
2026-01-13T22:00,34.8,36.0,41.2,19.9,705.0
2026-01-13T23:00,32.5,33.8,40.4,16.6,580.0
2026-01-14T00:00,28.5,29.9,40.9,13.3,501.0
2026-01-14T01:00,23.9,25.4,41.9,9.7,435.0
2026-01-14T02:00,19.7,21.2,42.3,7.0,374.0
2026-01-14T03:00,16.1,17.6,41.6,5.4,305.0
2026-01-14T04:00,13.4,15.0,40.5,4.7,241.0
2026-01-14T05:00,10.7,11.8,32.9,4.5,221.0
2026-01-14T06:00,9.7,11.0,34.3,5.6,268.0
2026-01-14T07:00,10.9,12.2,36.0,7.1,358.0
2026-01-14T08:00,13.6,14.8,36.2,8.4,456.0
2026-01-14T09:00,15.6,16.8,33.7,9.3,577.0
2026-01-14T10:00,15.9,16.9,29.6,10.0,707.0
2026-01-14T11:00,15.6,16.7,25.9,10.3,767.0
2026-01-14T12:00,15.6,17.1,22.6,9.8,684.0
2026-01-14T13:00,12.9,15.3,19.6,9.0,530.0
2026-01-14T14:00,11.0,14.0,18.7,8.4,446.0
2026-01-14T15:00,10.9,13.9,21.3,8.5,505.0
2026-01-14T16:00,12.9,16.1,26.0,8.9,634.0
2026-01-14T17:00,14.8,16.5,25.6,7.9,752.0
2026-01-14T18:00,18.5,20.7,30.2,8.5,859.0
2026-01-14T19:00,19.4,21.3,36.6,9.4,956.0
2026-01-14T20:00,18.2,19.6,41.3,9.9,966.0
2026-01-14T21:00,16.9,18.0,43.3,9.9,820.0
2026-01-14T22:00,16.1,17.0,43.8,9.5,588.0
2026-01-14T23:00,14.8,15.7,42.2,8.8,397.0
2026-01-15T00:00,12.8,13.6,37.6,7.6,299.0
2026-01-15T01:00,11.1,11.8,31.1,6.0,242.0
2026-01-15T02:00,9.9,10.6,25.5,4.8,204.0
2026-01-15T03:00,9.0,9.7,21.6,4.0,174.0
2026-01-15T04:00,8.4,9.3,18.6,3.6,163.0
2026-01-15T05:00,5.9,7.9,10.9,3.1,180.0
2026-01-15T06:00,7.2,9.7,13.7,3.6,250.0
2026-01-15T07:00,9.3,13.0,17.4,4.3,349.0
2026-01-15T08:00,11.0,16.2,20.0,5.0,413.0
2026-01-15T09:00,12.3,18.4,20.5,5.6,413.0
2026-01-15T10:00,13.2,19.0,19.7,6.2,379.0
2026-01-15T11:00,13.7,19.2,18.3,6.5,339.0
2026-01-15T12:00,14.1,22.8,15.5,6.2,288.0
2026-01-15T13:00,13.3,23.6,11.9,5.7,232.0
2026-01-15T14:00,12.7,19.6,10.5,5.6,215.0
2026-01-15T15:00,11.6,15.1,12.4,6.1,277.0
2026-01-15T16:00,11.3,15.1,16.4,7.0,377.0
2026-01-15T17:00,15.4,22.5,14.7,7.4,440.0
2026-01-15T18:00,18.9,25.7,22.3,9.3,417.0
2026-01-15T19:00,22.1,28.2,32.7,12.0,357.0
2026-01-15T20:00,27.2,33.5,39.4,14.2,329.0
2026-01-15T21:00,32.0,38.6,38.7,15.7,386.0
2026-01-15T22:00,34.1,40.4,34.4,16.7,476.0
2026-01-15T23:00,33.3,40.2,31.3,16.6,514.0
2026-01-16T00:00,31.0,38.2,32.1,14.8,447.0
2026-01-16T01:00,26.3,33.3,34.1,11.9,328.0
2026-01-16T02:00,22.5,29.1,33.7,9.4,237.0
2026-01-16T03:00,17.6,23.1,28.0,7.8,203.0
2026-01-16T04:00,13.3,17.2,19.9,6.6,198.0
2026-01-16T05:00,16.5,21.2,25.1,8.4,209.0
2026-01-16T06:00,15.2,18.9,27.3,9.4,246.0
2026-01-16T07:00,16.5,20.5,30.0,10.9,300.0
2026-01-16T08:00,18.0,22.0,30.3,12.6,336.0
2026-01-16T09:00,17.3,20.2,25.8,14.8,335.0
2026-01-16T10:00,11.2,13.2,18.9,17.1,314.0
2026-01-16T11:00,8.3,10.7,13.5,18.2,294.0
2026-01-16T12:00,7.7,12.3,11.2,17.3,279.0
2026-01-16T13:00,6.2,10.0,10.4,15.2,263.0
2026-01-16T14:00,5.5,8.9,9.9,13.0,252.0
2026-01-16T15:00,4.9,7.4,9.4,10.9,248.0
2026-01-16T16:00,4.9,6.2,9.2,8.7,248.0
2026-01-16T17:00,6.5,7.1,10.3,7.5,247.0
2026-01-16T18:00,4.9,5.2,10.8,6.4,245.0
2026-01-16T19:00,1.4,1.4,11.5,4.8,243.0
2026-01-16T20:00,1.1,1.1,11.8,3.7,239.0
2026-01-16T21:00,1.1,1.1,11.7,3.3,231.0
2026-01-16T22:00,1.1,1.1,11.2,3.4,222.0
2026-01-16T23:00,1.3,1.3,10.5,3.4,214.0
2026-01-17T00:00,0.8,0.8,9.3,3.3,208.0
2026-01-17T01:00,0.6,0.6,7.7,3.3,203.0
2026-01-17T02:00,0.8,0.8,6.8,3.3,201.0
2026-01-17T03:00,1.1,1.1,6.7,3.3,203.0
2026-01-17T04:00,2.0,2.1,7.1,3.3,207.0
2026-01-17T05:00,2.9,3.1,8.8,3.4,215.0
2026-01-17T06:00,3.0,3.2,12.5,5.0,228.0
2026-01-17T07:00,3.0,3.1,17.3,7.1,243.0
2026-01-17T08:00,3.9,4.0,19.8,8.5,254.0
2026-01-17T09:00,3.1,3.2,17.5,8.6,257.0
2026-01-17T10:00,3.2,3.3,12.7,7.9,256.0
2026-01-17T11:00,3.6,3.9,9.0,7.2,252.0
2026-01-17T12:00,3.3,3.6,7.5,6.4,242.0
2026-01-17T13:00,3.3,3.8,6.9,5.5,230.0
2026-01-17T14:00,3.5,4.1,7.3,5.0,230.0
2026-01-17T15:00,4.0,5.3,8.2,4.9,240.0
2026-01-17T16:00,4.1,4.7,9.9,5.0,263.0
2026-01-17T17:00,9.5,11.1,19.7,7.7,313.0
2026-01-17T18:00,12.8,14.4,26.1,9.4,421.0
2026-01-17T19:00,16.5,18.3,34.8,11.8,557.0
2026-01-17T20:00,20.0,21.9,41.0,15.0,650.0
2026-01-17T21:00,25.0,26.8,42.0,19.8,668.0
2026-01-17T22:00,31.0,32.8,40.5,25.2,642.0
2026-01-17T23:00,35.9,37.8,39.3,28.7,597.0
2026-01-18T00:00,36.0,38.0,39.3,28.6,527.0
2026-01-18T01:00,34.2,36.2,39.7,26.4,437.0
2026-01-18T02:00,33.3,35.4,40.4,24.4,364.0
2026-01-18T03:00,33.5,35.6,41.9,22.8,319.0
2026-01-18T04:00,32.8,34.9,43.9,21.3,289.0
2026-01-18T05:00,9.7,10.2,39.8,13.6,278.0
2026-01-18T06:00,6.7,7.0,40.9,15.1,294.0
2026-01-18T07:00,9.6,10.1,42.1,17.2,328.0
2026-01-18T08:00,14.3,14.9,40.6,18.1,352.0
2026-01-18T09:00,16.7,17.4,33.7,17.1,354.0
2026-01-18T10:00,13.6,14.3,24.1,15.0,346.0
2026-01-18T11:00,8.1,8.6,16.6,12.9,331.0
2026-01-18T12:00,6.6,7.0,13.0,11.1,302.0
2026-01-18T13:00,6.2,6.7,11.6,9.4,267.0
2026-01-18T14:00,5.9,6.6,11.5,8.2,249.0
2026-01-18T15:00,5.8,6.6,12.3,7.6,259.0
2026-01-18T16:00,6.0,6.8,14.4,7.6,287.0
2026-01-18T17:00,19.7,25.4,20.3,8.5,325.0
2026-01-18T18:00,23.3,28.4,27.1,11.5,374.0
2026-01-18T19:00,26.5,31.2,36.6,15.5,433.0
2026-01-18T20:00,31.0,36.0,44.1,18.3,488.0
2026-01-18T21:00,35.6,41.3,47.5,18.8,547.0
2026-01-18T22:00,39.0,45.5,48.9,18.0,602.0
2026-01-18T23:00,41.0,48.1,49.6,16.7,616.0
2026-01-19T00:00,41.1,48.7,50.1,14.6,556.0
2026-01-19T01:00,39.8,47.8,49.9,12.0,454.0
2026-01-19T02:00,38.1,46.3,49.3,9.8,374.0
2026-01-19T03:00,36.3,44.7,47.9,8.4,335.0
2026-01-19T04:00,34.5,43.0,46.1,7.5,318.0
2026-01-19T05:00,29.9,38.2,43.6,7.2,322.0
2026-01-19T06:00,27.2,32.9,44.3,8.8,363.0
2026-01-19T07:00,27.8,32.8,45.2,11.0,425.0
2026-01-19T08:00,31.2,35.9,45.0,12.8,463.0
2026-01-19T09:00,32.7,39.9,43.1,13.9,455.0
2026-01-19T10:00,35.4,43.7,40.2,14.6,423.0
2026-01-19T11:00,31.7,40.4,36.7,15.2,390.0
2026-01-19T12:00,28.7,37.5,31.6,15.6,357.0
2026-01-19T13:00,25.8,34.5,26.0,15.9,322.0
2026-01-19T14:00,25.2,33.8,23.2,16.3,303.0
2026-01-19T15:00,25.3,33.8,25.3,16.5,311.0
2026-01-19T16:00,26.5,34.9,30.2,16.8,335.0
2026-01-19T17:00,35.7,45.9,35.2,18.6,359.0
2026-01-19T18:00,45.1,55.3,38.2,22.1,378.0
2026-01-19T19:00,52.7,62.9,42.2,26.8,397.0
2026-01-19T20:00,56.7,67.1,45.0,29.9,417.0
2026-01-19T21:00,57.3,67.8,45.1,30.3,445.0
2026-01-19T22:00,57.2,67.8,44.0,29.1,474.0
2026-01-19T23:00,56.0,66.6,43.3,27.1,487.0
2026-01-20T00:00,53.7,63.8,43.9,24.3,472.0
2026-01-20T01:00,49.1,57.4,44.9,20.6,440.0
2026-01-20T02:00,45.4,52.4,46.1,17.3,414.0
2026-01-20T03:00,42.0,48.2,47.3,14.4,395.0
2026-01-20T04:00,38.0,43.7,48.6,11.7,381.0
2026-01-20T05:00,35.2,40.3,50.6,9.2,387.0
2026-01-20T06:00,31.9,36.3,51.4,10.2,438.0
2026-01-20T07:00,31.7,35.6,52.1,11.6,508.0
2026-01-20T08:00,31.5,35.0,50.6,12.9,537.0
2026-01-20T09:00,30.7,34.7,44.9,14.0,483.0
2026-01-20T10:00,29.9,32.6,36.9,14.9,387.0
2026-01-20T11:00,24.2,28.8,29.9,15.5,310.0
2026-01-20T12:00,18.0,23.2,24.3,15.3,273.0
2026-01-20T13:00,15.1,19.7,19.7,14.7,255.0
2026-01-20T14:00,13.7,18.1,17.8,14.4,253.0
2026-01-20T15:00,13.1,17.3,19.5,14.7,271.0
2026-01-20T16:00,13.2,17.3,23.9,15.2,306.0
2026-01-20T17:00,35.9,48.8,32.8,15.4,341.0
2026-01-20T18:00,40.9,53.2,38.8,15.8,369.0
2026-01-20T19:00,41.7,52.6,47.0,16.4,398.0
2026-01-20T20:00,40.6,49.5,53.3,16.4,435.0
2026-01-20T21:00,38.8,46.1,56.1,15.6,498.0
2026-01-20T22:00,37.3,43.5,57.0,14.2,570.0
2026-01-20T23:00,35.4,41.3,56.0,12.6,601.0
2026-01-21T00:00,32.7,38.4,52.7,10.5,561.0
2026-01-21T01:00,29.7,35.0,47.5,8.2,482.0
2026-01-21T02:00,26.7,31.7,42.1,6.3,409.0
2026-01-21T03:00,23.8,28.5,36.2,5.0,344.0
2026-01-21T04:00,21.4,25.8,30.1,4.2,285.0
2026-01-21T05:00,17.9,22.4,22.0,3.5,272.0
2026-01-21T06:00,16.5,20.3,24.8,4.5,349.0
2026-01-21T07:00,17.3,21.0,28.5,5.9,471.0
2026-01-21T08:00,19.7,23.2,30.7,7.1,552.0
2026-01-21T09:00,21.7,24.9,29.8,8.0,550.0
2026-01-21T10:00,21.9,25.1,27.3,8.8,506.0
2026-01-21T11:00,21.9,25.3,25.3,9.4,452.0
2026-01-21T12:00,20.1,24.0,23.7,9.6,382.0
2026-01-21T13:00,18.8,22.9,22.5,9.5,302.0
2026-01-21T14:00,18.2,22.1,23.6,9.9,266.0
2026-01-21T15:00,18.6,22.1,29.1,11.0,317.0
2026-01-21T16:00,20.7,23.6,36.9,12.6,412.0
2026-01-21T17:00,28.2,32.1,46.8,15.6,476.0
2026-01-21T18:00,35.5,39.2,49.0,18.9,476.0
2026-01-21T19:00,39.9,43.8,51.8,23.4,446.0
2026-01-21T20:00,40.7,45.2,52.4,26.0,413.0
2026-01-21T21:00,40.5,44.5,48.7,25.2,387.0
2026-01-21T22:00,38.6,42.0,42.9,22.6,358.0
2026-01-21T23:00,36.2,39.1,38.7,19.6,328.0
2026-01-22T00:00,33.1,35.7,38.2,16.4,294.0
2026-01-22T01:00,31.0,35.2,39.4,13.0,259.0
2026-01-22T02:00,30.4,34.8,39.8,10.5,237.0
2026-01-22T03:00,30.7,35.6,38.1,9.8,229.0
2026-01-22T04:00,31.2,37.1,35.7,10.0,233.0
2026-01-22T05:00,26.3,31.8,37.4,8.7,262.0
2026-01-22T06:00,27.6,33.5,38.6,10.6,345.0
2026-01-22T07:00,30.5,38.4,39.9,13.1,452.0
2026-01-22T08:00,35.2,46.1,39.3,14.5,507.0
2026-01-22T09:00,33.5,44.9,35.1,13.9,460.0
2026-01-22T10:00,23.5,31.3,28.9,12.3,360.0
2026-01-22T11:00,4.4,5.8,23.1,10.6,284.0
2026-01-22T12:00,2.1,2.6,17.8,9.2,261.0
2026-01-22T13:00,2.9,3.7,12.9,7.7,262.0
2026-01-22T14:00,3.4,4.2,10.2,6.6,266.0
2026-01-22T15:00,3.1,3.7,11.0,6.0,270.0
2026-01-22T16:00,3.7,4.3,14.0,5.8,278.0
2026-01-22T17:00,7.5,8.4,16.2,6.0,285.0
2026-01-22T18:00,6.9,7.5,15.2,6.0,290.0
2026-01-22T19:00,6.4,6.8,13.8,5.9,293.0
2026-01-22T20:00,6.2,6.5,12.6,5.8,289.0
2026-01-22T21:00,6.0,6.2,11.9,5.7,271.0
2026-01-22T22:00,5.9,6.0,11.4,5.6,246.0
2026-01-22T23:00,5.8,5.9,10.9,5.3,226.0
2026-01-23T00:00,5.5,5.7,9.9,4.8,216.0
2026-01-23T01:00,5.3,5.5,8.9,4.2,211.0
2026-01-23T02:00,5.2,5.4,8.5,3.8,212.0
2026-01-23T03:00,5.1,5.4,8.8,3.4,207.0
2026-01-23T04:00,5.2,5.4,9.8,3.3,208.0
2026-01-23T05:00,3.7,3.9,7.6,3.3,247.0
2026-01-23T06:00,4.5,4.7,14.9,5.7,365.0
2026-01-23T07:00,7.7,8.0,24.8,8.9,522.0
2026-01-23T08:00,13.3,13.6,31.4,11.4,623.0
2026-01-23T09:00,19.2,19.5,32.0,12.4,621.0
2026-01-23T10:00,25.2,25.7,29.3,12.7,564.0
2026-01-23T11:00,31.1,31.5,25.9,12.4,503.0
2026-01-23T12:00,23.1,23.7,20.8,11.1,437.0
2026-01-23T13:00,14.3,15.0,15.0,9.4,367.0
2026-01-23T14:00,13.6,14.0,14.0,8.9,348.0
2026-01-23T15:00,14.8,15.2,21.4,11.3,405.0
2026-01-23T16:00,19.2,19.6,33.6,14.9,512.0
2026-01-23T17:00,50.3,60.8,43.1,15.5,652.0
2026-01-23T18:00,54.8,65.2,49.7,14.6,876.0
2026-01-23T19:00,52.9,63.3,58.7,13.3,1132.0
2026-01-23T20:00,54.5,65.0,65.4,11.6,1247.0
2026-01-23T21:00,54.8,65.0,68.2,9.4,1101.0
2026-01-23T22:00,52.5,62.4,68.6,7.0,814.0
2026-01-23T23:00,47.4,56.5,66.3,4.9,566.0
2026-01-24T00:00,40.4,48.4,60.2,3.5,421.0
2026-01-24T01:00,34.3,41.4,51.4,2.6,315.0
2026-01-24T02:00,29.6,35.9,42.9,2.0,241.0
2026-01-24T03:00,25.5,31.0,35.0,1.8,193.0
2026-01-24T04:00,22.1,27.0,27.4,2.0,176.0
2026-01-24T05:00,16.4,20.5,18.9,3.3,202.0
2026-01-24T06:00,14.8,18.7,21.2,4.3,306.0
2026-01-24T07:00,15.1,19.1,24.3,5.7,453.0
2026-01-24T08:00,17.5,21.5,26.5,7.0,544.0
2026-01-24T09:00,19.2,23.6,26.4,7.8,518.0
2026-01-24T10:00,19.6,24.6,25.3,8.5,437.0
2026-01-24T11:00,20.8,26.1,25.3,9.1,390.0
2026-01-24T12:00,21.8,27.5,27.2,9.6,414.0
2026-01-24T13:00,22.6,28.7,30.3,10.0,472.0
2026-01-24T14:00,24.7,31.0,34.4,10.4,549.0
2026-01-24T15:00,25.7,32.2,40.5,10.6,672.0
2026-01-24T16:00,27.6,34.5,47.5,10.9,813.0
2026-01-24T17:00,29.2,37.7,49.3,11.7,878.0
2026-01-24T18:00,33.3,41.8,51.4,14.8,803.0
2026-01-24T19:00,36.3,44.0,54.2,18.8,652.0
2026-01-24T20:00,38.1,45.4,55.6,20.6,518.0
2026-01-24T21:00,36.2,43.3,55.4,17.9,434.0
2026-01-24T22:00,31.3,38.1,53.7,12.9,367.0
2026-01-24T23:00,28.3,35.5,49.3,8.9,312.0
2026-01-25T00:00,25.4,32.8,39.8,7.3,268.0
2026-01-25T01:00,21.8,29.2,27.6,6.8,235.0
2026-01-25T02:00,18.5,26.0,17.9,6.5,210.0
2026-01-25T03:00,15.9,23.6,12.8,6.4,192.0
2026-01-25T04:00,14.4,22.3,10.4,6.6,183.0
2026-01-25T05:00,10.7,18.7,5.4,3.2,183.0
2026-01-25T06:00,9.7,16.9,7.5,3.1,196.0
2026-01-25T07:00,9.4,15.3,10.3,3.0,219.0
2026-01-25T08:00,9.9,14.7,12.6,3.0,237.0
2026-01-25T09:00,10.4,14.1,13.6,3.2,244.0
2026-01-25T10:00,10.8,14.2,13.9,3.5,246.0
2026-01-25T11:00,11.4,14.5,14.2,3.9,257.0
2026-01-25T12:00,12.4,15.3,13.9,4.4,269.0
2026-01-25T13:00,13.0,15.7,13.6,5.0,290.0
2026-01-25T14:00,14.3,16.9,15.0,5.6,346.0
2026-01-25T15:00,14.8,17.7,19.0,6.2,473.0
2026-01-25T16:00,16.1,19.4,24.7,6.7,637.0
2026-01-25T17:00,15.1,22.4,17.9,4.0,762.0
2026-01-25T18:00,17.7,24.9,23.3,4.4,809.0
2026-01-25T19:00,19.4,26.7,30.9,5.1,818.0
2026-01-25T20:00,20.5,27.8,36.9,5.6,831.0
2026-01-25T21:00,20.8,28.2,40.3,6.1,882.0
2026-01-25T22:00,21.2,28.9,42.2,6.5,938.0
2026-01-25T23:00,21.4,29.6,42.0,6.5,944.0
2026-01-26T00:00,20.7,29.7,38.5,5.9,861.0
2026-01-26T01:00,19.6,29.6,32.8,5.0,728.0
2026-01-26T02:00,18.6,29.8,27.9,4.3,603.0
2026-01-26T03:00,18.0,30.3,24.1,4.0,495.0
2026-01-26T04:00,17.8,30.6,21.1,4.0,395.0
2026-01-26T05:00,15.3,29.7,16.7,2.9,337.0
2026-01-26T06:00,14.5,28.5,20.5,4.0,348.0
2026-01-26T07:00,15.3,28.7,25.7,5.6,400.0
2026-01-26T08:00,18.0,30.6,29.2,6.8,448.0
2026-01-26T09:00,20.8,32.4,29.4,7.4,484.0
2026-01-26T10:00,21.8,32.5,27.9,7.7,515.0
2026-01-26T11:00,22.1,32.0,26.3,7.9,520.0
2026-01-26T12:00,21.1,30.3,24.2,8.0,464.0
2026-01-26T13:00,19.4,28.5,22.1,8.0,382.0
2026-01-26T14:00,17.9,27.2,22.9,8.7,359.0
2026-01-26T15:00,17.3,26.7,29.2,10.5,438.0
2026-01-26T16:00,21.6,31.0,38.3,12.9,577.0
2026-01-26T17:00,27.8,35.9,37.2,8.3,728.0
2026-01-26T18:00,33.4,41.3,40.6,9.9,906.0
2026-01-26T19:00,36.8,44.5,45.3,12.0,1097.0
2026-01-26T20:00,38.1,45.3,49.3,13.3,1213.0
2026-01-26T21:00,36.4,43.4,51.8,13.3,1209.0
2026-01-26T22:00,35.9,42.6,53.6,12.5,1130.0
2026-01-26T23:00,36.1,42.6,55.1,11.3,1022.0
2026-01-27T00:00,35.7,42.3,56.7,9.7,872.0
2026-01-27T01:00,34.9,41.6,58.1,7.7,693.0
2026-01-27T02:00,33.9,40.6,58.4,6.2,572.0
2026-01-27T03:00,32.1,39.0,56.9,5.2,567.0
2026-01-27T04:00,30.3,37.5,54.4,4.7,619.0
2026-01-27T05:00,27.6,38.3,51.7,6.4,638.0
2026-01-27T06:00,26.1,37.7,52.2,7.3,574.0
2026-01-27T07:00,26.8,39.2,52.5,8.4,476.0
2026-01-27T08:00,30.3,43.1,50.2,9.4,402.0
2026-01-27T09:00,33.6,46.7,43.3,9.9,384.0
2026-01-27T10:00,31.4,44.8,33.6,10.2,389.0
2026-01-27T11:00,25.7,39.3,24.7,10.4,382.0
2026-01-27T12:00,20.7,34.5,16.8,10.8,339.0
2026-01-27T13:00,18.7,33.4,9.6,11.1,283.0
2026-01-27T14:00,15.5,30.3,5.2,11.1,247.0
2026-01-27T15:00,12.2,26.9,4.3,10.4,253.0
2026-01-27T16:00,11.5,25.7,6.1,9.5,279.0
2026-01-27T17:00,22.8,45.2,13.6,9.4,294.0
2026-01-27T18:00,30.3,49.1,18.2,10.0,283.0
2026-01-27T19:00,34.9,52.4,24.6,10.8,261.0
2026-01-27T20:00,37.3,53.7,30.3,11.2,241.0
2026-01-27T21:00,38.1,52.4,35.3,11.0,229.0
2026-01-27T22:00,36.9,48.8,39.6,10.5,219.0
2026-01-27T23:00,34.3,43.5,40.4,9.6,212.0
2026-01-28T00:00,29.7,37.3,35.4,8.0,205.0
2026-01-28T01:00,24.3,31.2,26.9,6.0,200.0
2026-01-28T02:00,19.7,26.0,19.6,4.5,202.0
2026-01-28T03:00,15.4,21.4,14.5,3.7,209.0
2026-01-28T04:00,12.0,17.5,10.6,3.4,222.0
2026-01-28T05:00,9.0,14.2,7.3,3.3,250.0
2026-01-28T06:00,8.6,13.3,10.2,4.0,316.0
2026-01-28T07:00,9.5,13.8,14.3,5.0,397.0
2026-01-28T08:00,11.5,15.6,17.7,5.9,436.0
2026-01-28T09:00,16.4,20.0,19.9,6.9,390.0
2026-01-28T10:00,18.0,21.0,21.3,7.9,302.0
2026-01-28T11:00,13.0,14.9,21.5,8.2,236.0
2026-01-28T12:00,3.1,3.5,19.3,7.3,221.0
2026-01-28T13:00,1.3,1.4,15.7,5.8,230.0
2026-01-28T14:00,2.2,2.3,13.7,4.7,242.0
2026-01-28T15:00,2.6,2.6,14.6,4.4,253.0
2026-01-28T16:00,2.0,2.1,17.0,4.5,268.0
2026-01-28T17:00,7.2,8.7,15.8,4.5,285.0
2026-01-28T18:00,8.1,9.4,18.6,5.1,307.0
2026-01-28T19:00,9.4,10.7,22.4,5.8,332.0
2026-01-28T20:00,10.4,11.8,24.8,6.4,347.0
2026-01-28T21:00,11.2,12.7,24.8,6.6,350.0
2026-01-28T22:00,11.4,12.9,23.4,6.7,344.0
2026-01-28T23:00,11.0,12.4,21.3,6.5,328.0
2026-01-29T00:00,10.0,11.3,18.2,6.1,293.0
2026-01-29T01:00,8.9,9.9,14.4,5.5,247.0
2026-01-29T02:00,7.3,8.1,11.5,5.0,217.0
2026-01-29T03:00,6.3,7.0,9.8,4.6,208.0
2026-01-29T04:00,5.7,6.3,9.0,4.2,214.0
2026-01-29T05:00,9.5,10.2,15.6,5.9,241.0
2026-01-29T06:00,9.5,10.1,19.7,6.4,304.0
2026-01-29T07:00,9.4,9.9,25.3,7.2,386.0
2026-01-29T08:00,12.1,12.5,28.2,8.0,448.0
2026-01-29T09:00,15.3,15.7,26.0,8.8,474.0
2026-01-29T10:00,16.4,16.9,21.2,9.6,478.0
2026-01-29T11:00,15.5,16.1,17.3,10.8,464.0
2026-01-29T12:00,14.2,15.1,14.9,12.6,413.0
2026-01-29T13:00,14.0,14.9,13.4,14.8,343.0
2026-01-29T14:00,14.3,15.3,14.0,16.7,310.0
2026-01-29T15:00,15.0,15.9,17.6,18.0,348.0
2026-01-29T16:00,15.9,16.9,23.3,19.1,423.0
2026-01-29T17:00,24.8,29.8,25.7,14.7,492.0
2026-01-29T18:00,34.9,40.4,31.7,18.6,543.0
2026-01-29T19:00,41.7,47.0,40.1,23.9,588.0
2026-01-29T20:00,44.2,49.7,47.1,26.9,615.0
2026-01-29T21:00,44.6,50.4,51.1,25.6,616.0
2026-01-29T22:00,45.3,51.3,53.6,22.1,599.0
2026-01-29T23:00,45.2,51.3,55.9,18.4,573.0
2026-01-30T00:00,39.8,45.5,58.3,15.2,539.0
2026-01-30T01:00,36.8,42.5,60.4,11.8,497.0
2026-01-30T02:00,34.2,39.7,61.9,9.1,454.0
2026-01-30T03:00,32.5,38.0,62.9,7.1,408.0
2026-01-30T04:00,31.2,36.7,63.4,5.7,362.0
2026-01-30T05:00,24.5,28.1,48.5,6.6,333.0
2026-01-30T06:00,26.0,29.3,48.6,6.8,334.0
2026-01-30T07:00,28.2,31.7,48.6,7.2,351.0
2026-01-30T08:00,32.9,36.8,47.8,7.8,365.0
2026-01-30T09:00,36.2,40.3,45.3,8.7,368.0
2026-01-30T10:00,34.9,39.3,42.0,9.9,368.0
2026-01-30T11:00,38.1,42.1,39.8,11.2,365.0
2026-01-30T12:00,36.7,40.2,39.2,12.9,353.0
2026-01-30T13:00,35.2,38.5,39.8,14.6,339.0
2026-01-30T14:00,36.9,40.4,42.0,15.6,338.0
2026-01-30T15:00,34.3,38.3,46.6,15.3,364.0
2026-01-30T16:00,37.3,41.7,52.9,14.2,405.0
2026-01-30T17:00,44.1,54.5,53.6,15.1,434.0
2026-01-30T18:00,47.3,58.0,59.3,15.8,436.0
2026-01-30T19:00,50.1,61.0,67.1,16.6,427.0
2026-01-30T20:00,51.7,62.4,72.5,17.0,433.0
2026-01-30T21:00,51.9,62.4,73.0,16.6,477.0
2026-01-30T22:00,50.8,60.5,71.2,15.7,536.0
2026-01-30T23:00,48.2,57.5,69.6,14.4,568.0
2026-01-31T00:00,44.8,53.8,69.7,12.3,546.0
2026-01-31T01:00,41.0,49.8,70.1,9.8,496.0
2026-01-31T02:00,38.5,47.5,69.4,7.6,454.0
2026-01-31T03:00,36.2,45.1,66.5,5.8,428.0
2026-01-31T04:00,34.2,43.0,62.6,4.3,410.0
2026-01-31T05:00,29.7,38.5,49.5,3.8,409.0
2026-01-31T06:00,28.4,37.3,50.2,5.0,441.0
2026-01-31T07:00,29.7,38.5,51.1,6.7,489.0
2026-01-31T08:00,32.8,41.6,51.5,8.1,520.0
2026-01-31T09:00,36.1,45.3,51.6,8.9,518.0
2026-01-31T10:00,39.8,48.9,51.2,9.5,498.0
2026-01-31T11:00,41.1,50.2,49.2,9.7,467.0
2026-01-31T12:00,34.9,44.4,43.9,9.5,406.0
2026-01-31T13:00,32.4,42.0,37.0,8.9,333.0
2026-01-31T14:00,32.8,43.1,31.9,8.6,314.0
2026-01-31T15:00,31.5,42.3,29.4,8.7,399.0
2026-01-31T16:00,29.8,40.7,28.8,9.0,537.0
2026-01-31T17:00,18.3,24.3,24.7,4.5,643.0
2026-01-31T18:00,21.0,27.2,30.4,5.2,678.0
2026-01-31T19:00,23.2,29.6,38.4,6.0,681.0
2026-01-31T20:00,24.9,31.2,44.7,6.6,684.0
2026-01-31T21:00,25.3,31.5,48.3,6.6,718.0
2026-01-31T22:00,24.9,31.0,50.3,6.3,753.0
2026-01-31T23:00,23.9,29.7,49.8,5.8,728.0
2026-02-01T00:00,21.9,27.4,45.3,4.9,587.0
2026-02-01T01:00,20.1,25.1,38.4,3.9,386.0
2026-02-01T02:00,18.4,23.2,32.2,3.0,235.0
2026-02-01T03:00,16.8,21.5,27.5,2.4,179.0
2026-02-01T04:00,15.1,20.0,23.6,2.1,173.0
2026-02-01T05:00,12.3,17.9,19.2,2.1,192.0
2026-02-01T06:00,11.6,17.6,22.7,3.0,228.0
2026-02-01T07:00,12.9,19.3,27.5,4.2,288.0
2026-02-01T08:00,16.6,23.3,30.9,5.6,378.0
2026-02-01T09:00,21.8,28.4,32.0,7.4,539.0
2026-02-01T10:00,25.8,32.6,31.8,9.4,729.0
2026-02-01T11:00,25.8,32.9,30.4,10.6,821.0
2026-02-01T12:00,20.8,28.2,26.5,10.3,712.0
2026-02-01T13:00,17.3,24.9,21.3,9.2,505.0
2026-02-01T14:00,16.4,24.0,19.0,8.3,385.0
2026-02-01T15:00,16.1,23.8,22.0,7.9,431.0
2026-02-01T16:00,18.4,26.2,27.8,7.7,564.0
2026-02-01T17:00,27.7,40.6,34.6,6.1,730.0
2026-02-01T18:00,31.3,44.8,39.0,6.3,976.0
2026-02-01T19:00,31.5,45.6,45.0,6.5,1254.0
2026-02-01T20:00,31.5,45.8,49.3,6.6,1367.0
2026-02-01T21:00,31.5,45.9,50.8,6.5,1169.0
2026-02-01T22:00,31.2,45.5,50.5,6.3,805.0
2026-02-01T23:00,29.9,44.4,47.9,5.9,513.0
2026-02-02T00:00,27.6,42.3,41.3,5.0,393.0
2026-02-02T01:00,25.4,40.2,32.3,3.8,344.0
2026-02-02T02:00,23.5,38.3,25.1,2.9,304.0
2026-02-02T03:00,22.1,36.8,20.5,2.5,248.0
2026-02-02T04:00,21.0,35.4,17.6,2.4,202.0
2026-02-02T05:00,14.9,27.6,10.6,2.5,176.0
2026-02-02T06:00,13.3,25.7,11.1,2.8,183.0
2026-02-02T07:00,12.2,24.3,11.7,3.3,212.0
2026-02-02T08:00,11.5,22.9,12.4,3.8,237.0
2026-02-02T09:00,10.4,21.0,12.9,4.2,252.0
2026-02-02T10:00,10.7,21.0,13.5,4.6,264.0
2026-02-02T11:00,11.6,21.7,14.0,4.9,270.0
2026-02-02T12:00,12.4,22.4,14.1,5.0,260.0
2026-02-02T13:00,11.8,21.8,14.1,4.9,244.0
2026-02-02T14:00,14.0,24.1,15.7,5.2,246.0
2026-02-02T15:00,18.9,31.0,20.5,6.2,292.0
2026-02-02T16:00,20.7,34.1,26.9,7.4,356.0
2026-02-02T17:00,15.2,24.2,20.7,6.1,382.0
2026-02-02T18:00,21.3,29.5,25.8,7.4,328.0
2026-02-02T19:00,23.1,31.0,32.9,9.2,237.0
2026-02-02T20:00,22.0,31.0,38.8,10.7,178.0
2026-02-02T21:00,22.5,32.6,42.7,11.7,195.0
2026-02-02T22:00,23.7,34.1,45.4,12.3,244.0
2026-02-02T23:00,24.9,35.3,45.9,11.9,271.0
2026-02-03T00:00,25.0,35.3,43.1,9.8,243.0
2026-02-03T01:00,23.5,34.6,38.1,6.8,191.0
2026-02-03T02:00,21.7,33.2,33.4,4.5,156.0
2026-02-03T03:00,20.4,31.7,29.7,3.6,153.0
2026-02-03T04:00,19.7,30.3,26.3,3.4,167.0
2026-02-03T05:00,16.2,24.9,17.2,2.9,184.0
2026-02-03T06:00,18.7,24.8,16.1,3.5,205.0
2026-02-03T07:00,19.8,25.4,14.6,4.3,230.0
2026-02-03T08:00,20.0,25.3,13.4,4.8,249.0
2026-02-03T09:00,19.2,23.5,13.1,5.0,258.0
2026-02-03T10:00,16.6,20.0,13.1,4.9,260.0
2026-02-03T11:00,12.6,15.8,12.2,4.6,254.0
2026-02-03T12:00,8.2,15.0,9.1,4.0,226.0
2026-02-03T13:00,8.1,16.8,5.1,3.1,191.0
2026-02-03T14:00,8.2,17.1,2.8,2.6,189.0
2026-02-03T15:00,8.8,18.2,3.0,2.6,249.0
2026-02-03T16:00,8.3,16.6,4.9,2.9,342.0
2026-02-03T17:00,7.2,10.0,9.7,3.6,422.0
2026-02-03T18:00,8.6,10.7,13.9,4.2,484.0
2026-02-03T19:00,9.3,10.8,19.7,5.0,534.0
2026-02-03T20:00,10.0,11.1,23.5,5.5,544.0
2026-02-03T21:00,9.6,10.4,23.7,5.6,490.0
2026-02-03T22:00,9.1,9.8,21.9,5.3,396.0
2026-02-03T23:00,8.8,9.5,19.7,5.0,313.0
2026-02-04T00:00,8.4,9.1,17.3,4.5,256.0
2026-02-04T01:00,8.1,8.9,14.4,3.9,209.0
2026-02-04T02:00,8.0,8.9,12.2,3.4,177.0
2026-02-04T03:00,8.2,9.1,10.7,3.1,163.0
2026-02-04T04:00,8.1,9.1,9.9,2.9,163.0
2026-02-04T05:00,6.4,7.3,8.7,3.0,173.0
2026-02-04T06:00,6.4,7.5,11.9,3.7,197.0
2026-02-04T07:00,7.5,8.5,16.3,4.7,231.0
2026-02-04T08:00,9.7,10.7,19.3,5.6,258.0
2026-02-04T09:00,10.6,11.5,20.0,6.2,272.0
2026-02-04T10:00,10.2,11.0,19.3,6.7,279.0
2026-02-04T11:00,10.5,11.5,17.8,6.7,277.0
2026-02-04T12:00,9.5,10.8,14.8,6.0,260.0
2026-02-04T13:00,7.3,8.8,11.0,4.8,234.0
2026-02-04T14:00,6.2,7.8,8.9,4.0,222.0
2026-02-04T15:00,6.0,7.6,9.8,3.8,238.0
2026-02-04T16:00,7.7,8.9,12.4,4.0,268.0
2026-02-04T17:00,15.8,20.1,14.1,4.1,290.0
2026-02-04T18:00,16.4,20.1,17.6,4.6,295.0
2026-02-04T19:00,18.3,21.7,22.5,5.2,292.0
2026-02-04T20:00,19.7,23.0,26.4,5.7,284.0
2026-02-04T21:00,20.5,23.6,28.8,6.0,267.0
2026-02-04T22:00,20.5,23.6,30.3,6.3,245.0
2026-02-04T23:00,20.2,23.4,30.2,6.2,234.0
2026-02-05T00:00,19.5,22.8,27.6,5.6,248.0
2026-02-05T01:00,18.4,21.7,23.4,4.7,272.0
2026-02-05T02:00,17.1,20.5,19.8,4.0,277.0
2026-02-05T03:00,15.9,19.3,17.0,3.5,237.0
2026-02-05T04:00,14.8,18.2,14.7,3.2,177.0
2026-02-05T05:00,10.9,13.4,12.7,2.5,142.0
2026-02-05T06:00,10.1,12.7,15.7,3.2,153.0
2026-02-05T07:00,10.5,13.1,19.7,4.3,189.0
2026-02-05T08:00,12.4,15.1,22.7,5.2,227.0
2026-02-05T09:00,14.3,16.8,23.5,6.0,271.0
2026-02-05T10:00,14.2,16.9,23.2,6.7,318.0
2026-02-05T11:00,14.8,17.9,22.7,7.1,339.0
2026-02-05T12:00,14.2,18.5,21.7,6.9,310.0
2026-02-05T13:00,13.6,18.7,20.5,6.4,255.0
2026-02-05T14:00,13.4,18.4,20.8,6.2,211.0
2026-02-05T15:00,14.1,18.1,24.1,6.5,187.0
2026-02-05T16:00,17.1,20.4,28.9,7.0,175.0
2026-02-05T17:00,18.7,32.7,28.1,7.0,184.0
2026-02-05T18:00,22.1,52.4,32.6,9.0,236.0
2026-02-05T19:00,25.8,69.2,38.8,11.6,310.0
2026-02-05T20:00,32.0,80.6,42.7,13.2,352.0
2026-02-05T21:00,34.2,77.8,42.9,12.8,331.0
2026-02-05T22:00,33.2,68.2,40.8,11.3,279.0
2026-02-05T23:00,31.9,62.9,37.5,9.6,235.0
2026-02-06T00:00,29.5,58.3,32.6,7.9,215.0
2026-02-06T01:00,23.2,43.7,26.4,6.1,203.0
2026-02-06T02:00,12.8,18.5,20.4,4.6,196.0
2026-02-06T03:00,6.9,8.8,14.4,3.4,193.0
2026-02-06T04:00,5.1,6.0,8.5,2.5,195.0
2026-02-06T05:00,9.1,12.3,8.0,3.2,202.0
2026-02-06T06:00,9.2,12.5,10.9,3.9,218.0
2026-02-06T07:00,9.4,12.6,14.8,4.9,239.0
2026-02-06T08:00,10.3,13.0,16.9,5.5,254.0
2026-02-06T09:00,7.8,9.7,15.7,5.4,256.0
2026-02-06T10:00,7.1,8.5,12.7,5.0,251.0
2026-02-06T11:00,5.9,7.1,9.9,4.5,249.0
2026-02-06T12:00,4.5,5.3,7.7,4.1,252.0
2026-02-06T13:00,3.4,4.1,5.6,3.6,257.0
2026-02-06T14:00,2.7,3.3,4.3,3.2,266.0
2026-02-06T15:00,2.8,3.3,2.6,2.5,268.0
2026-02-06T16:00,3.1,3.9,1.6,2.0,274.0
2026-02-06T17:00,8.3,12.3,4.5,2.2,318.0
2026-02-06T18:00,13.0,16.1,16.9,5.2,440.0
2026-02-06T19:00,19.6,22.8,34.1,9.4,599.0
2026-02-06T20:00,23.8,27.0,46.9,12.7,710.0
2026-02-06T21:00,25.2,28.1,51.2,14.4,725.0
2026-02-06T22:00,28.0,30.3,51.3,15.1,691.0
2026-02-06T23:00,29.6,31.3,50.7,14.7,660.0
2026-02-07T00:00,28.9,30.3,50.8,12.5,658.0
2026-02-07T01:00,27.3,28.5,50.3,9.3,659.0
2026-02-07T02:00,25.1,26.1,49.2,6.6,636.0
2026-02-07T03:00,22.6,23.5,46.9,5.1,565.0
2026-02-07T04:00,20.4,21.2,43.9,4.3,470.0
2026-02-07T05:00,15.2,15.9,20.2,3.6,395.0
2026-02-07T06:00,15.0,16.2,23.6,4.4,362.0
2026-02-07T07:00,16.4,17.9,28.2,5.5,350.0
2026-02-07T08:00,18.6,20.7,31.1,6.6,339.0
2026-02-07T09:00,19.2,21.6,31.0,7.5,322.0
2026-02-07T10:00,19.8,22.4,29.1,8.4,306.0
2026-02-07T11:00,18.2,21.1,26.5,8.8,289.0
2026-02-07T12:00,11.5,15.7,22.6,8.4,265.0
2026-02-07T13:00,9.4,13.6,17.9,7.6,240.0
2026-02-07T14:00,8.8,12.7,15.0,7.2,225.0
2026-02-07T15:00,8.7,12.4,15.0,7.5,224.0
2026-02-07T16:00,8.6,12.0,16.9,8.1,234.0
2026-02-07T17:00,19.8,27.2,20.8,7.7,255.0
2026-02-07T18:00,26.5,32.9,29.6,9.2,295.0
2026-02-07T19:00,30.0,35.0,41.6,11.3,346.0
2026-02-07T20:00,28.8,32.5,50.1,12.5,385.0
2026-02-07T21:00,27.5,30.3,52.4,12.2,407.0
2026-02-07T22:00,25.8,27.9,51.2,11.2,417.0
2026-02-07T23:00,23.2,24.9,47.9,9.8,406.0
2026-02-08T00:00,20.0,21.4,42.1,8.2,359.0
2026-02-08T01:00,16.8,17.8,34.2,6.3,291.0
2026-02-08T02:00,14.1,15.0,27.3,4.7,235.0
2026-02-08T03:00,12.0,12.7,21.9,3.7,201.0
2026-02-08T04:00,11.1,11.8,17.5,3.0,181.0
2026-02-08T05:00,9.4,10.0,13.5,2.5,179.0
2026-02-08T06:00,8.8,9.3,15.8,3.2,210.0
2026-02-08T07:00,9.5,10.1,18.9,4.3,260.0
2026-02-08T08:00,11.4,12.0,21.3,5.2,297.0
2026-02-08T09:00,12.6,13.2,22.3,5.9,304.0
2026-02-08T10:00,12.2,12.7,22.6,6.5,298.0
2026-02-08T11:00,11.5,12.1,22.4,6.9,290.0
2026-02-08T12:00,10.3,11.2,20.9,6.8,280.0
2026-02-08T13:00,9.4,10.4,18.9,6.4,268.0
2026-02-08T14:00,9.1,10.3,18.9,6.3,272.0
2026-02-08T15:00,9.5,10.7,22.5,6.9,281.0
2026-02-08T16:00,11.1,12.3,28.1,7.8,305.0
2026-02-08T17:00,13.8,14.7,31.9,8.1,390.0
2026-02-08T18:00,18.1,19.2,36.7,8.6,606.0
2026-02-08T19:00,19.7,20.7,43.3,9.4,884.0
2026-02-08T20:00,18.5,19.4,48.1,9.7,1057.0
2026-02-08T21:00,17.4,18.4,50.1,9.3,1038.0
2026-02-08T22:00,16.4,17.5,50.4,8.6,915.0
2026-02-08T23:00,15.2,16.4,48.7,7.7,790.0
2026-02-09T00:00,13.5,14.9,44.1,6.6,696.0
2026-02-09T01:00,11.9,13.3,37.7,5.4,600.0
2026-02-09T02:00,10.6,12.1,32.1,4.4,509.0
2026-02-09T03:00,9.6,11.2,27.8,3.8,418.0
2026-02-09T04:00,8.8,10.4,24.3,3.5,332.0
2026-02-09T05:00,6.4,8.1,19.2,2.8,273.0
2026-02-09T06:00,6.4,8.0,23.3,3.9,248.0
2026-02-09T07:00,8.2,9.7,28.8,5.4,251.0
2026-02-09T08:00,11.7,13.2,32.5,6.9,279.0
2026-02-09T09:00,14.0,16.0,33.1,8.3,356.0
2026-02-09T10:00,15.0,17.0,31.8,9.7,459.0
2026-02-09T11:00,15.9,18.3,28.9,10.2,517.0
2026-02-09T12:00,11.8,19.3,22.7,9.0,478.0
2026-02-09T13:00,12.0,24.9,14.8,7.0,394.0
2026-02-09T14:00,12.0,24.4,10.7,6.0,346.0
2026-02-09T15:00,13.8,23.0,13.0,7.0,386.0
2026-02-09T16:00,16.3,25.1,19.1,8.9,462.0
2026-02-09T17:00,26.7,32.4,50.4,13.9,506.0
2026-02-09T18:00,28.1,34.7,50.9,12.6,484.0
2026-02-09T19:00,28.8,35.2,51.2,10.7,430.0
2026-02-09T20:00,19.4,24.0,48.2,8.9,370.0
2026-02-09T21:00,12.9,16.3,38.8,7.3,307.0
2026-02-09T22:00,10.1,13.6,26.2,5.7,239.0
2026-02-09T23:00,9.4,13.6,16.1,4.4,189.0
2026-02-10T00:00,8.6,13.1,11.2,3.4,171.0
2026-02-10T01:00,7.8,12.5,8.8,2.7,171.0
2026-02-10T02:00,7.1,11.3,7.4,2.3,173.0
2026-02-10T03:00,6.5,10.4,6.2,2.1,168.0
2026-02-10T04:00,6.1,9.5,5.8,2.2,166.0
2026-02-10T05:00,6.7,9.3,6.4,2.4,180.0
2026-02-10T06:00,6.4,8.7,9.0,3.1,225.0
2026-02-10T07:00,6.5,8.4,12.4,4.1,286.0
2026-02-10T08:00,7.3,8.9,14.5,4.7,333.0
2026-02-10T09:00,7.5,8.6,14.1,4.7,358.0
2026-02-10T10:00,6.6,7.5,12.3,4.4,368.0
2026-02-10T11:00,5.3,6.4,10.1,4.0,355.0
2026-02-10T12:00,3.0,4.5,7.2,3.3,287.0
2026-02-10T13:00,2.8,4.2,4.0,2.5,197.0
2026-02-10T14:00,3.0,4.5,2.3,2.0,174.0
2026-02-10T15:00,3.6,5.1,3.0,2.2,290.0
2026-02-10T16:00,4.7,6.4,5.3,2.7,473.0
2026-02-10T17:00,11.3,17.5,5.7,2.7,593.0
2026-02-10T18:00,12.1,17.5,10.8,3.7,587.0
2026-02-10T19:00,15.7,20.7,17.6,4.9,518.0
2026-02-10T20:00,18.0,25.6,21.3,5.6,451.0
2026-02-10T21:00,17.5,26.3,18.8,5.0,409.0
2026-02-10T22:00,15.6,23.5,13.2,3.9,368.0
2026-02-10T23:00,13.0,20.7,8.6,2.9,323.0
2026-02-11T00:00,10.9,19.6,6.7,2.4,266.0
2026-02-11T01:00,10.1,20.5,5.9,2.2,204.0
2026-02-11T02:00,10.3,22.3,5.4,2.0,161.0
2026-02-11T03:00,10.1,22.9,4.6,1.9,148.0
2026-02-11T04:00,10.8,25.2,4.1,1.9,152.0
2026-02-11T05:00,10.2,24.7,3.8,1.9,161.0
2026-02-11T06:00,12.2,34.2,8.7,2.8,170.0
2026-02-11T07:00,14.1,35.9,15.2,4.0,182.0
2026-02-11T08:00,14.0,32.8,19.2,5.0,196.0
2026-02-11T09:00,7.8,17.3,18.0,5.4,211.0
2026-02-11T10:00,5.1,9.7,14.2,5.4,227.0
2026-02-11T11:00,5.2,8.4,11.3,5.5,241.0
2026-02-11T12:00,5.1,7.0,11.0,5.7,249.0
2026-02-11T13:00,4.8,5.6,11.6,5.8,254.0
2026-02-11T14:00,4.1,4.2,12.0,5.8,263.0
2026-02-11T15:00,2.9,3.0,11.0,5.5,278.0
2026-02-11T16:00,2.7,2.7,9.7,5.1,296.0
2026-02-11T17:00,8.6,9.5,24.7,7.6,318.0
2026-02-11T18:00,9.6,10.4,27.0,8.0,348.0
2026-02-11T19:00,10.7,11.1,30.3,8.7,381.0
2026-02-11T20:00,11.2,11.5,32.7,9.3,405.0
2026-02-11T21:00,12.3,12.5,33.6,10.1,417.0
2026-02-11T22:00,14.3,14.5,33.6,11.0,419.0
2026-02-11T23:00,14.8,15.1,33.4,11.2,414.0
2026-02-12T00:00,13.9,14.4,33.4,10.3,396.0
2026-02-12T01:00,13.2,14.8,33.1,8.8,370.0
2026-02-12T02:00,11.9,15.4,31.8,7.4,348.0
2026-02-12T03:00,10.4,14.8,28.2,6.3,332.0
2026-02-12T04:00,9.3,13.6,23.7,5.3,320.0
2026-02-12T05:00,6.7,10.2,16.8,5.3,319.0
2026-02-12T06:00,7.7,13.7,20.2,6.0,340.0
2026-02-12T07:00,10.4,17.9,24.8,6.9,371.0
2026-02-12T08:00,15.4,24.3,27.2,7.3,390.0
2026-02-12T09:00,17.3,28.5,25.6,6.9,381.0
2026-02-12T10:00,14.6,29.2,21.8,6.1,359.0
2026-02-12T11:00,14.3,32.0,18.2,5.3,343.0
2026-02-12T12:00,15.1,35.2,15.2,4.7,328.0
2026-02-12T13:00,14.0,36.4,12.5,4.1,319.0
2026-02-12T14:00,13.6,38.0,11.3,3.7,345.0
2026-02-12T15:00,13.9,39.9,12.2,3.6,445.0
2026-02-12T16:00,15.5,43.2,14.7,3.7,580.0
2026-02-12T17:00,25.8,91.7,16.5,4.6,666.0
2026-02-12T18:00,30.3,96.2,23.6,6.0,656.0
2026-02-12T19:00,36.7,110.8,33.2,8.0,597.0
2026-02-12T20:00,36.3,101.7,39.8,9.7,538.0
2026-02-12T21:00,33.9,86.6,40.6,10.9,500.0
2026-02-12T22:00,31.8,71.9,38.3,11.8,462.0
2026-02-12T23:00,31.7,67.8,35.8,12.1,413.0
2026-02-13T00:00,26.8,63.8,33.8,11.5,336.0
2026-02-13T01:00,25.4,61.2,31.5,10.4,247.0
2026-02-13T02:00,25.3,61.5,30.1,9.3,183.0
2026-02-13T03:00,27.2,62.6,30.1,8.4,162.0
2026-02-13T04:00,26.4,57.3,31.0,7.5,167.0
2026-02-13T05:00,13.1,30.0,10.5,3.4,183.0
2026-02-13T06:00,10.0,24.8,13.5,4.1,214.0
2026-02-13T07:00,10.5,20.7,17.4,5.0,257.0
2026-02-13T08:00,12.7,20.8,19.1,5.5,283.0
2026-02-13T09:00,13.7,20.7,16.6,5.4,279.0
2026-02-13T10:00,12.3,19.0,12.0,4.9,260.0
2026-02-13T11:00,10.0,23.6,8.0,4.4,238.0
2026-02-13T12:00,12.0,33.6,5.5,4.0,209.0
2026-02-13T13:00,12.9,36.8,3.6,3.7,178.0
2026-02-13T14:00,12.9,36.6,2.9,3.5,174.0
2026-02-13T15:00,12.7,35.7,3.7,3.5,228.0
2026-02-13T16:00,12.5,34.2,5.7,3.7,310.0
2026-02-13T17:00,18.9,43.5,10.9,5.1,354.0
2026-02-13T18:00,21.9,41.7,14.7,6.3,321.0
2026-02-13T19:00,23.7,43.1,20.1,8.0,251.0
2026-02-13T20:00,22.9,42.6,24.5,9.4,202.0
2026-02-13T21:00,23.1,42.4,27.8,10.4,202.0
2026-02-13T22:00,23.6,43.9,30.1,11.0,222.0
2026-02-13T23:00,25.0,45.4,29.7,10.7,233.0
2026-02-14T00:00,24.0,43.4,24.4,8.8,215.0
2026-02-14T01:00,20.5,37.1,16.4,5.9,188.0
2026-02-14T02:00,17.8,31.0,10.5,3.7,175.0
2026-02-14T03:00,15.5,26.3,8.6,2.8,183.0
2026-02-14T04:00,13.7,22.1,8.7,2.6,206.0
2026-02-14T05:00,5.8,11.0,5.0,1.7,250.0
2026-02-14T06:00,6.2,13.6,8.6,2.6,342.0
2026-02-14T07:00,7.8,16.1,13.5,3.9,457.0
2026-02-14T08:00,10.4,19.3,16.3,4.8,519.0
2026-02-14T09:00,12.2,21.7,15.1,5.0,487.0
2026-02-14T10:00,12.5,24.1,11.7,4.8,402.0
2026-02-14T11:00,11.3,30.9,8.7,4.4,324.0
2026-02-14T12:00,12.8,43.7,6.4,3.8,260.0
2026-02-14T13:00,14.4,51.1,4.3,3.1,201.0
2026-02-14T14:00,15.0,53.2,3.7,2.8,179.0
2026-02-14T15:00,15.4,54.4,4.4,3.1,200.0
2026-02-14T16:00,15.7,54.8,6.6,3.8,257.0
2026-02-14T17:00,17.9,58.2,8.6,4.0,362.0
2026-02-14T18:00,21.0,58.8,16.4,5.7,560.0
2026-02-14T19:00,23.2,57.0,27.0,8.0,805.0
2026-02-14T20:00,24.3,52.5,34.4,9.4,978.0
2026-02-14T21:00,23.9,45.8,35.9,9.1,1031.0
2026-02-14T22:00,21.2,36.9,34.2,8.0,1010.0
2026-02-14T23:00,18.2,29.5,31.2,6.8,936.0
2026-02-15T00:00,14.9,23.3,26.6,5.7,787.0
2026-02-15T01:00,12.1,18.5,20.7,4.5,584.0
2026-02-15T02:00,10.5,15.1,16.0,3.6,412.0
2026-02-15T03:00,9.2,12.6,13.3,3.1,295.0
2026-02-15T04:00,8.2,10.8,11.7,2.9,209.0
2026-02-15T05:00,5.1,7.1,8.1,2.8,164.0
2026-02-15T06:00,5.1,6.9,10.7,3.4,178.0
2026-02-15T07:00,6.3,8.0,14.2,4.3,234.0
2026-02-15T08:00,8.4,10.3,16.5,5.0,291.0
2026-02-15T09:00,9.5,12.0,16.9,5.6,348.0
2026-02-15T10:00,10.8,13.2,16.1,6.1,405.0
2026-02-15T11:00,11.0,15.0,14.4,6.2,428.0
2026-02-15T12:00,10.1,19.3,11.3,5.4,381.0
2026-02-15T13:00,10.7,25.2,7.3,4.2,299.0
2026-02-15T14:00,10.9,28.6,4.7,3.3,248.0
2026-02-15T15:00,10.4,26.7,4.3,3.2,258.0
2026-02-15T16:00,9.8,22.5,5.3,3.4,299.0
2026-02-15T17:00,9.8,20.3,6.9,3.8,342.0
2026-02-15T18:00,10.6,18.1,11.2,4.5,393.0
2026-02-15T19:00,11.8,17.8,17.2,5.5,447.0
2026-02-15T20:00,12.7,17.5,22.3,6.2,457.0
2026-02-15T21:00,13.0,16.7,25.8,6.6,386.0
2026-02-15T22:00,13.0,16.1,28.2,6.7,271.0
2026-02-15T23:00,12.5,15.3,28.9,6.5,182.0
2026-02-16T00:00,11.4,14.1,26.7,5.8,148.0
2026-02-16T01:00,10.3,12.9,22.8,4.7,139.0
2026-02-16T02:00,9.6,12.2,19.1,3.9,137.0
2026-02-16T03:00,9.2,12.3,16.0,3.5,135.0
2026-02-16T04:00,8.6,12.1,13.2,3.2,139.0
2026-02-16T05:00,7.4,14.0,7.6,2.9,151.0
2026-02-16T06:00,8.3,17.2,9.6,3.5,179.0
2026-02-16T07:00,10.1,19.8,12.4,4.2,216.0
2026-02-16T08:00,12.5,26.0,14.3,4.8,239.0
2026-02-16T09:00,14.6,26.0,14.5,5.1,237.0
2026-02-16T10:00,15.4,29.8,13.8,5.2,222.0
2026-02-16T11:00,16.1,35.6,12.6,5.1,209.0
2026-02-16T12:00,17.2,44.5,10.2,4.7,198.0
2026-02-16T13:00,17.4,49.9,7.3,4.2,190.0
2026-02-16T14:00,17.9,53.7,6.3,4.0,197.0
2026-02-16T15:00,18.9,57.3,8.5,4.3,219.0
2026-02-16T16:00,21.4,54.9,12.6,4.9,257.0
2026-02-16T17:00,24.5,55.9,11.1,6.6,328.0
2026-02-16T18:00,25.1,54.0,15.0,7.0,469.0
2026-02-16T19:00,26.9,57.6,20.6,7.8,643.0
2026-02-16T20:00,28.8,60.5,26.3,9.0,754.0
2026-02-16T21:00,30.4,62.2,32.1,11.4,753.0
2026-02-16T22:00,33.5,66.6,38.0,14.3,689.0
2026-02-16T23:00,36.4,71.2,42.0,16.1,609.0
2026-02-17T00:00,36.6,71.9,43.0,15.9,512.0
2026-02-17T01:00,35.0,68.0,42.3,14.7,399.0
2026-02-17T02:00,33.4,65.0,41.4,13.6,316.0
2026-02-17T03:00,32.2,62.4,41.1,12.9,282.0
2026-02-17T04:00,30.9,58.3,40.8,12.3,278.0
2026-02-17T05:00,26.8,52.5,33.7,10.8,298.0
2026-02-17T06:00,26.7,51.5,33.7,12.3,362.0
2026-02-17T07:00,27.8,51.7,33.5,14.4,450.0
2026-02-17T08:00,31.0,53.7,31.6,15.3,495.0
2026-02-17T09:00,33.6,51.5,26.5,14.1,455.0
2026-02-17T10:00,22.1,43.1,19.7,11.9,372.0
2026-02-17T11:00,18.1,38.1,14.0,9.6,300.0
2026-02-17T12:00,14.3,33.9,10.5,7.6,256.0
2026-02-17T13:00,12.7,32.4,8.2,5.6,223.0
2026-02-17T14:00,11.8,30.6,7.0,4.2,207.0
2026-02-17T15:00,11.1,28.3,6.9,3.8,215.0
2026-02-17T16:00,10.7,26.7,7.8,4.0,239.0
2026-02-17T17:00,21.3,52.6,10.2,4.1,264.0
2026-02-17T18:00,24.0,47.7,13.8,5.2,285.0
2026-02-17T19:00,26.9,49.1,18.8,6.8,306.0
2026-02-17T20:00,27.9,48.7,24.0,8.3,328.0
2026-02-17T21:00,29.2,48.5,29.7,9.8,357.0
2026-02-17T22:00,32.0,50.4,35.4,11.1,388.0
2026-02-17T23:00,34.8,51.0,38.4,11.5,400.0
2026-02-18T00:00,34.6,48.0,36.7,10.2,382.0
2026-02-18T01:00,31.4,42.5,32.2,7.9,346.0
2026-02-18T02:00,27.3,35.9,27.7,5.9,309.0
2026-02-18T03:00,23.1,29.7,23.6,4.6,263.0
2026-02-18T04:00,19.5,24.8,19.5,3.7,216.0
2026-02-18T05:00,18.9,23.3,18.4,3.3,206.0
2026-02-18T06:00,16.0,19.6,19.0,3.8,269.0
2026-02-18T07:00,15.6,18.8,19.8,4.4,370.0
2026-02-18T08:00,16.0,18.9,19.8,5.0,435.0
2026-02-18T09:00,15.7,18.3,18.4,5.4,431.0
2026-02-18T10:00,15.4,19.2,16.1,5.6,391.0
2026-02-18T11:00,13.5,24.9,13.9,5.7,349.0
2026-02-18T12:00,13.6,29.4,11.7,5.4,303.0
2026-02-18T13:00,14.0,31.0,9.5,4.9,253.0
2026-02-18T14:00,14.5,31.7,8.3,4.6,239.0
2026-02-18T15:00,15.1,31.9,7.6,4.6,259.0
2026-02-18T16:00,16.0,32.0,7.8,4.7,314.0
2026-02-18T17:00,15.2,30.4,12.8,5.3,441.0
2026-02-18T18:00,19.4,34.5,19.0,6.2,726.0
2026-02-18T19:00,22.1,35.9,27.5,7.4,1083.0
2026-02-18T20:00,22.4,34.2,33.7,8.1,1287.0
2026-02-18T21:00,22.2,31.4,35.6,8.0,1193.0
2026-02-18T22:00,20.6,27.6,35.2,7.3,947.0
2026-02-18T23:00,18.7,24.6,33.6,6.6,754.0
2026-02-19T00:00,17.2,22.6,30.6,5.7,712.0
2026-02-19T01:00,16.1,21.4,26.4,4.7,724.0
2026-02-19T02:00,15.3,20.4,22.9,3.9,709.0
2026-02-19T03:00,14.3,19.1,20.5,3.3,611.0
2026-02-19T04:00,13.1,17.8,18.8,3.0,485.0
2026-02-19T05:00,11.1,16.0,12.5,2.7,416.0
2026-02-19T06:00,10.7,15.8,15.4,3.5,469.0
2026-02-19T07:00,11.4,16.4,19.4,4.5,580.0
2026-02-19T08:00,13.2,18.1,21.5,5.3,638.0
2026-02-19T09:00,13.9,18.3,20.3,5.6,589.0
2026-02-19T10:00,13.0,18.2,17.3,5.6,488.0
2026-02-19T11:00,11.6,19.7,13.9,5.4,389.0
2026-02-19T12:00,10.0,21.8,9.7,4.6,297.0
2026-02-19T13:00,10.7,26.1,5.1,3.6,208.0
2026-02-19T14:00,10.8,26.7,2.4,3.0,165.0
2026-02-19T15:00,10.1,25.0,2.2,3.1,185.0
2026-02-19T16:00,9.8,22.3,3.9,3.7,251.0
2026-02-19T17:00,13.2,23.7,9.6,4.4,356.0
2026-02-19T18:00,18.5,29.8,17.5,6.1,526.0
2026-02-19T19:00,21.5,32.6,28.4,8.4,735.0
2026-02-19T20:00,22.0,31.4,36.4,9.9,897.0
2026-02-19T21:00,20.3,26.9,39.4,9.9,1000.0
2026-02-19T22:00,19.0,23.9,39.5,9.0,1057.0
2026-02-19T23:00,17.3,21.9,37.8,8.0,1021.0
2026-02-20T00:00,15.1,19.6,33.5,6.8,823.0
2026-02-20T01:00,13.1,17.3,27.3,5.5,532.0
2026-02-20T02:00,11.7,15.7,22.2,4.4,309.0
2026-02-20T03:00,10.7,14.2,19.2,3.8,223.0
2026-02-20T04:00,9.8,13.1,17.3,3.4,205.0
2026-02-20T05:00,9.2,12.7,17.9,3.4,213.0
2026-02-20T06:00,9.0,12.7,19.9,4.2,242.0
2026-02-20T07:00,10.2,13.8,22.6,5.3,297.0
2026-02-20T08:00,12.6,16.1,23.8,6.2,344.0
2026-02-20T09:00,14.0,17.2,22.4,6.8,380.0
2026-02-20T10:00,15.3,18.5,19.6,7.2,408.0
2026-02-20T11:00,14.2,21.2,16.5,7.2,411.0
2026-02-20T12:00,12.8,23.5,13.0,6.6,357.0
2026-02-20T13:00,12.9,24.9,9.3,5.7,277.0
2026-02-20T14:00,13.4,25.7,6.9,5.0,247.0
2026-02-20T15:00,13.7,26.0,6.4,4.7,317.0
2026-02-20T16:00,14.1,25.6,7.2,4.6,437.0
2026-02-20T17:00,14.1,23.1,18.4,7.4,535.0
2026-02-20T18:00,17.5,27.5,25.1,8.5,597.0
2026-02-20T19:00,21.7,32.4,33.9,9.8,636.0
2026-02-20T20:00,22.4,32.1,38.1,10.3,625.0
2026-02-20T21:00,19.6,27.1,33.5,9.0,526.0
2026-02-20T22:00,16.6,23.2,24.3,6.8,375.0
2026-02-20T23:00,14.6,21.0,16.1,4.9,255.0
2026-02-21T00:00,12.7,19.3,10.5,3.7,199.0
2026-02-21T01:00,11.8,18.5,5.8,2.9,173.0
2026-02-21T02:00,11.2,14.1,2.6,2.2,160.0
2026-02-21T03:00,10.5,14.2,1.2,1.6,157.0
2026-02-21T04:00,8.9,13.2,1.3,1.3,168.0
2026-02-21T05:00,10.4,15.1,2.9,1.5,179.0
2026-02-21T06:00,10.7,15.9,5.6,2.4,190.0
2026-02-21T07:00,12.2,18.3,9.2,3.6,202.0
2026-02-21T08:00,13.2,19.3,11.2,4.4,210.0
2026-02-21T09:00,10.5,18.2,10.0,4.2,209.0
2026-02-21T10:00,9.2,17.3,7.2,3.5,202.0
2026-02-21T11:00,7.8,16.0,5.0,3.0,198.0
2026-02-21T12:00,7.0,14.0,4.1,2.9,197.0
2026-02-21T13:00,6.6,12.8,3.8,2.9,198.0
2026-02-21T14:00,6.2,11.8,3.8,2.9,203.0
2026-02-21T15:00,6.0,11.3,3.6,2.8,214.0
2026-02-21T16:00,5.9,11.2,3.7,2.8,230.0
2026-02-21T17:00,12.1,27.2,5.8,3.1,250.0
2026-02-21T18:00,14.7,26.1,15.3,5.8,281.0
2026-02-21T19:00,19.0,31.1,28.4,9.6,316.0
2026-02-21T20:00,23.2,34.9,38.2,12.3,338.0
2026-02-21T21:00,26.1,36.7,42.0,13.3,337.0
2026-02-21T22:00,24.9,34.1,42.5,13.2,323.0
2026-02-21T23:00,22.9,30.5,41.2,12.6,312.0
2026-02-22T00:00,21.8,28.2,37.8,11.2,313.0
2026-02-22T01:00,21.0,26.4,32.7,9.2,318.0
2026-02-22T02:00,20.0,24.4,28.1,7.4,316.0
2026-02-22T03:00,18.9,22.7,24.7,6.1,294.0
2026-02-22T04:00,17.9,21.2,22.0,5.0,265.0
2026-02-22T05:00,18.5,21.0,27.7,4.2,259.0
2026-02-22T06:00,17.9,20.6,27.5,4.7,305.0
2026-02-22T07:00,19.3,22.0,27.1,5.5,374.0
2026-02-22T08:00,21.2,23.6,25.4,6.2,413.0
2026-02-22T09:00,20.8,22.8,21.5,6.8,390.0
2026-02-22T10:00,17.2,22.6,16.5,7.4,337.0
2026-02-22T11:00,13.9,23.2,12.2,7.5,289.0
2026-02-22T12:00,12.5,22.4,9.4,6.8,255.0
2026-02-22T13:00,11.9,21.7,7.3,5.6,225.0
2026-02-22T14:00,12.0,21.5,6.0,4.7,213.0
2026-02-22T15:00,12.0,21.8,4.5,4.2,226.0
2026-02-22T16:00,12.3,22.3,3.7,3.9,255.0
2026-02-22T17:00,15.0,29.2,5.7,3.8,288.0
2026-02-22T18:00,19.6,31.5,16.3,6.3,320.0
2026-02-22T19:00,25.6,37.3,31.0,9.8,356.0
2026-02-22T20:00,30.5,42.1,42.4,12.8,393.0
2026-02-22T21:00,34.3,46.2,47.7,15.1,440.0
2026-02-22T22:00,36.4,47.8,49.8,16.8,489.0
2026-02-22T23:00,36.7,46.7,49.9,17.1,511.0
2026-02-23T00:00,36.4,44.0,47.8,14.8,484.0
2026-02-23T01:00,33.5,39.0,43.8,11.0,430.0
2026-02-23T02:00,30.0,34.5,39.7,8.0,383.0
2026-02-23T03:00,26.8,30.7,35.8,6.5,342.0
2026-02-23T04:00,24.0,27.9,31.9,5.7,308.0
2026-02-23T05:00,27.7,31.0,36.4,6.0,316.0
2026-02-23T06:00,25.4,29.0,34.4,6.4,417.0
2026-02-23T07:00,24.8,28.3,31.4,7.0,560.0
2026-02-23T08:00,24.9,28.1,27.6,7.6,633.0
2026-02-23T09:00,22.9,26.3,22.6,8.3,567.0
2026-02-23T10:00,19.3,24.6,16.8,9.0,430.0
2026-02-23T11:00,13.6,24.6,12.0,9.0,319.0
2026-02-23T12:00,12.6,28.2,8.7,7.8,269.0
2026-02-23T13:00,12.7,30.0,6.3,6.0,244.0
2026-02-23T14:00,12.6,29.9,4.9,4.7,232.0
2026-02-23T15:00,12.2,28.9,4.5,4.3,234.0
2026-02-23T16:00,11.8,27.4,5.1,4.5,249.0
2026-02-23T17:00,15.5,34.5,7.7,4.9,262.0
2026-02-23T18:00,17.6,32.1,11.5,6.0,263.0
2026-02-23T19:00,19.0,31.7,16.8,7.5,261.0
2026-02-23T20:00,19.0,29.5,21.7,8.9,268.0
2026-02-23T21:00,20.0,28.9,25.7,10.1,293.0
2026-02-23T22:00,21.3,29.1,29.2,11.1,327.0
2026-02-23T23:00,22.1,28.8,31.3,11.4,354.0
2026-02-24T00:00,22.4,28.1,31.1,10.6,368.0
2026-02-24T01:00,22.1,27.3,29.3,9.0,375.0
2026-02-24T02:00,21.5,26.5,27.6,7.6,376.0
2026-02-24T03:00,20.8,25.8,25.9,6.4,362.0
2026-02-24T04:00,20.1,24.7,24.2,5.4,343.0
2026-02-24T05:00,19.3,22.6,27.4,4.6,350.0
2026-02-24T06:00,19.3,23.4,27.2,5.7,416.0
2026-02-24T07:00,20.7,24.9,26.9,7.3,509.0
2026-02-24T08:00,23.9,27.9,25.8,8.3,559.0
2026-02-24T09:00,25.7,28.6,23.5,8.2,527.0
2026-02-24T10:00,21.1,27.2,20.5,7.6,453.0
2026-02-24T11:00,15.9,27.2,17.3,6.9,385.0
2026-02-24T12:00,14.7,27.4,13.6,6.2,336.0
2026-02-24T13:00,14.0,26.6,9.9,5.5,293.0
2026-02-24T14:00,13.4,24.4,7.9,5.0,273.0
2026-02-24T15:00,13.3,22.9,8.9,4.8,290.0
2026-02-24T16:00,12.8,21.0,11.6,4.9,329.0
2026-02-24T17:00,21.9,35.7,16.4,5.7,359.0
2026-02-24T18:00,24.9,36.2,20.8,7.4,367.0
2026-02-24T19:00,26.8,36.1,26.8,9.8,366.0
2026-02-24T20:00,26.1,34.1,31.5,11.2,359.0
2026-02-24T21:00,25.7,32.2,33.9,10.8,347.0
2026-02-24T22:00,24.6,30.0,35.0,9.5,330.0
2026-02-24T23:00,23.3,27.9,34.3,8.0,313.0
2026-02-25T00:00,21.2,25.3,31.0,6.6,299.0
2026-02-25T01:00,18.8,22.4,26.1,5.0,285.0
2026-02-25T02:00,16.4,19.9,21.8,3.8,272.0
2026-02-25T03:00,14.5,17.9,18.9,3.0,257.0
2026-02-25T04:00,12.7,16.1,16.7,2.6,242.0
2026-02-25T05:00,9.7,11.0,13.2,2.5,236.0
2026-02-25T06:00,8.6,11.4,15.1,3.2,244.0
2026-02-25T07:00,8.8,12.1,17.7,4.1,260.0
2026-02-25T08:00,10.4,13.6,19.0,4.9,281.0
2026-02-25T09:00,11.6,14.8,18.4,5.4,313.0
2026-02-25T10:00,12.1,16.1,16.5,5.8,349.0
2026-02-25T11:00,11.1,19.1,14.0,5.7,364.0
2026-02-25T12:00,9.6,20.1,10.1,4.9,330.0
2026-02-25T13:00,8.1,17.6,5.6,3.6,274.0
2026-02-25T14:00,8.1,17.8,2.9,2.8,254.0
2026-02-25T15:00,8.1,18.2,3.4,2.7,308.0
2026-02-25T16:00,8.4,18.0,5.8,3.1,398.0
2026-02-25T17:00,12.1,23.7,10.1,3.5,463.0
2026-02-25T18:00,14.1,24.6,11.4,4.0,486.0
2026-02-25T19:00,14.3,23.2,13.3,4.6,484.0
2026-02-25T20:00,13.6,21.5,15.3,5.1,455.0
2026-02-25T21:00,13.9,20.3,18.1,5.5,378.0
2026-02-25T22:00,15.2,20.2,21.0,5.8,274.0
2026-02-25T23:00,17.5,22.3,21.5,5.7,196.0
2026-02-26T00:00,17.7,23.6,17.3,5.1,170.0
2026-02-26T01:00,20.9,34.6,10.7,4.1,171.0
2026-02-26T02:00,19.6,31.9,5.7,3.3,175.0
2026-02-26T03:00,17.8,30.6,3.9,2.8,173.0
2026-02-26T04:00,15.7,27.1,3.7,2.5,174.0
2026-02-26T05:00,15.0,23.7,6.0,2.4,186.0
2026-02-26T06:00,11.7,20.2,6.7,2.7,221.0
2026-02-26T07:00,10.7,17.3,7.6,3.0,267.0
2026-02-26T08:00,10.6,15.5,7.9,3.2,291.0
2026-02-26T09:00,10.2,17.2,7.3,3.0,271.0
2026-02-26T10:00,6.1,9.6,6.1,2.6,230.0
2026-02-26T11:00,5.4,9.5,5.0,2.3,199.0
2026-02-26T12:00,5.8,10.9,4.0,2.0,194.0
2026-02-26T13:00,5.8,10.7,3.1,1.8,201.0
2026-02-26T14:00,6.0,10.6,2.6,1.6,205.0
2026-02-26T15:00,4.7,7.9,2.5,1.5,196.0
2026-02-26T16:00,4.6,7.2,2.9,1.5,185.0
2026-02-26T17:00,16.2,28.3,5.1,1.9,195.0
2026-02-26T18:00,16.1,26.7,11.5,3.3,245.0
2026-02-26T19:00,22.2,33.3,20.6,5.3,316.0
2026-02-26T20:00,28.9,40.5,29.0,7.4,377.0
2026-02-26T21:00,31.2,42.4,36.5,10.0,425.0
2026-02-26T22:00,34.2,45.3,43.3,12.7,464.0
2026-02-26T23:00,37.0,47.7,46.9,14.2,473.0
2026-02-27T00:00,37.1,46.7,45.1,13.8,432.0
2026-02-27T01:00,34.8,42.8,40.1,12.2,361.0
2026-02-27T02:00,31.7,38.0,36.0,10.4,299.0
2026-02-27T03:00,28.3,33.2,34.7,8.6,256.0
2026-02-27T04:00,24.9,28.5,34.4,6.5,223.0
2026-02-27T05:00,15.9,18.3,26.0,3.6,211.0
2026-02-27T06:00,12.9,15.2,25.0,3.9,240.0
2026-02-27T07:00,11.7,14.1,23.4,4.3,290.0
2026-02-27T08:00,12.1,14.5,20.4,4.3,317.0
2026-02-27T09:00,9.8,12.2,14.8,3.5,297.0
2026-02-27T10:00,6.1,10.9,7.8,2.3,253.0
2026-02-27T11:00,4.8,11.0,2.7,1.5,217.0
2026-02-27T12:00,5.0,11.7,1.1,1.4,198.0
2026-02-27T13:00,5.3,12.2,1.3,1.6,186.0
2026-02-27T14:00,5.6,12.4,1.8,1.9,182.0
2026-02-27T15:00,6.2,12.8,1.9,2.1,190.0
2026-02-27T16:00,7.5,14.1,2.2,2.4,206.0
2026-02-27T17:00,6.4,11.1,3.3,2.5,218.0
2026-02-27T18:00,9.9,14.0,10.5,3.9,221.0
2026-02-27T19:00,15.7,19.9,20.2,5.8,220.0
2026-02-27T20:00,18.1,21.8,25.9,7.0,221.0
2026-02-27T21:00,16.4,19.2,23.5,6.7,228.0
2026-02-27T22:00,16.1,18.7,17.0,5.7,237.0
2026-02-27T23:00,15.7,18.2,11.8,4.8,239.0
2026-02-28T00:00,15.0,17.1,10.2,4.3,226.0
2026-02-28T01:00,14.3,16.1,9.9,3.9,205.0
2026-02-28T02:00,13.5,15.1,9.9,3.6,191.0
2026-02-28T03:00,13.0,14.4,9.7,3.5,190.0
2026-02-28T04:00,12.5,13.7,9.6,3.5,195.0
2026-02-28T05:00,15.0,15.9,17.4,3.9,205.0
2026-02-28T06:00,17.9,20.1,17.5,4.5,221.0
2026-02-28T07:00,19.2,21.2,17.5,5.4,242.0
2026-02-28T08:00,17.6,19.3,16.6,6.0,254.0
2026-02-28T09:00,15.1,16.8,13.9,6.3,252.0
2026-02-28T10:00,13.7,15.8,10.2,6.5,242.0
2026-02-28T11:00,13.0,15.7,7.4,6.3,232.0
2026-02-28T12:00,11.6,14.8,6.1,5.6,224.0
2026-02-28T13:00,9.7,13.2,5.6,4.7,216.0
2026-02-28T14:00,8.7,12.4,5.5,4.1,211.0
2026-02-28T15:00,8.4,12.1,5.4,4.0,208.0
2026-02-28T16:00,8.2,11.8,5.7,4.2,209.0
2026-02-28T17:00,17.9,27.1,8.4,3.9,221.0
2026-02-28T18:00,19.4,25.4,14.5,5.2,251.0
2026-02-28T19:00,21.9,27.6,22.9,6.9,292.0
2026-02-28T20:00,24.0,29.2,29.5,8.7,334.0
2026-02-28T21:00,24.7,29.3,32.6,10.6,373.0
2026-02-28T22:00,25.2,29.2,33.8,12.4,412.0
2026-02-28T23:00,25.6,29.0,34.4,13.3,452.0
2026-03-01T00:00,25.3,28.3,34.6,12.7,503.0
2026-03-01T01:00,24.5,27.2,34.1,11.1,554.0
2026-03-01T02:00,23.6,26.1,33.2,9.6,579.0
2026-03-01T03:00,22.6,24.8,31.8,8.3,550.0
2026-03-01T04:00,21.4,23.6,30.0,7.1,494.0
2026-03-01T05:00,22.1,24.3,27.6,7.3,463.0
2026-03-01T06:00,21.3,23.5,26.0,7.8,496.0
2026-03-01T07:00,22.6,24.9,23.8,8.4,554.0
2026-03-01T08:00,25.6,27.4,21.5,9.2,574.0
2026-03-01T09:00,26.4,28.1,19.4,10.3,514.0
2026-03-01T10:00,24.7,28.2,17.3,11.5,414.0
2026-03-01T11:00,23.6,27.5,15.5,12.1,337.0
2026-03-01T12:00,20.5,24.3,14.0,11.4,307.0
2026-03-01T13:00,17.5,21.0,12.9,10.1,299.0
2026-03-01T14:00,15.2,18.3,12.6,9.3,296.0
2026-03-01T15:00,14.2,17.2,12.8,9.2,287.0
2026-03-01T16:00,13.8,16.6,13.8,9.6,285.0
2026-03-01T17:00,22.9,27.2,20.2,11.9,307.0
2026-03-01T18:00,26.5,30.0,29.5,14.1,374.0
2026-03-01T19:00,30.5,33.3,42.1,17.1,467.0
2026-03-01T20:00,32.8,35.4,50.4,18.5,546.0
2026-03-01T21:00,34.2,36.7,50.2,17.1,608.0
2026-03-01T22:00,34.1,36.0,45.6,14.2,656.0
2026-03-01T23:00,32.6,34.0,41.6,11.5,658.0
2026-03-02T00:00,30.2,31.7,40.0,9.3,579.0
2026-03-02T01:00,27.5,29.0,39.0,7.2,455.0
2026-03-02T02:00,25.4,26.9,37.8,5.7,357.0
2026-03-02T03:00,24.2,26.2,36.2,4.9,312.0
2026-03-02T04:00,23.6,25.6,34.5,4.6,294.0
2026-03-02T05:00,22.8,28.8,27.2,3.9,297.0
2026-03-02T06:00,22.9,31.1,30.2,5.1,331.0
2026-03-02T07:00,24.3,33.4,34.1,6.7,387.0
2026-03-02T08:00,27.3,36.7,34.8,7.6,425.0
2026-03-02T09:00,28.9,37.0,29.4,7.1,433.0
2026-03-02T10:00,29.0,43.4,20.8,5.9,425.0
2026-03-02T11:00,27.5,49.0,13.9,4.9,402.0
2026-03-02T12:00,24.6,47.5,10.2,4.3,356.0
2026-03-02T13:00,22.5,46.4,8.1,3.9,295.0
2026-03-02T14:00,22.6,46.2,7.7,3.9,251.0
2026-03-02T15:00,25.9,49.6,10.0,4.4,226.0
2026-03-02T16:00,28.1,48.2,14.0,5.3,217.0
2026-03-02T17:00,24.8,55.4,8.1,4.5,245.0
2026-03-02T18:00,32.0,56.9,13.1,5.5,345.0
2026-03-02T19:00,33.9,53.6,19.9,7.0,482.0
2026-03-02T20:00,32.1,48.0,24.4,8.0,571.0
2026-03-02T21:00,29.8,43.4,24.4,8.3,568.0
2026-03-02T22:00,28.0,40.2,22.1,8.3,518.0
2026-03-02T23:00,28.1,39.6,20.5,8.1,472.0
2026-03-03T00:00,27.8,38.8,20.5,7.6,444.0
2026-03-03T01:00,27.5,38.1,21.1,6.9,419.0
2026-03-03T02:00,27.8,38.4,22.2,6.6,406.0
2026-03-03T03:00,28.2,39.2,24.1,6.8,410.0
2026-03-03T04:00,28.3,40.2,26.4,7.4,426.0
2026-03-03T05:00,32.8,49.4,31.3,9.8,442.0
2026-03-03T06:00,33.1,50.2,31.1,10.9,463.0
2026-03-03T07:00,35.0,52.5,30.6,12.4,483.0
2026-03-03T08:00,37.8,52.9,29.2,13.3,477.0
2026-03-03T09:00,38.8,50.5,26.2,13.0,420.0
2026-03-03T10:00,31.8,46.2,22.3,12.0,337.0
2026-03-03T11:00,25.5,39.8,18.7,10.9,272.0
2026-03-03T12:00,21.9,36.3,15.6,9.8,242.0
2026-03-03T13:00,18.7,31.1,12.9,8.5,230.0
2026-03-03T14:00,16.6,27.5,11.3,7.7,233.0
2026-03-03T15:00,14.8,25.0,11.1,7.5,257.0
2026-03-03T16:00,15.6,23.9,11.9,7.8,296.0
2026-03-03T17:00,17.4,39.0,7.6,4.1,327.0
2026-03-03T18:00,28.0,63.6,13.0,4.8,337.0
2026-03-03T19:00,34.5,67.3,20.7,5.9,339.0
2026-03-03T20:00,36.6,66.6,28.0,7.4,352.0
2026-03-03T21:00,39.2,68.2,35.0,9.9,393.0
2026-03-03T22:00,42.5,71.0,41.7,12.7,445.0
2026-03-03T23:00,44.2,71.5,45.2,14.2,469.0
2026-03-04T00:00,42.8,67.5,43.2,13.3,440.0
2026-03-04T01:00,39.2,61.9,38.0,11.1,384.0
2026-03-04T02:00,36.8,60.1,33.7,9.0,343.0
2026-03-04T03:00,34.2,54.8,31.7,7.5,339.0
2026-03-04T04:00,32.7,54.1,30.5,6.3,350.0
2026-03-04T05:00,29.9,43.8,28.7,5.1,348.0
2026-03-04T06:00,30.2,47.6,28.9,5.8,318.0
2026-03-04T07:00,33.2,53.8,29.0,6.6,275.0
2026-03-04T08:00,34.7,55.5,27.2,6.9,241.0
2026-03-04T09:00,32.1,53.3,21.9,6.1,223.0
2026-03-04T10:00,24.4,37.6,14.7,4.8,215.0
2026-03-04T11:00,16.6,23.6,9.2,3.7,212.0
2026-03-04T12:00,13.7,19.7,7.0,3.2,216.0
2026-03-04T13:00,11.4,17.8,6.4,3.0,226.0
2026-03-04T14:00,9.7,16.1,6.5,3.0,239.0
2026-03-04T15:00,8.5,15.0,6.5,3.0,249.0
2026-03-04T16:00,8.6,17.8,7.1,3.2,261.0
2026-03-04T17:00,13.9,29.0,11.5,4.1,290.0
2026-03-04T18:00,16.9,31.7,15.4,5.0,358.0
2026-03-04T19:00,19.9,34.6,20.8,6.2,442.0
2026-03-04T20:00,21.7,36.1,24.6,7.2,485.0
2026-03-04T21:00,22.1,35.7,25.2,7.6,445.0
2026-03-04T22:00,21.3,33.3,24.2,7.8,364.0
2026-03-04T23:00,20.5,30.9,23.2,7.8,309.0
2026-03-05T00:00,19.5,28.2,22.8,7.7,320.0
2026-03-05T01:00,18.2,25.7,22.5,7.5,357.0
2026-03-05T02:00,17.1,23.7,22.5,7.4,374.0
2026-03-05T03:00,16.3,22.3,22.7,7.6,336.0
2026-03-05T04:00,15.6,21.2,23.2,8.0,276.0
2026-03-05T05:00,20.3,27.5,32.6,8.1,249.0
2026-03-05T06:00,18.5,24.7,32.4,8.4,288.0
2026-03-05T07:00,17.8,23.4,31.9,8.9,360.0
2026-03-05T08:00,19.3,26.2,30.8,9.6,418.0
2026-03-05T09:00,20.1,29.4,28.5,10.6,447.0
2026-03-05T10:00,20.2,30.3,25.6,11.8,462.0
2026-03-05T11:00,20.7,30.2,23.0,12.7,457.0
2026-03-05T12:00,20.7,29.9,21.4,13.1,422.0
2026-03-05T13:00,21.2,29.9,20.1,13.3,368.0
2026-03-05T14:00,20.3,28.8,18.6,12.9,323.0
2026-03-05T15:00,19.0,26.4,16.5,11.8,300.0
2026-03-05T16:00,16.4,21.4,14.3,10.2,286.0
2026-03-05T17:00,19.4,24.9,20.9,11.1,276.0
2026-03-05T18:00,17.3,21.9,19.4,10.6,270.0
2026-03-05T19:00,15.6,19.2,17.2,10.0,267.0
2026-03-05T20:00,14.8,18.0,15.6,9.4,262.0
2026-03-05T21:00,14.6,17.4,15.1,8.9,253.0
2026-03-05T22:00,14.4,16.9,15.0,8.5,243.0
2026-03-05T23:00,14.0,16.3,14.6,8.0,231.0
2026-03-06T00:00,12.8,14.8,13.4,7.4,215.0
2026-03-06T01:00,11.7,13.7,11.8,6.8,197.0
2026-03-06T02:00,10.7,12.9,10.6,6.5,185.0
2026-03-06T03:00,9.8,12.0,9.9,6.7,180.0
2026-03-06T04:00,9.4,11.7,9.6,7.2,182.0
2026-03-06T05:00,15.7,18.5,23.2,7.4,196.0
2026-03-06T06:00,17.1,20.0,21.9,7.9,236.0
2026-03-06T07:00,18.0,21.2,20.1,8.5,288.0
2026-03-06T08:00,19.2,21.8,17.9,9.2,317.0
2026-03-06T09:00,18.3,21.2,15.1,10.1,301.0
2026-03-06T10:00,14.8,18.9,12.0,11.0,261.0
2026-03-06T11:00,11.0,14.7,9.4,11.2,229.0
2026-03-06T12:00,8.7,12.2,7.7,10.1,217.0
2026-03-06T13:00,7.6,11.6,6.5,8.4,212.0
2026-03-06T14:00,7.2,11.8,5.8,7.0,210.0
2026-03-06T15:00,6.9,12.1,4.9,6.2,205.0
2026-03-06T16:00,6.7,12.2,4.4,5.9,204.0
2026-03-06T17:00,15.4,29.2,7.1,6.0,219.0
2026-03-06T18:00,15.8,24.6,11.0,6.7,262.0
2026-03-06T19:00,17.6,25.4,16.5,7.7,321.0
2026-03-06T20:00,18.5,25.1,22.4,8.8,378.0
2026-03-06T21:00,20.6,26.8,29.3,10.3,434.0
2026-03-06T22:00,25.1,31.2,36.6,11.9,489.0
2026-03-06T23:00,29.0,34.9,40.8,12.5,519.0
2026-03-07T00:00,31.2,36.9,39.4,11.2,512.0
2026-03-07T01:00,31.9,37.1,34.9,8.8,481.0
2026-03-07T02:00,31.2,35.4,31.0,6.8,442.0
2026-03-07T03:00,29.6,33.5,29.4,5.5,390.0
2026-03-07T04:00,27.8,31.9,28.4,4.5,331.0
2026-03-07T05:00,25.1,30.2,30.8,3.5,291.0
2026-03-07T06:00,23.9,29.4,28.3,3.9,292.0
2026-03-07T07:00,23.6,29.4,24.7,4.4,313.0
2026-03-07T08:00,23.3,28.2,21.0,5.0,323.0
2026-03-07T09:00,22.1,26.8,17.4,5.7,309.0
2026-03-07T10:00,20.1,30.0,13.7,6.4,284.0
2026-03-07T11:00,18.2,32.2,10.5,6.6,261.0
2026-03-07T12:00,15.8,30.3,7.9,6.0,239.0
2026-03-07T13:00,13.3,27.5,5.9,4.9,219.0
2026-03-07T14:00,12.1,26.1,4.7,4.1,210.0
2026-03-07T15:00,11.8,25.7,4.0,3.7,218.0
2026-03-07T16:00,11.7,25.4,4.2,3.5,238.0
2026-03-07T17:00,11.9,27.2,6.4,2.5,264.0
2026-03-07T18:00,15.8,30.3,15.5,4.8,303.0
2026-03-07T19:00,20.4,34.3,28.0,8.0,349.0
2026-03-07T20:00,24.5,37.6,37.9,10.3,378.0
2026-03-07T21:00,26.5,39.2,42.9,11.0,381.0
2026-03-07T22:00,26.6,37.6,45.3,10.9,368.0
2026-03-07T23:00,27.5,34.8,45.2,10.2,342.0
2026-03-08T00:00,27.1,32.0,41.5,8.6,294.0
2026-03-08T01:00,25.7,30.0,35.3,6.5,234.0
2026-03-08T02:00,24.2,28.4,30.4,4.8,189.0
2026-03-08T03:00,22.9,27.1,28.7,3.9,162.0
2026-03-08T04:00,21.7,26.2,28.3,3.5,151.0
2026-03-08T05:00,21.5,26.3,29.9,4.1,176.0
2026-03-08T06:00,21.0,26.4,28.5,5.0,275.0
2026-03-08T07:00,21.9,27.4,26.4,6.1,410.0
2026-03-08T08:00,24.3,29.4,23.5,6.9,489.0
2026-03-08T09:00,23.9,29.0,19.2,7.0,461.0
2026-03-08T10:00,18.2,29.6,14.1,6.6,378.0
2026-03-08T11:00,15.5,28.5,9.8,6.0,303.0
2026-03-08T12:00,12.9,25.4,6.6,5.0,254.0
2026-03-08T13:00,11.3,23.3,4.1,3.7,215.0
2026-03-08T14:00,9.2,19.9,3.0,2.9,196.0
2026-03-08T15:00,8.0,17.3,3.0,2.6,202.0
2026-03-08T16:00,7.6,15.9,4.3,2.7,228.0
2026-03-08T17:00,14.2,31.4,5.6,3.0,278.0
2026-03-08T18:00,21.0,37.0,17.2,5.5,379.0
2026-03-08T19:00,28.7,44.1,33.1,9.0,502.0
2026-03-08T20:00,31.8,45.6,44.2,11.2,565.0
2026-03-08T21:00,30.0,41.3,46.2,11.1,512.0
2026-03-08T22:00,28.3,36.6,43.4,9.9,398.0
2026-03-08T23:00,26.5,32.1,39.6,8.5,306.0
2026-03-09T00:00,24.2,28.6,35.6,7.2,270.0
2026-03-09T01:00,22.1,25.8,30.6,5.9,255.0
2026-03-09T02:00,20.4,23.3,26.3,4.7,242.0
2026-03-09T03:00,18.6,21.0,23.0,3.8,219.0
2026-03-09T04:00,16.6,18.9,20.4,3.1,198.0
2026-03-09T05:00,15.3,17.0,19.4,2.8,197.0
2026-03-09T06:00,13.4,15.3,20.2,3.4,232.0
2026-03-09T07:00,13.4,15.5,21.3,4.4,287.0
2026-03-09T08:00,14.6,16.5,21.4,5.4,331.0
2026-03-09T09:00,14.6,17.7,20.0,6.7,358.0
2026-03-09T10:00,16.8,20.7,17.7,8.1,375.0
2026-03-09T11:00,15.9,23.0,15.3,8.9,371.0
2026-03-09T12:00,16.9,28.1,12.9,8.5,327.0
2026-03-09T13:00,17.5,32.6,10.5,7.4,261.0
2026-03-09T14:00,18.6,33.5,8.8,6.4,218.0
2026-03-09T15:00,18.8,31.1,8.2,5.7,223.0
2026-03-09T16:00,17.8,27.3,8.4,5.1,249.0
2026-03-09T17:00,19.6,37.1,7.1,3.9,264.0
2026-03-09T18:00,19.7,30.4,7.4,3.9,249.0
2026-03-09T19:00,18.3,26.1,7.9,3.9,223.0
2026-03-09T20:00,16.4,23.1,8.1,3.9,202.0
2026-03-09T21:00,14.1,19.6,8.1,3.8,196.0
2026-03-09T22:00,12.5,18.0,7.8,3.6,195.0
2026-03-09T23:00,11.7,16.8,7.4,3.4,194.0
2026-03-10T00:00,11.2,15.5,6.6,3.1,188.0
2026-03-10T01:00,9.3,12.7,5.6,2.6,182.0
2026-03-10T02:00,6.0,8.0,4.7,2.3,178.0
2026-03-10T03:00,4.2,5.4,4.0,2.1,178.0
2026-03-10T04:00,2.8,3.4,3.4,1.9,182.0
2026-03-10T05:00,1.1,2.0,4.1,2.0,188.0
2026-03-10T06:00,1.7,4.0,5.1,2.4,201.0
2026-03-10T07:00,2.9,7.5,6.5,3.0,217.0
2026-03-10T08:00,4.6,12.8,7.4,3.4,227.0
2026-03-10T09:00,7.3,22.1,7.4,3.5,228.0
2026-03-10T10:00,8.7,25.4,6.9,3.6,223.0
2026-03-10T11:00,10.2,28.2,6.5,3.5,217.0
2026-03-10T12:00,11.1,29.0,6.2,3.4,210.0
2026-03-10T13:00,11.4,27.1,5.9,3.3,201.0
2026-03-10T14:00,12.0,26.9,6.0,3.1,196.0
2026-03-10T15:00,12.4,28.3,6.8,2.9,198.0
2026-03-10T16:00,2.4,5.0,7.9,2.7,204.0
2026-03-10T17:00,5.9,13.0,6.5,2.0,210.0
2026-03-10T18:00,4.1,8.1,6.6,2.3,213.0
2026-03-10T19:00,2.5,4.2,6.7,2.6,215.0
2026-03-10T20:00,4.2,6.9,6.9,3.0,220.0
2026-03-10T21:00,6.7,10.5,7.3,3.4,230.0
2026-03-10T22:00,8.7,13.0,7.7,3.8,243.0
2026-03-10T23:00,9.9,14.3,7.8,4.1,248.0
2026-03-11T00:00,11.2,15.8,7.1,4.1,240.0
2026-03-11T01:00,12.7,17.4,6.1,4.0,225.0
2026-03-11T02:00,14.3,18.8,5.3,3.9,215.0
2026-03-11T03:00,16.0,20.1,5.0,3.8,214.0
2026-03-11T04:00,17.6,21.3,4.9,3.7,219.0
2026-03-11T05:00,19.6,24.3,11.4,5.2,229.0
2026-03-11T06:00,20.8,25.3,11.0,5.5,251.0
2026-03-11T07:00,22.6,26.7,10.4,5.9,278.0
2026-03-11T08:00,23.9,27.9,9.5,6.2,293.0
2026-03-11T09:00,23.9,27.5,8.1,6.5,284.0
2026-03-11T10:00,22.5,25.7,6.5,6.8,263.0
2026-03-11T11:00,19.6,22.0,5.2,6.8,245.0
2026-03-11T12:00,16.9,19.3,4.4,6.3,232.0
2026-03-11T13:00,15.4,17.8,3.8,5.5,222.0
2026-03-11T14:00,14.2,16.6,3.7,5.1,220.0
2026-03-11T15:00,13.7,16.1,3.5,5.3,230.0
2026-03-11T16:00,13.7,16.0,3.8,5.9,249.0
2026-03-11T17:00,26.3,35.2,5.7,5.7,270.0
2026-03-11T18:00,28.8,37.4,10.3,7.3,292.0
2026-03-11T19:00,32.2,40.7,16.9,9.5,317.0
2026-03-11T20:00,36.3,44.9,23.7,10.9,337.0
2026-03-11T21:00,39.3,48.2,31.3,10.7,350.0
2026-03-11T22:00,41.4,50.6,39.1,9.7,358.0
2026-03-11T23:00,41.8,51.3,44.1,8.4,369.0
2026-03-12T00:00,40.3,50.3,44.1,6.9,387.0
2026-03-12T01:00,38.2,48.5,41.3,5.2,407.0
2026-03-12T02:00,36.0,46.8,38.7,3.8,418.0
2026-03-12T03:00,34.0,44.9,37.6,3.0,409.0
2026-03-12T04:00,32.1,43.3,36.8,2.6,391.0
2026-03-12T05:00,26.9,37.8,31.0,2.4,388.0
2026-03-12T06:00,24.6,35.0,30.7,2.9,426.0
2026-03-12T07:00,26.0,36.1,30.1,3.8,479.0
2026-03-12T08:00,28.6,38.0,28.1,5.2,494.0
2026-03-12T09:00,28.1,37.8,23.4,7.8,435.0
2026-03-12T10:00,28.9,39.1,17.3,11.0,339.0
2026-03-12T11:00,28.3,37.5,12.6,13.1,262.0
2026-03-12T12:00,25.4,33.6,10.4,13.0,227.0
2026-03-12T13:00,21.7,29.1,9.6,11.8,211.0
2026-03-12T14:00,19.3,26.0,9.3,10.9,203.0
2026-03-12T15:00,17.9,24.0,8.2,10.7,181.0
2026-03-12T16:00,17.5,23.1,7.7,10.9,167.0
2026-03-12T17:00,15.6,18.9,11.8,12.7,218.0
2026-03-12T18:00,18.0,19.9,20.0,14.0,405.0
2026-03-12T19:00,22.7,24.3,31.6,15.8,657.0
2026-03-12T20:00,27.4,29.0,41.9,16.9,814.0
2026-03-12T21:00,31.5,34.0,49.7,16.8,789.0
2026-03-12T22:00,34.9,38.3,56.3,16.0,669.0
2026-03-12T23:00,36.8,40.4,60.3,14.5,558.0
2026-03-13T00:00,37.3,40.5,60.8,12.0,490.0
2026-03-13T01:00,36.6,39.7,58.7,9.0,430.0
2026-03-13T02:00,35.2,38.4,55.9,6.6,377.0
2026-03-13T03:00,33.4,36.7,52.6,5.6,323.0
2026-03-13T04:00,31.5,34.9,48.6,5.2,276.0
2026-03-13T05:00,29.1,31.9,38.0,5.6,260.0
2026-03-13T06:00,27.6,30.5,35.8,5.6,307.0
2026-03-13T07:00,28.5,31.5,32.4,5.6,385.0
2026-03-13T08:00,30.7,32.8,28.3,6.2,425.0
2026-03-13T09:00,28.2,31.4,22.7,8.1,384.0
2026-03-13T10:00,22.2,25.2,16.3,10.6,304.0
2026-03-13T11:00,19.5,23.4,11.3,12.0,243.0
2026-03-13T12:00,18.7,24.0,8.8,11.3,228.0
2026-03-13T13:00,18.0,24.9,7.6,9.6,232.0
2026-03-13T14:00,17.5,25.1,7.1,8.3,235.0
2026-03-13T15:00,16.9,24.8,6.5,7.9,226.0
2026-03-13T16:00,16.4,24.0,6.6,7.9,216.0
2026-03-13T17:00,8.9,11.6,10.7,9.8,222.0
2026-03-13T18:00,10.7,12.3,14.9,11.4,253.0
2026-03-13T19:00,13.3,14.4,20.9,13.5,300.0
2026-03-13T20:00,15.3,16.5,26.6,14.7,346.0
2026-03-13T21:00,17.9,19.7,32.1,14.1,398.0
2026-03-13T22:00,20.9,23.5,37.5,12.5,449.0
2026-03-13T23:00,23.3,25.8,40.5,10.7,468.0
2026-03-14T00:00,24.6,26.9,40.0,8.8,430.0
2026-03-14T01:00,24.6,27.1,37.2,6.7,360.0
2026-03-14T02:00,24.2,26.8,34.0,5.0,297.0
2026-03-14T03:00,23.3,26.2,30.8,4.0,247.0
2026-03-14T04:00,22.4,25.4,27.2,3.3,204.0
2026-03-14T05:00,23.3,27.0,30.1,3.1,193.0
2026-03-14T06:00,22.5,26.4,27.8,3.3,245.0
2026-03-14T07:00,23.5,27.5,24.6,3.6,330.0
2026-03-14T08:00,24.1,28.2,21.3,4.2,380.0
2026-03-14T09:00,23.7,27.7,18.1,5.3,357.0
2026-03-14T10:00,22.9,31.9,15.0,6.7,300.0
2026-03-14T11:00,22.9,32.4,12.4,7.7,254.0
2026-03-14T12:00,20.9,29.5,10.7,7.9,238.0
2026-03-14T13:00,16.6,24.0,9.5,7.6,233.0
2026-03-14T14:00,11.7,17.9,9.0,7.6,232.0
2026-03-14T15:00,9.1,14.1,8.6,8.0,228.0
2026-03-14T16:00,7.4,10.8,8.8,8.6,228.0
2026-03-14T17:00,3.3,3.3,10.4,11.3,247.0
2026-03-14T18:00,5.2,5.2,16.8,12.6,297.0
2026-03-14T19:00,9.2,9.2,25.6,14.4,366.0
2026-03-14T20:00,13.0,13.0,32.5,15.5,433.0
2026-03-14T21:00,15.2,15.2,35.8,15.3,502.0
2026-03-14T22:00,15.6,15.7,37.0,14.5,570.0
2026-03-14T23:00,15.4,15.7,36.9,13.4,603.0
2026-03-15T00:00,14.9,15.3,34.9,12.1,581.0
2026-03-15T01:00,14.2,14.6,31.4,10.5,525.0
2026-03-15T02:00,13.3,13.6,28.4,9.3,462.0
2026-03-15T03:00,12.5,12.8,26.4,8.6,386.0
2026-03-15T04:00,12.0,12.4,24.8,8.3,303.0
2026-03-15T05:00,12.6,14.9,25.8,7.9,257.0
2026-03-15T06:00,12.5,15.1,25.8,8.1,284.0
2026-03-15T07:00,13.9,16.9,25.4,8.4,347.0
2026-03-15T08:00,15.5,18.7,23.4,8.8,381.0
2026-03-15T09:00,14.3,18.3,18.0,9.3,351.0
2026-03-15T10:00,12.5,17.7,10.8,9.9,292.0
2026-03-15T11:00,11.9,18.4,5.4,10.1,246.0
2026-03-15T12:00,11.5,18.6,3.3,9.7,228.0
2026-03-15T13:00,11.1,18.0,2.9,9.1,223.0
2026-03-15T14:00,11.1,17.9,2.9,8.5,224.0
2026-03-15T15:00,10.9,17.4,2.2,8.2,225.0
2026-03-15T16:00,10.4,16.3,1.9,7.9,231.0
2026-03-15T17:00,9.8,15.3,6.3,8.2,254.0
2026-03-15T18:00,11.4,15.0,12.1,9.1,305.0
2026-03-15T19:00,15.4,18.5,20.1,10.4,372.0
2026-03-15T20:00,18.2,20.7,26.9,11.4,433.0
2026-03-15T21:00,19.8,21.9,31.3,12.0,484.0
2026-03-15T22:00,21.0,22.9,34.4,12.4,529.0
2026-03-15T23:00,22.0,23.8,36.0,12.2,553.0
2026-03-16T00:00,22.5,24.5,35.7,11.2,549.0
2026-03-16T01:00,22.4,24.5,34.0,9.7,524.0
2026-03-16T02:00,22.3,24.6,32.1,8.5,488.0
2026-03-16T03:00,22.2,24.9,30.1,7.8,432.0
2026-03-16T04:00,21.9,25.2,27.9,7.3,365.0
2026-03-16T05:00,22.5,27.0,29.1,6.8,325.0
2026-03-16T06:00,22.6,27.4,27.3,6.7,340.0
2026-03-16T07:00,24.2,28.9,24.6,6.6,381.0
2026-03-16T08:00,26.1,29.8,21.3,7.0,400.0
2026-03-16T09:00,24.0,30.0,16.7,8.6,371.0
2026-03-16T10:00,19.5,24.6,11.4,10.8,321.0
2026-03-16T11:00,17.2,21.4,7.4,12.2,279.0
2026-03-16T12:00,15.2,19.3,5.6,12.2,257.0
2026-03-16T13:00,14.0,19.3,5.2,11.4,244.0
2026-03-16T14:00,13.0,19.1,5.1,10.7,237.0
2026-03-16T15:00,12.6,19.2,4.1,10.0,236.0
2026-03-16T16:00,13.0,20.1,3.5,9.3,240.0
2026-03-16T17:00,21.9,34.7,6.9,10.3,249.0
2026-03-16T18:00,26.5,36.1,14.2,11.3,262.0
2026-03-16T19:00,31.2,39.8,24.4,12.6,280.0
2026-03-16T20:00,32.0,39.6,32.7,13.4,298.0
2026-03-16T21:00,33.3,40.5,37.5,13.5,322.0
2026-03-16T22:00,34.8,41.6,40.5,13.1,346.0
2026-03-16T23:00,36.3,41.9,41.7,12.2,352.0
2026-03-17T00:00,36.0,40.0,40.8,10.4,327.0
2026-03-17T01:00,33.8,37.4,38.0,8.0,285.0
2026-03-17T02:00,31.0,34.9,34.6,6.0,247.0
2026-03-17T03:00,28.2,32.9,30.3,4.9,209.0
2026-03-17T04:00,25.8,30.6,25.2,4.2,175.0
2026-03-17T05:00,24.2,28.4,29.8,3.7,177.0
2026-03-17T06:00,22.3,26.8,27.3,3.9,253.0
2026-03-17T07:00,22.4,27.0,23.8,4.3,364.0
2026-03-17T08:00,23.0,29.2,20.2,5.0,426.0
2026-03-17T09:00,23.5,29.0,16.7,6.3,389.0
2026-03-17T10:00,24.3,39.2,13.1,7.8,303.0
2026-03-17T11:00,26.1,40.5,10.2,8.9,234.0
2026-03-17T12:00,24.0,37.3,8.1,9.2,210.0
2026-03-17T13:00,19.5,32.5,6.6,8.9,203.0
2026-03-17T14:00,16.1,29.0,5.6,8.5,200.0
2026-03-17T15:00,14.2,26.9,4.6,7.6,191.0
2026-03-17T16:00,13.0,25.2,4.2,6.4,186.0
2026-03-17T17:00,14.7,26.4,7.0,6.4,193.0
2026-03-17T18:00,15.7,23.8,11.2,7.9,224.0
2026-03-17T19:00,17.9,25.0,17.1,9.9,269.0
2026-03-17T20:00,19.4,25.7,22.6,11.2,304.0
2026-03-17T21:00,21.4,27.4,27.6,11.0,324.0
2026-03-17T22:00,23.6,29.1,32.1,10.1,335.0
2026-03-17T23:00,25.2,29.6,34.8,8.9,333.0
2026-03-18T00:00,25.7,29.7,34.4,7.4,313.0
2026-03-18T01:00,25.7,29.9,32.1,5.7,280.0
2026-03-18T02:00,25.6,30.5,29.9,4.3,250.0
2026-03-18T03:00,25.7,31.4,28.7,3.5,218.0
2026-03-18T04:00,25.9,32.2,27.7,3.0,189.0
2026-03-18T05:00,26.5,30.3,28.9,2.9,192.0
2026-03-18T06:00,26.1,30.6,26.4,3.1,262.0
2026-03-18T07:00,27.2,32.7,22.9,3.5,364.0
2026-03-18T08:00,28.2,34.1,19.3,4.2,422.0
2026-03-18T09:00,28.3,35.9,16.0,5.5,391.0
2026-03-18T10:00,28.6,44.7,12.6,7.2,315.0
2026-03-18T11:00,24.9,40.0,9.7,8.2,252.0
2026-03-18T12:00,20.3,36.1,7.2,8.0,222.0
2026-03-18T13:00,18.0,34.3,5.2,7.1,206.0
2026-03-18T14:00,17.6,33.8,4.0,6.4,195.0
2026-03-18T15:00,17.1,33.3,3.5,5.9,186.0
2026-03-18T16:00,16.5,32.1,3.7,5.6,183.0
2026-03-18T17:00,13.9,24.3,6.0,5.6,196.0
2026-03-18T18:00,15.1,23.4,9.4,6.4,230.0
2026-03-18T19:00,16.6,24.7,14.4,7.7,279.0
2026-03-18T20:00,18.4,26.5,20.0,8.8,339.0
2026-03-18T21:00,20.5,28.5,27.2,10.0,432.0
2026-03-18T22:00,23.9,31.7,35.0,11.2,535.0
2026-03-18T23:00,27.5,35.2,39.1,11.5,577.0
2026-03-19T00:00,29.0,36.3,36.6,10.2,502.0
2026-03-19T01:00,29.3,36.6,30.5,8.1,367.0
2026-03-19T02:00,29.5,36.6,25.1,6.3,264.0
2026-03-19T03:00,30.0,37.1,21.7,5.3,234.0
2026-03-19T04:00,30.7,38.2,19.1,4.7,237.0
2026-03-19T05:00,32.7,43.0,16.1,4.3,250.0
2026-03-19T06:00,33.5,43.2,17.4,4.8,275.0
2026-03-19T07:00,35.6,46.6,19.1,5.4,309.0
2026-03-19T08:00,38.0,48.4,18.9,5.8,327.0
2026-03-19T09:00,35.3,48.7,15.2,5.6,312.0
2026-03-19T10:00,31.1,47.1,9.7,5.1,280.0
2026-03-19T11:00,30.5,47.8,5.5,4.6,252.0
2026-03-19T12:00,22.2,36.4,3.8,4.3,234.0
2026-03-19T13:00,22.1,36.6,3.4,4.0,219.0
2026-03-19T14:00,20.8,34.8,3.4,3.9,211.0
2026-03-19T15:00,22.2,36.7,2.9,3.8,207.0
2026-03-19T16:00,22.4,35.7,2.8,3.8,208.0
2026-03-19T17:00,28.2,43.7,5.5,4.3,224.0
2026-03-19T18:00,34.2,49.5,12.4,5.5,265.0
2026-03-19T19:00,40.7,57.7,22.1,7.2,320.0
2026-03-19T20:00,44.4,61.2,30.9,8.7,366.0
2026-03-19T21:00,46.2,61.7,38.1,9.8,396.0
2026-03-19T22:00,49.4,65.2,44.4,10.5,416.0
2026-03-19T23:00,50.3,65.2,48.0,10.7,424.0
2026-03-20T00:00,50.1,64.0,47.4,9.9,415.0
2026-03-20T01:00,47.6,59.8,44.0,8.5,395.0
2026-03-20T02:00,44.1,54.2,40.4,7.1,375.0
2026-03-20T03:00,39.9,48.0,37.3,5.8,355.0
2026-03-20T04:00,35.2,41.3,33.9,4.6,336.0
2026-03-20T05:00,38.9,47.6,33.5,5.2,331.0
2026-03-20T06:00,36.9,44.6,28.8,5.2,359.0
2026-03-20T07:00,36.6,43.5,22.3,5.1,402.0
2026-03-20T08:00,36.6,41.4,16.6,5.1,420.0
2026-03-20T09:00,34.1,39.8,12.6,5.2,388.0
2026-03-20T10:00,20.6,28.8,9.5,5.4,331.0
2026-03-20T11:00,13.3,20.2,7.0,5.3,281.0
2026-03-20T12:00,11.6,17.9,5.2,4.8,250.0
2026-03-20T13:00,10.9,16.5,4.1,4.0,227.0
2026-03-20T14:00,10.4,15.3,3.5,3.5,211.0
2026-03-20T15:00,9.9,14.3,2.1,3.1,199.0
2026-03-20T16:00,9.5,13.6,1.2,2.9,193.0
2026-03-20T17:00,17.4,27.4,5.3,3.5,206.0
2026-03-20T18:00,18.4,25.8,12.0,4.7,247.0
2026-03-20T19:00,22.6,29.4,21.3,6.3,306.0
2026-03-20T20:00,25.5,31.4,28.5,7.4,361.0
2026-03-20T21:00,26.3,32.1,31.9,7.7,412.0
2026-03-20T22:00,28.5,34.2,33.2,7.4,459.0
2026-03-20T23:00,30.9,35.7,33.4,6.9,475.0
2026-03-21T00:00,31.7,35.6,32.5,6.0,437.0
2026-03-21T01:00,31.1,34.9,30.5,4.9,368.0
2026-03-21T02:00,29.8,34.0,28.3,3.9,307.0
2026-03-21T03:00,28.2,32.7,26.2,3.3,260.0
2026-03-21T04:00,26.5,31.4,24.0,2.8,221.0
2026-03-21T05:00,27.7,33.2,23.2,2.5,210.0
2026-03-21T06:00,26.4,32.5,21.7,2.8,253.0
2026-03-21T07:00,26.0,31.9,19.5,3.2,323.0
2026-03-21T08:00,25.0,30.9,17.0,3.7,362.0
2026-03-21T09:00,23.9,29.5,14.2,4.5,336.0
2026-03-21T10:00,23.5,37.7,11.2,5.3,279.0
2026-03-21T11:00,25.0,42.7,8.6,5.7,234.0
2026-03-21T12:00,24.8,43.7,6.7,5.2,217.0
2026-03-21T13:00,24.0,43.3,5.2,4.3,212.0
2026-03-21T14:00,22.4,41.0,4.3,3.6,210.0
2026-03-21T15:00,20.8,38.2,3.0,3.1,201.0
2026-03-21T16:00,19.7,35.9,2.3,2.7,194.0
2026-03-21T17:00,16.8,30.3,5.5,2.9,216.0
2026-03-21T18:00,23.2,35.6,17.6,5.1,291.0
2026-03-21T19:00,32.8,45.2,34.2,8.1,394.0
2026-03-21T20:00,38.2,49.2,46.6,10.0,472.0
2026-03-21T21:00,38.9,47.3,51.3,9.9,510.0
2026-03-21T22:00,36.4,41.6,51.7,8.7,523.0
2026-03-21T23:00,32.4,35.9,49.5,7.4,506.0
2026-03-22T00:00,28.3,31.5,43.8,6.3,438.0
2026-03-22T01:00,24.1,27.6,35.4,5.0,340.0
2026-03-22T02:00,20.9,24.6,28.4,4.0,266.0
2026-03-22T03:00,18.7,22.3,24.2,3.3,244.0
2026-03-22T04:00,17.5,21.1,21.4,2.8,246.0
2026-03-22T05:00,20.0,26.8,14.2,2.2,249.0
2026-03-22T06:00,20.4,28.5,12.9,2.4,244.0
2026-03-22T07:00,20.6,30.0,11.1,2.6,239.0
2026-03-22T08:00,20.5,28.9,9.3,2.8,231.0
2026-03-22T09:00,20.7,26.9,7.6,2.8,216.0
2026-03-22T10:00,16.2,27.0,5.9,2.8,197.0
2026-03-22T11:00,14.6,31.9,4.5,2.6,183.0
2026-03-22T12:00,17.2,44.7,3.3,2.3,175.0
2026-03-22T13:00,18.0,49.4,2.4,1.9,172.0
2026-03-22T14:00,19.0,52.5,2.1,1.6,171.0
2026-03-22T15:00,19.3,52.6,2.0,1.5,174.0
2026-03-22T16:00,18.7,48.9,2.6,1.5,179.0
2026-03-22T17:00,18.0,42.3,5.4,2.0,185.0
2026-03-22T18:00,17.3,35.2,11.4,3.2,188.0
2026-03-22T19:00,21.1,41.0,19.7,4.9,191.0
2026-03-22T20:00,25.6,44.9,25.6,6.0,199.0
2026-03-22T21:00,27.6,46.1,27.1,6.1,218.0
2026-03-22T22:00,26.4,45.6,26.3,5.5,242.0
2026-03-22T23:00,23.7,43.9,25.0,4.9,254.0
2026-03-23T00:00,23.2,44.0,23.4,4.2,246.0
2026-03-23T01:00,23.3,38.4,21.3,3.3,226.0
2026-03-23T02:00,22.5,34.5,19.6,2.6,208.0
2026-03-23T03:00,21.7,32.4,18.9,2.2,192.0
2026-03-23T04:00,21.0,31.1,18.5,2.0,178.0
2026-03-23T05:00,14.8,27.1,8.8,1.4,173.0
2026-03-23T06:00,15.8,28.3,11.1,1.9,187.0
2026-03-23T07:00,17.6,29.3,14.1,2.5,211.0
2026-03-23T08:00,18.9,32.2,15.1,2.9,225.0
2026-03-23T09:00,17.5,35.5,12.1,2.8,217.0
2026-03-23T10:00,17.8,52.9,7.0,2.5,198.0
2026-03-23T11:00,18.6,58.0,3.1,2.3,183.0
2026-03-23T12:00,17.5,53.4,1.7,2.2,175.0
2026-03-23T13:00,16.2,47.4,1.6,2.2,171.0
2026-03-23T14:00,14.0,39.0,1.7,2.2,171.0
2026-03-23T15:00,12.9,35.3,0.9,2.1,174.0
2026-03-23T16:00,12.9,35.3,0.4,1.9,181.0
2026-03-23T17:00,8.0,21.0,3.4,2.3,202.0
2026-03-23T18:00,12.3,21.7,14.0,3.9,252.0
2026-03-23T19:00,18.7,29.2,28.6,6.0,316.0
2026-03-23T20:00,22.4,33.5,39.5,7.5,357.0
2026-03-23T21:00,22.9,33.8,43.8,7.7,357.0
2026-03-23T22:00,24.1,33.6,44.5,7.3,334.0
2026-03-23T23:00,25.2,32.2,42.8,6.6,307.0
2026-03-24T00:00,24.1,29.9,38.1,5.6,278.0
2026-03-24T01:00,22.1,28.0,31.2,4.2,244.0
2026-03-24T02:00,20.4,26.8,25.2,3.2,215.0
2026-03-24T03:00,18.9,25.0,21.5,2.6,193.0
2026-03-24T04:00,17.2,22.5,18.8,2.4,176.0
2026-03-24T05:00,14.7,19.2,18.1,2.2,171.0
2026-03-24T06:00,13.5,18.2,17.0,2.6,187.0
2026-03-24T07:00,13.3,17.8,15.5,3.2,215.0
2026-03-24T08:00,13.2,17.7,13.6,3.7,235.0
2026-03-24T09:00,12.5,16.5,11.2,4.2,237.0
2026-03-24T10:00,11.1,19.7,8.5,4.6,231.0
2026-03-24T11:00,9.4,19.8,6.3,4.7,221.0
2026-03-24T12:00,7.0,15.8,4.7,4.1,204.0
2026-03-24T13:00,5.8,13.0,3.5,3.2,183.0
2026-03-24T14:00,5.3,11.5,3.0,2.6,175.0
2026-03-24T15:00,4.9,10.6,2.9,2.4,191.0
2026-03-24T16:00,4.8,10.0,3.5,2.5,219.0
2026-03-24T17:00,2.1,2.1,5.5,3.2,246.0
2026-03-24T18:00,4.2,4.2,9.4,4.6,266.0
2026-03-24T19:00,6.4,6.5,14.9,6.4,285.0
2026-03-24T20:00,7.6,7.7,19.3,7.6,303.0
2026-03-24T21:00,8.1,8.3,21.7,7.7,326.0
2026-03-24T22:00,8.6,8.8,23.0,7.1,348.0
2026-03-24T23:00,8.8,9.1,23.3,6.3,357.0
2026-03-25T00:00,8.4,8.9,22.2,5.3,346.0
2026-03-25T01:00,7.9,8.6,20.1,4.0,323.0
2026-03-25T02:00,7.4,8.3,18.2,3.0,292.0
2026-03-25T03:00,7.0,8.0,16.8,2.4,247.0
2026-03-25T04:00,6.5,7.9,15.6,2.0,194.0
2026-03-25T05:00,5.7,7.0,14.3,1.9,167.0
2026-03-25T06:00,5.5,7.0,13.8,2.2,188.0
2026-03-25T07:00,5.9,7.7,13.0,2.5,233.0
2026-03-25T08:00,6.9,8.8,12.1,3.0,265.0
2026-03-25T09:00,8.1,10.4,10.9,3.7,266.0
2026-03-25T10:00,8.8,13.3,9.6,4.5,253.0
2026-03-25T11:00,8.2,15.9,8.1,4.8,236.0
2026-03-25T12:00,7.4,16.4,6.3,4.2,214.0
2026-03-25T13:00,7.7,19.3,4.5,3.2,188.0
2026-03-25T14:00,8.4,22.2,3.4,2.5,175.0
2026-03-25T15:00,8.8,23.8,3.0,2.2,182.0
2026-03-25T16:00,9.0,24.4,3.5,2.3,202.0
2026-03-25T17:00,3.7,4.7,7.4,3.0,228.0
2026-03-25T18:00,7.1,7.9,12.3,4.6,269.0
2026-03-25T19:00,9.1,9.5,19.1,6.9,317.0
2026-03-25T20:00,10.0,10.2,24.3,8.3,338.0
2026-03-25T21:00,10.4,10.9,26.8,8.3,312.0
2026-03-25T22:00,10.6,11.4,27.7,7.4,259.0
2026-03-25T23:00,10.0,11.0,27.4,6.4,214.0
2026-03-26T00:00,8.9,10.2,25.3,5.3,187.0
2026-03-26T01:00,7.8,9.2,22.0,3.9,168.0
2026-03-26T02:00,6.9,8.5,19.2,2.9,154.0
2026-03-26T03:00,6.1,8.0,17.7,2.3,143.0
2026-03-26T04:00,5.7,7.8,16.7,2.0,139.0
2026-03-26T05:00,5.3,7.8,15.3,1.9,148.0
2026-03-26T06:00,5.3,8.4,14.6,2.2,184.0
2026-03-26T07:00,6.2,9.7,13.6,2.6,234.0
2026-03-26T08:00,7.9,11.4,12.5,3.1,266.0
2026-03-26T09:00,9.3,13.7,11.3,3.6,264.0
2026-03-26T10:00,10.4,19.1,10.0,4.2,245.0
2026-03-26T11:00,10.7,25.1,8.6,4.5,227.0
2026-03-26T12:00,11.3,28.2,7.0,4.3,216.0
2026-03-26T13:00,12.0,29.6,5.5,3.8,207.0
2026-03-26T14:00,12.3,29.6,4.5,3.4,203.0
2026-03-26T15:00,12.0,28.7,3.4,3.0,189.0
2026-03-26T16:00,11.5,26.9,2.9,2.8,180.0
2026-03-26T17:00,6.1,6.6,7.0,3.0,224.0
2026-03-26T18:00,11.2,11.7,14.4,4.5,373.0
2026-03-26T19:00,14.8,15.3,24.7,6.6,574.0
2026-03-26T20:00,16.9,17.7,33.3,8.1,722.0
2026-03-26T21:00,19.3,20.5,39.2,8.5,784.0
2026-03-26T22:00,21.5,22.8,43.4,8.2,793.0
2026-03-26T23:00,20.3,21.4,44.5,7.6,738.0
2026-03-27T00:00,17.8,18.9,40.7,6.6,574.0
2026-03-27T01:00,15.6,16.8,33.8,5.2,346.0
2026-03-27T02:00,13.6,15.0,27.9,4.1,179.0
2026-03-27T03:00,11.7,13.2,24.6,3.4,133.0
2026-03-27T04:00,10.2,11.7,22.4,3.0,148.0
2026-03-27T05:00,9.2,10.5,21.0,2.9,165.0
2026-03-27T06:00,8.0,9.4,18.9,3.0,166.0
2026-03-27T07:00,7.3,8.8,16.0,3.1,170.0
2026-03-27T08:00,7.3,9.1,13.3,3.3,171.0
2026-03-27T09:00,8.6,10.2,11.3,3.6,168.0
2026-03-27T10:00,9.5,12.8,9.6,4.0,164.0
2026-03-27T11:00,9.4,15.6,7.9,4.1,158.0
2026-03-27T12:00,9.3,17.8,5.8,3.8,149.0
2026-03-27T13:00,9.1,18.7,3.8,3.2,139.0
2026-03-27T14:00,9.1,18.9,2.9,2.8,134.0
2026-03-27T15:00,9.3,19.4,3.0,2.7,137.0
2026-03-27T16:00,9.4,19.7,4.2,2.7,146.0
2026-03-27T17:00,4.2,4.9,6.5,2.5,158.0
2026-03-27T18:00,8.5,9.3,13.1,3.7,178.0
2026-03-27T19:00,12.5,13.2,22.1,5.3,201.0
2026-03-27T20:00,12.2,13.2,28.3,6.4,214.0
2026-03-27T21:00,11.1,12.2,29.2,6.4,208.0
2026-03-27T22:00,10.4,11.6,27.3,5.9,191.0
2026-03-27T23:00,10.3,11.5,25.0,5.2,173.0
2026-03-28T00:00,9.9,11.2,22.6,4.4,155.0
2026-03-28T01:00,9.2,10.7,19.8,3.5,137.0
2026-03-28T02:00,8.3,10.2,17.5,2.8,125.0
2026-03-28T03:00,7.8,10.0,16.1,2.3,120.0
2026-03-28T04:00,7.5,9.8,15.2,2.0,123.0
2026-03-28T05:00,6.7,9.3,15.3,2.0,139.0
2026-03-28T06:00,6.2,8.9,15.0,2.3,184.0
2026-03-28T07:00,6.8,9.6,14.5,2.7,244.0
2026-03-28T08:00,8.2,11.1,13.7,3.2,281.0
2026-03-28T09:00,9.6,13.5,12.5,3.7,274.0
2026-03-28T10:00,11.1,16.9,10.9,4.2,245.0
2026-03-28T11:00,11.6,23.6,9.4,4.5,218.0
2026-03-28T12:00,11.3,25.6,7.7,4.4,202.0
2026-03-28T13:00,11.5,27.8,6.0,4.1,188.0
2026-03-28T14:00,11.5,28.0,5.0,4.0,177.0
2026-03-28T15:00,10.7,24.9,4.6,4.0,164.0
2026-03-28T16:00,9.4,20.4,4.9,4.1,154.0
2026-03-28T17:00,7.2,9.4,9.2,3.9,162.0
2026-03-28T18:00,9.5,12.0,12.5,5.7,199.0
2026-03-28T19:00,11.3,14.0,17.2,8.3,254.0
2026-03-28T20:00,12.7,15.3,21.5,9.9,308.0
2026-03-28T21:00,13.5,15.8,25.8,10.0,368.0
2026-03-28T22:00,15.2,17.3,29.7,9.2,427.0
2026-03-28T23:00,15.2,18.9,30.2,8.1,446.0
2026-03-29T00:00,10.7,18.4,24.2,6.5,392.0
2026-03-29T01:00,9.4,20.7,14.8,4.5,298.0
2026-03-29T02:00,9.3,23.3,7.8,3.0,222.0
2026-03-29T03:00,9.6,26.9,5.7,2.6,186.0
2026-03-29T04:00,10.2,30.6,6.1,2.7,168.0
2026-03-29T05:00,10.4,26.7,6.5,2.4,165.0
2026-03-29T06:00,10.0,27.2,8.9,2.7,183.0
2026-03-29T07:00,9.6,24.7,12.1,3.1,216.0
2026-03-29T08:00,10.2,19.4,14.3,3.4,238.0
2026-03-29T09:00,10.0,15.3,14.5,3.6,237.0
2026-03-29T10:00,9.8,13.2,13.6,3.8,225.0
2026-03-29T11:00,7.7,10.4,12.4,3.9,211.0
2026-03-29T12:00,5.8,8.5,11.0,3.8,192.0
2026-03-29T13:00,5.4,8.1,9.4,3.6,171.0
2026-03-29T14:00,4.5,7.0,8.1,3.4,160.0
2026-03-29T15:00,4.1,6.2,6.3,3.0,166.0
2026-03-29T16:00,3.9,6.0,4.8,2.6,182.0
2026-03-29T17:00,10.3,17.8,6.1,3.6,199.0
2026-03-29T18:00,11.0,16.7,9.9,4.4,214.0
2026-03-29T19:00,13.9,18.6,15.2,5.5,230.0
2026-03-29T20:00,15.3,19.6,19.7,6.4,243.0
2026-03-29T21:00,16.5,20.6,22.9,7.0,255.0
2026-03-29T22:00,16.8,20.7,25.3,7.4,265.0
2026-03-29T23:00,16.9,20.7,26.6,7.4,265.0
2026-03-30T00:00,17.0,20.4,26.1,6.7,250.0
2026-03-30T01:00,16.4,19.5,24.5,5.6,226.0
2026-03-30T02:00,15.5,18.6,23.0,4.7,204.0
2026-03-30T03:00,14.6,17.8,22.1,4.0,183.0
2026-03-30T04:00,13.8,16.9,21.4,3.5,164.0
2026-03-30T05:00,13.6,16.4,22.0,2.9,168.0
2026-03-30T06:00,13.5,16.5,21.6,3.1,221.0
2026-03-30T07:00,14.6,18.0,20.8,3.4,297.0
2026-03-30T08:00,15.5,19.6,19.4,4.0,338.0
2026-03-30T09:00,15.3,20.0,16.6,5.1,309.0
2026-03-30T10:00,13.3,19.9,13.1,6.4,245.0
2026-03-30T11:00,13.4,19.7,10.5,7.7,196.0
2026-03-30T12:00,12.9,18.9,9.7,9.0,182.0
2026-03-30T13:00,12.6,18.0,9.9,10.3,184.0
2026-03-30T14:00,13.1,18.0,10.3,11.1,194.0
2026-03-30T15:00,13.1,17.8,10.1,11.0,212.0
2026-03-30T16:00,13.4,18.5,10.2,10.4,239.0
2026-03-30T17:00,16.2,21.9,13.4,10.1,268.0
2026-03-30T18:00,20.2,25.7,17.7,10.1,303.0
2026-03-30T19:00,22.1,28.1,23.6,10.0,339.0
2026-03-30T20:00,24.9,30.2,28.6,10.1,363.0
2026-03-30T21:00,25.0,30.4,31.4,10.3,362.0
2026-03-30T22:00,26.8,32.5,33.3,10.7,348.0
2026-03-30T23:00,28.3,33.6,35.4,10.9,338.0
2026-03-31T00:00,29.6,35.0,38.9,11.2,345.0
2026-03-31T01:00,30.9,36.7,42.6,11.4,357.0
2026-03-31T02:00,31.0,36.8,43.9,10.9,357.0
2026-03-31T03:00,28.5,33.1,41.0,9.1,329.0
2026-03-31T04:00,25.4,28.5,35.7,6.6,289.0
2026-03-31T05:00,16.4,18.6,24.4,3.0,267.0
2026-03-31T06:00,14.5,17.0,21.6,3.1,286.0
2026-03-31T07:00,14.0,16.5,17.7,3.4,323.0
2026-03-31T08:00,13.6,15.9,14.0,3.6,338.0
2026-03-31T09:00,12.5,15.0,11.0,4.0,307.0
2026-03-31T10:00,9.5,15.0,8.3,4.5,254.0
2026-03-31T11:00,7.9,14.2,6.0,4.5,212.0
2026-03-31T12:00,6.8,14.1,4.2,3.8,193.0
2026-03-31T13:00,6.2,14.1,2.8,2.6,185.0
2026-03-31T14:00,5.9,13.8,2.1,1.8,179.0
2026-03-31T15:00,5.6,13.0,1.3,1.5,169.0
2026-03-31T16:00,5.6,12.6,1.2,1.5,161.0
2026-03-31T17:00,5.5,7.9,6.5,2.4,171.0
2026-03-31T18:00,8.9,11.4,15.0,3.9,216.0
2026-03-31T19:00,13.4,16.2,26.7,6.1,278.0
2026-03-31T20:00,17.6,20.7,34.9,7.5,320.0
2026-03-31T21:00,20.1,23.0,36.7,7.7,324.0
2026-03-31T22:00,19.1,21.6,35.0,7.2,308.0
2026-03-31T23:00,18.0,20.3,32.6,6.5,287.0
2026-04-01T00:00,17.6,19.9,29.8,5.6,262.0
2026-04-01T01:00,16.6,19.0,26.1,4.5,231.0
2026-04-01T02:00,15.5,18.0,23.0,3.6,204.0
2026-04-01T03:00,14.1,16.9,20.9,3.0,178.0
2026-04-01T04:00,12.8,15.7,19.4,2.6,154.0
2026-04-01T05:00,13.7,16.9,22.7,2.3,149.0
2026-04-01T06:00,12.5,16.2,20.8,2.6,179.0
2026-04-01T07:00,12.5,16.4,18.2,3.1,228.0
2026-04-01T08:00,12.0,15.7,15.3,3.5,258.0
2026-04-01T09:00,12.5,17.1,12.2,3.7,251.0
2026-04-01T10:00,12.1,24.1,8.9,3.9,225.0
2026-04-01T11:00,13.7,31.5,6.3,3.9,203.0
2026-04-01T12:00,14.8,34.8,4.7,3.6,192.0
2026-04-01T13:00,14.5,34.1,3.8,3.1,184.0
2026-04-01T14:00,12.0,27.1,3.4,2.9,178.0
2026-04-01T15:00,10.3,21.5,3.3,3.0,173.0
2026-04-01T16:00,9.3,17.9,3.7,3.2,171.0
2026-04-01T17:00,6.4,8.3,6.9,6.0,176.0
2026-04-01T18:00,7.9,9.1,11.6,7.1,192.0
2026-04-01T19:00,10.0,10.8,18.0,8.6,215.0
2026-04-01T20:00,11.0,11.4,23.0,9.5,233.0
2026-04-01T21:00,10.4,10.8,25.1,9.2,243.0
2026-04-01T22:00,10.3,11.0,25.7,8.1,249.0
2026-04-01T23:00,10.7,11.6,25.6,7.0,247.0
2026-04-02T00:00,10.7,11.9,24.5,5.8,233.0
2026-04-02T01:00,10.4,12.0,22.6,4.4,211.0
2026-04-02T02:00,9.9,11.8,21.3,3.4,193.0
2026-04-02T03:00,9.6,11.8,21.3,2.8,178.0
2026-04-02T04:00,9.8,12.2,21.9,2.6,166.0
2026-04-02T05:00,8.7,12.0,17.5,1.8,170.0
2026-04-02T06:00,9.6,13.4,16.9,2.0,207.0
2026-04-02T07:00,11.0,15.3,15.8,2.4,260.0
2026-04-02T08:00,10.6,16.8,14.2,2.7,289.0
2026-04-02T09:00,12.1,20.4,11.4,3.1,269.0
2026-04-02T10:00,12.0,25.6,7.9,3.4,225.0
2026-04-02T11:00,10.5,22.5,5.2,3.7,190.0
2026-04-02T12:00,9.1,19.1,3.8,3.8,176.0
2026-04-02T13:00,8.9,17.4,3.1,3.9,171.0
2026-04-02T14:00,8.9,17.1,3.0,3.9,170.0
2026-04-02T15:00,8.3,15.2,3.0,3.9,173.0
2026-04-02T16:00,8.1,13.8,3.4,3.9,180.0
2026-04-02T17:00,10.9,17.9,5.7,5.4,188.0
2026-04-02T18:00,12.3,17.5,7.7,5.3,197.0
2026-04-02T19:00,11.9,16.7,10.6,5.1,207.0
2026-04-02T20:00,10.7,15.9,13.1,5.0,210.0
2026-04-02T21:00,11.1,16.6,14.6,4.9,202.0
2026-04-02T22:00,11.6,17.4,15.8,4.9,188.0
2026-04-02T23:00,12.4,18.6,17.0,5.0,176.0
2026-04-03T00:00,13.0,19.4,19.0,5.3,171.0
2026-04-03T01:00,15.5,23.7,21.1,5.6,168.0
2026-04-03T02:00,15.5,22.4,21.8,5.7,166.0
2026-04-03T03:00,14.1,18.9,20.1,5.4,161.0
2026-04-03T04:00,10.9,13.8,17.1,4.9,157.0
2026-04-03T05:00,9.6,12.8,17.1,4.5,160.0
2026-04-03T06:00,9.1,11.6,16.3,4.8,178.0
2026-04-03T07:00,9.9,12.0,15.1,5.2,204.0
2026-04-03T08:00,9.4,11.2,13.4,5.3,219.0
2026-04-03T09:00,6.3,9.5,10.6,4.8,215.0
2026-04-03T10:00,6.1,11.7,7.3,4.0,201.0
2026-04-03T11:00,6.8,13.9,4.8,3.3,187.0
2026-04-03T12:00,7.1,15.0,3.6,2.9,174.0
2026-04-03T13:00,7.4,15.8,3.1,2.6,160.0
2026-04-03T14:00,7.6,16.1,3.0,2.4,151.0
2026-04-03T15:00,7.6,16.0,3.0,2.2,151.0
2026-04-03T16:00,7.7,15.6,3.3,2.1,156.0
2026-04-03T17:00,11.7,23.0,4.4,1.8,161.0
2026-04-03T18:00,11.4,20.5,5.4,2.1,166.0
2026-04-03T19:00,11.0,18.5,6.8,2.6,171.0
2026-04-03T20:00,12.7,23.2,7.9,2.9,175.0
2026-04-03T21:00,17.1,34.5,8.4,3.0,179.0
2026-04-03T22:00,16.6,30.7,8.6,3.0,182.0
2026-04-03T23:00,16.2,28.3,8.6,3.0,180.0
2026-04-04T00:00,15.8,26.9,8.5,3.0,168.0
2026-04-04T01:00,14.3,23.1,8.1,2.9,151.0
2026-04-04T02:00,13.4,20.5,7.9,2.8,140.0
2026-04-04T03:00,12.5,18.3,7.8,2.7,141.0
2026-04-04T04:00,11.5,15.9,7.7,2.7,148.0
2026-04-04T05:00,9.0,13.6,4.9,2.0,159.0
2026-04-04T06:00,9.2,13.9,5.6,2.3,175.0
2026-04-04T07:00,9.6,14.5,6.6,2.7,194.0
2026-04-04T08:00,10.1,15.6,7.3,3.1,206.0
2026-04-04T09:00,10.4,16.1,7.5,3.6,205.0
2026-04-04T10:00,10.5,16.3,7.4,4.0,198.0
2026-04-04T11:00,10.0,15.8,6.9,4.1,189.0
2026-04-04T12:00,7.6,13.3,5.6,3.6,180.0
2026-04-04T13:00,5.4,9.2,4.0,2.7,169.0
2026-04-04T14:00,4.0,6.2,2.8,2.1,163.0
2026-04-04T15:00,3.7,5.5,2.1,1.8,162.0
2026-04-04T16:00,4.2,6.3,1.9,1.7,166.0
2026-04-04T17:00,8.1,12.3,4.7,2.8,177.0
2026-04-04T18:00,7.8,11.4,8.2,3.5,193.0
2026-04-04T19:00,9.7,12.6,13.3,4.5,215.0
2026-04-04T20:00,11.6,14.3,18.6,5.6,252.0
2026-04-04T21:00,13.3,15.8,24.4,6.9,326.0
2026-04-04T22:00,15.1,17.5,30.4,8.4,415.0
2026-04-04T23:00,17.2,19.6,34.9,9.1,453.0
2026-04-05T00:00,19.3,21.7,37.0,8.7,393.0
2026-04-05T01:00,19.6,21.7,37.6,7.6,283.0
2026-04-05T02:00,19.0,20.8,37.2,6.5,201.0
2026-04-05T03:00,18.2,19.9,36.1,5.4,179.0
2026-04-05T04:00,16.9,18.3,34.1,4.3,185.0
2026-04-05T05:00,14.0,15.8,27.6,3.6,198.0
2026-04-05T06:00,12.9,14.2,24.5,3.7,219.0
2026-04-05T07:00,13.4,14.5,20.1,3.9,248.0
2026-04-05T08:00,13.4,14.4,15.9,3.9,262.0
2026-04-05T09:00,11.2,13.0,12.2,3.8,248.0
2026-04-05T10:00,8.6,10.9,8.6,3.6,220.0
2026-04-05T11:00,7.1,9.2,5.8,3.3,194.0
2026-04-05T12:00,5.9,7.8,3.9,2.7,174.0
2026-04-05T13:00,4.8,6.7,2.6,2.0,155.0
2026-04-05T14:00,4.2,6.2,1.9,1.5,146.0
2026-04-05T15:00,4.0,6.1,0.9,1.3,148.0
2026-04-05T16:00,4.0,6.3,0.4,1.3,159.0
2026-04-05T17:00,3.4,5.2,3.1,2.0,177.0
2026-04-05T18:00,6.4,7.8,9.2,3.4,206.0
2026-04-05T19:00,10.2,11.6,17.7,5.2,242.0
2026-04-05T20:00,13.5,14.8,24.6,6.5,267.0
2026-04-05T21:00,14.6,15.7,28.5,6.7,274.0
2026-04-05T22:00,15.9,16.8,30.8,6.3,271.0
2026-04-05T23:00,16.4,17.0,31.3,5.7,257.0
2026-04-06T00:00,15.5,15.9,29.2,4.8,228.0
2026-04-06T01:00,14.3,14.8,25.4,3.6,189.0
2026-04-06T02:00,13.4,13.9,22.2,2.7,159.0
2026-04-06T03:00,12.8,13.3,20.4,2.2,144.0
2026-04-06T04:00,11.8,12.4,19.2,1.9,138.0
2026-04-06T05:00,10.0,11.3,16.7,2.6,145.0
2026-04-06T06:00,9.7,10.9,17.0,2.8,178.0
2026-04-06T07:00,10.2,11.4,17.2,3.0,225.0
2026-04-06T08:00,10.5,11.7,16.3,3.3,251.0
2026-04-06T09:00,10.4,13.1,13.3,3.8,236.0
2026-04-06T10:00,9.5,13.6,9.3,4.4,200.0
2026-04-06T11:00,9.3,14.1,6.0,4.7,172.0
2026-04-06T12:00,8.5,13.3,4.2,4.3,162.0
2026-04-06T13:00,8.0,12.7,3.1,3.5,159.0
2026-04-06T14:00,7.8,11.9,2.5,3.0,159.0
2026-04-06T15:00,7.9,11.7,2.3,2.9,158.0
2026-04-06T16:00,7.7,10.9,2.7,2.9,160.0
2026-04-06T17:00,10.5,13.6,5.1,4.4,167.0
2026-04-06T18:00,11.2,13.4,7.1,5.1,184.0
2026-04-06T19:00,12.4,14.3,10.1,6.1,207.0
2026-04-06T20:00,13.6,15.5,13.5,6.9,219.0
2026-04-06T21:00,15.8,17.9,17.6,7.4,212.0
2026-04-06T22:00,18.1,20.5,22.3,7.8,194.0
2026-04-06T23:00,20.0,23.1,26.3,8.0,179.0
2026-04-07T00:00,21.6,25.2,29.3,8.0,169.0
2026-04-07T01:00,22.6,26.4,31.7,7.9,160.0
2026-04-07T02:00,22.8,26.6,33.5,7.8,158.0
2026-04-07T03:00,22.7,27.0,35.2,7.8,166.0
2026-04-07T04:00,22.7,27.0,36.4,7.8,180.0
2026-04-07T05:00,13.4,17.5,8.8,2.4,192.0
2026-04-07T06:00,13.4,18.3,8.4,2.5,200.0
2026-04-07T07:00,13.8,18.9,7.9,2.7,207.0
2026-04-07T08:00,14.4,20.7,7.3,2.7,208.0
2026-04-07T09:00,13.8,19.9,6.6,2.4,202.0
2026-04-07T10:00,9.6,13.8,5.9,1.9,191.0
2026-04-07T11:00,7.5,10.7,5.2,1.6,181.0
2026-04-07T12:00,8.2,11.0,4.6,1.5,173.0
2026-04-07T13:00,7.9,11.2,4.2,1.5,166.0
2026-04-07T14:00,7.2,10.9,3.9,1.6,163.0
2026-04-07T15:00,7.0,10.7,3.8,1.6,168.0
2026-04-07T16:00,6.6,10.4,3.9,1.7,177.0
2026-04-07T17:00,8.1,13.3,4.3,1.8,184.0
2026-04-07T18:00,8.2,13.1,5.8,2.1,186.0
2026-04-07T19:00,8.9,13.4,7.9,2.5,185.0
2026-04-07T20:00,9.4,14.1,9.5,2.8,189.0
2026-04-07T21:00,9.9,14.6,10.0,3.0,202.0
2026-04-07T22:00,9.8,14.7,9.9,3.1,219.0
2026-04-07T23:00,9.8,15.1,9.8,3.1,230.0
2026-04-08T00:00,10.0,15.9,9.9,3.0,231.0
2026-04-08T01:00,10.3,16.6,9.9,2.9,225.0
2026-04-08T02:00,10.6,16.9,9.9,2.8,217.0
2026-04-08T03:00,10.9,17.3,9.6,2.8,201.0
2026-04-08T04:00,11.0,17.6,9.1,2.8,182.0
2026-04-08T05:00,8.5,12.7,8.8,1.9,175.0
2026-04-08T06:00,8.0,11.7,8.8,2.0,192.0
2026-04-08T07:00,7.9,11.2,8.8,2.2,220.0
2026-04-08T08:00,7.7,11.2,8.3,2.3,238.0
2026-04-08T09:00,7.4,11.3,7.0,2.1,233.0
2026-04-08T10:00,6.6,10.8,5.4,1.8,217.0
2026-04-08T11:00,5.6,10.0,4.1,1.6,203.0
2026-04-08T12:00,4.8,9.0,3.5,1.4,194.0
2026-04-08T13:00,4.6,8.6,3.4,1.3,187.0
2026-04-08T14:00,5.0,9.5,3.4,1.3,185.0
2026-04-08T15:00,4.7,9.0,3.2,1.3,184.0
2026-04-08T16:00,5.8,11.4,3.1,1.5,188.0
2026-04-08T17:00,5.2,9.8,5.4,1.9,209.0
2026-04-08T18:00,5.5,9.5,9.9,2.6,264.0
2026-04-08T19:00,9.6,13.4,16.3,3.6,337.0
2026-04-08T20:00,12.8,16.4,23.5,4.6,394.0
2026-04-08T21:00,16.7,20.4,32.4,5.8,425.0
2026-04-08T22:00,20.2,23.9,42.0,7.1,441.0
2026-04-08T23:00,21.8,25.1,47.7,7.6,437.0
2026-04-09T00:00,22.3,24.8,46.7,6.6,403.0
2026-04-09T01:00,22.1,24.0,41.9,4.8,349.0
2026-04-09T02:00,20.9,22.5,37.3,3.3,301.0
2026-04-09T03:00,19.4,20.8,34.4,2.5,262.0
2026-04-09T04:00,18.0,19.4,31.6,2.1,230.0
2026-04-09T05:00,13.6,15.4,28.2,2.4,218.0
2026-04-09T06:00,12.3,13.9,24.8,2.6,248.0
2026-04-09T07:00,12.4,13.9,20.0,2.9,300.0
2026-04-09T08:00,11.1,12.6,15.2,3.0,324.0
2026-04-09T09:00,6.7,9.6,10.6,2.7,291.0
2026-04-09T10:00,4.7,7.9,6.0,2.2,231.0
2026-04-09T11:00,3.8,6.5,2.7,1.8,184.0
2026-04-09T12:00,3.3,7.0,1.4,1.6,168.0
2026-04-09T13:00,3.2,7.4,1.3,1.4,166.0
2026-04-09T14:00,3.1,7.5,1.5,1.4,167.0
2026-04-09T15:00,3.2,7.5,0.7,1.3,159.0
2026-04-09T16:00,3.3,7.7,0.1,1.3,155.0
2026-04-09T17:00,4.2,8.2,2.8,1.7,181.0
2026-04-09T18:00,7.7,11.1,12.5,3.4,272.0
2026-04-09T19:00,15.1,18.5,25.8,5.7,393.0
2026-04-09T20:00,20.8,24.4,35.5,7.3,466.0
2026-04-09T21:00,23.1,26.6,38.2,7.5,446.0
2026-04-09T22:00,22.1,25.0,37.2,7.0,377.0
2026-04-09T23:00,19.8,22.1,35.4,6.3,315.0
2026-04-10T00:00,18.1,19.7,33.5,5.3,278.0
2026-04-10T01:00,16.9,18.2,30.8,4.1,248.0
2026-04-10T02:00,15.7,16.8,28.2,3.1,221.0
2026-04-10T03:00,14.1,15.3,26.0,2.6,189.0
2026-04-10T04:00,12.7,13.9,24.0,2.3,161.0
2026-04-10T05:00,12.1,13.2,24.1,2.1,158.0
2026-04-10T06:00,11.5,12.8,21.1,2.3,206.0
2026-04-10T07:00,11.6,13.1,16.9,2.6,280.0
2026-04-10T08:00,12.0,13.3,13.1,3.0,324.0
2026-04-10T09:00,11.5,13.7,10.4,3.6,309.0
2026-04-10T10:00,8.8,12.3,8.3,4.4,264.0
2026-04-10T11:00,7.5,10.9,6.4,4.7,223.0
2026-04-10T12:00,6.3,9.0,4.7,4.2,194.0
2026-04-10T13:00,5.5,8.0,3.3,3.2,168.0
2026-04-10T14:00,5.4,8.1,2.5,2.6,152.0
2026-04-10T15:00,5.6,8.1,2.0,2.5,149.0
2026-04-10T16:00,5.6,8.0,2.0,2.6,156.0
2026-04-10T17:00,4.6,6.2,3.9,3.5,175.0
2026-04-10T18:00,5.3,6.3,7.8,4.4,212.0
2026-04-10T19:00,6.3,7.1,13.4,5.7,261.0
2026-04-10T20:00,9.3,10.0,19.2,6.7,302.0
2026-04-10T21:00,13.4,14.2,25.8,7.5,333.0
2026-04-10T22:00,16.1,16.9,32.6,8.0,356.0
2026-04-10T23:00,17.2,18.2,36.1,7.9,353.0
2026-04-11T00:00,15.9,17.3,33.4,6.8,303.0
2026-04-11T01:00,14.7,16.4,27.3,5.0,226.0
2026-04-11T02:00,14.2,16.1,22.8,3.6,170.0
2026-04-11T03:00,13.8,15.6,22.2,2.8,153.0
2026-04-11T04:00,13.1,15.0,23.2,2.3,155.0
2026-04-11T05:00,10.8,12.4,14.9,1.2,169.0
2026-04-11T06:00,11.8,13.5,14.5,1.5,201.0
2026-04-11T07:00,13.3,14.8,13.7,2.0,245.0
2026-04-11T08:00,12.5,14.3,12.2,2.3,266.0
2026-04-11T09:00,9.0,12.1,9.2,2.2,244.0
2026-04-11T10:00,6.6,10.2,5.5,2.0,200.0
2026-04-11T11:00,5.8,9.3,2.7,1.9,166.0
2026-04-11T12:00,5.4,8.6,1.6,2.1,156.0
2026-04-11T13:00,5.5,8.8,1.5,2.3,155.0
2026-04-11T14:00,5.9,9.3,1.7,2.6,158.0
2026-04-11T15:00,6.3,9.6,1.3,2.7,157.0
2026-04-11T16:00,6.7,10.0,1.2,2.7,159.0
2026-04-11T17:00,6.9,13.4,3.3,2.5,175.0
2026-04-11T18:00,7.9,13.4,7.7,3.5,221.0
2026-04-11T19:00,9.3,14.1,13.9,4.9,281.0
2026-04-11T20:00,13.9,18.2,19.3,5.9,325.0
2026-04-11T21:00,18.7,22.8,23.5,6.1,339.0
2026-04-11T22:00,20.1,24.2,27.1,5.8,335.0
2026-04-11T23:00,20.0,24.2,28.8,5.3,324.0
2026-04-12T00:00,19.9,24.3,27.6,4.5,304.0
2026-04-12T01:00,19.5,24.0,24.6,3.4,277.0
2026-04-12T02:00,18.6,23.4,22.3,2.6,250.0
2026-04-12T03:00,17.8,22.3,21.9,2.1,219.0
2026-04-12T04:00,16.9,20.9,22.1,1.9,189.0
2026-04-12T05:00,14.2,17.3,15.7,1.4,185.0
2026-04-12T06:00,13.6,16.9,14.6,1.7,237.0
2026-04-12T07:00,13.9,17.0,13.1,2.2,315.0
2026-04-12T08:00,14.0,17.0,11.2,2.5,353.0
2026-04-12T09:00,11.8,18.2,8.7,2.5,310.0
2026-04-12T10:00,9.3,17.5,5.9,2.5,227.0
2026-04-12T11:00,8.6,16.2,3.7,2.4,166.0
2026-04-12T12:00,8.3,16.0,2.6,2.4,152.0
2026-04-12T13:00,8.6,17.3,2.1,2.5,159.0
2026-04-12T14:00,8.6,17.6,1.9,2.5,168.0
2026-04-12T15:00,9.2,19.7,1.7,2.4,167.0
2026-04-12T16:00,9.3,19.7,1.7,2.3,168.0
2026-04-12T17:00,10.8,24.5,2.8,2.1,182.0
2026-04-12T18:00,12.2,22.5,7.8,3.2,219.0
2026-04-12T19:00,14.3,23.2,14.6,4.6,269.0
2026-04-12T20:00,16.8,23.9,20.1,5.6,320.0
2026-04-12T21:00,17.4,23.2,22.9,5.8,380.0
2026-04-12T22:00,17.8,22.5,24.3,5.5,441.0
2026-04-12T23:00,17.9,21.9,24.6,5.1,461.0
2026-04-13T00:00,17.6,21.3,23.6,4.5,407.0
2026-04-13T01:00,16.8,20.3,21.5,3.7,312.0
2026-04-13T02:00,15.8,19.2,19.5,3.1,233.0
2026-04-13T03:00,14.8,18.1,18.2,2.6,186.0
2026-04-13T04:00,14.0,17.3,17.1,2.3,154.0
2026-04-13T05:00,13.8,16.7,13.5,1.4,150.0
2026-04-13T06:00,13.2,16.5,12.7,1.7,197.0
2026-04-13T07:00,12.7,15.9,11.5,2.0,270.0
2026-04-13T08:00,11.8,16.3,10.1,2.4,311.0
2026-04-13T09:00,11.0,17.4,8.5,2.8,283.0
2026-04-13T10:00,11.4,24.4,6.6,3.2,222.0
2026-04-13T11:00,12.2,28.6,5.0,3.3,175.0
2026-04-13T12:00,11.9,27.9,3.6,2.9,162.0
2026-04-13T13:00,11.5,27.5,2.4,2.3,164.0
2026-04-13T14:00,10.4,25.0,1.9,1.9,166.0
2026-04-13T15:00,9.8,22.9,2.0,1.7,162.0
2026-04-13T16:00,9.5,21.5,2.8,1.8,158.0
2026-04-13T17:00,6.8,11.9,4.0,3.0,161.0
2026-04-13T18:00,8.1,11.7,6.5,4.2,177.0
2026-04-13T19:00,9.0,11.7,10.0,5.9,200.0
2026-04-13T20:00,9.3,11.3,13.3,7.1,220.0
2026-04-13T21:00,9.5,11.2,16.0,7.6,232.0
2026-04-13T22:00,10.1,11.7,18.4,7.6,241.0
2026-04-13T23:00,11.2,12.7,20.1,7.3,246.0
2026-04-14T00:00,11.8,13.1,20.7,6.4,248.0
2026-04-14T01:00,11.7,13.0,20.7,5.0,246.0
2026-04-14T02:00,11.2,12.7,20.4,3.9,238.0
2026-04-14T03:00,10.8,12.5,20.3,3.2,214.0
2026-04-14T04:00,10.4,12.3,20.0,2.8,184.0
2026-04-14T05:00,11.3,12.3,23.0,2.6,175.0
2026-04-14T06:00,10.7,12.0,20.4,2.8,211.0
2026-04-14T07:00,10.9,12.3,16.7,3.1,267.0
2026-04-14T08:00,10.2,12.0,13.2,3.4,297.0
2026-04-14T09:00,10.0,12.9,10.3,3.8,272.0
2026-04-14T10:00,8.5,12.7,7.6,4.2,221.0
2026-04-14T11:00,7.3,11.8,5.4,4.3,181.0
2026-04-14T12:00,6.6,11.4,3.7,3.7,166.0
2026-04-14T13:00,6.4,11.5,2.4,2.7,162.0
2026-04-14T14:00,6.3,11.8,1.7,1.9,162.0
2026-04-14T15:00,6.2,12.1,1.1,1.5,164.0
2026-04-14T16:00,6.3,12.3,1.2,1.4,170.0
2026-04-14T17:00,4.8,9.3,3.7,1.7,182.0
2026-04-14T18:00,8.3,12.1,11.8,3.2,200.0
2026-04-14T19:00,12.9,16.6,23.0,5.3,222.0
2026-04-14T20:00,16.9,20.7,31.7,6.8,248.0
2026-04-14T21:00,20.1,24.2,36.2,7.2,285.0
2026-04-14T22:00,21.9,25.7,38.1,7.1,324.0
2026-04-14T23:00,21.6,24.4,37.2,6.5,340.0
2026-04-15T00:00,18.5,21.0,31.8,5.3,311.0
2026-04-15T01:00,14.9,17.8,23.6,3.6,258.0
2026-04-15T02:00,13.0,16.1,17.0,2.4,215.0
2026-04-15T03:00,11.9,15.0,13.9,1.9,194.0
2026-04-15T04:00,11.1,14.1,12.5,1.8,182.0
2026-04-15T05:00,13.2,18.2,15.1,2.1,178.0
2026-04-15T06:00,8.8,13.6,13.8,2.6,184.0
2026-04-15T07:00,9.1,17.3,11.8,3.2,197.0
2026-04-15T08:00,10.3,22.0,9.8,3.5,203.0
2026-04-15T09:00,9.8,23.4,7.7,3.2,194.0
2026-04-15T10:00,9.8,25.4,5.4,2.7,177.0
2026-04-15T11:00,13.8,39.7,3.7,2.2,164.0
2026-04-15T12:00,18.4,55.1,2.8,2.0,157.0
2026-04-15T13:00,16.1,47.4,2.4,1.9,154.0
2026-04-15T14:00,16.4,49.1,2.2,1.9,154.0
2026-04-15T15:00,16.2,48.8,2.1,1.9,159.0
2026-04-15T16:00,15.6,47.8,2.3,1.8,168.0
2026-04-15T17:00,18.6,56.9,4.0,1.8,176.0
2026-04-15T18:00,19.4,56.0,4.4,1.9,182.0
2026-04-15T19:00,18.0,51.5,5.1,2.0,186.0
2026-04-15T20:00,17.0,52.5,6.0,2.2,191.0
2026-04-15T21:00,16.8,49.9,7.3,2.5,198.0
2026-04-15T22:00,15.0,42.1,8.9,3.0,205.0
2026-04-15T23:00,13.6,36.2,10.5,3.3,205.0
2026-04-16T00:00,13.0,33.1,12.2,3.5,193.0
2026-04-16T01:00,13.0,32.2,13.8,3.7,174.0
2026-04-16T02:00,13.4,32.4,15.1,3.8,161.0
2026-04-16T03:00,13.5,32.1,16.0,3.9,159.0
2026-04-16T04:00,13.6,32.8,16.4,4.0,163.0
2026-04-16T05:00,14.1,36.0,20.8,3.6,171.0
2026-04-16T06:00,14.5,37.8,18.2,4.2,188.0
2026-04-16T07:00,15.1,38.1,14.4,4.9,210.0
2026-04-16T08:00,15.3,43.0,11.1,5.2,221.0
2026-04-16T09:00,16.8,54.8,8.5,4.7,211.0
2026-04-16T10:00,16.8,54.8,6.2,3.8,191.0
2026-04-16T11:00,17.1,53.9,4.7,3.1,175.0
2026-04-16T12:00,19.7,64.0,4.2,2.7,171.0
2026-04-16T13:00,17.8,53.0,4.3,2.6,172.0
2026-04-16T14:00,16.9,45.1,4.6,2.5,173.0
2026-04-16T15:00,16.5,39.1,4.6,2.6,171.0
2026-04-16T16:00,17.1,41.3,4.7,2.8,168.0
2026-04-16T17:00,23.7,56.2,3.7,2.7,170.0
2026-04-16T18:00,22.6,46.3,5.0,2.7,181.0
2026-04-16T19:00,22.3,43.0,6.9,2.7,195.0
2026-04-16T20:00,21.0,39.2,8.1,2.6,204.0
2026-04-16T21:00,19.3,35.7,8.2,2.4,202.0
2026-04-16T22:00,18.2,35.4,7.7,2.1,193.0
2026-04-16T23:00,16.9,33.6,7.3,1.9,185.0
2026-04-17T00:00,16.2,37.5,7.3,1.7,178.0
2026-04-17T01:00,16.6,47.0,7.5,1.6,172.0
2026-04-17T02:00,17.3,57.4,7.5,1.5,168.0
2026-04-17T03:00,18.2,66.8,7.2,1.5,166.0
2026-04-17T04:00,18.7,72.2,6.7,1.7,166.0
2026-04-17T05:00,19.5,74.0,6.5,1.7,172.0
2026-04-17T06:00,19.3,71.9,6.7,1.9,190.0
2026-04-17T07:00,19.0,67.8,6.9,2.1,212.0
2026-04-17T08:00,20.4,73.8,6.7,2.2,224.0
2026-04-17T09:00,19.2,71.0,5.5,2.1,213.0
2026-04-17T10:00,18.2,65.7,3.9,1.8,192.0
2026-04-17T11:00,17.3,59.3,2.7,1.6,174.0
2026-04-17T12:00,17.5,59.5,2.2,1.5,166.0
2026-04-17T13:00,18.6,65.7,2.1,1.5,163.0
2026-04-17T14:00,18.7,65.7,2.2,1.5,162.0
2026-04-17T15:00,16.5,58.6,1.9,1.5,160.0
2026-04-17T16:00,17.2,62.4,1.9,1.4,160.0
2026-04-17T17:00,21.2,84.5,2.7,1.3,177.0
2026-04-17T18:00,21.3,77.1,6.8,2.1,229.0
2026-04-17T19:00,23.5,71.9,12.5,3.3,297.0
2026-04-17T20:00,25.5,75.2,16.7,4.2,334.0
2026-04-17T21:00,25.6,73.3,17.8,4.6,309.0
2026-04-17T22:00,24.9,68.9,17.4,4.7,252.0
2026-04-17T23:00,23.4,61.0,16.8,4.7,208.0
2026-04-18T00:00,21.4,52.6,16.1,4.6,194.0
2026-04-18T01:00,19.8,45.6,15.1,4.4,191.0
2026-04-18T02:00,18.5,40.0,14.7,4.2,191.0
2026-04-18T03:00,17.5,35.2,15.7,4.1,188.0
2026-04-18T04:00,16.4,30.4,17.3,4.1,187.0
2026-04-18T05:00,15.1,26.4,17.7,3.2,193.0
2026-04-18T06:00,15.0,26.0,16.3,3.4,216.0
2026-04-18T07:00,15.4,25.8,14.4,3.6,245.0
2026-04-18T08:00,17.8,32.5,12.2,3.8,260.0
2026-04-18T09:00,19.6,47.6,9.8,4.0,245.0
2026-04-18T10:00,19.7,54.8,7.1,4.3,214.0
2026-04-18T11:00,15.9,45.8,5.0,4.2,189.0
2026-04-18T12:00,13.7,38.2,3.6,3.6,177.0
2026-04-18T13:00,12.9,34.8,2.7,2.8,171.0
2026-04-18T14:00,12.2,32.5,2.2,2.2,168.0
2026-04-18T15:00,11.7,30.6,1.9,2.1,166.0
2026-04-18T16:00,11.2,28.8,2.0,2.2,167.0
2026-04-18T17:00,9.7,23.3,3.0,3.1,174.0
2026-04-18T18:00,10.3,20.5,5.4,3.7,192.0
2026-04-18T19:00,11.5,19.4,8.7,4.7,215.0
2026-04-18T20:00,11.8,18.5,11.3,5.6,235.0
2026-04-18T21:00,11.4,17.3,12.2,6.6,247.0
2026-04-18T22:00,11.5,17.1,12.4,7.6,254.0
2026-04-18T23:00,12.1,18.0,12.8,8.3,258.0
2026-04-19T00:00,12.7,19.1,13.5,8.5,256.0
2026-04-19T01:00,13.4,20.7,14.3,8.4,250.0
2026-04-19T02:00,14.4,22.2,15.8,8.0,247.0
2026-04-19T03:00,15.5,23.2,19.0,7.1,250.0
2026-04-19T04:00,16.6,24.1,22.8,6.0,256.0
2026-04-19T05:00,17.9,23.0,21.1,3.4,267.0
2026-04-19T06:00,18.0,23.3,18.6,3.8,291.0
2026-04-19T07:00,18.5,23.3,15.1,4.3,320.0
2026-04-19T08:00,19.2,24.6,11.7,4.7,326.0
2026-04-19T09:00,18.6,28.5,8.8,5.1,287.0
2026-04-19T10:00,14.8,26.5,6.0,5.5,224.0
2026-04-19T11:00,10.6,21.8,3.9,5.5,177.0
2026-04-19T12:00,9.4,19.4,2.7,4.8,162.0
2026-04-19T13:00,9.1,19.0,2.1,3.8,163.0
2026-04-19T14:00,9.0,19.0,1.8,3.0,165.0
2026-04-19T15:00,9.2,19.2,1.4,2.7,162.0
2026-04-19T16:00,9.3,19.3,1.2,2.7,160.0
2026-04-19T17:00,9.1,18.3,2.6,2.9,166.0
2026-04-19T18:00,11.4,18.9,11.9,4.4,187.0
2026-04-19T19:00,19.8,27.6,24.9,6.4,215.0
2026-04-19T20:00,26.4,34.5,35.4,7.8,234.0
2026-04-19T21:00,30.6,38.4,41.8,8.3,237.0
2026-04-19T22:00,31.9,39.1,45.8,8.1,231.0
2026-04-19T23:00,31.1,36.7,46.4,7.6,222.0
2026-04-20T00:00,28.3,32.0,42.0,6.4,209.0
2026-04-20T01:00,24.4,27.4,34.3,4.8,193.0
2026-04-20T02:00,20.8,24.0,27.5,3.5,180.0
2026-04-20T03:00,18.2,21.7,23.0,2.8,169.0
2026-04-20T04:00,16.5,19.9,19.3,2.3,161.0
2026-04-20T05:00,17.5,21.0,16.3,2.5,165.0
2026-04-20T06:00,15.7,19.0,14.9,2.6,192.0
2026-04-20T07:00,14.8,17.8,13.0,2.7,231.0
2026-04-20T08:00,14.1,17.3,10.8,2.8,254.0
2026-04-20T09:00,11.2,17.2,8.4,2.9,247.0
2026-04-20T10:00,9.0,17.4,5.8,3.1,224.0
2026-04-20T11:00,8.0,16.2,3.7,3.0,203.0
2026-04-20T12:00,7.3,15.3,2.5,2.5,187.0
2026-04-20T13:00,6.9,14.6,1.8,1.9,172.0
2026-04-20T14:00,6.6,13.9,1.6,1.4,162.0
2026-04-20T15:00,6.4,13.4,1.0,1.1,156.0
2026-04-20T16:00,6.2,12.9,0.9,1.0,154.0
2026-04-20T17:00,4.5,7.0,3.9,1.4,165.0
2026-04-20T18:00,7.3,9.8,10.8,2.5,194.0
2026-04-20T19:00,11.5,14.2,20.2,4.1,236.0
2026-04-20T20:00,14.0,16.8,27.1,5.2,281.0
2026-04-20T21:00,15.7,18.3,29.2,5.4,343.0
2026-04-20T22:00,15.5,17.8,28.8,5.2,407.0
2026-04-20T23:00,14.3,16.7,27.2,4.7,425.0
2026-04-21T00:00,12.6,14.8,24.2,4.0,352.0
2026-04-21T01:00,10.7,12.4,20.0,3.2,233.0
2026-04-21T02:00,9.1,11.0,16.5,2.5,145.0
2026-04-21T03:00,7.8,10.3,14.3,2.2,125.0
2026-04-21T04:00,7.0,9.9,12.8,2.0,138.0
2026-04-21T05:00,8.1,16.6,9.3,2.3,154.0
2026-04-21T06:00,8.0,17.6,9.3,2.4,170.0
2026-04-21T07:00,8.4,16.9,9.2,2.6,190.0
2026-04-21T08:00,8.8,15.7,8.6,2.7,199.0
2026-04-21T09:00,9.7,17.2,7.1,2.7,185.0
2026-04-21T10:00,10.4,21.7,5.2,2.6,160.0
2026-04-21T11:00,11.0,24.7,3.6,2.5,141.0
2026-04-21T12:00,11.1,26.9,2.5,2.2,135.0
2026-04-21T13:00,10.6,27.8,1.7,1.7,136.0
2026-04-21T14:00,9.7,27.5,1.5,1.5,140.0
2026-04-21T15:00,10.2,30.0,1.9,1.6,143.0
2026-04-21T16:00,11.1,32.7,2.9,1.8,149.0
2026-04-21T17:00,11.4,26.0,6.7,2.0,167.0
2026-04-21T18:00,13.6,32.7,7.8,2.2,211.0
2026-04-21T19:00,16.0,40.9,9.4,2.4,268.0
2026-04-21T20:00,18.2,48.3,11.7,2.7,303.0
2026-04-21T21:00,19.7,53.1,15.6,3.2,298.0
2026-04-21T22:00,21.2,57.9,20.2,3.7,272.0
2026-04-21T23:00,23.0,58.3,22.9,4.0,245.0
2026-04-22T00:00,22.9,56.3,22.2,3.8,222.0
2026-04-22T01:00,21.0,50.3,19.6,3.5,197.0
2026-04-22T02:00,21.3,49.7,17.3,3.1,177.0
2026-04-22T03:00,18.6,40.9,16.0,2.9,157.0
2026-04-22T04:00,16.4,34.7,15.0,2.7,142.0
2026-04-22T05:00,12.6,24.0,11.5,2.1,151.0
2026-04-22T06:00,11.5,20.2,11.7,2.2,213.0
2026-04-22T07:00,10.8,17.2,11.8,2.5,300.0
2026-04-22T08:00,10.3,16.4,11.5,2.7,343.0
2026-04-22T09:00,11.3,18.1,10.3,3.0,300.0
2026-04-22T10:00,12.0,23.3,8.6,3.4,213.0
2026-04-22T11:00,12.8,30.7,7.3,3.6,149.0
2026-04-22T12:00,13.9,35.6,6.4,3.4,135.0
2026-04-22T13:00,17.0,44.4,5.8,3.1,142.0
2026-04-22T14:00,16.2,38.3,5.9,2.9,153.0
2026-04-22T15:00,16.1,38.1,6.6,2.9,163.0
2026-04-22T16:00,15.9,35.9,8.0,3.1,176.0
2026-04-22T17:00,21.8,50.5,8.3,2.9,185.0
2026-04-22T18:00,21.9,45.2,9.4,3.3,185.0
2026-04-22T19:00,21.2,40.2,11.1,3.8,181.0
2026-04-22T20:00,20.1,34.8,13.4,4.2,182.0
2026-04-22T21:00,19.6,30.9,17.3,4.4,196.0
2026-04-22T22:00,19.7,29.4,21.8,4.5,214.0
2026-04-22T23:00,20.9,30.3,24.7,4.5,220.0
2026-04-23T00:00,21.1,29.8,24.7,4.6,200.0
2026-04-23T01:00,19.4,28.5,23.0,4.6,168.0
2026-04-23T02:00,19.1,28.3,20.9,4.4,145.0
2026-04-23T03:00,16.1,24.9,18.4,3.8,140.0
2026-04-23T04:00,14.8,22.7,15.6,3.0,144.0
2026-04-23T05:00,13.1,20.8,11.4,2.1,152.0
2026-04-23T06:00,12.9,21.2,10.2,2.2,164.0
2026-04-23T07:00,13.0,21.8,8.4,2.2,180.0
2026-04-23T08:00,12.2,22.6,6.7,2.3,190.0
2026-04-23T09:00,11.5,21.6,5.2,2.4,188.0
2026-04-23T10:00,11.8,21.7,3.8,2.4,181.0
2026-04-23T11:00,10.9,20.3,2.8,2.4,174.0
2026-04-23T12:00,7.7,17.0,2.2,2.2,169.0
2026-04-23T13:00,7.9,17.4,1.9,1.8,164.0
2026-04-23T14:00,9.7,19.8,1.9,1.6,163.0
2026-04-23T15:00,9.9,19.8,1.8,1.6,165.0
2026-04-23T16:00,9.4,18.7,2.1,1.7,170.0
2026-04-23T17:00,8.4,19.4,2.9,1.7,181.0
2026-04-23T18:00,10.0,19.2,6.1,2.5,206.0
2026-04-23T19:00,12.2,21.5,10.7,3.5,237.0
2026-04-23T20:00,16.0,26.5,16.0,4.6,258.0
2026-04-23T21:00,19.2,30.2,22.5,5.7,258.0
2026-04-23T22:00,21.2,32.1,29.6,6.8,247.0
2026-04-23T23:00,23.2,33.3,34.8,7.3,240.0
2026-04-24T00:00,24.0,32.8,36.8,6.6,244.0
2026-04-24T01:00,23.8,30.6,36.9,5.3,252.0
2026-04-24T02:00,22.5,27.4,35.8,4.1,259.0
2026-04-24T03:00,20.3,23.7,33.5,3.3,263.0
2026-04-24T04:00,17.3,20.0,30.1,2.7,266.0
2026-04-24T05:00,15.7,18.2,28.4,2.5,269.0
2026-04-24T06:00,13.9,16.3,24.0,2.8,276.0
2026-04-24T07:00,12.3,14.6,17.8,3.1,282.0
2026-04-24T08:00,10.9,13.0,12.5,3.4,276.0
2026-04-24T09:00,9.5,13.2,8.8,3.5,245.0
2026-04-24T10:00,7.9,13.3,6.0,3.6,201.0
2026-04-24T11:00,6.7,11.8,3.9,3.4,168.0
2026-04-24T12:00,5.8,10.2,2.6,2.9,159.0
2026-04-24T13:00,5.1,9.0,2.1,2.3,161.0
2026-04-24T14:00,4.4,8.1,1.9,1.8,164.0
2026-04-24T15:00,4.0,7.6,1.7,1.6,160.0
2026-04-24T16:00,4.0,7.3,1.9,1.6,158.0
2026-04-24T17:00,5.1,11.7,3.1,1.5,171.0
2026-04-24T18:00,7.7,12.4,9.0,2.7,216.0
2026-04-24T19:00,11.4,16.4,17.2,4.4,277.0
2026-04-24T20:00,14.0,18.9,23.4,5.6,323.0
2026-04-24T21:00,14.3,18.3,25.8,5.9,345.0
2026-04-24T22:00,13.5,16.5,26.3,5.6,352.0
2026-04-24T23:00,13.9,15.9,26.3,5.2,341.0
2026-04-25T00:00,13.5,14.9,26.3,4.6,302.0
2026-04-25T01:00,12.5,13.6,25.8,3.7,245.0
2026-04-25T02:00,11.2,12.3,25.0,3.0,198.0
2026-04-25T03:00,9.9,11.1,23.9,2.5,168.0
2026-04-25T04:00,8.8,10.0,22.5,2.2,149.0
2026-04-25T05:00,8.1,9.3,19.4,2.1,149.0
2026-04-25T06:00,7.3,8.8,17.5,2.3,188.0
2026-04-25T07:00,6.8,8.3,14.9,2.7,246.0
2026-04-25T08:00,7.6,9.2,12.0,2.8,278.0
2026-04-25T09:00,8.4,10.7,8.8,2.6,254.0
2026-04-25T10:00,6.3,10.4,5.4,2.3,203.0
2026-04-25T11:00,5.3,9.4,2.8,1.9,163.0
2026-04-25T12:00,4.5,8.7,1.6,1.6,148.0
2026-04-25T13:00,4.1,8.3,1.2,1.3,144.0
2026-04-25T14:00,3.7,7.9,1.3,1.1,143.0
2026-04-25T15:00,3.6,7.5,1.0,1.1,137.0
2026-04-25T16:00,3.7,7.6,1.1,1.2,135.0
2026-04-25T17:00,3.0,4.3,3.6,1.8,152.0
2026-04-25T18:00,5.4,6.7,8.2,2.4,211.0
2026-04-25T19:00,7.9,9.3,14.6,3.2,291.0
2026-04-25T20:00,9.4,10.7,19.7,3.7,339.0
2026-04-25T21:00,9.9,11.0,22.4,3.7,328.0
2026-04-25T22:00,9.9,10.8,23.9,3.4,287.0
2026-04-25T23:00,9.3,10.2,23.9,3.1,247.0
2026-04-26T00:00,8.0,8.9,21.9,2.7,218.0
2026-04-26T01:00,6.8,7.8,18.5,2.2,190.0
2026-04-26T02:00,6.1,7.1,15.6,1.8,169.0
2026-04-26T03:00,5.5,6.5,14.1,1.6,151.0
2026-04-26T04:00,5.1,6.0,13.2,1.6,139.0
2026-04-26T05:00,4.1,5.2,10.2,1.5,147.0
2026-04-26T06:00,4.5,5.6,10.6,1.7,196.0
2026-04-26T07:00,5.4,6.6,11.1,2.1,264.0
2026-04-26T08:00,7.2,8.4,10.7,2.3,301.0
2026-04-26T09:00,8.4,10.4,8.5,2.3,274.0
2026-04-26T10:00,7.7,11.8,5.4,2.2,216.0
2026-04-26T11:00,6.7,11.8,3.0,2.1,169.0
2026-04-26T12:00,6.0,12.3,2.1,1.9,150.0
2026-04-26T13:00,6.1,13.4,1.9,1.6,143.0
2026-04-26T14:00,6.3,14.2,2.0,1.5,143.0
2026-04-26T15:00,6.2,14.0,1.5,1.6,151.0
2026-04-26T16:00,6.9,15.8,1.2,1.8,165.0
2026-04-26T17:00,9.4,27.2,3.2,2.5,179.0
2026-04-26T18:00,11.2,26.8,6.3,2.9,191.0
2026-04-26T19:00,13.6,27.1,10.4,3.5,202.0
2026-04-26T20:00,12.4,23.8,12.8,3.9,205.0
2026-04-26T21:00,9.2,17.2,11.8,3.9,196.0
2026-04-26T22:00,6.8,11.7,9.1,3.7,180.0
2026-04-26T23:00,5.3,8.1,7.1,3.6,166.0
2026-04-27T00:00,4.1,5.8,6.4,3.6,158.0
2026-04-27T01:00,3.6,5.0,6.5,3.7,153.0
2026-04-27T02:00,3.8,5.5,7.4,3.7,151.0
2026-04-27T03:00,4.7,7.4,10.2,3.7,153.0
2026-04-27T04:00,6.4,10.0,14.0,3.6,159.0
2026-04-27T05:00,9.5,13.4,17.7,2.6,168.0
2026-04-27T06:00,10.5,14.5,16.4,2.9,183.0
2026-04-27T07:00,11.6,15.4,14.4,3.2,201.0
2026-04-27T08:00,11.8,15.8,12.3,3.7,211.0
2026-04-27T09:00,10.7,14.5,9.8,4.3,204.0
2026-04-27T10:00,10.5,14.1,7.1,5.0,188.0
2026-04-27T11:00,10.8,15.3,4.9,5.6,178.0
2026-04-27T12:00,10.2,16.4,3.6,6.2,182.0
2026-04-27T13:00,9.9,18.5,2.8,6.7,193.0
2026-04-27T14:00,10.9,21.5,2.4,7.1,199.0
2026-04-27T15:00,11.3,22.9,2.0,7.3,196.0
2026-04-27T16:00,11.3,23.2,1.9,7.3,189.0
2026-04-27T17:00,3.8,5.2,3.3,7.3,185.0
2026-04-27T18:00,4.5,5.8,5.8,7.8,187.0
2026-04-27T19:00,5.8,6.6,9.4,8.4,192.0
2026-04-27T20:00,6.7,7.1,13.2,9.0,203.0
2026-04-27T21:00,7.4,7.6,17.2,9.6,225.0
2026-04-27T22:00,9.3,9.6,21.3,10.2,252.0
2026-04-27T23:00,12.2,12.9,24.7,10.2,267.0
2026-04-28T00:00,15.0,16.2,27.1,9.1,258.0
2026-04-28T01:00,16.9,18.3,28.8,7.4,237.0
2026-04-28T02:00,17.6,18.9,29.6,5.9,216.0
2026-04-28T03:00,17.3,18.6,29.7,5.0,197.0
2026-04-28T04:00,16.5,17.8,29.1,4.4,180.0
2026-04-28T05:00,15.6,17.8,27.5,2.9,171.0
2026-04-28T06:00,15.7,17.9,23.8,3.2,180.0
2026-04-28T07:00,16.0,18.6,18.6,3.6,199.0
2026-04-28T08:00,15.3,17.6,13.7,4.2,210.0
2026-04-28T09:00,9.4,10.6,9.7,5.2,205.0
2026-04-28T10:00,4.9,5.1,6.0,6.3,194.0
2026-04-28T11:00,4.3,4.6,3.3,7.0,184.0
2026-04-28T12:00,4.8,5.9,2.0,6.8,181.0
2026-04-28T13:00,5.4,7.8,1.8,6.1,180.0
2026-04-28T14:00,5.8,9.4,1.8,5.4,179.0
2026-04-28T15:00,6.3,10.3,1.4,4.9,174.0
2026-04-28T16:00,7.1,11.6,1.4,4.6,170.0
2026-04-28T17:00,5.6,10.8,3.2,4.0,174.0
2026-04-28T18:00,7.9,12.5,7.1,4.2,194.0
2026-04-28T19:00,10.7,16.1,12.5,4.5,224.0
2026-04-28T20:00,13.9,20.9,17.1,4.7,249.0
2026-04-28T21:00,16.2,23.8,20.3,4.7,269.0
2026-04-28T22:00,17.9,26.0,22.7,4.5,284.0
2026-04-28T23:00,19.4,27.2,23.8,4.2,287.0
2026-04-29T00:00,20.0,26.7,22.8,3.6,266.0
2026-04-29T01:00,19.8,25.4,20.4,2.8,233.0
2026-04-29T02:00,19.6,24.5,18.7,2.2,208.0
2026-04-29T03:00,19.4,23.8,18.7,1.8,202.0
2026-04-29T04:00,19.2,23.1,19.4,1.5,205.0
2026-04-29T05:00,16.1,18.7,17.4,1.7,211.0
2026-04-29T06:00,15.9,18.7,16.2,2.1,221.0
2026-04-29T07:00,15.0,18.2,14.5,2.7,233.0
2026-04-29T08:00,13.5,16.5,12.2,3.2,236.0
2026-04-29T09:00,8.2,13.0,8.9,3.4,220.0
2026-04-29T10:00,6.4,11.2,5.2,3.4,194.0
2026-04-29T11:00,5.5,9.6,2.4,3.4,174.0
2026-04-29T12:00,5.0,8.1,1.4,3.4,167.0
2026-04-29T13:00,4.6,6.8,1.3,3.4,167.0
2026-04-29T14:00,4.3,6.0,1.5,3.3,167.0
2026-04-29T15:00,4.2,5.6,0.8,3.1,165.0
2026-04-29T16:00,4.1,5.6,0.3,3.0,164.0
2026-04-29T17:00,8.8,16.6,2.5,3.0,169.0
2026-04-29T18:00,9.8,16.4,9.9,3.9,180.0
2026-04-29T19:00,15.0,21.4,20.0,5.2,196.0
2026-04-29T20:00,19.3,26.1,27.2,6.0,221.0
2026-04-29T21:00,21.8,28.4,28.5,6.0,266.0
2026-04-29T22:00,20.6,27.1,26.8,5.5,319.0
2026-04-29T23:00,20.7,27.1,25.2,4.9,346.0
2026-04-30T00:00,22.3,28.2,24.7,4.1,326.0
2026-04-30T01:00,23.7,29.0,24.3,3.2,280.0
2026-04-30T02:00,24.3,29.2,23.9,2.5,242.0
2026-04-30T03:00,24.4,29.4,23.6,2.0,223.0
2026-04-30T04:00,24.3,29.5,23.2,1.8,211.0
2026-04-30T05:00,20.2,25.5,18.4,1.7,207.0
2026-04-30T06:00,20.8,27.4,16.9,2.0,217.0
2026-04-30T07:00,20.7,27.8,14.6,2.4,235.0
2026-04-30T08:00,19.3,26.7,12.0,2.6,241.0
2026-04-30T09:00,18.0,31.8,8.6,2.5,221.0
2026-04-30T10:00,16.9,35.3,4.9,2.2,190.0
2026-04-30T11:00,15.8,34.7,2.1,2.0,166.0
2026-04-30T12:00,14.1,31.3,1.1,1.9,159.0
2026-04-30T13:00,12.6,28.1,1.0,1.8,160.0
2026-04-30T14:00,12.0,27.4,1.3,1.8,163.0
2026-04-30T15:00,12.0,27.4,1.5,1.9,163.0
2026-04-30T16:00,12.7,27.4,2.1,2.0,165.0
2026-04-30T17:00,9.4,19.0,2.5,2.0,172.0
2026-04-30T18:00,10.9,19.0,4.8,2.2,190.0
2026-04-30T19:00,12.7,19.4,8.0,2.6,214.0
2026-04-30T20:00,13.5,19.7,11.0,2.8,230.0
2026-04-30T21:00,14.0,19.7,13.5,2.8,233.0
2026-04-30T22:00,14.4,19.7,15.7,2.8,229.0
2026-04-30T23:00,14.8,19.8,16.9,2.6,224.0
2026-05-01T00:00,14.6,19.3,16.3,2.3,219.0
2026-05-01T01:00,13.5,18.1,14.6,1.8,213.0
2026-05-01T02:00,12.9,17.1,13.4,1.5,205.0
2026-05-01T03:00,12.5,16.2,13.6,1.4,191.0
2026-05-01T04:00,12.0,15.4,14.3,1.4,176.0
2026-05-01T05:00,9.0,11.1,13.0,1.3,171.0
2026-05-01T06:00,9.0,11.5,12.3,1.6,190.0
2026-05-01T07:00,9.1,11.6,11.2,2.0,220.0
2026-05-01T08:00,10.2,13.3,9.6,2.3,236.0
2026-05-01T09:00,10.1,16.1,7.1,2.3,222.0
2026-05-01T10:00,8.7,16.9,4.1,2.2,193.0
2026-05-01T11:00,8.1,16.9,1.9,2.1,170.0
2026-05-01T12:00,7.8,17.1,1.1,2.0,160.0
2026-05-01T13:00,7.5,17.4,1.2,1.9,157.0
2026-05-01T14:00,7.6,18.4,1.4,1.9,158.0
2026-05-01T15:00,7.2,17.6,1.0,1.8,164.0
2026-05-01T16:00,7.1,17.3,0.8,1.8,175.0
2026-05-01T17:00,9.1,22.5,2.5,1.9,188.0
2026-05-01T18:00,10.2,22.5,6.4,2.2,207.0
2026-05-01T19:00,13.5,25.1,11.9,2.7,228.0
2026-05-01T20:00,14.2,23.5,17.1,3.2,236.0
2026-05-01T21:00,15.2,22.7,21.7,3.6,221.0
2026-05-01T22:00,17.7,24.3,25.9,4.0,192.0
2026-05-01T23:00,20.0,26.4,29.2,4.3,169.0
2026-05-02T00:00,21.5,28.3,31.5,4.5,157.0
2026-05-02T01:00,22.2,29.6,32.8,4.5,150.0
2026-05-02T02:00,23.7,33.9,32.3,4.3,147.0
2026-05-02T03:00,21.5,29.9,28.9,3.6,148.0
2026-05-02T04:00,19.3,26.8,23.7,2.7,153.0
2026-05-02T05:00,14.2,25.2,12.5,1.8,158.0
2026-05-02T06:00,14.1,26.0,11.6,2.3,165.0
2026-05-02T07:00,14.8,29.5,10.4,3.1,172.0
2026-05-02T08:00,15.3,30.4,9.0,3.5,176.0
2026-05-02T09:00,15.4,30.5,7.5,3.3,172.0
2026-05-02T10:00,15.4,30.9,5.9,2.8,164.0
2026-05-02T11:00,15.2,31.8,4.5,2.4,158.0
2026-05-02T12:00,14.4,30.6,3.4,2.2,155.0
2026-05-02T13:00,13.9,29.6,2.5,2.1,153.0
2026-05-02T14:00,14.4,29.7,2.0,2.0,152.0
2026-05-02T15:00,13.3,28.1,1.7,2.0,152.0
2026-05-02T16:00,12.8,26.6,1.7,2.0,152.0
2026-05-02T17:00,18.6,42.8,2.6,1.7,158.0
2026-05-02T18:00,16.9,38.5,4.1,1.9,171.0
2026-05-02T19:00,17.6,35.0,6.3,2.1,190.0
2026-05-02T20:00,19.0,34.8,9.3,2.6,206.0
2026-05-02T21:00,21.4,38.8,13.6,3.5,221.0
2026-05-02T22:00,22.4,40.7,18.6,4.5,233.0
2026-05-02T23:00,25.3,42.4,22.8,5.2,239.0
2026-05-03T00:00,27.0,43.5,25.4,5.2,233.0
2026-05-03T01:00,28.5,44.9,27.0,4.9,220.0
2026-05-03T02:00,29.0,45.9,28.4,4.7,207.0
2026-05-03T03:00,29.6,47.4,30.4,4.8,191.0
2026-05-03T04:00,30.2,49.0,32.2,4.9,175.0
2026-05-03T05:00,29.9,52.3,30.6,3.6,171.0
2026-05-03T06:00,30.9,52.9,25.0,4.2,192.0
2026-05-03T07:00,32.2,46.0,17.1,5.1,224.0
2026-05-03T08:00,25.6,46.7,10.6,5.4,240.0
2026-05-03T09:00,19.5,42.6,6.9,4.7,220.0
2026-05-03T10:00,17.5,41.1,4.5,3.6,184.0
2026-05-03T11:00,17.1,41.6,2.9,2.6,156.0
2026-05-03T12:00,16.2,40.0,1.9,2.1,149.0
2026-05-03T13:00,15.6,38.3,1.5,1.9,150.0
2026-05-03T14:00,15.2,36.3,1.5,1.7,153.0
2026-05-03T15:00,15.1,35.7,1.3,1.5,153.0
2026-05-03T16:00,14.8,33.2,1.4,1.5,154.0
2026-05-03T17:00,23.1,51.7,2.6,2.0,159.0
2026-05-03T18:00,20.1,37.5,5.3,2.6,172.0
2026-05-03T19:00,21.2,36.6,9.0,3.3,189.0
2026-05-03T20:00,24.3,38.3,12.5,3.9,199.0
2026-05-03T21:00,26.7,40.9,15.3,4.1,197.0
2026-05-03T22:00,29.5,44.0,17.8,4.1,188.0
2026-05-03T23:00,28.2,41.1,19.8,4.0,180.0
2026-05-04T00:00,27.2,40.5,21.2,3.7,173.0
2026-05-04T01:00,28.6,42.1,22.2,3.2,166.0
2026-05-04T02:00,29.2,42.1,23.1,2.7,162.0
2026-05-04T03:00,29.5,42.5,24.7,2.3,160.0
2026-05-04T04:00,29.6,42.1,26.2,1.9,161.0
2026-05-04T05:00,24.9,35.0,15.9,1.3,164.0
2026-05-04T06:00,25.9,36.6,13.3,1.7,173.0
2026-05-04T07:00,27.1,36.3,9.7,2.2,185.0
2026-05-04T08:00,26.3,44.4,6.6,2.5,190.0
2026-05-04T09:00,21.3,38.0,4.5,2.3,182.0
2026-05-04T10:00,16.1,29.2,2.9,1.9,167.0
2026-05-04T11:00,12.7,23.5,1.8,1.6,155.0
2026-05-04T12:00,11.1,20.9,1.3,1.4,151.0
2026-05-04T13:00,9.7,20.0,1.2,1.3,151.0
2026-05-04T14:00,8.6,20.2,1.3,1.3,152.0
2026-05-04T15:00,8.1,20.3,0.8,1.2,150.0
2026-05-04T16:00,7.9,20.7,0.4,1.2,148.0
2026-05-04T17:00,8.6,20.3,2.0,1.3,157.0
2026-05-04T18:00,8.8,19.3,7.2,2.1,183.0
2026-05-04T19:00,13.5,22.2,14.6,3.2,220.0
2026-05-04T20:00,18.0,26.4,21.3,4.3,255.0
2026-05-04T21:00,21.3,29.3,26.6,5.5,291.0
2026-05-04T22:00,23.4,31.8,31.2,6.6,326.0
2026-05-04T23:00,24.8,33.5,34.2,7.1,341.0
2026-05-05T00:00,25.8,34.0,35.2,6.3,324.0
2026-05-05T01:00,25.4,31.4,34.7,4.9,288.0
2026-05-05T02:00,22.9,27.1,33.2,3.7,253.0
2026-05-05T03:00,20.0,23.9,30.6,3.1,219.0
2026-05-05T04:00,17.7,21.8,27.0,2.8,186.0
2026-05-05T05:00,13.5,17.5,19.2,2.0,174.0
2026-05-05T06:00,12.2,15.6,16.8,2.2,205.0
2026-05-05T07:00,11.1,14.2,13.4,2.5,257.0
2026-05-05T08:00,10.7,14.7,10.1,2.6,283.0
2026-05-05T09:00,10.0,21.3,7.0,2.3,256.0
2026-05-05T10:00,9.4,24.1,3.9,1.9,203.0
2026-05-05T11:00,7.6,20.9,1.7,1.5,162.0
2026-05-05T12:00,5.9,17.5,0.9,1.3,148.0
2026-05-05T13:00,5.3,16.1,0.9,1.2,146.0
2026-05-05T14:00,4.9,14.8,1.1,1.1,147.0
2026-05-05T15:00,4.6,13.6,0.7,1.0,145.0
2026-05-05T16:00,4.3,12.6,0.5,1.0,146.0
2026-05-05T17:00,4.2,11.8,2.0,1.2,156.0
2026-05-05T18:00,5.6,12.0,5.5,1.6,176.0
2026-05-05T19:00,8.1,13.5,10.5,2.3,205.0
2026-05-05T20:00,9.0,13.9,14.9,2.7,241.0
2026-05-05T21:00,8.7,13.0,18.1,2.8,299.0
2026-05-05T22:00,9.3,12.7,20.8,2.8,364.0
2026-05-05T23:00,9.7,12.3,22.5,2.6,388.0
2026-05-06T00:00,9.9,11.9,23.0,2.3,334.0
2026-05-06T01:00,9.3,11.1,22.6,2.0,239.0
2026-05-06T02:00,8.3,10.1,21.8,1.7,167.0
2026-05-06T03:00,7.3,9.2,20.6,1.6,143.0
2026-05-06T04:00,7.1,9.1,19.1,1.6,143.0
2026-05-06T05:00,5.5,6.3,17.8,1.5,156.0
2026-05-06T06:00,5.8,7.1,15.9,1.9,193.0
2026-05-06T07:00,6.7,8.0,13.3,2.3,244.0
2026-05-06T08:00,8.1,10.0,10.5,2.6,270.0
2026-05-06T09:00,9.2,12.6,7.5,2.5,246.0
2026-05-06T10:00,7.7,14.3,4.4,2.2,198.0
2026-05-06T11:00,8.9,18.8,2.2,1.9,162.0
2026-05-06T12:00,8.5,17.5,1.3,1.7,156.0
2026-05-06T13:00,7.9,15.5,1.2,1.4,164.0
2026-05-06T14:00,7.8,14.6,1.4,1.3,171.0
2026-05-06T15:00,7.7,14.3,1.0,1.2,169.0
2026-05-06T16:00,7.7,14.2,0.9,1.1,167.0
2026-05-06T17:00,1.4,1.7,2.6,1.4,180.0
2026-05-06T18:00,3.2,3.4,8.7,2.4,215.0
2026-05-06T19:00,8.6,8.7,17.3,3.8,264.0
2026-05-06T20:00,11.8,12.1,24.0,4.8,319.0
2026-05-06T21:00,12.5,13.0,27.4,5.0,396.0
2026-05-06T22:00,12.1,12.7,29.0,4.7,479.0
2026-05-06T23:00,12.0,12.7,29.3,4.3,509.0
2026-05-07T00:00,11.1,11.8,27.9,3.8,443.0
2026-05-07T01:00,9.4,10.4,25.2,3.2,324.0
2026-05-07T02:00,7.7,8.9,22.7,2.7,228.0
2026-05-07T03:00,6.5,7.9,21.3,2.3,179.0
2026-05-07T04:00,5.8,7.3,20.1,2.0,152.0
2026-05-07T05:00,5.3,6.5,18.7,2.1,145.0
2026-05-07T06:00,5.1,6.6,17.0,2.3,171.0
2026-05-07T07:00,5.6,7.2,14.5,2.6,218.0
2026-05-07T08:00,6.8,8.9,11.8,2.7,244.0
2026-05-07T09:00,7.5,11.2,8.5,2.6,226.0
2026-05-07T10:00,7.0,14.8,5.0,2.4,188.0
2026-05-07T11:00,7.8,20.7,2.4,2.1,159.0
2026-05-07T12:00,8.5,25.3,1.4,1.8,151.0
2026-05-07T13:00,8.1,27.0,1.3,1.4,152.0
2026-05-07T14:00,7.8,27.9,1.4,1.2,153.0
2026-05-07T15:00,7.8,28.6,0.9,1.1,150.0
2026-05-07T16:00,8.0,29.3,0.7,1.2,147.0
2026-05-07T17:00,8.8,29.5,2.7,2.0,151.0
2026-05-07T18:00,10.3,30.0,6.6,2.9,160.0
2026-05-07T19:00,12.8,30.5,12.0,4.2,176.0
2026-05-07T20:00,13.7,29.7,16.2,5.1,212.0
2026-05-07T21:00,12.2,25.1,18.0,5.5,296.0
2026-05-07T22:00,11.3,21.7,18.6,5.6,400.0
2026-05-07T23:00,11.3,19.4,19.1,5.5,454.0
2026-05-08T00:00,10.7,16.7,19.9,5.0,414.0
2026-05-08T01:00,9.9,14.9,20.7,4.3,323.0
2026-05-08T02:00,9.0,14.0,21.0,3.6,246.0
2026-05-08T03:00,8.2,13.3,20.9,3.0,198.0
2026-05-08T04:00,7.5,12.7,20.3,2.5,162.0
2026-05-08T05:00,7.5,12.3,21.5,2.2,154.0
2026-05-08T06:00,6.8,11.9,19.3,2.2,197.0
2026-05-08T07:00,7.1,12.4,16.2,2.3,268.0
2026-05-08T08:00,8.4,14.5,13.1,2.5,309.0
2026-05-08T09:00,10.1,19.7,10.2,3.1,287.0
2026-05-08T10:00,10.3,23.7,7.4,3.8,235.0
2026-05-08T11:00,10.9,28.0,5.2,4.1,191.0
2026-05-08T12:00,11.0,29.9,3.9,3.6,170.0
2026-05-08T13:00,11.0,31.7,3.1,2.7,157.0
2026-05-08T14:00,11.2,37.7,2.7,2.0,150.0
2026-05-08T15:00,11.9,45.4,2.0,1.6,145.0
2026-05-08T16:00,12.7,49.9,1.6,1.4,146.0
2026-05-08T17:00,12.3,45.9,2.4,1.1,158.0
2026-05-08T18:00,12.9,46.1,6.9,2.0,190.0
2026-05-08T19:00,16.5,49.4,13.1,3.3,234.0
2026-05-08T20:00,19.1,51.0,18.0,4.2,267.0
2026-05-08T21:00,20.0,49.2,20.4,4.5,284.0
2026-05-08T22:00,19.0,43.7,21.6,4.5,290.0
2026-05-08T23:00,18.2,38.5,22.4,4.3,282.0
2026-05-09T00:00,17.4,33.1,23.2,3.8,249.0
2026-05-09T01:00,15.9,29.1,23.5,3.1,202.0
2026-05-09T02:00,14.7,27.9,23.3,2.6,166.0
2026-05-09T03:00,13.3,26.5,22.2,2.4,153.0
2026-05-09T04:00,12.0,23.9,20.5,2.3,151.0
2026-05-09T05:00,9.9,16.1,16.6,2.1,157.0
2026-05-09T06:00,9.3,16.4,15.8,2.3,175.0
2026-05-09T07:00,10.1,20.0,14.6,2.6,201.0
2026-05-09T08:00,11.3,19.8,12.8,2.8,215.0
2026-05-09T09:00,14.3,32.8,10.1,2.8,204.0
2026-05-09T10:00,16.2,49.5,6.8,2.7,180.0
2026-05-09T11:00,16.8,53.8,4.2,2.6,162.0
2026-05-09T12:00,16.7,55.1,2.8,2.5,156.0
2026-05-09T13:00,16.5,52.7,2.2,2.4,156.0
2026-05-09T14:00,15.9,50.6,1.9,2.3,156.0
2026-05-09T15:00,15.5,50.6,1.6,2.3,153.0
2026-05-09T16:00,15.8,53.1,1.7,2.4,151.0
2026-05-09T17:00,14.2,36.7,2.4,2.6,154.0
2026-05-09T18:00,15.7,39.1,3.2,2.7,169.0
2026-05-09T19:00,17.6,43.8,4.3,2.9,188.0
2026-05-09T20:00,18.5,45.3,5.1,3.0,199.0
2026-05-09T21:00,17.8,37.3,5.0,2.9,192.0
2026-05-09T22:00,18.9,44.9,4.5,2.6,177.0
2026-05-09T23:00,18.6,44.5,4.5,2.5,163.0
2026-05-10T00:00,18.7,46.1,5.4,2.6,154.0
2026-05-10T01:00,19.5,49.4,6.8,2.8,146.0
2026-05-10T02:00,19.7,51.8,7.8,3.0,141.0
2026-05-10T03:00,20.3,54.0,8.0,3.0,139.0
2026-05-10T04:00,22.4,58.9,7.9,2.9,141.0
2026-05-10T05:00,14.1,33.4,4.7,1.9,147.0
2026-05-10T06:00,13.1,30.5,5.2,2.2,163.0
2026-05-10T07:00,12.7,29.5,6.0,2.5,183.0
2026-05-10T08:00,12.4,28.8,6.5,2.9,194.0
2026-05-10T09:00,12.5,29.5,6.8,3.3,185.0
2026-05-10T10:00,12.1,28.7,7.0,3.7,167.0
2026-05-10T11:00,12.0,28.4,6.6,3.9,153.0
2026-05-10T12:00,13.1,31.1,5.3,3.7,150.0
2026-05-10T13:00,14.3,34.8,3.5,3.3,152.0
2026-05-10T14:00,13.6,35.7,2.3,2.9,155.0
2026-05-10T15:00,13.9,38.0,1.9,2.7,156.0
2026-05-10T16:00,14.3,40.2,1.9,2.6,158.0
2026-05-10T17:00,14.6,41.6,2.8,2.6,163.0
2026-05-10T18:00,15.2,43.1,5.0,2.8,175.0
2026-05-10T19:00,15.7,38.3,8.0,3.2,189.0
2026-05-10T20:00,16.9,36.4,10.3,3.5,195.0
2026-05-10T21:00,15.5,31.5,11.4,3.5,186.0
2026-05-10T22:00,15.1,30.0,11.7,3.5,169.0
2026-05-10T23:00,15.3,30.9,11.5,3.4,156.0
2026-05-11T00:00,15.0,32.1,10.1,3.3,150.0
2026-05-11T01:00,16.8,42.8,8.2,3.2,148.0
2026-05-11T02:00,15.9,41.7,7.6,3.1,149.0
2026-05-11T03:00,16.2,42.0,10.0,3.2,156.0
2026-05-11T04:00,16.6,40.6,13.7,3.4,166.0
2026-05-11T05:00,19.2,40.5,13.9,2.1,176.0
2026-05-11T06:00,19.4,41.6,11.7,2.5,185.0
2026-05-11T07:00,19.7,41.7,8.7,3.0,194.0
2026-05-11T08:00,19.2,53.1,6.1,3.2,197.0
2026-05-11T09:00,17.5,55.2,4.3,2.8,190.0
2026-05-11T10:00,16.2,50.1,2.9,2.1,178.0
2026-05-11T11:00,13.6,41.4,1.9,1.6,169.0
2026-05-11T12:00,11.8,35.0,1.4,1.4,166.0
2026-05-11T13:00,10.8,31.3,1.3,1.5,166.0
2026-05-11T14:00,10.4,29.2,1.3,1.5,167.0
2026-05-11T15:00,9.9,27.6,1.1,1.5,162.0
2026-05-11T16:00,9.3,25.9,1.0,1.5,158.0
2026-05-11T17:00,7.4,19.6,1.9,1.6,168.0
2026-05-11T18:00,6.7,17.3,4.0,1.9,209.0
2026-05-11T19:00,6.6,14.4,7.1,2.4,265.0
2026-05-11T20:00,7.6,14.4,9.8,2.9,296.0
2026-05-11T21:00,7.9,13.6,11.8,3.6,280.0
2026-05-11T22:00,8.2,13.5,13.5,4.5,239.0
2026-05-11T23:00,9.2,14.4,15.1,5.1,208.0
2026-05-12T00:00,10.2,15.4,16.5,5.5,199.0
2026-05-12T01:00,10.7,15.5,17.8,5.7,200.0
2026-05-12T02:00,10.9,15.3,18.9,5.6,203.0
2026-05-12T03:00,11.3,15.0,20.3,5.0,205.0
2026-05-12T04:00,12.0,15.1,21.6,4.2,209.0
2026-05-12T05:00,15.0,17.9,28.2,2.7,217.0
2026-05-12T06:00,15.0,17.6,23.8,3.6,235.0
2026-05-12T07:00,14.8,17.2,17.6,5.0,256.0
2026-05-12T08:00,14.1,19.6,12.2,5.9,260.0
2026-05-12T09:00,12.7,20.5,8.4,6.2,231.0
2026-05-12T10:00,9.5,17.6,5.3,6.2,186.0
2026-05-12T11:00,8.4,16.2,3.1,5.9,153.0
2026-05-12T12:00,7.4,13.8,1.9,5.2,146.0
2026-05-12T13:00,6.6,11.3,1.5,4.1,151.0
2026-05-12T14:00,5.9,9.3,1.3,3.4,156.0
2026-05-12T15:00,5.5,7.9,1.0,3.2,155.0
2026-05-12T16:00,5.4,7.0,1.0,3.3,154.0
2026-05-12T17:00,5.6,6.7,1.8,3.6,161.0
2026-05-12T18:00,6.3,7.1,3.7,4.3,183.0
2026-05-12T19:00,7.8,8.5,6.5,5.3,214.0
2026-05-12T20:00,9.5,10.0,9.7,6.1,240.0
2026-05-12T21:00,10.6,11.2,13.5,6.8,262.0
2026-05-12T22:00,12.6,13.1,17.8,7.4,279.0
2026-05-12T23:00,14.7,15.2,21.4,7.4,284.0
2026-05-13T00:00,16.0,16.5,24.2,6.4,267.0
2026-05-13T01:00,16.2,16.6,26.5,4.9,238.0
2026-05-13T02:00,15.7,16.1,27.7,3.6,212.0
2026-05-13T03:00,14.9,15.3,27.8,2.8,193.0
2026-05-13T04:00,14.1,14.5,26.9,2.3,177.0
2026-05-13T05:00,16.8,16.9,25.6,3.4,170.0
2026-05-13T06:00,17.1,17.3,22.4,4.1,179.0
2026-05-13T07:00,18.3,18.6,17.8,5.0,197.0
2026-05-13T08:00,16.6,17.8,13.4,5.7,208.0
2026-05-13T09:00,13.9,15.9,9.6,6.0,203.0
2026-05-13T10:00,10.4,12.5,6.0,6.0,190.0
2026-05-13T11:00,9.7,11.9,3.3,5.9,178.0
2026-05-13T12:00,9.7,12.2,2.1,5.5,169.0
2026-05-13T13:00,9.8,12.5,1.8,4.9,162.0
2026-05-13T14:00,9.5,12.2,1.8,4.6,158.0
2026-05-13T15:00,9.4,11.7,1.5,4.7,158.0
2026-05-13T16:00,9.1,11.0,1.5,5.2,163.0
2026-05-13T17:00,8.1,8.7,2.7,5.1,173.0
2026-05-13T18:00,8.1,8.5,5.0,5.8,193.0
2026-05-13T19:00,8.5,8.7,8.3,6.8,219.0
2026-05-13T20:00,9.4,9.5,11.9,7.5,244.0
2026-05-13T21:00,10.6,10.8,15.8,7.7,272.0
2026-05-13T22:00,12.9,13.1,20.0,7.7,300.0
2026-05-13T23:00,15.8,16.0,23.3,7.3,311.0
2026-05-14T00:00,17.3,17.5,25.2,6.3,293.0
2026-05-14T01:00,17.3,17.5,26.2,5.1,258.0
2026-05-14T02:00,16.4,16.6,26.6,4.0,226.0
2026-05-14T03:00,15.3,15.5,26.5,3.4,199.0
2026-05-14T04:00,14.0,14.3,25.8,3.0,174.0
2026-05-14T05:00,12.6,13.0,23.3,3.0,165.0
2026-05-14T06:00,12.2,12.7,20.5,3.2,186.0
2026-05-14T07:00,12.5,13.0,16.5,3.5,221.0
2026-05-14T08:00,12.9,13.6,12.7,4.1,241.0
2026-05-14T09:00,11.4,13.1,9.5,5.2,227.0
2026-05-14T10:00,11.3,13.1,6.4,6.5,197.0
2026-05-14T11:00,11.9,13.7,4.1,7.2,172.0
2026-05-14T12:00,12.0,14.0,2.7,6.6,159.0
2026-05-14T13:00,10.9,13.0,2.0,5.4,151.0
2026-05-14T14:00,9.7,12.0,1.7,4.5,147.0
2026-05-14T15:00,8.9,11.3,1.4,4.1,145.0
2026-05-14T16:00,8.4,10.9,1.4,3.9,147.0
2026-05-14T17:00,3.7,3.7,2.6,4.0,156.0
2026-05-14T18:00,5.1,5.1,5.7,5.0,178.0
2026-05-14T19:00,7.0,7.0,10.1,6.4,207.0
2026-05-14T20:00,9.2,9.2,14.4,7.4,234.0
2026-05-14T21:00,11.1,11.1,18.6,7.8,254.0
2026-05-14T22:00,13.1,13.1,22.8,7.7,272.0
2026-05-14T23:00,14.8,14.8,25.9,7.3,286.0
2026-05-15T00:00,15.4,15.4,27.3,6.3,301.0
2026-05-15T01:00,14.8,14.8,27.7,4.9,313.0
2026-05-15T02:00,13.6,13.6,27.6,3.7,306.0
2026-05-15T03:00,12.3,12.3,27.5,3.0,263.0
2026-05-15T04:00,11.1,11.1,26.9,2.6,202.0
2026-05-15T05:00,9.1,9.1,25.3,2.7,163.0
2026-05-15T06:00,8.9,9.0,22.5,3.0,171.0
2026-05-15T07:00,9.7,9.8,18.5,3.4,202.0
2026-05-15T08:00,10.1,10.2,14.5,3.9,220.0
2026-05-15T09:00,7.8,8.0,10.4,4.6,210.0
2026-05-15T10:00,7.4,7.5,6.2,5.3,189.0
2026-05-15T11:00,7.4,7.6,3.1,5.7,169.0
2026-05-15T12:00,6.6,6.8,1.8,5.4,156.0
2026-05-15T13:00,6.2,6.5,1.7,4.8,144.0
2026-05-15T14:00,6.0,6.7,1.8,4.3,138.0
2026-05-15T15:00,5.8,7.0,1.3,4.0,137.0
2026-05-15T16:00,5.5,7.0,1.0,3.8,140.0
2026-05-15T17:00,3.3,3.3,2.7,4.0,151.0
2026-05-15T18:00,5.6,5.6,7.0,5.1,170.0
2026-05-15T19:00,9.1,9.1,13.0,6.6,196.0
2026-05-15T20:00,13.5,13.6,18.9,7.7,230.0
2026-05-15T21:00,17.1,17.1,24.5,8.0,286.0
2026-05-15T22:00,19.6,19.6,29.9,7.8,349.0
2026-05-15T23:00,20.8,21.0,33.3,7.3,378.0
2026-05-16T00:00,20.3,20.4,33.5,6.4,342.0
2026-05-16T01:00,18.8,18.9,31.8,5.3,272.0
2026-05-16T02:00,16.9,16.9,30.2,4.3,212.0
2026-05-16T03:00,15.1,15.2,29.8,3.6,175.0
2026-05-16T04:00,13.7,13.8,29.4,3.1,149.0
2026-05-16T05:00,10.6,10.7,26.1,2.5,139.0
2026-05-16T06:00,9.6,9.8,22.6,2.7,160.0
2026-05-16T07:00,9.5,9.8,17.7,3.1,197.0
2026-05-16T08:00,9.6,10.1,13.0,3.3,217.0
2026-05-16T09:00,9.5,10.2,8.8,3.4,197.0
2026-05-16T10:00,7.5,8.4,4.8,3.4,160.0
2026-05-16T11:00,6.6,8.0,2.0,3.2,132.0
2026-05-16T12:00,6.4,9.4,0.9,2.8,127.0
2026-05-16T13:00,6.9,14.8,0.9,2.3,132.0
2026-05-16T14:00,9.1,24.0,1.1,1.9,138.0
2026-05-16T15:00,9.8,27.5,1.1,1.9,140.0
2026-05-16T16:00,10.1,28.6,1.3,2.1,143.0
2026-05-16T17:00,7.5,20.3,2.5,2.1,148.0
2026-05-16T18:00,10.0,20.8,4.2,2.4,159.0
2026-05-16T19:00,11.3,22.0,6.6,2.8,174.0
2026-05-16T20:00,10.9,20.7,8.6,3.0,183.0
2026-05-16T21:00,10.2,19.0,9.8,2.9,183.0
2026-05-16T22:00,10.1,17.4,10.5,2.7,178.0
2026-05-16T23:00,10.1,16.0,11.1,2.4,173.0
2026-05-17T00:00,9.5,14.4,11.4,2.1,170.0
2026-05-17T01:00,9.1,13.2,11.5,1.8,166.0
2026-05-17T02:00,9.1,12.7,11.8,1.6,160.0
2026-05-17T03:00,8.9,12.0,12.8,1.5,148.0
2026-05-17T04:00,8.6,11.2,14.0,1.6,134.0
2026-05-17T05:00,7.9,10.7,15.6,2.0,129.0
2026-05-17T06:00,7.5,9.7,14.1,2.2,143.0
2026-05-17T07:00,8.1,10.1,12.0,2.6,165.0
2026-05-17T08:00,9.8,12.1,9.7,2.9,177.0
2026-05-17T09:00,10.1,15.5,7.0,3.3,168.0
2026-05-17T10:00,10.4,19.3,4.2,3.7,148.0
2026-05-17T11:00,10.5,20.8,2.1,3.8,134.0
2026-05-17T12:00,10.5,22.5,1.2,3.4,131.0
2026-05-17T13:00,10.5,24.9,1.1,2.8,134.0
2026-05-17T14:00,10.7,26.6,1.2,2.3,137.0
2026-05-17T15:00,10.8,27.6,1.0,2.1,138.0
2026-05-17T16:00,10.8,27.8,1.0,2.1,140.0
2026-05-17T17:00,7.7,18.3,1.9,2.4,146.0
2026-05-17T18:00,7.8,17.4,4.6,2.9,162.0
2026-05-17T19:00,9.8,18.7,8.6,3.7,182.0
2026-05-17T20:00,12.6,21.4,12.9,4.3,195.0
2026-05-17T21:00,15.8,24.0,18.0,4.8,195.0
2026-05-17T22:00,18.0,25.1,23.4,5.2,189.0
2026-05-17T23:00,18.7,23.9,27.2,5.2,179.0
2026-05-18T00:00,17.9,21.7,28.3,4.7,166.0
2026-05-18T01:00,16.6,19.8,27.6,3.8,151.0
2026-05-18T02:00,15.1,17.9,26.6,3.1,139.0
2026-05-18T03:00,13.1,16.1,25.5,2.8,131.0
2026-05-18T04:00,11.7,14.9,24.0,2.6,126.0
2026-05-18T05:00,10.0,12.7,22.7,2.5,130.0
2026-05-18T06:00,9.6,13.1,21.4,2.8,154.0
2026-05-18T07:00,11.4,15.2,19.4,3.1,188.0
2026-05-18T08:00,12.4,17.6,16.8,3.4,206.0
2026-05-18T09:00,13.7,19.7,13.2,3.5,191.0
2026-05-18T10:00,14.2,23.1,9.1,3.4,159.0
2026-05-18T11:00,16.0,33.4,5.7,3.3,135.0
2026-05-18T12:00,17.5,42.6,3.6,3.1,130.0
2026-05-18T13:00,18.3,47.1,2.4,2.8,132.0
2026-05-18T14:00,18.0,47.8,1.9,2.7,137.0
2026-05-18T15:00,17.5,46.6,2.0,2.9,144.0
2026-05-18T16:00,17.3,45.1,2.8,3.3,152.0
2026-05-18T17:00,14.5,31.3,3.9,4.6,159.0
2026-05-18T18:00,14.8,30.2,6.8,5.0,160.0
2026-05-18T19:00,19.7,33.4,10.7,5.5,159.0
2026-05-18T20:00,17.8,30.2,13.1,5.6,162.0
2026-05-18T21:00,16.3,33.8,12.4,5.0,174.0
2026-05-18T22:00,15.8,34.5,10.2,4.1,191.0
2026-05-18T23:00,17.1,33.5,8.4,3.4,197.0
2026-05-19T00:00,18.4,36.0,7.7,3.1,184.0
2026-05-19T01:00,18.7,38.1,7.4,2.9,162.0
2026-05-19T02:00,19.5,44.9,7.5,2.8,146.0
2026-05-19T03:00,18.6,44.5,8.2,2.6,142.0
2026-05-19T04:00,16.7,37.6,9.2,2.5,144.0
2026-05-19T05:00,21.0,38.8,22.2,4.5,149.0
2026-05-19T06:00,20.5,36.3,19.0,5.3,157.0
2026-05-19T07:00,21.7,38.2,14.6,6.4,168.0
2026-05-19T08:00,23.7,57.0,10.6,6.9,173.0
2026-05-19T09:00,23.4,62.4,7.5,6.1,166.0
2026-05-19T10:00,21.8,65.7,4.9,4.7,154.0
2026-05-19T11:00,22.0,72.9,2.9,3.6,144.0
2026-05-19T12:00,23.3,77.8,1.9,3.3,140.0
2026-05-19T13:00,22.7,75.7,1.6,3.3,139.0
2026-05-19T14:00,22.0,72.6,1.5,3.3,140.0
2026-05-19T15:00,22.2,71.5,1.1,3.3,144.0
2026-05-19T16:00,22.7,71.5,1.0,3.3,150.0
2026-05-19T17:00,15.2,43.8,2.5,3.4,159.0
2026-05-19T18:00,17.6,41.3,3.8,3.5,173.0
2026-05-19T19:00,16.9,34.5,5.7,3.7,189.0
2026-05-19T20:00,16.2,33.5,7.8,3.9,202.0
2026-05-19T21:00,16.2,34.7,10.3,4.1,209.0
2026-05-19T22:00,16.8,32.0,13.0,4.2,213.0
2026-05-19T23:00,18.9,34.3,15.5,4.3,213.0
2026-05-20T00:00,20.1,32.7,17.6,4.4,209.0
2026-05-20T01:00,19.4,30.4,19.4,4.4,201.0
2026-05-20T02:00,19.0,29.0,20.8,4.3,192.0
2026-05-20T03:00,18.0,26.9,21.8,3.9,180.0
2026-05-20T04:00,16.6,24.6,22.4,3.3,168.0
2026-05-20T05:00,13.2,21.9,17.8,2.3,164.0
2026-05-20T06:00,13.2,22.3,15.9,2.7,177.0
2026-05-20T07:00,14.1,22.0,13.3,3.3,199.0
2026-05-20T08:00,16.2,27.3,10.6,3.9,210.0
2026-05-20T09:00,17.7,36.8,7.9,4.4,198.0
2026-05-20T10:00,18.9,39.2,5.1,4.9,176.0
2026-05-20T11:00,20.3,41.8,3.0,5.1,158.0
2026-05-20T12:00,21.2,44.8,2.0,4.7,150.0
2026-05-20T13:00,21.7,49.1,1.7,4.0,146.0
2026-05-20T14:00,22.0,54.0,1.7,3.5,145.0
2026-05-20T15:00,21.9,56.5,1.2,3.2,147.0
2026-05-20T16:00,21.8,57.9,0.9,3.1,153.0
2026-05-20T17:00,14.7,41.0,2.7,3.0,163.0
2026-05-20T18:00,16.8,37.6,7.0,3.7,182.0
2026-05-20T19:00,20.0,40.2,13.2,4.6,206.0
2026-05-20T20:00,24.3,45.5,19.4,5.4,225.0
2026-05-20T21:00,28.2,49.9,25.6,5.9,239.0
2026-05-20T22:00,30.7,51.8,31.8,6.3,249.0
2026-05-20T23:00,31.4,50.2,36.0,6.2,249.0
2026-05-21T00:00,30.0,44.7,37.0,5.5,234.0
2026-05-21T01:00,27.5,38.6,36.0,4.3,211.0
2026-05-21T02:00,25.3,34.7,34.5,3.4,190.0
2026-05-21T03:00,23.3,31.7,33.0,2.8,173.0
2026-05-21T04:00,21.7,29.8,31.0,2.3,159.0
2026-05-21T05:00,17.9,26.3,24.9,2.8,158.0
2026-05-21T06:00,18.0,28.9,22.8,3.3,182.0
2026-05-21T07:00,19.5,29.0,19.8,4.0,218.0
2026-05-21T08:00,20.0,31.1,16.5,4.6,238.0
2026-05-21T09:00,20.3,34.6,12.8,5.2,225.0
2026-05-21T10:00,20.1,41.3,8.9,5.7,196.0
2026-05-21T11:00,19.6,42.8,5.9,6.0,172.0
2026-05-21T12:00,20.8,49.1,4.5,5.8,158.0
2026-05-21T13:00,24.9,62.4,4.0,5.4,148.0
2026-05-21T14:00,23.7,57.2,3.8,4.9,146.0
2026-05-21T15:00,24.9,60.3,3.5,4.3,156.0
2026-05-21T16:00,23.9,56.2,3.4,3.7,174.0
2026-05-21T17:00,18.5,40.7,4.8,3.4,192.0
2026-05-21T18:00,17.8,36.0,6.0,3.5,208.0
2026-05-21T19:00,16.9,32.1,7.7,3.7,224.0
2026-05-21T20:00,16.8,30.6,9.6,3.8,233.0
2026-05-21T21:00,17.1,30.6,11.4,3.8,232.0
2026-05-21T22:00,17.3,31.0,13.3,3.6,224.0
2026-05-21T23:00,17.8,31.0,15.6,3.4,214.0
2026-05-22T00:00,18.6,31.4,18.9,3.0,204.0
2026-05-22T01:00,18.7,30.6,22.7,2.6,192.0
2026-05-22T02:00,19.6,32.4,25.6,2.3,179.0
2026-05-22T03:00,20.0,35.6,27.6,2.2,164.0
2026-05-22T04:00,20.0,38.0,28.8,2.1,148.0
2026-05-22T05:00,14.3,30.5,16.1,1.8,140.0
2026-05-22T06:00,15.1,36.6,13.2,1.9,147.0
2026-05-22T07:00,16.4,41.2,9.2,2.1,161.0
2026-05-22T08:00,17.4,46.3,6.0,2.2,170.0
2026-05-22T09:00,16.2,43.0,4.6,2.3,169.0
2026-05-22T10:00,16.3,42.5,4.0,2.4,163.0
2026-05-22T11:00,16.9,42.8,3.5,2.4,156.0
2026-05-22T12:00,16.1,41.0,2.8,2.3,148.0
2026-05-22T13:00,14.4,35.6,2.1,2.2,140.0
2026-05-22T14:00,13.5,32.0,1.8,2.2,139.0
2026-05-22T15:00,12.7,29.2,1.9,2.3,152.0
2026-05-22T16:00,11.9,26.3,2.4,2.4,173.0
2026-05-22T17:00,17.2,39.9,3.2,2.3,192.0
2026-05-22T18:00,16.3,34.1,4.7,2.4,208.0
2026-05-22T19:00,15.8,29.7,6.8,2.6,222.0
2026-05-22T20:00,15.9,28.8,8.8,2.7,226.0
2026-05-22T21:00,15.7,28.2,10.3,2.7,212.0
2026-05-22T22:00,14.9,26.5,11.7,2.6,187.0
2026-05-22T23:00,16.0,28.1,13.0,2.5,167.0
2026-05-23T00:00,17.6,26.6,14.1,2.4,158.0
2026-05-23T01:00,16.1,23.7,15.0,2.4,155.0
2026-05-23T02:00,16.2,22.7,16.0,2.3,153.0
2026-05-23T03:00,16.8,22.2,17.7,2.1,149.0
2026-05-23T04:00,17.1,21.9,19.5,1.8,147.0
2026-05-23T05:00,17.1,22.2,22.4,1.8,153.0
2026-05-23T06:00,16.8,21.3,19.0,2.4,180.0
2026-05-23T07:00,15.9,20.7,14.2,3.2,215.0
2026-05-23T08:00,14.8,22.2,10.0,3.8,233.0
2026-05-23T09:00,13.0,23.1,6.9,4.0,217.0
2026-05-23T10:00,11.7,21.4,4.4,4.0,183.0
2026-05-23T11:00,11.0,19.6,2.5,3.9,156.0
2026-05-23T12:00,9.5,16.6,1.5,3.6,146.0
2026-05-23T13:00,8.0,13.7,1.3,3.1,144.0
2026-05-23T14:00,7.5,12.5,1.3,2.8,143.0
2026-05-23T15:00,7.2,12.1,1.4,2.7,141.0
2026-05-23T16:00,7.1,12.0,1.8,2.7,140.0
2026-05-23T17:00,4.4,6.0,3.5,3.1,144.0
2026-05-23T18:00,6.2,7.5,3.9,2.8,156.0
2026-05-23T19:00,5.2,6.2,4.5,2.3,173.0
2026-05-23T20:00,4.8,5.8,5.2,2.0,182.0
2026-05-23T21:00,5.0,6.5,6.0,2.0,177.0
2026-05-23T22:00,5.6,7.3,6.9,2.1,165.0
2026-05-23T23:00,6.2,7.9,8.3,2.2,154.0
2026-05-24T00:00,6.9,8.4,10.3,2.3,149.0
2026-05-24T01:00,7.8,9.3,12.8,2.3,145.0
2026-05-24T02:00,8.8,10.3,15.1,2.3,142.0
2026-05-24T03:00,9.6,10.9,17.7,2.2,137.0
2026-05-24T04:00,10.0,11.1,20.2,2.1,132.0
2026-05-24T05:00,8.0,9.7,14.7,2.2,131.0
2026-05-24T06:00,8.6,10.2,13.2,2.6,140.0
2026-05-24T07:00,9.5,11.1,11.1,3.1,153.0
2026-05-24T08:00,7.8,11.1,8.9,3.5,160.0
2026-05-24T09:00,6.3,10.5,6.6,3.5,156.0
2026-05-24T10:00,5.6,10.0,4.3,3.4,146.0
2026-05-24T11:00,5.5,10.2,2.6,3.3,139.0
2026-05-24T12:00,5.9,10.7,1.8,3.2,137.0
2026-05-24T13:00,6.3,11.1,1.5,3.2,137.0
2026-05-24T14:00,6.3,11.2,1.5,3.1,138.0
2026-05-24T15:00,6.4,11.5,1.5,3.1,136.0
2026-05-24T16:00,6.6,11.7,1.8,3.1,136.0
2026-05-24T17:00,12.7,24.9,2.5,2.3,142.0
2026-05-24T18:00,12.9,23.3,3.7,2.6,164.0
2026-05-24T19:00,14.2,23.1,5.5,3.0,194.0
2026-05-24T20:00,16.1,28.5,7.4,3.6,213.0
2026-05-24T21:00,18.9,31.1,9.1,4.4,214.0
2026-05-24T22:00,19.7,32.4,10.9,5.4,205.0
2026-05-24T23:00,21.4,34.2,13.2,5.9,194.0
2026-05-25T00:00,24.4,36.4,16.5,5.8,183.0
2026-05-25T01:00,26.4,36.3,20.2,5.3,169.0
2026-05-25T02:00,27.1,35.4,22.9,4.7,160.0
2026-05-25T03:00,27.4,34.2,24.4,3.9,157.0
2026-05-25T04:00,27.1,32.9,24.8,3.0,158.0
2026-05-25T05:00,27.2,32.9,24.8,2.6,160.0
2026-05-25T06:00,26.3,31.0,20.0,3.4,165.0
2026-05-25T07:00,25.0,29.3,13.3,4.5,170.0
2026-05-25T08:00,17.1,25.8,7.8,5.0,171.0
2026-05-25T09:00,13.6,23.4,4.7,4.4,161.0
2026-05-25T10:00,12.1,20.8,2.8,3.2,147.0
2026-05-25T11:00,11.0,18.1,1.5,2.2,136.0
2026-05-25T12:00,10.2,16.5,0.9,1.8,133.0
2026-05-25T13:00,9.5,15.3,0.9,1.7,133.0
2026-05-25T14:00,9.1,14.5,1.1,1.7,135.0
2026-05-25T15:00,8.7,14.0,0.5,1.6,133.0
2026-05-25T16:00,8.4,13.5,0.1,1.7,132.0
2026-05-25T17:00,8.3,12.8,1.9,2.2,143.0
2026-05-25T18:00,10.2,13.7,6.4,3.1,175.0
2026-05-25T19:00,13.2,16.4,12.7,4.3,219.0
2026-05-25T20:00,17.9,21.4,19.0,5.3,258.0
2026-05-25T21:00,22.4,25.9,25.3,5.9,292.0
2026-05-25T22:00,26.4,30.2,31.6,6.2,321.0
2026-05-25T23:00,29.3,32.6,35.5,6.1,326.0
2026-05-26T00:00,29.7,31.9,35.5,5.3,289.0
2026-05-26T01:00,27.3,29.0,33.1,4.0,227.0
2026-05-26T02:00,24.2,25.7,30.4,3.0,178.0
2026-05-26T03:00,21.1,22.6,28.1,2.5,153.0
2026-05-26T04:00,18.8,20.2,25.5,2.2,140.0
2026-05-26T05:00,17.2,18.6,23.3,2.4,138.0
2026-05-26T06:00,16.7,18.1,20.1,2.9,155.0
2026-05-26T07:00,14.2,15.9,15.5,3.6,183.0
2026-05-26T08:00,13.9,16.2,11.2,4.0,198.0
2026-05-26T09:00,11.4,15.4,7.6,4.1,188.0
2026-05-26T10:00,10.5,14.8,4.4,3.9,165.0
2026-05-26T11:00,10.1,15.1,2.1,3.6,147.0
2026-05-26T12:00,9.3,15.4,1.0,3.0,138.0
2026-05-26T13:00,8.0,15.7,0.9,2.1,133.0
2026-05-26T14:00,7.9,17.7,1.1,1.6,133.0
2026-05-26T15:00,8.3,20.0,1.3,1.5,139.0
2026-05-26T16:00,8.8,21.9,1.9,1.8,149.0
2026-05-26T17:00,7.9,21.0,2.0,2.1,161.0
2026-05-26T18:00,9.0,19.6,3.2,2.3,178.0
2026-05-26T19:00,11.4,20.8,5.0,2.7,197.0
2026-05-26T20:00,10.6,22.4,6.7,3.0,208.0
2026-05-26T21:00,11.2,24.4,8.4,3.3,204.0
2026-05-26T22:00,12.9,26.0,10.2,3.5,191.0
2026-05-26T23:00,13.1,25.0,11.1,3.5,179.0
2026-05-27T00:00,12.8,26.6,10.5,3.1,172.0
2026-05-27T01:00,12.3,25.2,9.2,2.4,165.0
2026-05-27T02:00,11.5,22.9,8.6,1.9,158.0
2026-05-27T03:00,10.6,20.7,9.8,1.7,148.0
2026-05-27T04:00,9.9,18.9,11.7,1.6,137.0
2026-05-27T05:00,6.0,9.7,11.4,1.8,133.0
2026-05-27T06:00,5.3,9.2,9.9,2.0,141.0
2026-05-27T07:00,5.6,9.8,7.7,2.2,156.0
2026-05-27T08:00,7.1,13.9,5.8,2.3,164.0
2026-05-27T09:00,7.7,20.3,4.3,2.3,158.0
2026-05-27T10:00,8.1,24.1,2.9,2.2,145.0
2026-05-27T11:00,9.1,29.5,1.9,2.2,135.0
2026-05-27T12:00,10.5,36.0,1.4,2.2,133.0
2026-05-27T13:00,10.9,36.1,1.2,2.3,135.0
2026-05-27T14:00,11.0,34.3,1.3,2.3,137.0
2026-05-27T15:00,10.7,31.3,1.5,2.3,136.0
2026-05-27T16:00,10.9,30.9,1.9,2.2,135.0
2026-05-27T17:00,8.1,14.4,3.3,2.2,139.0
2026-05-27T18:00,7.8,13.1,3.6,2.2,153.0
2026-05-27T19:00,8.1,14.7,4.0,2.3,172.0
2026-05-27T20:00,9.1,17.6,4.6,2.3,182.0
2026-05-27T21:00,9.6,19.0,5.4,2.3,175.0
2026-05-27T22:00,9.8,18.8,6.3,2.3,160.0
2026-05-27T23:00,9.9,19.4,7.0,2.2,147.0
2026-05-28T00:00,10.0,20.1,7.3,2.1,141.0
2026-05-28T01:00,9.9,21.1,7.3,1.9,138.0
2026-05-28T02:00,10.0,24.6,7.6,1.8,135.0
2026-05-28T03:00,10.7,31.5,8.5,1.8,130.0
2026-05-28T04:00,11.5,35.9,9.5,1.8,125.0
2026-05-28T05:00,11.4,36.6,8.4,1.8,127.0
2026-05-28T06:00,12.4,45.1,7.5,2.0,142.0
2026-05-28T07:00,13.9,53.2,6.2,2.3,164.0
2026-05-28T08:00,15.7,66.6,4.9,2.5,175.0
2026-05-28T09:00,13.1,59.5,3.6,2.3,165.0
2026-05-28T10:00,10.2,41.7,2.2,2.0,144.0
2026-05-28T11:00,9.1,33.1,1.2,1.8,128.0
2026-05-28T12:00,8.8,29.5,0.8,1.7,125.0
2026-05-28T13:00,8.8,27.8,0.9,1.8,126.0
2026-05-28T14:00,8.8,27.0,1.0,1.8,129.0
2026-05-28T15:00,9.1,27.0,0.9,1.8,130.0
2026-05-28T16:00,9.4,27.1,0.8,1.9,131.0
2026-05-28T17:00,10.9,31.8,1.6,2.1,137.0
2026-05-28T18:00,11.2,30.2,3.5,2.6,150.0
2026-05-28T19:00,12.6,28.3,6.3,3.3,168.0
2026-05-28T20:00,14.8,30.5,10.4,4.0,189.0
2026-05-28T21:00,17.9,33.5,16.9,4.8,219.0
2026-05-28T22:00,21.7,37.1,24.6,5.5,252.0
2026-05-28T23:00,24.4,38.9,30.4,5.8,264.0
2026-05-29T00:00,24.7,36.1,32.9,5.3,237.0
2026-05-29T01:00,22.9,30.9,33.4,4.2,188.0
2026-05-29T02:00,20.3,26.5,32.8,3.4,151.0
2026-05-29T03:00,17.6,23.0,31.0,2.9,135.0
2026-05-29T04:00,15.4,20.3,28.2,2.6,131.0
2026-05-29T05:00,13.4,19.0,23.9,3.3,135.0
2026-05-29T06:00,12.3,17.3,21.0,3.7,156.0
2026-05-29T07:00,12.7,17.5,16.9,4.1,186.0
2026-05-29T08:00,14.2,21.8,12.8,4.5,201.0
2026-05-29T09:00,14.2,28.6,8.9,4.6,186.0
2026-05-29T10:00,13.4,28.1,5.1,4.6,157.0
2026-05-29T11:00,11.8,25.3,2.3,4.5,135.0
2026-05-29T12:00,10.3,22.7,1.2,4.1,129.0
2026-05-29T13:00,9.7,21.5,1.2,3.5,130.0
2026-05-29T14:00,9.2,20.3,1.3,3.1,132.0
2026-05-29T15:00,8.7,19.1,0.9,3.0,133.0
2026-05-29T16:00,8.3,18.0,0.7,3.0,134.0
2026-05-29T17:00,3.2,6.4,1.8,3.2,141.0
2026-05-29T18:00,3.5,6.0,4.6,4.0,153.0
2026-05-29T19:00,5.8,7.9,8.7,5.1,169.0
2026-05-29T20:00,9.4,11.7,13.7,6.1,193.0
2026-05-29T21:00,13.8,16.1,20.4,7.1,235.0
2026-05-29T22:00,17.5,19.7,28.0,8.1,285.0
2026-05-29T23:00,19.4,21.6,33.6,8.5,311.0
2026-05-30T00:00,19.8,21.8,35.8,7.8,294.0
2026-05-30T01:00,19.3,21.0,35.9,6.4,253.0
2026-05-30T02:00,17.9,19.3,35.1,5.2,215.0
2026-05-30T03:00,16.3,17.5,33.9,4.5,183.0
2026-05-30T04:00,14.8,15.9,31.8,3.9,153.0
2026-05-30T05:00,13.5,14.4,29.1,3.9,140.0
2026-05-30T06:00,12.3,13.4,24.6,4.2,160.0
2026-05-30T07:00,11.3,12.7,18.3,4.7,196.0
2026-05-30T08:00,11.7,13.6,12.7,4.9,217.0
2026-05-30T09:00,9.3,13.2,8.4,4.8,205.0
2026-05-30T10:00,7.7,12.3,4.7,4.5,178.0
2026-05-30T11:00,7.0,12.5,2.1,4.1,155.0
2026-05-30T12:00,6.9,13.9,1.0,3.4,144.0
2026-05-30T13:00,7.0,14.4,1.0,2.6,139.0
2026-05-30T14:00,6.5,13.5,1.2,2.0,135.0
2026-05-30T15:00,6.0,12.2,0.7,1.7,128.0
2026-05-30T16:00,5.6,11.2,0.5,1.7,123.0
2026-05-30T17:00,6.0,12.3,1.9,1.9,136.0
2026-05-30T18:00,6.0,11.8,5.7,2.6,185.0
2026-05-30T19:00,9.5,14.9,11.0,3.6,252.0
2026-05-30T20:00,12.3,17.9,15.7,4.4,303.0
2026-05-30T21:00,14.4,19.8,19.0,4.8,326.0
2026-05-30T22:00,15.1,20.3,21.7,5.0,332.0
2026-05-30T23:00,16.1,20.8,23.9,4.9,322.0
2026-05-31T00:00,16.8,20.8,25.9,4.4,287.0
2026-05-31T01:00,16.9,20.1,27.6,3.7,236.0
2026-05-31T02:00,16.1,18.6,28.1,3.2,192.0
2026-05-31T03:00,14.5,16.7,27.3,3.0,161.0
2026-05-31T04:00,12.7,15.0,25.4,2.9,137.0
2026-05-31T05:00,13.8,15.8,29.1,2.6,125.0
2026-05-31T06:00,12.0,14.1,24.2,3.0,134.0
2026-05-31T07:00,11.7,13.8,17.3,3.5,156.0
2026-05-31T08:00,12.3,15.3,11.4,3.8,168.0
2026-05-31T09:00,11.5,17.3,7.3,3.8,160.0
2026-05-31T10:00,10.8,19.3,4.1,3.7,142.0
2026-05-31T11:00,10.3,20.5,1.9,3.5,129.0
2026-05-31T12:00,9.9,21.4,1.0,3.2,127.0
2026-05-31T13:00,9.5,21.1,1.2,2.9,130.0
2026-05-31T14:00,9.1,20.9,1.5,2.7,132.0
2026-05-31T15:00,9.2,21.5,1.2,2.7,129.0
2026-05-31T16:00,9.3,21.8,1.0,2.8,125.0
2026-05-31T17:00,2.0,3.3,2.2,3.4,126.0
2026-05-31T18:00,2.9,4.3,6.3,4.1,138.0
2026-05-31T19:00,6.4,7.8,12.0,5.2,156.0
2026-05-31T20:00,10.7,11.9,17.4,6.0,169.0
2026-05-31T21:00,14.1,15.1,22.0,6.6,172.0
2026-05-31T22:00,16.2,16.9,26.3,7.0,171.0
2026-05-31T23:00,16.9,17.6,28.9,7.0,169.0
2026-06-01T00:00,16.1,16.6,29.1,6.3,171.0
2026-06-01T01:00,14.6,15.4,27.6,5.3,173.0
2026-06-01T02:00,12.9,14.5,25.8,4.4,170.0
2026-06-01T03:00,10.4,12.3,24.0,4.0,154.0
2026-06-01T04:00,8.6,10.7,21.8,3.8,132.0
2026-06-01T05:00,8.4,10.8,18.2,3.7,121.0
2026-06-01T06:00,8.1,10.8,16.4,3.8,133.0
2026-06-01T07:00,9.1,12.0,13.8,3.8,156.0
2026-06-01T08:00,10.9,14.5,11.0,3.9,170.0
2026-06-01T09:00,11.0,17.6,7.9,3.9,166.0
2026-06-01T10:00,11.5,22.6,4.6,3.9,154.0
2026-06-01T11:00,12.5,28.8,2.3,3.9,143.0
2026-06-01T12:00,12.9,33.2,1.5,3.9,138.0
2026-06-01T13:00,12.8,35.9,1.7,3.8,134.0
2026-06-01T14:00,13.6,37.8,1.9,3.7,132.0
2026-06-01T15:00,14.3,38.0,1.6,3.5,130.0
2026-06-01T16:00,14.7,39.1,1.3,3.4,130.0
2026-06-01T17:00,20.8,56.9,2.9,3.9,133.0
2026-06-01T18:00,21.1,51.5,4.5,3.9,144.0
2026-06-01T19:00,22.0,50.3,6.8,4.0,158.0
2026-06-01T20:00,22.6,52.0,9.0,4.0,167.0
2026-06-01T21:00,22.9,52.6,10.8,4.0,165.0
2026-06-01T22:00,23.6,54.1,12.5,4.0,158.0
2026-06-01T23:00,24.0,55.2,14.2,4.0,156.0
2026-06-02T00:00,24.3,56.8,16.0,3.9,166.0
2026-06-02T01:00,24.7,58.3,17.6,3.7,181.0
2026-06-02T02:00,24.7,55.2,18.8,3.6,187.0
2026-06-02T03:00,23.0,42.8,19.4,3.5,175.0
2026-06-02T04:00,20.4,35.3,19.4,3.4,156.0
2026-06-02T05:00,20.0,30.2,22.2,3.0,145.0
2026-06-02T06:00,18.7,27.6,20.0,3.5,154.0
2026-06-02T07:00,19.0,27.1,16.7,4.1,172.0
2026-06-02T08:00,21.5,34.9,13.3,4.7,183.0
2026-06-02T09:00,23.0,48.5,9.5,5.2,178.0
2026-06-02T10:00,23.2,51.1,5.5,5.5,167.0
2026-06-02T11:00,22.2,48.2,2.6,5.6,158.0
2026-06-02T12:00,20.5,44.9,1.5,5.1,156.0
2026-06-02T13:00,20.7,45.8,1.5,4.4,157.0
2026-06-02T14:00,21.0,46.7,1.7,3.9,159.0
2026-06-02T15:00,20.3,43.4,1.7,4.0,161.0
2026-06-02T16:00,19.4,42.0,1.9,4.3,163.0
2026-06-02T17:00,21.8,52.7,3.0,4.1,167.0
2026-06-02T18:00,24.3,54.4,4.7,4.5,175.0
2026-06-02T19:00,25.4,51.0,7.2,5.0,184.0
2026-06-02T20:00,26.3,46.9,9.6,5.4,189.0
2026-06-02T21:00,27.6,48.9,11.7,5.6,184.0
2026-06-02T22:00,29.0,52.3,13.9,5.6,175.0
2026-06-02T23:00,30.2,54.5,16.2,5.5,168.0
2026-06-03T00:00,31.4,56.9,19.0,5.3,168.0
2026-06-03T01:00,32.4,57.2,22.0,4.9,170.0
2026-06-03T02:00,32.9,54.6,24.3,4.5,172.0
2026-06-03T03:00,33.6,51.9,25.9,3.9,170.0
2026-06-03T04:00,33.8,49.9,26.7,3.2,167.0
2026-06-03T05:00,36.1,59.8,41.8,6.8,168.0
2026-06-03T06:00,33.6,54.5,34.3,7.5,177.0
2026-06-03T07:00,30.6,44.7,23.8,8.4,189.0
2026-06-03T08:00,29.5,50.5,15.0,9.0,193.0
2026-06-03T09:00,26.1,46.6,9.5,8.9,180.0
2026-06-03T10:00,23.0,41.7,5.7,8.5,158.0
2026-06-03T11:00,19.4,36.4,3.0,7.7,140.0
2026-06-03T12:00,11.8,23.5,1.6,6.4,132.0
2026-06-03T13:00,8.6,17.3,1.3,4.8,130.0
2026-06-03T14:00,7.3,14.8,1.3,3.5,128.0
2026-06-03T15:00,6.5,13.4,0.9,2.9,126.0
2026-06-03T16:00,5.9,12.5,0.8,2.7,125.0
2026-06-03T17:00,3.1,6.4,1.5,2.5,129.0
2026-06-03T18:00,3.3,6.7,3.5,2.8,137.0
2026-06-03T19:00,6.1,9.5,6.4,3.2,150.0
2026-06-03T20:00,7.1,11.0,8.9,3.6,170.0
2026-06-03T21:00,7.2,11.6,10.1,3.9,210.0
2026-06-03T22:00,7.9,12.2,11.0,4.0,257.0
2026-06-03T23:00,9.2,13.2,12.9,4.2,283.0
2026-06-04T00:00,11.2,14.8,17.4,4.4,266.0
2026-06-04T01:00,12.7,16.2,22.9,4.5,227.0
2026-06-04T02:00,13.3,16.8,26.6,4.4,196.0
2026-06-04T03:00,12.9,16.2,27.3,3.9,185.0
2026-06-04T04:00,12.7,16.4,26.2,3.3,182.0
2026-06-04T05:00,12.6,17.9,20.3,5.0,178.0
2026-06-04T06:00,14.1,22.1,17.1,5.2,171.0
2026-06-04T07:00,16.5,27.2,12.6,5.5,164.0
2026-06-04T08:00,19.0,37.0,8.8,5.7,157.0
2026-06-04T09:00,20.6,42.0,6.4,5.8,148.0
2026-06-04T10:00,20.8,43.2,4.6,5.9,139.0
2026-06-04T11:00,20.1,42.6,3.2,5.7,133.0
2026-06-04T12:00,20.0,43.8,2.2,5.1,131.0
2026-06-04T13:00,19.9,45.2,1.7,4.2,133.0
2026-06-04T14:00,20.1,47.4,1.5,3.6,134.0
2026-06-04T15:00,19.8,47.0,1.2,3.6,132.0
2026-06-04T16:00,18.3,41.9,1.2,3.8,131.0
2026-06-04T17:00,17.3,48.5,1.7,2.1,136.0
2026-06-04T18:00,17.3,48.5,5.7,2.7,154.0
2026-06-04T19:00,19.6,49.0,11.5,3.7,180.0
2026-06-04T20:00,24.2,53.7,17.2,4.6,200.0
2026-06-04T21:00,28.0,56.9,22.9,5.6,211.0
2026-06-04T22:00,30.0,58.1,28.6,6.7,218.0
2026-06-04T23:00,31.0,56.6,32.6,7.2,218.0
2026-06-05T00:00,30.9,53.2,33.9,6.7,209.0
2026-06-05T01:00,29.7,48.8,33.5,5.7,195.0
2026-06-05T02:00,28.1,43.9,32.3,4.9,182.0
2026-06-05T03:00,25.9,38.5,30.4,4.5,172.0
2026-06-05T04:00,23.8,35.0,27.7,4.4,164.0
2026-06-05T05:00,21.1,28.9,24.3,5.1,162.0
2026-06-05T06:00,20.1,27.0,21.5,5.5,174.0
2026-06-05T07:00,19.6,26.1,17.6,6.1,193.0
2026-06-05T08:00,21.0,31.9,13.9,6.8,201.0
2026-06-05T09:00,22.4,40.4,10.7,8.1,188.0
2026-06-05T10:00,23.3,44.2,7.7,9.5,163.0
2026-06-05T11:00,23.2,47.0,5.2,9.9,143.0
2026-06-05T12:00,23.9,54.2,3.4,8.4,132.0
2026-06-05T13:00,23.7,65.9,2.1,6.0,124.0
2026-06-05T14:00,22.5,75.9,1.3,3.9,120.0
2026-06-05T15:00,22.1,81.0,0.6,2.7,119.0
2026-06-05T16:00,21.9,82.7,0.4,2.0,120.0
2026-06-05T17:00,23.6,89.9,1.4,1.5,124.0
2026-06-05T18:00,23.1,81.3,4.6,2.1,130.0
2026-06-05T19:00,24.7,78.7,8.9,3.0,138.0
2026-06-05T20:00,27.2,81.5,12.4,3.8,146.0
2026-06-05T21:00,28.0,78.2,13.9,4.3,155.0
2026-06-05T22:00,27.0,70.3,14.5,4.7,164.0
2026-06-05T23:00,26.1,64.3,15.0,4.9,170.0
2026-06-06T00:00,25.6,60.5,15.6,4.9,169.0
2026-06-06T01:00,25.3,58.2,16.0,4.8,164.0
2026-06-06T02:00,25.4,56.9,16.8,4.7,162.0
2026-06-06T03:00,25.5,54.9,18.6,4.4,168.0
2026-06-06T04:00,25.1,50.5,20.7,4.2,177.0
2026-06-06T05:00,25.1,42.5,22.6,3.8,181.0
2026-06-06T06:00,24.4,38.8,20.0,4.3,175.0
2026-06-06T07:00,25.7,38.2,16.2,5.1,164.0
2026-06-06T08:00,29.5,58.0,12.6,5.8,155.0
2026-06-06T09:00,33.5,77.3,9.2,6.4,150.0
2026-06-06T10:00,35.2,82.2,6.0,7.0,146.0
2026-06-06T11:00,36.1,85.7,3.5,7.1,143.0
2026-06-06T12:00,36.1,89.6,2.2,6.6,141.0
2026-06-06T13:00,32.0,87.1,1.8,5.6,139.0
2026-06-06T14:00,26.3,79.4,1.5,4.7,137.0
2026-06-06T15:00,21.5,71.0,0.9,3.8,134.0
2026-06-06T16:00,18.3,61.7,0.5,2.9,132.0
2026-06-06T17:00,15.5,52.5,1.5,2.3,131.0
2026-06-06T18:00,13.6,42.0,4.3,2.8,132.0
2026-06-06T19:00,14.3,37.8,8.1,3.4,135.0
2026-06-06T20:00,15.7,37.3,10.9,3.9,141.0
2026-06-06T21:00,15.2,33.6,11.4,4.2,153.0
2026-06-06T22:00,13.6,29.7,10.8,4.4,168.0
2026-06-06T23:00,13.0,28.6,10.9,4.4,184.0
2026-06-07T00:00,13.3,29.4,12.7,4.3,205.0
2026-06-07T01:00,14.1,29.3,15.2,4.1,226.0
2026-06-07T02:00,15.0,28.1,17.4,3.8,234.0
2026-06-07T03:00,15.4,25.6,19.2,3.3,217.0
2026-06-07T04:00,15.1,23.2,20.6,2.8,186.0
2026-06-07T05:00,15.5,23.6,21.1,2.9,162.0
2026-06-07T06:00,15.5,23.4,18.6,3.4,156.0
2026-06-07T07:00,16.9,24.9,15.0,4.2,157.0
2026-06-07T08:00,19.6,34.7,11.5,4.8,156.0
2026-06-07T09:00,22.5,49.4,8.2,5.3,150.0
2026-06-07T10:00,23.5,54.0,4.9,5.7,142.0
2026-06-07T11:00,24.0,56.1,2.5,5.7,136.0
2026-06-07T12:00,21.5,51.6,1.5,5.1,133.0
2026-06-07T13:00,18.1,43.7,1.3,4.1,131.0
2026-06-07T14:00,16.5,38.8,1.3,3.4,129.0
2026-06-07T15:00,15.6,35.7,1.0,3.2,125.0
2026-06-07T16:00,15.1,33.9,0.8,3.3,120.0
2026-06-07T17:00,9.7,22.2,1.7,3.0,123.0
2026-06-07T18:00,10.1,22.6,5.8,3.6,138.0
2026-06-07T19:00,13.4,24.3,11.5,4.5,159.0
2026-06-07T20:00,18.0,29.1,17.2,5.3,178.0
2026-06-07T21:00,21.8,32.6,22.7,6.0,192.0
2026-06-07T22:00,24.0,34.0,28.0,6.5,203.0
2026-06-07T23:00,24.2,32.7,31.6,6.6,210.0
2026-06-08T00:00,22.6,29.4,32.4,6.0,214.0
2026-06-08T01:00,20.7,25.8,31.5,4.9,213.0
2026-06-08T02:00,19.2,23.4,30.2,4.0,205.0
2026-06-08T03:00,17.6,21.2,29.0,3.4,180.0
2026-06-08T04:00,15.9,19.3,27.4,3.0,148.0
2026-06-08T05:00,12.3,15.6,21.9,4.0,130.0
2026-06-08T06:00,12.5,16.2,19.8,4.4,142.0
2026-06-08T07:00,13.7,18.0,16.7,5.0,168.0
2026-06-08T08:00,16.1,21.3,13.3,5.3,183.0
2026-06-08T09:00,16.6,28.9,9.4,5.3,172.0
2026-06-08T10:00,15.8,29.0,5.2,5.0,151.0
2026-06-08T11:00,14.2,26.6,2.2,4.6,133.0
2026-06-08T12:00,13.5,26.0,1.1,3.8,126.0
2026-06-08T13:00,12.5,24.9,1.0,2.8,124.0
2026-06-08T14:00,11.8,24.1,1.2,2.0,123.0
2026-06-08T15:00,11.4,23.7,0.9,1.7,122.0
2026-06-08T16:00,11.1,23.5,0.9,1.7,122.0
2026-06-08T17:00,13.3,27.5,2.4,2.3,127.0
2026-06-08T18:00,13.3,26.3,5.1,2.8,137.0
2026-06-08T19:00,15.1,25.7,9.0,3.4,151.0
2026-06-08T20:00,16.5,26.7,12.5,3.9,170.0
2026-06-08T21:00,17.1,27.0,15.2,4.1,201.0
2026-06-08T22:00,17.3,26.5,17.7,4.2,236.0
2026-06-08T23:00,17.8,26.8,19.7,4.1,257.0
2026-06-09T00:00,18.6,27.5,21.3,3.8,254.0
2026-06-09T01:00,18.4,26.7,22.6,3.3,236.0
2026-06-09T02:00,17.1,25.2,23.3,2.8,214.0
2026-06-09T03:00,15.8,24.2,23.5,2.4,186.0
2026-06-09T04:00,14.4,21.9,23.1,2.1,154.0
2026-06-09T05:00,17.2,25.0,27.3,2.6,137.0
2026-06-09T06:00,15.8,24.5,23.0,2.8,151.0
2026-06-09T07:00,16.5,27.6,16.9,3.0,179.0
2026-06-09T08:00,18.6,37.3,11.5,3.2,195.0
2026-06-09T09:00,21.8,60.3,7.7,3.5,183.0
2026-06-09T10:00,24.7,75.9,4.6,3.7,158.0
2026-06-09T11:00,26.4,81.3,2.4,3.9,139.0
2026-06-09T12:00,26.3,77.3,1.4,4.0,133.0
2026-06-09T13:00,25.6,71.2,1.3,3.9,133.0
2026-06-09T14:00,24.3,66.4,1.4,3.8,133.0
2026-06-09T15:00,23.3,62.2,1.0,3.4,130.0
2026-06-09T16:00,22.4,59.1,0.8,2.9,127.0
2026-06-09T17:00,26.2,67.5,1.8,3.0,126.0
2026-06-09T18:00,25.9,66.1,4.8,3.5,125.0
2026-06-09T19:00,27.0,64.3,9.2,4.2,127.0
2026-06-09T20:00,30.4,67.1,13.9,4.9,135.0
2026-06-09T21:00,33.1,68.9,19.1,5.7,158.0
2026-06-09T22:00,35.5,70.5,24.5,6.4,187.0
2026-06-09T23:00,37.4,68.9,28.5,6.8,209.0
2026-06-10T00:00,36.9,64.7,30.1,6.5,217.0
2026-06-10T01:00,35.0,58.7,30.1,5.9,217.0
2026-06-10T02:00,32.2,51.1,29.8,5.2,210.0
2026-06-10T03:00,29.2,43.8,29.7,4.5,192.0
2026-06-10T04:00,26.8,39.0,29.2,3.9,168.0
2026-06-10T05:00,33.6,54.2,36.3,4.4,151.0
2026-06-10T06:00,30.9,48.1,29.3,4.7,151.0
2026-06-10T07:00,29.0,42.6,19.5,5.1,159.0
2026-06-10T08:00,28.6,56.0,11.5,5.4,164.0
2026-06-10T09:00,25.1,51.9,7.1,5.3,160.0
2026-06-10T10:00,22.6,47.0,4.6,5.1,152.0
2026-06-10T11:00,21.1,44.4,2.8,4.8,145.0
2026-06-10T12:00,20.5,43.9,1.7,4.4,138.0
2026-06-10T13:00,20.4,46.0,1.4,4.0,132.0
2026-06-10T14:00,21.2,49.0,1.4,3.6,129.0
2026-06-10T15:00,21.1,48.0,1.3,3.4,130.0
2026-06-10T16:00,21.0,46.9,1.4,3.3,135.0
2026-06-10T17:00,35.7,85.9,1.6,3.0,143.0
2026-06-10T18:00,29.6,69.4,3.6,3.1,152.0
2026-06-10T19:00,25.1,57.2,6.5,3.2,166.0
2026-06-10T20:00,24.5,53.0,8.9,3.4,193.0
2026-06-10T21:00,25.2,51.8,10.6,3.8,256.0
2026-06-10T22:00,25.3,50.2,12.0,4.3,334.0
2026-06-10T23:00,23.0,45.2,12.4,4.6,367.0
2026-06-11T00:00,19.2,40.3,11.2,4.5,315.0
2026-06-11T01:00,16.8,41.1,9.1,4.1,220.0
2026-06-11T02:00,17.3,45.4,7.9,4.3,148.0
2026-06-11T03:00,19.3,49.0,8.6,5.3,127.0
2026-06-11T04:00,21.4,50.9,10.1,6.8,129.0
2026-06-11T05:00,25.0,48.2,14.5,8.8,137.0
2026-06-11T06:00,25.1,46.2,13.3,9.4,150.0
2026-06-11T07:00,25.1,41.0,11.6,10.1,168.0
2026-06-11T08:00,26.0,51.8,9.5,9.9,175.0
2026-06-11T09:00,24.7,65.9,6.7,7.8,160.0
2026-06-11T10:00,19.2,75.0,3.6,4.9,134.0
2026-06-11T11:00,16.4,69.2,1.4,2.6,115.0
2026-06-11T12:00,14.2,61.5,0.7,1.9,110.0
2026-06-11T13:00,12.7,53.3,0.8,1.8,111.0
2026-06-11T14:00,11.6,46.0,1.0,1.9,113.0
2026-06-11T15:00,10.5,39.3,0.7,1.7,115.0
2026-06-11T16:00,9.7,34.2,0.5,1.7,118.0
2026-06-11T17:00,5.6,17.9,1.5,1.9,122.0
2026-06-11T18:00,4.9,14.5,5.4,2.5,129.0
2026-06-11T19:00,6.7,15.1,10.9,3.4,138.0
2026-06-11T20:00,11.7,20.2,15.6,4.2,143.0
2026-06-11T21:00,16.2,24.4,18.7,4.8,143.0
2026-06-11T22:00,17.4,24.9,21.0,5.4,140.0
2026-06-11T23:00,14.6,20.7,22.2,5.7,137.0
2026-06-12T00:00,12.0,16.4,21.6,5.7,137.0
2026-06-12T01:00,10.5,13.6,20.0,5.4,137.0
2026-06-12T02:00,9.5,11.8,19.0,5.1,137.0
2026-06-12T03:00,8.7,10.6,20.0,4.8,135.0
2026-06-12T04:00,7.9,9.5,21.6,4.4,134.0
2026-06-12T05:00,6.6,7.4,21.9,4.1,138.0
2026-06-12T06:00,6.5,7.6,19.5,4.6,155.0
2026-06-12T07:00,7.6,8.9,16.1,5.3,178.0
2026-06-12T08:00,8.7,11.2,12.5,5.5,188.0
2026-06-12T09:00,8.6,22.2,8.6,4.8,171.0
2026-06-12T10:00,10.3,37.0,4.5,3.7,141.0
2026-06-12T11:00,10.4,40.5,1.6,2.8,119.0
2026-06-12T12:00,9.9,37.6,0.6,2.5,113.0
2026-06-12T13:00,9.5,35.2,0.8,2.3,115.0
2026-06-12T14:00,9.4,33.8,1.1,2.3,117.0
2026-06-12T15:00,9.4,33.1,0.6,2.2,117.0
2026-06-12T16:00,9.5,32.7,0.2,2.1,118.0
2026-06-12T17:00,7.0,22.8,1.7,2.3,121.0
2026-06-12T18:00,7.5,22.8,5.0,2.8,128.0
2026-06-12T19:00,8.6,23.7,9.7,3.6,137.0
2026-06-12T20:00,13.0,28.0,13.5,4.4,144.0
2026-06-12T21:00,17.1,31.3,15.6,5.2,148.0
2026-06-12T22:00,17.0,29.2,17.0,6.1,150.0
2026-06-12T23:00,15.0,25.2,18.1,6.6,151.0
2026-06-13T00:00,14.1,23.5,19.2,6.7,151.0
2026-06-13T01:00,14.0,23.1,20.0,6.5,151.0
2026-06-13T02:00,13.9,21.9,21.0,6.2,150.0
2026-06-13T03:00,13.2,19.4,22.8,5.6,148.0
2026-06-13T04:00,12.1,16.8,24.7,4.7,147.0
2026-06-13T05:00,10.5,14.3,23.7,4.2,150.0
2026-06-13T06:00,10.0,13.8,20.9,4.7,163.0
2026-06-13T07:00,10.4,14.3,16.8,5.3,181.0
2026-06-13T08:00,11.8,17.8,12.8,5.6,189.0
2026-06-13T09:00,11.9,23.3,8.9,5.4,179.0
2026-06-13T10:00,11.1,23.1,5.1,5.0,160.0
2026-06-13T11:00,10.0,21.8,2.3,4.4,143.0
2026-06-13T12:00,9.2,21.6,1.2,3.7,133.0
2026-06-13T13:00,8.8,21.3,1.2,2.9,126.0
2026-06-13T14:00,8.5,20.6,1.3,2.4,121.0
2026-06-13T15:00,8.2,19.8,1.0,2.2,117.0
2026-06-13T16:00,7.9,19.0,0.9,2.3,115.0
2026-06-13T17:00,4.0,8.7,1.7,2.3,119.0
2026-06-13T18:00,4.0,8.4,4.1,2.7,128.0
2026-06-13T19:00,4.8,8.8,7.7,3.3,143.0
2026-06-13T20:00,8.2,11.9,11.9,3.9,174.0
2026-06-13T21:00,12.5,16.1,17.1,4.6,244.0
2026-06-13T22:00,15.5,18.7,22.9,5.3,329.0
2026-06-13T23:00,16.4,19.3,27.6,5.7,368.0
2026-06-14T00:00,17.1,19.8,30.6,5.4,317.0
2026-06-14T01:00,17.5,19.7,32.4,4.7,220.0
2026-06-14T02:00,16.8,18.5,33.0,4.1,146.0
2026-06-14T03:00,15.2,16.5,32.3,3.6,122.0
2026-06-14T04:00,13.0,14.2,30.5,3.1,121.0
2026-06-14T05:00,9.8,10.5,26.9,2.8,127.0
2026-06-14T06:00,9.0,9.9,23.4,3.1,139.0
2026-06-14T07:00,8.8,9.8,18.5,3.5,159.0
2026-06-14T08:00,9.8,11.2,13.8,3.8,168.0
2026-06-14T09:00,8.2,12.3,9.4,3.8,158.0
2026-06-14T10:00,8.3,15.6,5.2,3.8,137.0
2026-06-14T11:00,8.7,18.4,2.2,3.5,122.0
2026-06-14T12:00,7.6,17.0,1.0,3.0,117.0
2026-06-14T13:00,6.5,15.0,1.0,2.3,117.0
2026-06-14T14:00,6.0,13.9,1.1,1.8,118.0
2026-06-14T15:00,5.6,13.1,0.9,1.7,116.0
2026-06-14T16:00,5.5,12.8,0.9,1.7,115.0
2026-06-14T17:00,8.6,21.5,1.6,1.9,118.0
2026-06-14T18:00,8.9,20.4,3.1,2.1,126.0
2026-06-14T19:00,9.8,19.1,5.4,2.5,138.0
2026-06-14T20:00,10.5,20.4,7.7,2.8,153.0
2026-06-14T21:00,11.6,22.3,10.2,3.1,175.0
2026-06-14T22:00,13.2,23.6,12.8,3.3,200.0
2026-06-14T23:00,14.3,22.8,14.8,3.4,211.0
2026-06-15T00:00,14.8,21.7,16.0,3.2,198.0
2026-06-15T01:00,14.1,20.8,16.6,2.8,172.0
2026-06-15T02:00,13.2,19.9,17.1,2.5,150.0
2026-06-15T03:00,12.4,18.9,18.0,2.3,136.0
2026-06-15T04:00,11.7,17.9,18.7,2.2,126.0
2026-06-15T05:00,11.2,15.8,19.3,2.4,125.0
2026-06-15T06:00,10.6,15.0,17.4,2.7,143.0
2026-06-15T07:00,10.8,15.1,14.6,3.2,169.0
2026-06-15T08:00,12.8,17.2,11.6,3.5,183.0
2026-06-15T09:00,12.2,22.5,8.2,3.4,169.0
2026-06-15T10:00,13.5,30.3,4.5,3.2,142.0
2026-06-15T11:00,14.6,34.5,1.9,2.9,121.0
2026-06-15T12:00,14.7,35.6,1.0,2.6,115.0
2026-06-15T13:00,13.8,33.5,1.1,2.4,116.0
2026-06-15T14:00,13.0,31.4,1.3,2.2,118.0
2026-06-15T15:00,12.5,29.6,1.1,2.1,120.0
2026-06-15T16:00,12.3,29.6,1.1,2.0,123.0
2026-06-15T17:00,16.1,30.6,1.8,2.1,129.0
2026-06-15T18:00,16.0,29.1,3.0,2.6,135.0
2026-06-15T19:00,16.9,28.6,4.9,3.4,144.0
2026-06-15T20:00,18.3,29.0,7.8,4.1,168.0
2026-06-15T21:00,20.1,29.9,12.8,4.7,231.0
2026-06-15T22:00,22.6,32.0,18.8,5.1,310.0
2026-06-15T23:00,25.0,33.4,23.4,5.3,346.0
2026-06-16T00:00,25.7,32.7,25.5,4.9,300.0
2026-06-16T01:00,24.9,31.2,26.1,4.2,211.0
2026-06-16T02:00,23.3,29.7,26.0,3.7,143.0
2026-06-16T03:00,21.5,28.3,25.2,3.5,119.0
2026-06-16T04:00,19.9,27.1,23.7,3.4,116.0
2026-06-16T05:00,17.4,27.4,15.2,5.5,121.0
2026-06-16T06:00,18.2,27.2,14.3,5.8,138.0
2026-06-16T07:00,19.6,27.8,13.0,6.2,164.0
2026-06-16T08:00,21.1,33.1,11.1,6.2,178.0
2026-06-16T09:00,21.9,42.1,8.2,5.6,169.0
2026-06-16T10:00,21.2,46.8,4.7,4.8,149.0
2026-06-16T11:00,17.6,40.7,2.1,4.0,132.0
2026-06-16T12:00,13.0,30.3,1.2,3.5,124.0
2026-06-16T13:00,10.1,23.6,1.2,3.0,119.0
2026-06-16T14:00,8.5,19.7,1.3,2.7,116.0
2026-06-16T15:00,7.6,17.8,0.8,2.5,116.0
2026-06-16T16:00,7.5,17.5,0.4,2.3,118.0
2026-06-16T17:00,12.1,29.2,1.7,2.3,122.0
2026-06-16T18:00,12.6,29.5,6.0,2.8,123.0
2026-06-16T19:00,14.6,30.5,12.0,3.6,126.0
2026-06-16T20:00,19.6,34.8,17.3,4.4,143.0
2026-06-16T21:00,22.6,36.2,21.4,5.2,191.0
2026-06-16T22:00,26.1,39.1,24.9,6.0,253.0
2026-06-16T23:00,24.8,37.4,27.0,6.5,295.0
2026-06-17T00:00,22.3,33.8,26.8,6.5,301.0
2026-06-17T01:00,19.9,30.4,25.2,6.2,287.0
2026-06-17T02:00,18.8,27.8,24.0,5.8,268.0
2026-06-17T03:00,17.8,25.0,24.5,5.1,248.0
2026-06-17T04:00,16.8,23.5,25.4,4.3,225.0
2026-06-17T05:00,12.4,20.6,15.7,4.7,202.0
2026-06-17T06:00,13.5,21.3,13.9,4.7,182.0
2026-06-17T07:00,14.1,20.1,11.3,4.8,163.0
2026-06-17T08:00,14.2,21.8,8.8,5.0,148.0
2026-06-17T09:00,14.5,23.6,6.6,5.5,140.0
2026-06-17T10:00,15.0,24.8,4.5,6.2,136.0
2026-06-17T11:00,15.1,26.7,2.9,6.4,134.0
2026-06-17T12:00,15.5,30.3,2.1,5.7,132.0
2026-06-17T13:00,15.5,33.4,1.7,4.5,132.0
2026-06-17T14:00,16.0,36.4,1.6,3.5,132.0
2026-06-17T15:00,16.0,36.9,1.6,3.1,131.0
2026-06-17T16:00,15.9,36.7,1.8,3.0,131.0
2026-06-17T17:00,15.1,34.2,3.0,2.9,136.0
2026-06-17T18:00,15.4,33.8,5.7,3.5,147.0
2026-06-17T19:00,16.2,34.3,9.6,4.3,163.0
2026-06-17T20:00,19.2,36.6,13.4,5.1,182.0
2026-06-17T21:00,20.6,36.1,16.6,5.7,209.0
2026-06-17T22:00,20.2,34.5,19.6,6.3,239.0
2026-06-17T23:00,21.7,36.0,22.5,6.5,255.0
2026-06-18T00:00,23.9,37.5,25.6,6.2,245.0
2026-06-18T01:00,23.5,34.7,28.6,5.7,220.0
2026-06-18T02:00,22.6,31.4,30.3,5.1,196.0
2026-06-18T03:00,21.4,28.8,30.2,4.6,177.0
2026-06-18T04:00,19.3,26.0,28.7,4.1,158.0
2026-06-18T05:00,13.7,18.1,22.3,3.2,146.0
2026-06-18T06:00,13.3,17.9,19.2,3.5,145.0
2026-06-18T07:00,13.5,18.5,14.7,4.0,151.0
2026-06-18T08:00,13.7,23.1,10.8,4.4,154.0
2026-06-18T09:00,13.0,25.4,7.9,4.7,150.0
2026-06-18T10:00,13.4,26.5,5.5,5.0,143.0
2026-06-18T11:00,14.3,28.5,3.6,5.0,138.0
2026-06-18T12:00,15.3,32.0,2.4,4.4,139.0
2026-06-18T13:00,16.2,36.2,1.8,3.5,142.0
2026-06-18T14:00,16.5,39.3,1.5,2.9,145.0
2026-06-18T15:00,17.5,44.9,1.3,2.7,147.0
2026-06-18T16:00,17.9,50.3,1.4,2.7,148.0
2026-06-18T17:00,16.8,54.2,2.1,2.5,148.0
2026-06-18T18:00,15.9,46.7,3.0,2.7,144.0
2026-06-18T19:00,14.9,39.1,4.4,3.1,138.0
2026-06-18T20:00,14.9,34.9,6.7,3.5,143.0
2026-06-18T21:00,15.1,32.9,10.4,4.1,167.0
2026-06-18T22:00,16.2,34.0,15.1,4.9,201.0
2026-06-18T23:00,19.8,37.7,19.6,5.4,230.0
2026-06-19T00:00,23.4,41.9,24.2,5.5,251.0
2026-06-19T01:00,25.9,44.8,28.7,5.4,268.0
2026-06-19T02:00,26.1,42.7,31.6,5.1,271.0
2026-06-19T03:00,24.6,38.0,32.6,4.5,252.0
2026-06-19T04:00,23.9,35.2,32.1,3.8,220.0
2026-06-19T05:00,20.1,34.3,26.9,3.0,194.0
2026-06-19T06:00,19.3,29.9,21.2,3.6,185.0
2026-06-19T07:00,18.9,31.2,13.4,4.4,182.0
2026-06-19T08:00,18.5,42.3,7.1,4.8,176.0
2026-06-19T09:00,16.2,38.9,4.0,4.4,161.0
2026-06-19T10:00,14.5,33.8,2.6,3.6,144.0
2026-06-19T11:00,12.2,27.6,1.7,3.0,131.0
2026-06-19T12:00,10.6,23.5,1.2,2.7,128.0
2026-06-19T13:00,10.2,21.7,1.3,2.6,131.0
2026-06-19T14:00,10.2,21.0,1.5,2.5,133.0
2026-06-19T15:00,10.1,20.0,1.5,2.4,131.0
2026-06-19T16:00,9.9,19.2,1.6,2.4,128.0
2026-06-19T17:00,10.8,21.2,1.8,2.4,131.0
2026-06-19T18:00,11.0,20.9,2.8,2.5,147.0
2026-06-19T19:00,12.2,21.3,4.3,2.8,169.0
2026-06-19T20:00,12.7,19.5,6.6,3.1,183.0
2026-06-19T21:00,13.0,19.4,10.0,3.7,181.0
2026-06-19T22:00,14.4,21.1,14.2,4.5,171.0
2026-06-19T23:00,17.1,23.5,18.0,5.0,164.0
2026-06-20T00:00,18.3,24.3,21.2,5.0,163.0
2026-06-20T01:00,18.6,24.2,24.0,4.8,164.0
2026-06-20T02:00,19.0,24.2,26.3,4.5,167.0
2026-06-20T03:00,19.3,24.0,28.7,4.0,176.0
2026-06-20T04:00,19.9,24.0,30.6,3.5,187.0
2026-06-20T05:00,19.7,23.1,31.4,3.2,192.0
2026-06-20T06:00,18.7,21.5,24.7,3.8,187.0
2026-06-20T07:00,16.2,20.4,15.5,4.7,177.0
2026-06-20T08:00,13.0,20.1,8.2,5.2,167.0
2026-06-20T09:00,12.5,20.4,4.7,5.0,158.0
2026-06-20T10:00,13.0,21.4,3.2,4.5,148.0
2026-06-20T11:00,13.2,21.7,2.2,4.0,141.0
2026-06-20T12:00,13.3,21.9,1.5,3.7,135.0
2026-06-20T13:00,13.5,22.4,1.3,3.4,131.0
2026-06-20T14:00,13.6,22.5,1.4,3.2,132.0
2026-06-20T15:00,13.6,22.4,1.4,3.2,142.0
2026-06-20T16:00,13.8,22.1,1.5,3.3,157.0
2026-06-20T17:00,15.5,26.0,2.0,2.6,171.0
2026-06-20T18:00,14.8,24.0,4.4,2.9,177.0
2026-06-20T19:00,16.5,24.8,7.8,3.2,182.0
2026-06-20T20:00,18.2,25.2,10.7,3.5,196.0
2026-06-20T21:00,20.4,27.6,12.5,3.7,237.0
2026-06-20T22:00,21.0,28.8,13.8,3.9,287.0
2026-06-20T23:00,22.2,30.3,15.5,3.9,311.0
2026-06-21T00:00,24.0,31.7,18.3,3.7,282.0
2026-06-21T01:00,26.0,33.4,21.6,3.5,227.0
2026-06-21T02:00,27.8,34.2,23.9,3.2,184.0
2026-06-21T03:00,27.8,32.7,25.1,2.9,172.0
2026-06-21T04:00,26.4,30.3,25.5,2.5,172.0
2026-06-21T05:00,23.7,28.1,24.1,2.7,172.0
2026-06-21T06:00,23.0,27.0,19.3,3.5,167.0
2026-06-21T07:00,22.2,27.4,12.5,4.5,162.0
2026-06-21T08:00,19.2,26.7,7.1,5.1,156.0
2026-06-21T09:00,15.7,22.7,4.3,5.0,147.0
2026-06-21T10:00,14.2,21.0,2.8,4.4,136.0
2026-06-21T11:00,13.4,19.7,1.8,4.0,129.0
2026-06-21T12:00,12.9,19.0,1.3,3.8,128.0
2026-06-21T13:00,12.8,18.6,1.3,3.7,131.0
2026-06-21T14:00,12.8,18.5,1.4,3.6,135.0
2026-06-21T15:00,12.4,17.8,1.3,3.5,138.0
2026-06-21T16:00,12.1,17.2,1.3,3.4,143.0
2026-06-21T17:00,13.0,17.3,2.7,3.7,152.0
2026-06-21T18:00,13.3,17.1,3.8,4.2,166.0
2026-06-21T19:00,13.8,17.3,5.4,4.9,185.0
2026-06-21T20:00,15.0,18.6,8.3,5.6,210.0
2026-06-21T21:00,17.5,21.1,13.3,6.3,252.0
2026-06-21T22:00,21.0,24.5,19.4,7.0,301.0
2026-06-21T23:00,23.2,26.8,24.4,7.3,329.0
2026-06-22T00:00,25.0,28.5,27.3,6.9,321.0
2026-06-22T01:00,26.4,29.5,29.0,6.2,291.0
2026-06-22T02:00,26.8,29.2,29.8,5.4,257.0
2026-06-22T03:00,26.0,27.7,29.9,4.6,216.0
2026-06-22T04:00,24.1,25.5,29.1,3.7,170.0
2026-06-22T05:00,20.1,21.6,27.7,4.2,139.0
2026-06-22T06:00,19.1,20.5,22.2,4.6,137.0
2026-06-22T07:00,18.0,19.4,14.5,5.1,150.0
2026-06-22T08:00,14.6,17.1,8.3,5.4,158.0
2026-06-22T09:00,13.4,16.4,5.0,5.3,153.0
2026-06-22T10:00,14.1,17.2,3.2,4.9,144.0
2026-06-22T11:00,15.2,18.6,2.0,4.6,137.0
2026-06-22T12:00,16.1,19.7,1.4,4.3,137.0
2026-06-22T13:00,16.5,20.1,1.4,4.1,140.0
2026-06-22T14:00,16.8,20.1,1.5,4.0,142.0
2026-06-22T15:00,16.9,20.1,1.3,4.1,140.0
2026-06-22T16:00,16.8,19.9,1.3,4.4,136.0
2026-06-22T17:00,11.2,12.6,2.1,4.6,137.0
2026-06-22T18:00,11.2,12.5,4.3,5.1,146.0
2026-06-22T19:00,12.2,13.4,7.4,5.7,159.0
2026-06-22T20:00,14.7,15.8,10.4,6.2,169.0
2026-06-22T21:00,16.8,17.8,13.0,6.3,176.0
2026-06-22T22:00,17.8,18.8,15.5,6.3,180.0
2026-06-22T23:00,18.1,19.2,17.2,6.0,180.0
2026-06-23T00:00,18.3,19.4,17.8,5.4,173.0
2026-06-23T01:00,18.6,19.7,17.6,4.7,161.0
2026-06-23T02:00,18.6,19.6,17.6,4.0,155.0
2026-06-23T03:00,18.2,19.2,18.6,3.5,158.0
2026-06-23T04:00,17.3,18.4,19.8,3.0,166.0
2026-06-23T05:00,15.0,15.9,16.7,3.0,174.0
2026-06-23T06:00,14.4,15.3,13.9,3.2,183.0
2026-06-23T07:00,14.1,14.8,9.9,3.4,191.0
2026-06-23T08:00,13.3,14.8,6.5,3.6,192.0
2026-06-23T09:00,14.6,16.9,4.3,3.6,177.0
2026-06-23T10:00,15.2,17.6,2.8,3.5,155.0
2026-06-23T11:00,14.1,16.2,1.7,3.4,137.0
2026-06-23T12:00,12.0,13.7,1.2,3.2,130.0
2026-06-23T13:00,10.6,12.1,1.2,3.0,128.0
2026-06-23T14:00,9.7,11.2,1.3,2.9,128.0
2026-06-23T15:00,9.1,10.6,1.1,2.8,127.0
2026-06-23T16:00,8.7,10.1,1.0,2.8,127.0
2026-06-23T17:00,0.4,0.4,1.7,2.3,132.0
2026-06-23T18:00,0.6,0.6,5.3,3.0,144.0
2026-06-23T19:00,2.4,2.4,10.4,4.0,160.0
2026-06-23T20:00,6.8,6.8,14.7,4.8,176.0
2026-06-23T21:00,8.0,8.1,17.6,5.3,193.0
2026-06-23T22:00,8.4,8.4,19.9,5.7,209.0
2026-06-23T23:00,9.0,9.0,21.2,5.8,220.0
2026-06-24T00:00,9.5,9.6,21.5,5.6,224.0
2026-06-24T01:00,10.5,10.7,20.9,5.1,222.0
2026-06-24T02:00,9.6,10.3,19.7,4.8,211.0
2026-06-24T03:00,8.4,9.9,17.6,4.7,182.0
2026-06-24T04:00,7.8,9.3,14.8,4.7,144.0
2026-06-24T05:00,7.8,9.4,18.2,4.3,121.0
2026-06-24T06:00,8.1,9.8,15.8,4.9,129.0
2026-06-24T07:00,8.6,10.9,12.4,5.6,152.0
2026-06-24T08:00,9.4,12.4,9.2,6.2,167.0
2026-06-24T09:00,10.4,14.5,6.6,6.5,164.0
2026-06-24T10:00,11.3,16.0,4.2,6.5,153.0
2026-06-24T11:00,12.0,17.2,2.5,6.3,143.0
2026-06-24T12:00,12.1,18.3,1.7,5.7,138.0
2026-06-24T13:00,12.1,19.6,1.5,4.9,135.0
2026-06-24T14:00,12.8,22.4,1.4,4.1,131.0
2026-06-24T15:00,13.0,25.0,1.0,3.5,125.0
2026-06-24T16:00,12.4,25.7,0.8,3.0,118.0
2026-06-24T17:00,11.2,25.2,1.6,2.7,116.0
2026-06-24T18:00,10.5,24.1,4.4,2.9,123.0
2026-06-24T19:00,10.7,22.7,8.3,3.3,134.0
2026-06-24T20:00,13.2,24.6,11.2,3.7,142.0
2026-06-24T21:00,12.9,23.2,12.1,3.9,146.0
2026-06-24T22:00,11.3,19.8,12.0,4.1,147.0
2026-06-24T23:00,10.1,17.2,11.9,4.3,144.0
2026-06-25T00:00,9.6,15.7,12.0,4.5,134.0
2026-06-25T01:00,9.3,14.8,12.1,4.6,122.0
2026-06-25T02:00,9.1,14.1,12.6,4.7,115.0
2026-06-25T03:00,8.9,13.3,14.3,4.7,120.0
2026-06-25T04:00,9.2,13.0,16.4,4.7,131.0
2026-06-25T05:00,10.1,13.5,17.4,4.9,144.0
2026-06-25T06:00,10.8,13.6,16.5,5.6,160.0
2026-06-25T07:00,11.8,14.3,14.4,6.4,177.0
2026-06-25T08:00,13.4,18.0,11.8,6.8,185.0
2026-06-25T09:00,11.6,19.8,8.5,6.2,175.0
2026-06-25T10:00,10.9,22.4,4.7,5.2,155.0
2026-06-25T11:00,10.9,24.6,2.0,4.3,139.0
2026-06-25T12:00,10.6,23.9,1.1,3.8,133.0
2026-06-25T13:00,10.2,22.4,1.2,3.5,132.0
2026-06-25T14:00,10.0,21.5,1.4,3.3,130.0
2026-06-25T15:00,9.7,20.7,1.0,3.2,125.0
2026-06-25T16:00,9.3,19.7,0.7,3.2,121.0
2026-06-25T17:00,2.6,2.6,1.9,3.3,122.0
2026-06-25T18:00,3.0,3.1,4.7,3.9,130.0
2026-06-25T19:00,4.9,4.9,8.8,4.9,144.0
2026-06-25T20:00,7.7,7.7,13.1,5.7,162.0
2026-06-25T21:00,11.7,11.7,17.9,6.5,191.0
2026-06-25T22:00,13.9,13.9,23.0,7.2,224.0
2026-06-25T23:00,14.8,14.8,26.8,7.5,244.0
2026-06-26T00:00,15.1,15.2,28.7,7.0,240.0
2026-06-26T01:00,14.7,14.7,29.4,6.0,222.0
2026-06-26T02:00,13.5,13.6,29.5,5.1,200.0
2026-06-26T03:00,12.3,12.3,29.5,4.4,172.0
2026-06-26T04:00,11.2,11.3,28.9,3.9,141.0
2026-06-26T05:00,9.9,10.0,27.4,3.8,125.0
2026-06-26T06:00,9.8,10.0,25.7,4.2,137.0
2026-06-26T07:00,11.2,11.5,23.3,4.9,163.0
2026-06-26T08:00,12.7,13.2,19.9,5.5,181.0
2026-06-26T09:00,10.1,10.9,14.9,6.1,179.0
2026-06-26T10:00,9.3,10.0,9.0,6.8,167.0
2026-06-26T11:00,8.6,9.3,4.5,7.0,158.0
2026-06-26T12:00,8.5,9.5,2.6,6.6,155.0
2026-06-26T13:00,8.9,10.6,2.1,5.9,154.0
2026-06-26T14:00,9.6,11.8,2.0,5.2,152.0
2026-06-26T15:00,10.0,12.6,1.6,4.8,146.0
2026-06-26T16:00,10.1,13.6,1.5,4.5,140.0
2026-06-26T17:00,9.7,17.4,2.5,3.9,140.0
2026-06-26T18:00,9.5,17.3,5.2,4.4,148.0
2026-06-26T19:00,10.5,18.3,8.9,5.1,162.0
2026-06-26T20:00,14.0,21.3,11.8,5.5,183.0
2026-06-26T21:00,15.3,22.1,13.2,5.4,221.0
2026-06-26T22:00,15.7,22.1,13.8,5.1,266.0
2026-06-26T23:00,16.1,22.2,14.4,4.7,290.0
2026-06-27T00:00,16.2,22.1,15.3,4.2,275.0
2026-06-27T01:00,16.5,21.8,16.1,3.7,239.0
2026-06-27T02:00,16.4,21.1,17.1,3.3,203.0
2026-06-27T03:00,16.2,20.5,18.7,3.1,172.0
2026-06-27T04:00,15.7,19.8,20.3,3.1,141.0
2026-06-27T05:00,17.2,22.7,27.2,3.3,123.0
2026-06-27T06:00,15.5,20.8,22.9,4.0,128.0
2026-06-27T07:00,14.5,20.8,16.9,5.0,146.0
2026-06-27T08:00,15.6,22.9,11.6,5.5,157.0
2026-06-27T09:00,13.1,25.6,7.6,5.2,150.0
2026-06-27T10:00,10.7,24.2,4.2,4.5,135.0
2026-06-27T11:00,10.2,24.2,1.8,3.9,123.0
2026-06-27T12:00,9.9,23.7,0.9,3.6,119.0
2026-06-27T13:00,10.0,23.9,1.1,3.3,119.0
2026-06-27T14:00,10.7,25.4,1.3,3.1,120.0
2026-06-27T15:00,10.6,24.6,1.1,2.9,122.0
2026-06-27T16:00,10.3,23.9,1.0,2.7,125.0
2026-06-27T17:00,15.7,37.5,1.8,2.6,130.0
2026-06-27T18:00,15.1,34.9,4.4,3.0,137.0
2026-06-27T19:00,16.2,31.8,8.2,3.6,145.0
2026-06-27T20:00,17.9,33.4,12.5,4.2,153.0
2026-06-27T21:00,20.3,35.5,18.1,4.9,161.0
2026-06-27T22:00,23.2,37.3,24.3,5.6,169.0
2026-06-27T23:00,24.7,36.2,28.2,5.9,174.0
2026-06-28T00:00,23.4,32.2,28.1,5.7,174.0
2026-06-28T01:00,21.2,28.8,25.7,5.1,171.0
2026-06-28T02:00,19.0,25.5,23.5,4.6,163.0
2026-06-28T03:00,17.1,22.8,22.8,4.2,147.0
2026-06-28T04:00,15.5,20.7,22.3,3.9,127.0
2026-06-28T05:00,13.9,18.5,19.5,3.5,116.0
2026-06-28T06:00,13.4,17.7,17.5,3.5,122.0
2026-06-28T07:00,13.8,18.0,14.7,3.5,136.0
2026-06-28T08:00,15.8,20.1,11.7,3.5,144.0
2026-06-28T09:00,16.0,25.4,8.3,3.5,140.0
2026-06-28T10:00,16.1,26.5,4.7,3.6,130.0
2026-06-28T11:00,14.8,25.0,2.1,3.5,122.0
2026-06-28T12:00,13.7,27.9,1.1,3.1,120.0
2026-06-28T13:00,16.1,39.0,1.1,2.7,120.0
2026-06-28T14:00,17.4,46.9,1.2,2.3,120.0
2026-06-28T15:00,17.6,52.4,1.1,2.2,118.0
2026-06-28T16:00,16.5,49.8,1.1,2.2,116.0
2026-06-28T17:00,15.1,43.7,1.6,2.3,117.0
2026-06-28T18:00,13.8,37.1,3.1,2.6,122.0
2026-06-28T19:00,15.3,35.5,5.0,3.0,130.0
2026-06-28T20:00,15.7,34.1,6.8,3.3,135.0
2026-06-28T21:00,14.5,29.7,8.0,3.3,135.0
2026-06-28T22:00,12.7,24.2,9.0,3.1,132.0
2026-06-28T23:00,11.2,19.6,10.0,2.9,129.0
2026-06-29T00:00,10.5,17.2,11.3,2.7,124.0
2026-06-29T01:00,10.3,16.6,12.7,2.4,118.0
2026-06-29T02:00,10.6,16.6,13.8,2.3,115.0
2026-06-29T03:00,11.1,16.9,14.6,2.3,117.0
2026-06-29T04:00,12.1,18.1,15.0,2.4,121.0
2026-06-29T05:00,11.7,17.3,10.3,3.0,124.0
2026-06-29T06:00,12.2,18.7,8.1,3.0,123.0
2026-06-29T07:00,13.1,21.4,5.1,3.1,120.0
2026-06-29T08:00,14.4,25.6,2.8,3.0,117.0
2026-06-29T09:00,15.6,30.6,1.8,2.8,115.0
2026-06-29T10:00,16.6,34.7,1.5,2.4,114.0
2026-06-29T11:00,18.3,40.2,1.3,2.2,114.0
2026-06-29T12:00,21.0,47.6,1.1,2.2,115.0
2026-06-29T13:00,21.9,50.3,1.1,2.3,116.0
2026-06-29T14:00,22.3,50.9,1.2,2.4,118.0
2026-06-29T15:00,22.1,50.2,1.1,2.5,120.0
2026-06-29T16:00,21.8,49.4,1.0,2.5,122.0
2026-06-29T17:00,20.9,48.5,1.9,2.7,126.0
2026-06-29T18:00,20.4,47.1,3.6,2.9,132.0
2026-06-29T19:00,18.9,38.6,6.0,3.3,140.0
2026-06-29T20:00,18.0,33.8,7.9,3.6,149.0
2026-06-29T21:00,17.5,31.3,8.8,3.8,160.0
2026-06-29T22:00,16.9,29.5,9.3,4.0,171.0
2026-06-29T23:00,16.5,28.3,10.1,4.1,179.0
2026-06-30T00:00,16.5,28.1,11.2,4.2,181.0
2026-06-30T01:00,17.1,29.4,12.6,4.4,180.0
2026-06-30T02:00,17.9,30.9,14.9,4.5,178.0
2026-06-30T03:00,19.0,32.2,19.6,4.5,177.0
2026-06-30T04:00,19.8,33.5,25.1,4.5,176.0
2026-06-30T05:00,19.0,34.8,22.9,4.3,173.0
2026-06-30T06:00,19.0,32.9,18.6,5.1,167.0
2026-06-30T07:00,18.3,32.1,12.7,6.1,160.0
2026-06-30T08:00,19.5,39.7,7.8,6.6,152.0
2026-06-30T09:00,20.6,44.9,4.9,6.0,144.0
2026-06-30T10:00,21.5,49.0,3.1,4.9,135.0
2026-06-30T11:00,22.1,51.5,1.8,4.0,128.0
2026-06-30T12:00,20.8,47.7,1.1,3.5,124.0
2026-06-30T13:00,18.5,41.3,1.0,3.1,122.0
2026-06-30T14:00,16.2,35.9,1.1,2.8,122.0
2026-06-30T15:00,14.1,31.2,0.9,2.6,123.0
2026-06-30T16:00,11.9,26.3,0.8,2.4,126.0
2026-06-30T17:00,18.0,41.7,1.7,2.3,129.0
2026-06-30T18:00,15.5,34.2,4.2,2.7,133.0
2026-06-30T19:00,15.6,30.6,7.6,3.3,138.0
2026-06-30T20:00,17.1,31.3,10.5,3.7,142.0
2026-06-30T21:00,17.9,32.2,12.1,3.9,145.0
2026-06-30T22:00,19.3,35.3,13.1,4.0,148.0
2026-06-30T23:00,20.8,38.4,14.3,4.0,147.0
2026-07-01T00:00,22.8,42.4,16.0,4.0,140.0
2026-07-01T01:00,24.7,46.3,17.9,3.8,131.0
2026-07-01T02:00,26.5,48.8,20.2,3.7,124.0
2026-07-01T03:00,27.6,48.2,24.3,3.4,123.0
2026-07-01T04:00,29.6,48.1,28.7,3.1,125.0
2026-07-01T05:00,29.7,48.1,23.8,3.0,129.0
2026-07-01T06:00,30.9,46.4,19.2,3.8,137.0
2026-07-01T07:00,29.0,43.8,12.8,4.8,147.0
2026-07-01T08:00,29.9,62.4,7.6,5.4,150.0
2026-07-01T09:00,25.1,55.5,4.8,5.2,141.0
2026-07-01T10:00,23.2,52.5,3.2,4.7,126.0
2026-07-01T11:00,21.0,48.2,2.1,4.1,114.0
2026-07-01T12:00,18.7,43.7,1.5,3.6,110.0
2026-07-01T13:00,17.1,40.3,1.4,3.2,110.0
2026-07-01T14:00,15.5,37.7,1.4,2.8,111.0
2026-07-01T15:00,12.9,34.7,0.9,2.4,111.0
2026-07-01T16:00,10.9,30.2,0.5,2.2,111.0
2026-07-01T17:00,10.0,26.2,1.8,2.2,115.0
2026-07-01T18:00,9.5,23.6,5.2,2.8,121.0
2026-07-01T19:00,12.4,23.9,10.1,3.7,130.0
2026-07-01T20:00,16.4,28.8,15.6,4.5,149.0
2026-07-01T21:00,20.6,33.1,22.4,5.2,189.0
2026-07-01T22:00,23.7,35.5,29.8,5.8,240.0
2026-07-01T23:00,25.7,36.7,35.0,6.0,276.0
2026-07-02T00:00,25.6,35.3,36.4,5.4,287.0
2026-07-02T01:00,24.0,32.6,35.6,4.3,285.0
2026-07-02T02:00,22.2,30.0,34.0,3.4,274.0
2026-07-02T03:00,20.9,28.5,31.9,2.7,254.0
2026-07-02T04:00,20.2,27.8,29.0,2.1,226.0
2026-07-02T05:00,20.7,35.5,30.3,5.2,202.0
2026-07-02T06:00,20.1,35.3,26.8,6.2,188.0
2026-07-02T07:00,19.8,32.5,21.9,7.4,178.0
2026-07-02T08:00,17.8,31.5,17.0,7.9,166.0
2026-07-02T09:00,15.8,31.1,12.2,6.8,146.0
2026-07-02T10:00,13.9,28.2,7.3,4.8,124.0
2026-07-02T11:00,10.3,20.4,3.9,3.4,109.0
2026-07-02T12:00,12.0,26.2,2.7,3.1,107.0
2026-07-02T13:00,15.0,34.7,2.9,3.2,111.0
2026-07-02T14:00,14.1,34.1,3.1,3.3,116.0
2026-07-02T15:00,13.0,31.8,2.5,3.0,118.0
2026-07-02T16:00,12.3,29.3,1.9,2.5,119.0
2026-07-02T17:00,13.5,39.7,2.0,2.0,123.0
2026-07-02T18:00,14.0,38.4,4.6,2.4,130.0
2026-07-02T19:00,14.8,34.8,8.4,3.0,138.0
2026-07-02T20:00,17.5,36.7,13.0,3.7,147.0
2026-07-02T21:00,20.8,40.3,19.0,4.7,158.0
2026-07-02T22:00,23.7,43.9,25.7,5.8,170.0
2026-07-02T23:00,26.4,47.0,31.4,6.5,174.0
2026-07-03T00:00,28.4,48.9,35.4,6.3,163.0
2026-07-03T01:00,28.9,48.4,38.3,5.7,143.0
2026-07-03T02:00,28.0,46.3,39.7,5.1,131.0
2026-07-03T03:00,26.1,43.4,39.4,4.6,134.0
2026-07-03T04:00,23.6,40.5,37.6,4.3,143.0
2026-07-03T05:00,24.7,45.6,37.9,5.0,150.0
2026-07-03T06:00,24.6,44.7,29.7,5.5,152.0
2026-07-03T07:00,21.7,38.6,18.4,6.2,151.0
2026-07-03T08:00,17.8,47.0,9.4,6.5,147.0
2026-07-03T09:00,19.0,55.8,5.3,6.1,138.0
2026-07-03T10:00,20.0,56.6,3.6,5.3,127.0
2026-07-03T11:00,20.0,59.8,2.5,4.6,118.0
2026-07-03T12:00,19.4,67.5,1.6,4.0,115.0
2026-07-03T13:00,19.4,73.6,1.4,3.4,114.0
2026-07-03T14:00,19.4,75.0,1.4,2.9,114.0
2026-07-03T15:00,18.8,71.5,1.1,2.6,113.0
2026-07-03T16:00,17.8,65.0,0.9,2.5,112.0
2026-07-03T17:00,19.7,68.5,2.1,2.8,117.0
2026-07-03T18:00,19.3,61.5,6.7,3.5,133.0
2026-07-03T19:00,21.0,53.6,13.0,4.5,155.0
2026-07-03T20:00,25.8,59.4,17.3,5.2,169.0
2026-07-03T21:00,28.3,62.4,17.8,5.6,169.0
2026-07-03T22:00,25.8,60.3,16.4,5.8,161.0
2026-07-03T23:00,22.3,55.1,14.4,5.6,151.0
2026-07-04T00:00,19.4,48.3,11.9,4.8,139.0
2026-07-04T01:00,14.3,39.2,8.9,3.7,126.0
2026-07-04T02:00,13.1,34.6,7.1,2.9,117.0
2026-07-04T03:00,11.8,29.9,7.6,2.6,116.0
2026-07-04T04:00,11.8,26.7,9.4,2.7,119.0
2026-07-04T05:00,8.2,16.4,7.7,2.6,124.0
2026-07-04T06:00,8.6,17.2,7.1,2.9,133.0
2026-07-04T07:00,8.8,17.3,6.3,3.2,144.0
2026-07-04T08:00,9.1,18.6,5.4,3.4,149.0
2026-07-04T09:00,9.7,20.6,4.2,3.3,143.0
2026-07-04T10:00,10.2,22.6,2.9,3.1,130.0
2026-07-04T11:00,10.4,24.3,1.9,2.8,120.0
2026-07-04T12:00,9.9,23.2,1.4,2.5,114.0
2026-07-04T13:00,9.6,21.7,1.2,2.2,111.0
2026-07-04T14:00,9.2,19.7,1.1,2.0,109.0
2026-07-04T15:00,8.9,19.2,1.0,2.0,105.0
2026-07-04T16:00,8.9,18.9,1.1,2.0,103.0
2026-07-04T17:00,9.6,21.7,1.4,1.7,116.0
2026-07-04T18:00,9.9,21.3,3.5,2.1,163.0
2026-07-04T19:00,10.7,18.7,6.3,2.6,226.0
2026-07-04T20:00,11.0,18.0,8.7,3.0,263.0
2026-07-04T21:00,10.4,16.7,9.7,3.1,250.0
2026-07-04T22:00,10.2,16.2,10.3,3.0,210.0
2026-07-04T23:00,10.7,16.2,11.6,2.9,177.0
2026-07-05T00:00,11.7,16.3,14.7,2.7,162.0
2026-07-05T01:00,12.3,16.0,18.6,2.4,153.0
2026-07-05T02:00,12.6,16.0,21.6,2.2,145.0
2026-07-05T03:00,12.3,15.7,23.2,2.0,133.0
2026-07-05T04:00,11.5,14.9,23.9,1.9,121.0
2026-07-05T05:00,10.0,13.3,21.8,2.4,116.0
2026-07-05T06:00,9.5,12.6,19.0,2.8,125.0
2026-07-05T07:00,9.8,13.0,15.0,3.4,140.0
2026-07-05T08:00,10.8,15.7,11.2,3.8,148.0
2026-07-05T09:00,10.7,19.9,7.7,4.0,141.0
2026-07-05T10:00,10.0,22.1,4.5,4.1,126.0
2026-07-05T11:00,9.7,23.3,2.1,4.0,115.0
2026-07-05T12:00,9.2,22.8,1.2,3.7,113.0
2026-07-05T13:00,8.6,21.4,1.1,3.1,114.0
2026-07-05T14:00,7.9,19.8,1.3,2.8,116.0
2026-07-05T15:00,7.6,18.6,0.9,2.7,115.0
2026-07-05T16:00,7.3,17.6,0.8,2.7,115.0
2026-07-05T17:00,2.2,3.9,1.9,2.7,121.0
2026-07-05T18:00,2.4,3.5,5.2,3.3,142.0
2026-07-05T19:00,5.9,6.6,9.7,4.0,170.0
2026-07-05T20:00,8.3,8.8,12.7,4.7,186.0
2026-07-05T21:00,7.7,7.9,12.6,5.1,179.0
2026-07-05T22:00,6.1,6.3,11.1,5.4,160.0
2026-07-05T23:00,5.3,5.4,10.3,5.7,146.0
2026-07-06T00:00,5.1,5.3,11.1,5.9,144.0
2026-07-06T01:00,5.2,5.4,12.6,6.1,148.0
2026-07-06T02:00,5.4,5.5,14.3,6.1,150.0
2026-07-06T03:00,5.5,5.7,16.8,5.7,146.0
2026-07-06T04:00,5.5,5.7,19.5,5.2,141.0
2026-07-06T05:00,6.4,6.6,22.1,4.6,143.0
2026-07-06T06:00,6.8,6.9,19.7,5.3,160.0
2026-07-06T07:00,7.7,7.9,16.3,6.3,184.0
2026-07-06T08:00,8.2,8.5,12.8,7.1,196.0
2026-07-06T09:00,7.9,8.4,9.3,7.8,185.0
2026-07-06T10:00,8.3,9.3,5.8,8.5,163.0
2026-07-06T11:00,8.2,10.0,3.2,8.4,144.0
2026-07-06T12:00,7.3,10.0,1.9,7.1,134.0
2026-07-06T13:00,6.5,9.7,1.6,5.2,126.0
2026-07-06T14:00,6.0,9.6,1.4,3.7,122.0
2026-07-06T15:00,5.5,9.3,0.7,3.0,120.0
2026-07-06T16:00,5.2,8.9,0.3,2.6,121.0
2026-07-06T17:00,2.7,3.5,1.8,2.9,125.0
2026-07-06T18:00,2.9,3.5,7.0,3.6,133.0
2026-07-06T19:00,7.4,7.8,14.3,4.5,144.0
2026-07-06T20:00,13.9,14.3,21.0,5.3,161.0
2026-07-06T21:00,17.6,18.2,26.4,6.0,188.0
2026-07-06T22:00,18.8,19.4,31.1,6.6,221.0
2026-07-06T23:00,19.0,19.6,34.2,6.9,245.0
2026-07-07T00:00,18.5,19.0,34.7,6.5,255.0
2026-07-07T01:00,17.3,17.9,33.5,5.8,256.0
2026-07-07T02:00,16.1,16.8,32.2,5.1,250.0
2026-07-07T03:00,15.0,15.7,31.8,4.5,235.0
2026-07-07T04:00,13.7,14.3,31.2,3.9,214.0
2026-07-07T05:00,8.7,9.9,23.7,4.8,197.0
2026-07-07T06:00,8.7,9.7,20.9,5.3,188.0
2026-07-07T07:00,9.5,10.3,17.0,6.0,184.0
2026-07-07T08:00,9.7,10.8,13.2,6.8,177.0
2026-07-07T09:00,9.2,11.2,9.8,8.1,166.0
2026-07-07T10:00,10.4,13.1,6.6,9.6,152.0
2026-07-07T11:00,11.9,15.7,4.1,10.1,141.0
2026-07-07T12:00,12.7,17.6,2.6,8.8,133.0
2026-07-07T13:00,12.1,17.5,1.9,6.6,126.0
2026-07-07T14:00,10.4,15.8,1.5,4.8,122.0
2026-07-07T15:00,9.7,15.2,0.9,4.0,119.0
2026-07-07T16:00,9.5,14.9,0.7,3.7,118.0
2026-07-07T17:00,8.0,13.7,1.7,2.7,123.0
2026-07-07T18:00,8.1,12.9,6.0,3.2,132.0
2026-07-07T19:00,11.1,15.5,12.1,4.0,147.0
2026-07-07T20:00,16.1,20.4,18.0,4.8,176.0
2026-07-07T21:00,20.0,24.3,23.4,5.6,241.0
2026-07-07T22:00,22.4,26.3,28.6,6.4,319.0
2026-07-07T23:00,23.3,26.6,32.2,6.8,354.0
2026-07-08T00:00,23.4,26.1,33.4,6.5,304.0
2026-07-08T01:00,22.7,25.1,33.1,5.7,211.0
2026-07-08T02:00,21.5,23.6,32.4,5.0,141.0
2026-07-08T03:00,20.1,21.8,32.2,4.4,125.0
2026-07-08T04:00,18.5,20.0,31.6,3.9,132.0
2026-07-08T05:00,18.7,20.6,31.9,4.3,141.0
2026-07-08T06:00,17.8,19.5,27.6,4.5,147.0
2026-07-08T07:00,18.2,19.6,21.4,4.9,156.0
2026-07-08T08:00,17.5,20.0,15.7,5.1,159.0
2026-07-08T09:00,13.4,17.0,10.8,5.2,152.0
2026-07-08T10:00,11.6,14.8,6.2,5.3,140.0
2026-07-08T11:00,11.5,14.6,2.9,5.2,131.0
2026-07-08T12:00,12.0,15.1,1.6,5.0,128.0
2026-07-08T13:00,11.5,14.3,1.5,4.7,128.0
2026-07-08T14:00,9.6,12.3,1.6,4.4,129.0
2026-07-08T15:00,7.7,10.0,1.2,3.9,129.0
2026-07-08T16:00,6.5,8.3,0.9,3.4,129.0
2026-07-08T17:00,8.1,11.1,1.8,3.0,131.0
2026-07-08T18:00,7.4,9.8,4.9,3.3,138.0
2026-07-08T19:00,8.8,10.8,9.2,3.9,147.0
2026-07-08T20:00,10.7,12.4,12.4,4.4,154.0
2026-07-08T21:00,10.7,12.1,13.0,5.0,154.0
2026-07-08T22:00,9.0,9.9,12.4,5.7,152.0
2026-07-08T23:00,7.8,8.5,12.7,6.2,153.0
2026-07-09T00:00,7.9,8.5,15.1,6.4,161.0
2026-07-09T01:00,9.0,9.6,18.3,6.4,172.0
2026-07-09T02:00,10.1,10.7,21.1,6.2,181.0
2026-07-09T03:00,10.5,10.9,23.3,5.5,185.0
2026-07-09T04:00,10.3,10.7,24.9,4.5,188.0
2026-07-09T05:00,9.9,10.0,24.2,3.9,189.0
2026-07-09T06:00,9.9,10.1,21.6,4.3,192.0
2026-07-09T07:00,10.8,11.1,17.8,4.8,194.0
2026-07-09T08:00,12.3,12.9,14.0,5.3,190.0
2026-07-09T09:00,11.5,13.0,10.0,5.8,176.0
2026-07-09T10:00,11.1,12.8,6.0,6.3,157.0
2026-07-09T11:00,10.4,11.8,3.0,6.4,141.0
2026-07-09T12:00,8.9,10.2,1.7,5.6,132.0
2026-07-09T13:00,6.9,7.9,1.5,4.5,127.0
2026-07-09T14:00,5.8,7.0,1.5,3.6,123.0
2026-07-09T15:00,5.6,7.0,1.2,3.4,119.0
2026-07-09T16:00,5.6,7.0,1.2,3.5,117.0
2026-07-09T17:00,4.3,5.4,2.1,3.5,120.0
2026-07-09T18:00,5.1,6.2,5.0,3.9,130.0
2026-07-09T19:00,8.1,9.0,9.2,4.5,145.0
2026-07-09T20:00,10.4,11.3,12.8,4.9,169.0
2026-07-09T21:00,11.5,12.4,15.4,5.1,213.0
2026-07-09T22:00,12.1,13.2,17.5,5.1,265.0
2026-07-09T23:00,12.4,13.7,19.2,5.0,296.0
2026-07-10T00:00,12.3,13.6,20.3,4.7,289.0
2026-07-10T01:00,11.9,13.1,21.0,4.1,261.0
2026-07-10T02:00,11.6,12.6,21.9,3.7,231.0
2026-07-10T03:00,11.2,12.0,23.8,3.3,200.0
2026-07-10T04:00,10.6,11.2,25.9,3.0,166.0
2026-07-10T05:00,13.5,14.0,29.3,3.8,147.0
2026-07-10T06:00,12.7,13.2,24.9,3.9,155.0
2026-07-10T07:00,13.0,13.5,18.7,4.0,176.0
2026-07-10T08:00,12.2,13.1,13.1,4.2,188.0
2026-07-10T09:00,8.5,9.9,8.9,4.5,177.0
2026-07-10T10:00,7.6,8.8,5.3,4.9,156.0
2026-07-10T11:00,7.9,8.9,2.7,5.0,140.0
2026-07-10T12:00,7.4,8.9,1.6,4.6,135.0
2026-07-10T13:00,7.0,9.2,1.5,3.9,136.0
2026-07-10T14:00,6.6,9.3,1.6,3.3,136.0
2026-07-10T15:00,6.4,9.1,1.4,3.0,134.0
2026-07-10T16:00,6.2,8.5,1.4,2.9,133.0
2026-07-10T17:00,4.6,5.8,2.0,2.7,134.0
2026-07-10T18:00,5.5,6.7,4.5,3.1,140.0
2026-07-10T19:00,7.6,8.5,7.9,3.7,149.0
2026-07-10T20:00,8.4,8.9,10.7,4.2,158.0
2026-07-10T21:00,7.5,7.8,11.8,4.5,165.0
2026-07-10T22:00,6.7,6.9,12.4,4.7,173.0
2026-07-10T23:00,7.3,7.6,14.0,4.7,185.0
2026-07-11T00:00,9.5,10.0,18.0,4.6,207.0
2026-07-11T01:00,11.7,12.2,23.1,4.4,234.0
2026-07-11T02:00,13.2,13.7,27.2,4.1,249.0
2026-07-11T03:00,13.7,14.3,29.9,3.8,245.0
2026-07-11T04:00,13.5,14.0,31.5,3.4,230.0
2026-07-11T05:00,12.0,12.5,29.7,3.6,215.0
2026-07-11T06:00,12.1,12.6,25.4,3.9,206.0
2026-07-11T07:00,12.9,13.3,19.4,4.3,197.0
2026-07-11T08:00,12.4,13.0,13.8,4.6,187.0
2026-07-11T09:00,9.0,9.9,9.3,4.6,172.0
2026-07-11T10:00,6.9,7.6,5.3,4.4,156.0
2026-07-11T11:00,5.3,5.8,2.4,4.1,142.0
2026-07-11T12:00,4.4,4.9,1.2,3.7,133.0
2026-07-11T13:00,3.8,4.4,1.2,3.1,126.0
2026-07-11T14:00,3.8,4.4,1.4,2.7,123.0
2026-07-11T15:00,4.0,4.8,1.3,2.5,123.0
2026-07-11T16:00,4.4,5.3,1.3,2.4,126.0
2026-07-11T17:00,10.6,13.6,2.1,2.4,130.0
2026-07-11T18:00,10.1,12.6,3.5,2.6,134.0
2026-07-11T19:00,11.4,13.3,5.4,2.8,140.0
2026-07-11T20:00,11.8,14.0,6.9,2.9,151.0
2026-07-11T21:00,13.2,15.9,7.3,2.7,172.0
2026-07-11T22:00,14.8,18.2,7.2,2.3,198.0
2026-07-11T23:00,15.9,19.6,7.3,2.0,216.0
2026-07-12T00:00,16.5,20.3,7.7,1.9,221.0
2026-07-12T01:00,16.8,20.7,8.2,1.9,219.0
2026-07-12T02:00,16.6,20.7,9.3,1.9,212.0
2026-07-12T03:00,16.2,20.1,11.5,1.9,199.0
2026-07-12T04:00,15.8,19.4,14.3,1.8,182.0
2026-07-12T05:00,14.9,17.6,13.0,2.0,168.0
2026-07-12T06:00,14.9,17.3,11.6,2.4,162.0
2026-07-12T07:00,15.4,17.8,9.6,2.8,160.0
2026-07-12T08:00,15.9,18.5,7.6,3.1,156.0
2026-07-12T09:00,14.5,17.6,5.5,2.9,145.0
2026-07-12T10:00,11.1,14.1,3.3,2.4,132.0
2026-07-12T11:00,10.0,12.8,1.7,2.1,123.0
2026-07-12T12:00,9.5,12.0,1.1,2.1,120.0
2026-07-12T13:00,9.3,11.3,1.2,2.1,120.0
2026-07-12T14:00,9.7,11.4,1.4,2.3,122.0
2026-07-12T15:00,10.3,11.9,1.5,2.5,124.0
2026-07-12T16:00,10.8,12.3,1.7,2.8,127.0
2026-07-12T17:00,26.1,32.6,2.3,3.2,131.0
2026-07-12T18:00,26.3,31.7,3.9,3.6,137.0
2026-07-12T19:00,28.3,32.4,6.2,4.1,144.0
2026-07-12T20:00,30.7,34.8,8.7,4.5,152.0
2026-07-12T21:00,31.3,35.2,11.6,4.8,163.0
2026-07-12T22:00,31.9,35.7,14.6,4.9,176.0
2026-07-12T23:00,32.7,36.2,16.6,4.9,181.0
2026-07-13T00:00,32.9,36.0,16.7,4.5,173.0
2026-07-13T01:00,31.3,33.8,15.7,4.0,159.0
2026-07-13T02:00,28.1,30.3,15.1,3.5,148.0
2026-07-13T03:00,25.3,27.1,15.7,3.1,144.0
2026-07-13T04:00,23.3,24.9,16.6,2.7,143.0
2026-07-13T05:00,22.1,23.3,18.7,2.7,147.0
2026-07-13T06:00,20.8,21.8,17.0,3.2,160.0
2026-07-13T07:00,20.3,21.4,14.4,3.8,178.0
2026-07-13T08:00,21.2,22.6,11.6,4.2,185.0
2026-07-13T09:00,19.3,21.5,8.2,4.0,172.0
2026-07-13T10:00,14.5,16.1,4.5,3.6,149.0
2026-07-13T11:00,11.8,12.9,1.9,3.3,130.0
2026-07-13T12:00,11.7,13.0,1.1,3.3,122.0
2026-07-13T13:00,12.6,14.0,1.4,3.4,118.0
2026-07-13T14:00,12.9,14.3,1.7,3.5,117.0
2026-07-13T15:00,12.0,13.3,1.3,3.4,119.0
2026-07-13T16:00,10.7,11.8,0.9,3.2,125.0
2026-07-13T17:00,7.2,7.7,2.0,3.6,129.0
2026-07-13T18:00,7.6,8.0,6.5,4.2,130.0
2026-07-13T19:00,13.0,13.4,12.9,5.1,131.0
2026-07-13T20:00,17.0,17.5,18.7,5.9,132.0
2026-07-13T21:00,20.8,21.2,23.4,6.8,135.0
2026-07-13T22:00,22.5,22.9,27.4,7.7,139.0
2026-07-13T23:00,21.9,22.3,30.0,8.1,144.0
2026-07-14T00:00,20.4,20.7,30.3,7.9,152.0
2026-07-14T01:00,19.3,19.6,29.2,7.2,161.0
2026-07-14T02:00,18.0,18.2,28.1,6.5,165.0
2026-07-14T03:00,16.7,16.9,27.9,5.8,158.0
2026-07-14T04:00,15.7,15.8,27.7,5.0,146.0
2026-07-14T05:00,16.3,16.5,27.9,4.4,140.0
2026-07-14T06:00,15.7,15.8,24.5,4.6,148.0
2026-07-14T07:00,16.4,16.6,19.7,4.9,162.0
2026-07-14T08:00,18.0,18.5,14.9,4.9,169.0
2026-07-14T09:00,17.6,18.8,10.2,4.4,161.0
2026-07-14T10:00,15.8,17.1,5.4,3.7,147.0
2026-07-14T11:00,13.4,14.4,2.1,3.2,137.0
2026-07-14T12:00,12.1,12.9,1.0,3.3,139.0
2026-07-14T13:00,11.4,12.0,1.3,3.6,146.0
2026-07-14T14:00,10.9,11.4,1.7,4.0,151.0
2026-07-14T15:00,10.5,11.0,1.6,4.2,152.0
2026-07-14T16:00,10.4,10.9,1.7,4.5,151.0
2026-07-14T17:00,5.5,6.4,2.4,4.0,151.0
2026-07-14T18:00,6.4,7.1,8.1,4.8,150.0
2026-07-14T19:00,12.8,13.3,16.0,5.9,149.0
2026-07-14T20:00,18.6,19.2,22.8,6.9,159.0
2026-07-14T21:00,21.9,22.4,27.5,7.9,191.0
2026-07-14T22:00,22.9,23.4,31.1,8.8,234.0
2026-07-14T23:00,22.4,22.8,33.4,9.2,259.0
2026-07-15T00:00,21.5,21.9,34.1,8.8,251.0
2026-07-15T01:00,20.7,21.0,33.5,7.9,225.0
2026-07-15T02:00,19.3,19.6,32.2,7.1,200.0
2026-07-15T03:00,17.4,17.8,30.4,6.4,177.0
2026-07-15T04:00,15.7,16.0,27.9,5.7,155.0
2026-07-15T05:00,12.7,12.9,27.1,4.5,144.0
2026-07-15T06:00,12.4,12.6,24.0,4.9,154.0
2026-07-15T07:00,13.6,13.8,19.6,5.5,176.0
2026-07-15T08:00,15.3,15.6,15.1,5.8,186.0
2026-07-15T09:00,15.0,15.5,10.5,5.5,173.0
2026-07-15T10:00,15.5,16.2,5.8,4.8,148.0
2026-07-15T11:00,15.4,16.2,2.5,4.3,131.0
2026-07-15T12:00,14.3,15.1,1.4,4.2,129.0
2026-07-15T13:00,12.8,13.6,1.6,4.2,133.0
2026-07-15T14:00,11.6,12.4,1.9,4.2,136.0
2026-07-15T15:00,10.2,11.0,1.6,4.1,130.0
2026-07-15T16:00,9.4,10.2,1.4,4.1,123.0
2026-07-15T17:00,7.2,7.4,2.3,3.6,129.0
2026-07-15T18:00,7.8,8.1,6.2,4.4,155.0
2026-07-15T19:00,11.8,12.0,11.8,5.5,193.0
2026-07-15T20:00,16.0,16.2,17.5,6.6,237.0
2026-07-15T21:00,19.8,20.1,23.6,7.7,297.0
2026-07-15T22:00,23.1,23.2,29.9,8.7,362.0
2026-07-15T23:00,24.6,24.7,34.1,9.1,392.0
2026-07-16T00:00,24.4,24.6,34.9,8.5,357.0
2026-07-16T01:00,22.9,23.1,33.7,7.2,287.0
2026-07-16T02:00,20.7,20.8,32.4,6.1,227.0
2026-07-16T03:00,18.6,18.7,31.9,5.2,192.0
2026-07-16T04:00,16.6,16.7,31.3,4.5,167.0
2026-07-16T05:00,14.5,14.6,29.2,3.7,155.0
2026-07-16T06:00,13.6,13.7,26.5,4.0,164.0
2026-07-16T07:00,14.4,14.5,22.7,4.4,186.0
2026-07-16T08:00,16.2,16.3,18.3,4.7,197.0
2026-07-16T09:00,14.5,14.6,13.0,4.8,184.0
2026-07-16T10:00,12.9,13.1,7.2,4.9,161.0
2026-07-16T11:00,11.3,11.5,3.0,4.9,143.0
2026-07-16T12:00,10.4,10.7,1.6,5.0,136.0
2026-07-16T13:00,9.7,10.0,1.8,5.0,134.0
2026-07-16T14:00,9.3,9.6,2.1,5.0,134.0
2026-07-16T15:00,8.6,8.9,1.6,4.8,134.0
2026-07-16T16:00,8.1,8.4,1.2,4.5,135.0
2026-07-16T17:00,6.1,6.3,2.4,4.2,144.0
2026-07-16T18:00,6.5,6.7,6.8,5.1,161.0
2026-07-16T19:00,11.0,11.1,13.1,6.3,185.0
2026-07-16T20:00,16.5,16.6,19.1,7.4,217.0
2026-07-16T21:00,20.6,20.8,24.4,8.3,268.0
2026-07-16T22:00,22.6,22.8,29.3,9.0,326.0
2026-07-16T23:00,22.8,22.9,32.7,9.1,357.0
2026-07-17T00:00,21.9,22.0,33.6,8.2,339.0
2026-07-17T01:00,20.0,20.1,32.9,6.8,293.0
2026-07-17T02:00,17.6,17.6,31.9,5.6,253.0
2026-07-17T03:00,15.3,15.3,31.3,4.9,229.0
2026-07-17T04:00,13.1,13.1,30.5,4.3,211.0
2026-07-17T05:00,11.6,11.6,28.7,3.9,199.0
2026-07-17T06:00,11.2,11.2,26.1,4.1,199.0
2026-07-17T07:00,12.7,12.7,22.4,4.5,207.0
2026-07-17T08:00,15.0,15.0,18.2,4.8,207.0
2026-07-17T09:00,14.1,14.3,13.0,5.1,191.0
2026-07-17T10:00,12.4,12.6,7.4,5.5,169.0
2026-07-17T11:00,11.6,11.7,3.3,5.8,151.0
2026-07-17T12:00,10.9,11.1,1.9,6.1,143.0
2026-07-17T13:00,10.8,11.0,2.2,6.5,140.0
2026-07-17T14:00,10.9,11.1,2.5,6.6,138.0
2026-07-17T15:00,10.4,10.8,2.0,6.3,133.0
2026-07-17T16:00,9.7,10.6,1.7,5.8,129.0
2026-07-17T17:00,12.0,12.6,2.4,4.6,130.0
2026-07-17T18:00,12.0,13.0,6.5,5.2,137.0
2026-07-17T19:00,17.5,18.2,12.3,6.2,149.0
2026-07-17T20:00,22.0,22.6,17.6,7.0,168.0
2026-07-17T21:00,24.6,25.3,21.9,7.8,201.0
2026-07-17T22:00,26.2,26.8,25.7,8.5,241.0
2026-07-17T23:00,26.7,27.3,28.2,8.7,263.0
2026-07-18T00:00,26.0,26.5,28.7,8.1,255.0
2026-07-18T01:00,24.6,25.0,28.0,7.0,231.0
2026-07-18T02:00,22.8,23.1,27.3,6.0,205.0
2026-07-18T03:00,20.8,21.1,27.6,5.3,180.0
2026-07-18T04:00,19.0,19.3,28.1,4.8,154.0
2026-07-18T05:00,15.4,15.5,27.5,4.6,140.0
2026-07-18T06:00,14.8,15.0,24.8,4.7,149.0
2026-07-18T07:00,16.0,16.2,20.9,4.8,169.0
2026-07-18T08:00,19.1,19.3,16.7,4.9,180.0
2026-07-18T09:00,16.9,17.5,11.8,5.0,171.0
2026-07-18T10:00,15.2,15.7,6.6,5.0,154.0
2026-07-18T11:00,14.3,14.8,2.8,5.1,140.0
2026-07-18T12:00,13.6,14.2,1.6,5.2,135.0
2026-07-18T13:00,12.9,13.8,1.9,5.3,132.0
2026-07-18T14:00,12.4,13.4,2.3,5.5,131.0
2026-07-18T15:00,12.5,13.5,2.1,5.7,127.0
2026-07-18T16:00,12.9,13.8,2.2,6.0,123.0
2026-07-18T17:00,16.5,18.3,3.1,5.5,127.0
2026-07-18T18:00,18.6,20.1,6.2,5.9,143.0
2026-07-18T19:00,23.7,25.0,10.6,6.4,166.0
2026-07-18T20:00,26.4,27.8,14.1,6.8,188.0
2026-07-18T21:00,27.8,29.2,15.8,7.1,209.0
2026-07-18T22:00,28.1,29.4,16.6,7.2,229.0
2026-07-18T23:00,27.2,28.6,17.2,7.2,236.0
2026-07-19T00:00,25.9,27.2,17.6,6.8,220.0
2026-07-19T01:00,24.7,25.9,17.7,6.3,192.0
2026-07-19T02:00,23.9,24.9,18.4,5.7,167.0
2026-07-19T03:00,23.0,23.8,20.7,5.2,152.0
2026-07-19T04:00,21.8,22.5,23.6,4.6,141.0
2026-07-19T05:00,23.1,23.6,26.3,4.4,136.0
2026-07-19T06:00,21.5,21.9,23.4,4.6,141.0
2026-07-19T07:00,21.8,22.2,19.3,5.0,151.0
2026-07-19T08:00,24.1,24.7,15.1,5.2,157.0
2026-07-19T09:00,21.8,22.9,10.7,5.2,152.0
2026-07-19T10:00,18.7,20.1,6.1,5.1,141.0
2026-07-19T11:00,17.7,19.3,2.9,5.2,133.0
2026-07-19T12:00,18.2,20.0,1.9,5.8,130.0
2026-07-19T13:00,19.3,21.2,2.2,6.5,128.0
2026-07-19T14:00,20.4,22.2,2.6,7.1,127.0
2026-07-19T15:00,21.2,23.1,2.4,7.3,124.0
2026-07-19T16:00,22.1,23.9,2.3,7.3,122.0
2026-07-19T17:00,17.4,19.8,3.4,7.0,120.0
2026-07-19T18:00,18.9,21.0,7.6,7.5,120.0
2026-07-19T19:00,22.8,24.7,13.3,8.2,121.0
2026-07-19T20:00,27.2,29.0,17.6,8.6,123.0
2026-07-19T21:00,28.7,30.5,18.9,8.6,126.0
2026-07-19T22:00,27.5,29.2,18.8,8.2,129.0
2026-07-19T23:00,23.3,24.9,18.4,7.8,131.0
2026-07-20T00:00,19.0,20.4,18.0,7.2,129.0
2026-07-20T01:00,17.0,18.1,17.4,6.5,126.0
2026-07-20T02:00,16.4,17.4,17.4,5.9,126.0
2026-07-20T03:00,15.7,16.6,18.8,5.4,134.0
2026-07-20T04:00,15.1,16.0,20.8,5.1,146.0
2026-07-20T05:00,10.3,11.1,18.9,4.8,156.0
2026-07-20T06:00,11.5,12.4,16.8,4.9,165.0
2026-07-20T07:00,13.2,14.0,13.9,5.1,172.0
2026-07-20T08:00,13.7,14.7,10.9,5.2,174.0
2026-07-20T09:00,11.4,12.5,8.0,5.2,165.0
2026-07-20T10:00,9.4,10.5,5.0,5.1,150.0
2026-07-20T11:00,8.5,9.5,2.9,5.1,140.0
2026-07-20T12:00,8.7,10.0,2.1,5.4,142.0
2026-07-20T13:00,9.5,11.1,2.2,5.9,149.0
2026-07-20T14:00,10.4,12.4,2.3,6.1,151.0
2026-07-20T15:00,11.2,13.6,2.2,5.9,140.0
2026-07-20T16:00,11.1,14.1,2.1,5.5,124.0
2026-07-20T17:00,10.8,22.1,1.7,2.2,114.0
2026-07-20T18:00,10.3,20.6,3.2,2.5,117.0
2026-07-20T19:00,10.8,19.2,5.3,2.9,126.0
2026-07-20T20:00,11.9,19.4,6.6,3.1,132.0
2026-07-20T21:00,12.6,19.0,6.4,3.1,130.0
2026-07-20T22:00,12.9,18.8,5.5,2.9,124.0
2026-07-20T23:00,13.2,19.2,5.0,2.7,118.0
2026-07-21T00:00,13.6,19.4,5.2,2.5,114.0
2026-07-21T01:00,13.9,19.0,5.7,2.3,110.0
2026-07-21T02:00,14.1,18.5,6.6,2.2,107.0
2026-07-21T03:00,14.1,17.7,8.2,2.3,106.0
2026-07-21T04:00,14.0,16.7,10.1,2.5,106.0
2026-07-21T05:00,13.2,15.2,8.3,2.6,109.0
2026-07-21T06:00,12.9,14.7,7.6,3.1,117.0
2026-07-21T07:00,13.2,14.7,6.7,3.7,128.0
2026-07-21T08:00,11.6,13.3,5.6,4.1,135.0
2026-07-21T09:00,10.7,12.8,4.4,4.2,133.0
2026-07-21T10:00,10.4,12.7,3.0,4.1,126.0
2026-07-21T11:00,10.1,13.3,2.0,3.8,120.0
2026-07-21T12:00,9.1,14.8,1.4,3.3,117.0
2026-07-21T13:00,7.9,19.0,1.1,2.6,114.0
2026-07-21T14:00,8.5,27.0,1.0,2.0,113.0
2026-07-21T15:00,8.8,34.7,0.6,1.7,112.0
2026-07-21T16:00,9.1,40.2,0.4,1.5,113.0
2026-07-21T17:00,11.1,53.2,1.3,1.4,116.0
2026-07-21T18:00,12.0,55.1,3.6,1.8,123.0
2026-07-21T19:00,12.6,54.7,6.9,2.4,132.0
2026-07-21T20:00,15.7,58.1,10.4,2.9,140.0
2026-07-21T21:00,19.0,57.4,14.1,3.5,146.0
2026-07-21T22:00,18.9,52.0,18.0,4.0,150.0
2026-07-21T23:00,18.4,48.5,21.2,4.3,156.0
2026-07-22T00:00,18.3,48.3,23.2,4.2,167.0
2026-07-22T01:00,18.8,49.7,24.5,3.9,178.0
2026-07-22T02:00,19.6,50.5,25.7,3.6,180.0
2026-07-22T03:00,19.7,48.9,27.7,3.5,163.0
2026-07-22T04:00,19.3,45.9,29.6,3.4,137.0
2026-07-22T05:00,13.6,31.4,18.2,3.1,120.0
2026-07-22T06:00,12.6,27.6,15.1,3.1,123.0
2026-07-22T07:00,12.0,23.8,10.6,3.2,134.0
2026-07-22T08:00,10.4,22.5,6.9,3.1,140.0
2026-07-22T09:00,8.6,18.0,4.5,2.8,133.0
2026-07-22T10:00,8.4,16.2,2.7,2.4,120.0
2026-07-22T11:00,7.9,14.3,1.5,2.0,110.0
2026-07-22T12:00,7.9,15.0,0.9,1.8,107.0
2026-07-22T13:00,8.0,15.8,0.8,1.6,107.0
2026-07-22T14:00,7.6,14.7,0.9,1.5,108.0
2026-07-22T15:00,6.9,12.9,0.7,1.4,107.0
2026-07-22T16:00,6.3,11.3,0.6,1.3,107.0
2026-07-22T17:00,7.0,16.8,1.2,1.2,109.0
2026-07-22T18:00,7.7,25.2,2.9,1.5,113.0
2026-07-22T19:00,8.9,30.0,5.3,1.9,119.0
2026-07-22T20:00,10.6,29.5,7.5,2.3,128.0
2026-07-22T21:00,10.8,25.1,9.3,2.6,141.0
2026-07-22T22:00,10.3,21.4,10.9,2.8,157.0
2026-07-22T23:00,9.9,19.4,12.1,2.9,169.0
2026-07-23T00:00,9.1,16.9,12.6,2.7,178.0
2026-07-23T01:00,8.2,14.8,12.8,2.4,184.0
2026-07-23T02:00,7.7,14.5,13.4,2.1,182.0
2026-07-23T03:00,7.5,15.7,15.3,2.0,165.0
2026-07-23T04:00,7.7,17.8,17.6,1.9,141.0
2026-07-23T05:00,8.2,15.4,16.5,2.6,125.0
2026-07-23T06:00,8.4,17.8,14.3,2.8,126.0
2026-07-23T07:00,9.5,19.7,11.1,3.1,136.0
2026-07-23T08:00,11.4,30.2,8.1,3.2,141.0
2026-07-23T09:00,13.0,35.3,5.5,2.9,135.0
2026-07-23T10:00,12.0,30.2,3.0,2.3,125.0
2026-07-23T11:00,13.6,44.7,1.3,1.9,117.0
2026-07-23T12:00,15.2,53.7,0.7,1.8,115.0
2026-07-23T13:00,15.8,54.2,0.8,1.8,115.0
2026-07-23T14:00,15.9,51.8,1.0,1.8,116.0
2026-07-23T15:00,15.5,47.3,0.8,1.8,117.0
2026-07-23T16:00,14.9,41.1,0.6,1.8,119.0
2026-07-23T17:00,15.0,34.7,1.5,1.8,124.0
2026-07-23T18:00,13.9,30.3,3.8,2.2,131.0
2026-07-23T19:00,13.6,28.8,7.2,2.7,141.0
2026-07-23T20:00,16.6,32.0,11.1,3.3,154.0
2026-07-23T21:00,19.2,34.5,15.8,4.0,176.0
2026-07-23T22:00,21.3,36.1,21.1,4.8,201.0
2026-07-23T23:00,24.1,38.4,25.2,5.4,218.0
2026-07-24T00:00,26.1,40.2,27.4,5.5,220.0
2026-07-24T01:00,26.2,39.9,28.4,5.4,214.0
2026-07-24T02:00,25.3,38.9,29.0,5.2,204.0
2026-07-24T03:00,24.0,37.1,29.9,4.9,188.0
2026-07-24T04:00,22.2,33.9,30.5,4.6,169.0
2026-07-24T05:00,22.4,37.6,26.7,4.3,154.0
2026-07-24T06:00,22.6,37.4,22.3,4.8,150.0
2026-07-24T07:00,22.8,32.8,16.2,5.4,150.0
2026-07-24T08:00,23.5,45.6,10.9,5.8,150.0
2026-07-24T09:00,22.4,46.3,7.3,5.7,146.0
2026-07-24T10:00,19.4,38.8,4.4,5.3,141.0
2026-07-24T11:00,16.3,31.9,2.4,4.8,136.0
2026-07-24T12:00,13.9,27.5,1.4,4.2,130.0
2026-07-24T13:00,12.8,25.3,1.3,3.5,124.0
2026-07-24T14:00,12.2,23.7,1.3,3.0,120.0
2026-07-24T15:00,11.6,21.9,0.9,2.7,116.0
2026-07-24T16:00,11.1,20.0,0.8,2.7,113.0
2026-07-24T17:00,7.1,12.5,1.6,2.4,117.0
2026-07-24T18:00,6.6,10.3,5.0,2.9,134.0
2026-07-24T19:00,7.5,10.1,9.8,3.6,158.0
2026-07-24T20:00,12.0,14.5,14.0,4.4,173.0
2026-07-24T21:00,15.0,17.3,16.7,5.3,169.0
2026-07-24T22:00,15.4,17.6,18.8,6.1,156.0
2026-07-24T23:00,15.2,17.3,20.6,6.7,147.0
2026-07-25T00:00,15.3,17.3,22.2,6.7,149.0
2026-07-25T01:00,15.3,17.3,23.4,6.4,156.0
2026-07-25T02:00,15.2,17.1,24.7,6.0,164.0
2026-07-25T03:00,14.6,16.0,26.6,5.4,172.0
2026-07-25T04:00,13.6,14.7,28.5,4.7,180.0
2026-07-25T05:00,14.1,15.0,29.8,4.3,186.0
2026-07-25T06:00,13.6,14.5,26.0,4.7,189.0
2026-07-25T07:00,14.1,15.1,20.6,5.2,190.0
2026-07-25T08:00,14.0,15.9,15.5,5.8,185.0
2026-07-25T09:00,12.3,14.6,10.9,6.5,169.0
2026-07-25T10:00,12.3,14.2,6.5,7.3,148.0
2026-07-25T11:00,12.2,13.9,3.3,7.5,132.0
2026-07-25T12:00,11.2,13.1,1.9,6.7,126.0
2026-07-25T13:00,10.9,13.9,1.6,5.4,125.0
2026-07-25T14:00,10.5,15.6,1.6,4.4,125.0
2026-07-25T15:00,10.4,16.2,1.1,4.0,123.0
2026-07-25T16:00,10.3,15.9,0.8,3.9,123.0
2026-07-25T17:00,8.0,10.9,1.8,4.0,125.0
2026-07-25T18:00,7.9,10.1,5.6,4.5,133.0
2026-07-25T19:00,10.0,11.7,10.8,5.3,144.0
2026-07-25T20:00,14.1,15.6,15.0,6.0,153.0
2026-07-25T21:00,16.3,17.6,17.0,6.7,156.0
2026-07-25T22:00,15.8,16.9,17.9,7.3,157.0
2026-07-25T23:00,15.1,16.1,18.7,7.7,159.0
2026-07-26T00:00,14.6,15.5,19.6,7.6,163.0
2026-07-26T01:00,14.3,15.3,20.4,7.2,169.0
2026-07-26T02:00,14.2,15.0,21.3,6.7,172.0
2026-07-26T03:00,13.6,14.2,23.0,5.9,173.0
2026-07-26T04:00,12.6,13.0,24.9,4.9,171.0
2026-07-26T05:00,12.0,12.4,25.2,4.8,168.0
2026-07-26T06:00,11.8,12.0,22.4,5.0,162.0
2026-07-26T07:00,12.3,12.5,18.4,5.2,154.0
2026-07-26T08:00,12.7,13.1,14.4,5.5,147.0
2026-07-26T09:00,11.3,12.3,10.3,6.1,144.0
2026-07-26T10:00,11.8,12.7,6.2,6.8,143.0
2026-07-26T11:00,12.0,12.8,3.1,7.0,141.0
2026-07-26T12:00,11.7,12.6,1.8,6.2,136.0
2026-07-26T13:00,11.1,12.2,1.6,4.8,130.0
2026-07-26T14:00,10.4,11.8,1.6,3.8,127.0
2026-07-26T15:00,9.7,11.8,1.3,3.5,128.0
2026-07-26T16:00,9.5,11.8,1.2,3.5,130.0
2026-07-26T17:00,4.6,6.4,2.0,3.3,135.0
2026-07-26T18:00,4.9,6.3,6.0,3.9,142.0
2026-07-26T19:00,8.7,9.9,11.5,4.7,150.0
2026-07-26T20:00,12.7,14.1,16.6,5.4,157.0
2026-07-26T21:00,15.3,16.7,20.6,6.0,160.0
2026-07-26T22:00,17.0,18.2,24.0,6.6,161.0
2026-07-26T23:00,17.8,18.8,26.5,6.7,164.0
2026-07-27T00:00,17.8,18.5,27.8,6.2,172.0
2026-07-27T01:00,16.9,17.5,28.1,5.3,183.0
2026-07-27T02:00,15.3,15.7,28.2,4.5,187.0
2026-07-27T03:00,13.5,13.8,28.6,4.0,179.0
2026-07-27T04:00,11.8,12.1,28.8,3.7,164.0
2026-07-27T05:00,12.6,12.8,29.3,3.6,156.0
2026-07-27T06:00,11.8,12.0,25.5,3.9,161.0
2026-07-27T07:00,12.1,12.5,20.2,4.4,172.0
2026-07-27T08:00,12.2,13.0,15.1,4.8,178.0
2026-07-27T09:00,10.1,11.2,10.6,5.2,172.0
2026-07-27T10:00,9.2,10.1,6.4,5.7,160.0
2026-07-27T11:00,9.1,9.7,3.3,5.9,150.0
2026-07-27T12:00,9.3,9.7,2.1,5.8,144.0
2026-07-27T13:00,9.0,9.8,2.0,5.5,140.0
2026-07-27T14:00,8.6,10.0,2.1,5.1,137.0
2026-07-27T15:00,8.1,9.9,1.6,4.6,132.0
2026-07-27T16:00,7.9,9.9,1.3,4.1,128.0
2026-07-27T17:00,10.5,14.9,2.1,3.6,128.0
2026-07-27T18:00,10.9,14.3,5.1,4.0,135.0
2026-07-27T19:00,14.8,17.6,9.4,4.5,145.0
2026-07-27T20:00,16.8,19.6,13.2,5.0,153.0
2026-07-27T21:00,18.2,21.0,16.2,5.3,154.0
2026-07-27T22:00,19.4,21.8,18.7,5.6,152.0
2026-07-27T23:00,19.8,21.8,20.3,5.6,156.0
2026-07-28T00:00,19.0,20.9,20.3,5.3,173.0
2026-07-28T01:00,17.9,19.7,19.3,4.7,196.0
2026-07-28T02:00,17.1,18.7,18.8,4.3,206.0
2026-07-28T03:00,16.1,17.5,20.0,4.0,190.0
2026-07-28T04:00,15.1,16.2,21.6,3.9,161.0
2026-07-28T05:00,17.4,18.5,25.7,3.9,142.0
2026-07-28T06:00,16.3,17.3,21.9,4.1,144.0
2026-07-28T07:00,16.1,17.1,16.6,4.4,156.0
2026-07-28T08:00,14.6,16.0,11.8,4.7,163.0
2026-07-28T09:00,10.6,11.9,8.2,5.1,160.0
2026-07-28T10:00,8.9,9.7,5.1,5.6,153.0
2026-07-28T11:00,8.4,8.9,2.9,5.9,146.0
2026-07-28T12:00,8.7,9.1,2.0,6.0,139.0
2026-07-28T13:00,9.0,9.4,1.9,6.0,133.0
2026-07-28T14:00,9.0,9.3,2.0,5.9,128.0
2026-07-28T15:00,8.6,9.0,1.7,5.6,126.0
2026-07-28T16:00,8.6,9.2,1.6,5.3,127.0
2026-07-28T17:00,6.1,7.1,2.3,4.0,130.0
2026-07-28T18:00,6.5,7.5,6.1,4.5,135.0
2026-07-28T19:00,11.2,12.0,11.4,5.1,141.0
2026-07-28T20:00,13.4,14.3,16.4,5.7,153.0
2026-07-28T21:00,15.3,16.2,20.8,6.2,173.0
2026-07-28T22:00,17.3,18.1,24.9,6.7,197.0
2026-07-28T23:00,19.3,20.0,27.7,6.9,218.0
2026-07-29T00:00,20.0,20.5,28.5,6.6,237.0
2026-07-29T01:00,19.2,19.7,28.1,5.9,252.0
2026-07-29T02:00,17.6,18.1,27.5,5.3,252.0
2026-07-29T03:00,16.0,16.4,27.7,4.9,224.0
2026-07-29T04:00,14.5,14.9,27.7,4.5,180.0
2026-07-29T05:00,14.9,15.3,29.7,4.6,152.0
2026-07-29T06:00,13.9,14.3,25.7,4.8,156.0
2026-07-29T07:00,14.1,14.4,20.1,5.1,174.0
2026-07-29T08:00,12.7,13.1,14.8,5.5,185.0
2026-07-29T09:00,8.5,9.0,10.3,6.0,179.0
2026-07-29T10:00,7.2,7.6,6.3,6.5,165.0
2026-07-29T11:00,7.5,7.8,3.3,6.8,153.0
2026-07-29T12:00,8.1,8.4,2.1,6.7,144.0
2026-07-29T13:00,8.2,8.6,1.9,6.3,135.0
2026-07-29T14:00,7.6,8.1,2.0,5.9,129.0
2026-07-29T15:00,7.0,7.7,1.7,5.5,125.0
2026-07-29T16:00,6.7,7.3,1.5,5.0,123.0
2026-07-29T17:00,5.2,6.6,2.2,4.6,127.0
2026-07-29T18:00,5.6,6.9,5.0,4.8,141.0
2026-07-29T19:00,8.6,9.5,8.9,5.2,161.0
2026-07-29T20:00,8.7,9.6,11.9,5.4,181.0
2026-07-29T21:00,8.0,8.9,13.1,5.4,202.0
2026-07-29T22:00,7.4,8.3,13.4,5.3,223.0
2026-07-29T23:00,7.3,8.1,14.2,5.1,240.0
2026-07-30T00:00,8.0,8.8,15.9,4.9,254.0
2026-07-30T01:00,9.0,9.7,18.0,4.7,264.0
2026-07-30T02:00,9.9,10.6,20.1,4.5,260.0
2026-07-30T03:00,10.4,11.1,22.6,4.3,228.0
2026-07-30T04:00,10.6,11.2,25.2,4.1,182.0
2026-07-30T05:00,13.5,14.3,27.9,4.5,152.0
2026-07-30T06:00,13.1,13.9,24.5,4.8,155.0
2026-07-30T07:00,13.4,13.9,19.7,5.2,174.0
2026-07-30T08:00,12.5,13.2,15.0,5.5,184.0
2026-07-30T09:00,7.0,7.6,10.5,5.4,174.0
2026-07-30T10:00,6.1,6.5,6.2,5.2,155.0
2026-07-30T11:00,6.4,6.9,3.0,5.1,141.0
2026-07-30T12:00,7.5,8.0,1.8,5.3,137.0
2026-07-30T13:00,8.5,9.1,1.8,5.6,137.0
2026-07-30T14:00,8.9,9.7,2.0,5.7,138.0
2026-07-30T15:00,8.8,10.2,1.7,5.5,137.0
2026-07-30T16:00,8.9,10.5,1.5,5.2,137.0
2026-07-30T17:00,9.9,10.7,2.2,4.5,140.0
2026-07-30T18:00,11.4,12.0,5.9,4.9,147.0
2026-07-30T19:00,15.8,16.4,11.1,5.4,159.0
2026-07-30T20:00,16.8,17.3,15.2,5.8,175.0
2026-07-30T21:00,17.1,17.6,17.0,6.1,202.0
2026-07-30T22:00,16.9,17.5,17.7,6.2,234.0
2026-07-30T23:00,16.8,17.3,18.2,6.2,257.0
2026-07-31T00:00,16.3,16.8,18.6,5.8,266.0
2026-07-31T01:00,15.8,16.3,18.7,5.2,267.0
2026-07-31T02:00,15.4,15.8,19.3,4.7,256.0
2026-07-31T03:00,14.9,15.2,21.1,4.4,226.0
2026-07-31T04:00,14.2,14.5,23.4,4.2,184.0
2026-07-31T05:00,16.2,16.5,27.9,4.3,158.0
2026-07-31T06:00,15.7,15.9,24.6,4.6,163.0
2026-07-31T07:00,16.3,16.5,19.8,5.1,182.0
2026-07-31T08:00,16.5,16.8,15.1,5.4,193.0
2026-07-31T09:00,14.3,14.6,10.6,5.4,184.0
2026-07-31T10:00,13.4,13.6,6.3,5.3,167.0
2026-07-31T11:00,13.3,13.4,3.1,5.2,152.0
2026-07-31T12:00,13.6,13.9,1.9,5.3,144.0
2026-07-31T13:00,13.2,13.4,1.8,5.6,138.0
2026-07-31T14:00,11.6,11.8,2.0,5.7,133.0
2026-07-31T15:00,10.5,10.8,1.6,5.6,128.0
2026-07-31T16:00,9.7,10.0,1.4,5.3,124.0
2026-07-31T17:00,4.6,4.8,2.0,4.1,127.0
2026-07-31T18:00,6.7,6.8,7.5,4.7,145.0
2026-07-31T19:00,13.6,13.7,15.1,5.6,170.0
2026-07-31T20:00,16.5,16.6,21.1,6.3,187.0
2026-07-31T21:00,16.7,16.8,23.7,6.6,183.0
2026-07-31T22:00,16.6,16.8,24.7,6.6,170.0
2026-07-31T23:00,16.4,16.5,25.2,6.5,171.0
2026-08-01T00:00,15.5,15.7,25.3,6.1,206.0
2026-08-01T01:00,14.6,14.7,24.9,5.5,255.0
2026-08-01T02:00,14.1,14.2,25.0,4.9,282.0
2026-08-01T03:00,14.0,14.1,26.8,4.4,263.0
2026-08-01T04:00,13.6,13.7,29.2,4.0,221.0
2026-08-01T05:00,12.9,13.0,28.0,4.5,192.0
2026-08-01T06:00,12.7,12.9,25.9,4.7,193.0
2026-08-01T07:00,13.9,14.0,22.8,4.9,206.0
2026-08-01T08:00,15.5,15.5,18.9,5.2,211.0
2026-08-01T09:00,9.8,9.9,13.6,5.6,197.0
2026-08-01T10:00,7.8,7.9,7.5,6.1,175.0
2026-08-01T11:00,7.7,7.9,3.1,6.5,156.0
2026-08-01T12:00,8.5,8.6,1.6,6.8,143.0
2026-08-01T13:00,9.3,9.5,1.8,7.0,132.0
2026-08-01T14:00,9.6,9.7,2.1,7.0,125.0
2026-08-01T15:00,9.3,9.5,1.5,6.7,119.0
2026-08-01T16:00,9.1,9.4,1.1,6.3,116.0
2026-08-01T17:00,5.7,5.8,1.8,5.4,122.0
2026-08-01T18:00,8.6,8.7,6.2,5.7,142.0
2026-08-01T19:00,13.1,13.2,12.1,6.1,172.0
2026-08-01T20:00,14.5,14.6,16.5,6.4,204.0
2026-08-01T21:00,13.5,13.6,17.5,6.4,245.0
2026-08-01T22:00,12.6,12.7,16.9,6.2,289.0
2026-08-01T23:00,12.0,12.1,16.5,5.9,311.0
2026-08-02T00:00,12.0,12.0,17.1,5.6,297.0
2026-08-02T01:00,12.2,12.2,17.9,5.2,261.0
2026-08-02T02:00,12.2,12.2,18.9,4.9,227.0
2026-08-02T03:00,11.9,11.9,20.5,4.6,198.0
2026-08-02T04:00,11.4,11.4,22.1,4.2,169.0
2026-08-02T05:00,10.8,10.8,26.9,4.5,151.0
2026-08-02T06:00,10.7,10.8,24.2,4.6,151.0
2026-08-02T07:00,11.6,11.6,20.3,4.8,162.0
2026-08-02T08:00,12.6,12.7,16.1,5.0,167.0
2026-08-02T09:00,9.0,9.1,11.4,5.1,159.0
2026-08-02T10:00,8.1,8.2,6.4,5.3,145.0
2026-08-02T11:00,8.4,8.5,2.8,5.4,134.0
2026-08-02T12:00,9.2,9.3,1.5,5.6,128.0
2026-08-02T13:00,9.6,9.8,1.6,5.9,125.0
2026-08-02T14:00,8.6,8.9,1.8,5.8,122.0
2026-08-02T15:00,6.9,7.7,1.3,5.1,118.0
2026-08-02T16:00,5.7,6.9,0.9,4.0,115.0
2026-08-02T17:00,3.9,5.0,1.3,3.0,116.0
2026-08-02T18:00,4.2,5.4,3.6,3.3,124.0
2026-08-02T19:00,6.3,7.7,6.7,3.8,136.0
2026-08-02T20:00,7.2,8.9,8.6,4.0,142.0
2026-08-02T21:00,6.7,8.4,8.2,3.9,136.0
2026-08-02T22:00,5.6,7.4,6.6,3.5,125.0
2026-08-02T23:00,5.0,6.8,5.4,3.3,116.0
2026-08-03T00:00,4.7,6.4,5.1,3.2,115.0
2026-08-03T01:00,4.4,6.1,5.1,3.2,117.0
2026-08-03T02:00,4.3,5.9,5.5,3.3,118.0
2026-08-03T03:00,4.4,5.8,6.6,3.5,115.0
2026-08-03T04:00,4.6,5.9,8.1,3.8,112.0
2026-08-03T05:00,5.1,6.7,11.8,5.6,116.0
2026-08-03T06:00,5.9,7.5,12.5,5.9,138.0
2026-08-03T07:00,8.4,9.6,13.3,6.3,168.0
2026-08-03T08:00,9.5,10.7,12.9,6.8,183.0
2026-08-03T09:00,8.8,10.2,10.3,7.7,169.0
2026-08-03T10:00,9.4,10.9,6.6,8.7,141.0
2026-08-03T11:00,10.3,11.9,3.7,8.9,119.0
2026-08-03T12:00,10.7,12.5,2.3,7.7,113.0
2026-08-03T13:00,10.7,12.8,1.7,5.8,113.0
2026-08-03T14:00,10.4,13.1,1.4,4.3,114.0
2026-08-03T15:00,9.9,13.4,0.7,3.5,114.0
2026-08-03T16:00,9.8,14.3,0.2,3.1,114.0
2026-08-03T17:00,5.5,9.5,1.4,3.0,118.0
2026-08-03T18:00,5.9,10.4,5.5,3.7,126.0
2026-08-03T19:00,9.1,14.2,11.1,4.6,137.0
2026-08-03T20:00,13.3,19.1,15.5,5.4,152.0
2026-08-03T21:00,15.8,22.3,17.3,5.8,176.0
2026-08-03T22:00,15.7,23.1,17.7,6.1,203.0
2026-08-03T23:00,15.0,23.3,18.2,6.3,218.0
2026-08-04T00:00,14.5,23.2,18.8,6.4,211.0
2026-08-04T01:00,14.7,23.5,19.4,6.5,192.0
2026-08-04T02:00,15.3,23.7,20.6,6.4,177.0
2026-08-04T03:00,15.4,23.2,23.5,6.1,173.0
2026-08-04T04:00,15.0,21.8,27.1,5.7,172.0
2026-08-04T05:00,12.8,20.4,25.8,5.2,169.0
2026-08-04T06:00,12.9,20.4,22.5,5.2,162.0
2026-08-04T07:00,12.8,18.0,17.9,5.2,153.0
2026-08-04T08:00,12.7,17.0,13.4,5.1,143.0
2026-08-04T09:00,10.5,15.8,9.1,4.7,133.0
2026-08-04T10:00,9.3,17.8,5.0,4.2,122.0
2026-08-04T11:00,9.4,22.0,2.0,3.6,114.0
2026-08-04T12:00,10.6,26.7,0.8,2.9,110.0
2026-08-04T13:00,11.6,30.4,0.8,2.3,108.0
2026-08-04T14:00,13.2,34.7,0.9,1.8,108.0
2026-08-04T15:00,15.3,39.0,0.5,1.7,108.0
2026-08-04T16:00,16.5,42.1,0.3,1.8,109.0
2026-08-04T17:00,15.8,41.7,1.2,2.0,112.0
2026-08-04T18:00,14.6,36.6,4.1,2.4,120.0
2026-08-04T19:00,14.8,31.0,8.2,3.0,131.0
2026-08-04T20:00,17.7,33.9,11.8,3.5,139.0
2026-08-04T21:00,19.3,35.3,14.6,3.9,140.0
2026-08-04T22:00,19.9,35.7,17.0,4.1,138.0
2026-08-04T23:00,20.1,36.0,18.6,4.2,136.0
2026-08-05T00:00,19.7,36.0,18.9,3.9,134.0
2026-08-05T01:00,19.0,36.1,18.5,3.5,132.0
2026-08-05T02:00,18.8,36.1,18.8,3.2,132.0
2026-08-05T03:00,19.0,35.7,21.1,3.2,133.0
2026-08-05T04:00,19.4,35.4,24.0,3.3,137.0
2026-08-05T05:00,18.9,34.1,26.5,3.2,144.0
2026-08-05T06:00,19.0,33.2,23.1,3.6,162.0
2026-08-05T07:00,19.7,29.8,18.2,4.1,184.0
2026-08-05T08:00,17.5,28.1,13.5,4.4,194.0
2026-08-05T09:00,14.6,23.9,9.2,4.2,183.0
2026-08-05T10:00,10.7,16.5,5.1,3.7,160.0
2026-08-05T11:00,8.0,12.1,2.1,3.3,141.0
2026-08-05T12:00,6.8,11.2,1.0,3.0,131.0
2026-08-05T13:00,6.7,13.0,1.0,2.7,124.0
2026-08-05T14:00,6.8,15.1,1.2,2.5,120.0
2026-08-05T15:00,6.9,16.8,1.0,2.3,120.0
2026-08-05T16:00,6.9,18.0,0.8,2.2,124.0
2026-08-05T17:00,6.3,17.3,1.5,2.2,128.0
2026-08-05T18:00,6.5,17.1,3.7,2.5,133.0
2026-08-05T19:00,7.1,15.9,6.8,3.0,139.0
2026-08-05T20:00,9.8,17.5,9.5,3.5,143.0
2026-08-05T21:00,10.9,17.1,11.2,4.0,143.0
2026-08-05T22:00,11.6,16.6,12.6,4.5,142.0
2026-08-05T23:00,12.1,16.5,13.9,5.0,142.0
2026-08-06T00:00,12.4,16.6,15.3,5.4,145.0
2026-08-06T01:00,12.5,16.9,16.7,5.7,150.0
2026-08-06T02:00,12.5,16.9,18.4,5.8,155.0
2026-08-06T03:00,12.3,16.5,21.4,5.5,159.0
2026-08-06T04:00,11.8,15.5,24.7,5.0,163.0
2026-08-06T05:00,11.9,16.5,27.0,5.4,168.0
2026-08-06T06:00,12.0,16.5,24.3,6.0,179.0
2026-08-06T07:00,13.5,16.3,20.4,6.7,191.0
2026-08-06T08:00,12.8,17.2,16.3,7.4,194.0
2026-08-06T09:00,10.8,17.7,11.8,7.9,179.0
2026-08-06T10:00,10.6,17.4,7.2,8.4,155.0
2026-08-06T11:00,10.3,16.9,3.7,8.3,137.0
2026-08-06T12:00,9.8,16.5,2.2,7.4,131.0
2026-08-06T13:00,9.0,16.0,1.8,5.9,130.0
2026-08-06T14:00,7.9,15.4,1.7,4.8,130.0
2026-08-06T15:00,7.5,15.2,1.1,4.3,127.0
2026-08-06T16:00,7.2,15.0,0.8,4.0,125.0
2026-08-06T17:00,2.9,4.7,1.9,4.0,129.0
2026-08-06T18:00,3.1,4.5,6.1,4.6,142.0
2026-08-06T19:00,6.4,7.8,11.9,5.5,162.0
2026-08-06T20:00,10.6,12.0,17.1,6.2,178.0
2026-08-06T21:00,12.5,13.9,20.8,6.6,189.0
2026-08-06T22:00,13.9,15.4,23.9,6.9,197.0
2026-08-06T23:00,14.8,16.2,26.1,6.9,204.0
2026-08-07T00:00,15.4,16.8,27.1,6.5,214.0
2026-08-07T01:00,15.4,16.5,27.2,5.7,222.0
2026-08-07T02:00,14.8,15.7,27.4,5.1,221.0
2026-08-07T03:00,13.9,14.7,28.4,4.6,201.0
2026-08-07T04:00,12.8,13.5,29.4,4.2,172.0
2026-08-07T05:00,14.7,15.3,31.8,4.6,152.0
2026-08-07T06:00,13.9,14.6,28.5,4.7,154.0
2026-08-07T07:00,14.1,14.7,23.7,4.9,167.0
2026-08-07T08:00,13.0,13.8,18.7,5.1,173.0
2026-08-07T09:00,8.4,9.9,13.5,5.4,166.0
2026-08-07T10:00,6.9,8.0,8.0,5.8,153.0
2026-08-07T11:00,6.7,7.5,4.0,6.0,142.0
2026-08-07T12:00,7.1,7.8,2.3,5.8,135.0
2026-08-07T13:00,7.0,7.9,1.9,5.5,129.0
2026-08-07T14:00,6.5,7.9,1.8,5.1,126.0
2026-08-07T15:00,6.0,8.5,1.4,4.7,124.0
2026-08-07T16:00,6.0,9.0,1.2,4.2,124.0
2026-08-07T17:00,7.7,13.5,1.9,3.5,128.0
2026-08-07T18:00,7.4,12.0,4.6,3.9,141.0
2026-08-07T19:00,9.7,13.3,8.3,4.4,158.0
2026-08-07T20:00,10.6,14.0,11.2,4.7,171.0
2026-08-07T21:00,10.4,13.6,12.1,4.7,173.0
2026-08-07T22:00,10.0,13.0,12.2,4.6,171.0
2026-08-07T23:00,10.0,12.8,12.6,4.4,178.0
2026-08-08T00:00,10.4,13.3,14.0,4.2,207.0
2026-08-08T01:00,11.3,14.1,15.7,3.9,246.0
2026-08-08T02:00,12.0,14.5,17.7,3.6,268.0
2026-08-08T03:00,12.4,14.6,20.4,3.3,259.0
2026-08-08T04:00,12.5,14.6,23.3,2.9,235.0
2026-08-08T05:00,13.0,15.0,24.5,3.2,214.0
2026-08-08T06:00,13.0,15.2,22.2,3.6,206.0
2026-08-08T07:00,14.3,16.4,18.9,4.0,201.0
2026-08-08T08:00,14.7,17.8,15.2,4.4,193.0
2026-08-08T09:00,11.4,17.0,10.7,4.6,177.0
2026-08-08T10:00,9.4,14.0,5.8,4.6,157.0
2026-08-08T11:00,8.0,11.2,2.3,4.5,142.0
2026-08-08T12:00,7.3,9.9,1.1,4.2,135.0
2026-08-08T13:00,7.1,10.0,1.2,3.8,132.0
2026-08-08T14:00,7.3,10.9,1.5,3.4,131.0
2026-08-08T15:00,7.6,12.2,1.2,3.2,130.0
2026-08-08T16:00,7.9,13.5,1.1,3.0,132.0
2026-08-08T17:00,12.4,25.2,1.9,2.7,135.0
2026-08-08T18:00,13.4,25.3,5.5,3.2,136.0
2026-08-08T19:00,17.2,27.3,10.6,4.0,140.0
2026-08-08T20:00,19.2,29.5,14.5,4.5,160.0
2026-08-08T21:00,20.3,31.2,16.2,4.7,220.0
2026-08-08T22:00,20.3,31.4,16.8,4.8,296.0
2026-08-08T23:00,19.1,29.5,17.1,4.7,338.0
2026-08-09T00:00,17.5,26.1,16.8,4.3,312.0
2026-08-09T01:00,16.2,23.2,16.1,3.8,251.0
2026-08-09T02:00,15.6,21.6,16.4,3.3,199.0
2026-08-09T03:00,15.5,20.8,19.1,2.9,172.0
2026-08-09T04:00,15.5,20.0,22.7,2.6,155.0
2026-08-09T05:00,14.5,17.2,22.5,2.3,146.0
2026-08-09T06:00,13.8,16.6,20.1,2.6,148.0
2026-08-09T07:00,14.2,16.9,16.6,3.1,158.0
2026-08-09T08:00,14.6,19.0,13.0,3.4,162.0
2026-08-09T09:00,13.1,21.5,9.1,3.6,154.0
2026-08-09T10:00,11.9,20.4,5.1,3.7,140.0
2026-08-09T11:00,10.8,17.6,2.2,3.7,129.0
2026-08-09T12:00,10.6,16.9,1.1,3.5,123.0
2026-08-09T13:00,10.8,17.6,1.2,3.2,120.0
2026-08-09T14:00,10.4,17.4,1.4,3.0,118.0
2026-08-09T15:00,9.7,16.8,1.1,2.8,116.0
2026-08-09T16:00,9.0,15.7,1.0,2.7,116.0
2026-08-09T17:00,11.6,20.0,1.8,2.5,121.0
2026-08-09T18:00,12.1,18.7,4.0,2.9,134.0
2026-08-09T19:00,13.6,18.9,7.0,3.5,152.0
2026-08-09T20:00,14.8,20.0,9.5,3.9,170.0
2026-08-09T21:00,14.6,19.3,10.4,3.9,189.0
2026-08-09T22:00,14.5,19.0,10.8,3.8,208.0
2026-08-09T23:00,14.9,19.8,12.2,3.6,217.0
2026-08-10T00:00,16.5,21.7,15.8,3.5,211.0
2026-08-10T01:00,18.5,23.2,20.4,3.3,195.0
2026-08-10T02:00,19.4,23.1,24.0,3.1,180.0
2026-08-10T03:00,19.4,22.3,26.1,2.7,165.0
2026-08-10T04:00,18.5,21.1,27.1,2.4,151.0
2026-08-10T05:00,18.0,20.6,28.8,2.6,147.0
2026-08-10T06:00,16.8,19.3,25.7,3.0,165.0
2026-08-10T07:00,16.4,18.6,21.2,3.5,193.0
2026-08-10T08:00,16.6,18.9,16.6,4.0,205.0
2026-08-10T09:00,14.3,19.3,11.7,4.3,186.0
2026-08-10T10:00,12.7,19.8,6.5,4.5,151.0
2026-08-10T11:00,12.5,19.8,2.8,4.5,125.0
2026-08-10T12:00,12.5,19.5,1.4,4.3,118.0
2026-08-10T13:00,12.6,19.7,1.4,3.9,121.0
2026-08-10T14:00,12.7,19.9,1.6,3.5,123.0
2026-08-10T15:00,12.0,18.8,1.1,3.1,122.0
2026-08-10T16:00,10.9,16.9,0.7,2.8,121.0
2026-08-10T17:00,10.9,17.4,1.7,2.4,124.0
2026-08-10T18:00,11.2,16.9,4.9,3.0,128.0
2026-08-10T19:00,13.5,18.3,9.3,3.7,136.0
2026-08-10T20:00,15.9,20.8,13.3,4.4,153.0
2026-08-10T21:00,17.1,21.4,16.2,4.8,193.0
2026-08-10T22:00,17.5,21.4,18.6,5.1,243.0
2026-08-10T23:00,18.5,22.2,21.0,5.2,270.0
2026-08-11T00:00,19.6,23.1,23.5,5.0,254.0
2026-08-11T01:00,20.4,23.5,25.8,4.6,216.0
2026-08-11T02:00,20.5,23.5,27.8,4.1,184.0
2026-08-11T03:00,20.1,22.8,29.8,3.5,167.0
2026-08-11T04:00,19.3,21.6,31.4,3.0,157.0
2026-08-11T05:00,13.7,15.4,24.9,2.7,157.0
2026-08-11T06:00,13.1,15.0,22.7,3.1,177.0
2026-08-11T07:00,13.6,15.5,19.4,3.7,207.0
2026-08-11T08:00,14.8,17.1,15.7,4.0,219.0
2026-08-11T09:00,13.2,17.6,11.1,4.0,196.0
2026-08-11T10:00,10.8,15.0,5.9,3.8,156.0
2026-08-11T11:00,10.5,14.2,2.2,3.5,125.0
2026-08-11T12:00,10.3,13.7,0.9,3.2,116.0
2026-08-11T13:00,10.7,14.3,1.0,2.9,116.0
2026-08-11T14:00,10.9,14.5,1.3,2.7,117.0
2026-08-11T15:00,10.8,14.4,1.0,2.6,113.0
2026-08-11T16:00,10.7,14.2,0.9,2.5,111.0
2026-08-11T17:00,9.3,12.5,1.7,2.7,120.0
2026-08-11T18:00,11.2,13.6,4.6,3.3,148.0
2026-08-11T19:00,13.5,15.4,8.7,4.0,187.0
2026-08-11T20:00,14.3,16.2,12.7,4.7,226.0
2026-08-11T21:00,15.0,16.8,16.1,5.2,268.0
2026-08-11T22:00,16.2,18.2,19.3,5.6,309.0
2026-08-11T23:00,17.9,19.8,22.1,5.7,328.0
2026-08-12T00:00,19.3,21.1,24.5,5.3,309.0
2026-08-12T01:00,19.9,21.5,26.5,4.7,268.0
2026-08-12T02:00,19.6,20.9,27.9,4.1,230.0
2026-08-12T03:00,18.7,19.9,28.7,3.7,197.0
2026-08-12T04:00,17.5,18.6,28.8,3.3,168.0
2026-08-12T05:00,16.7,17.5,31.1,3.3,157.0
2026-08-12T06:00,15.5,16.6,28.1,3.6,185.0
2026-08-12T07:00,15.9,17.0,23.7,4.0,233.0
2026-08-12T08:00,16.9,18.6,19.0,4.4,257.0
2026-08-12T09:00,15.7,19.3,13.6,4.9,232.0
2026-08-12T10:00,13.5,18.2,7.8,5.5,183.0
2026-08-12T11:00,13.0,17.1,3.5,5.8,145.0
2026-08-12T12:00,13.5,17.2,1.8,5.5,130.0
2026-08-12T13:00,13.2,16.6,1.6,4.9,126.0
2026-08-12T14:00,12.0,15.1,1.7,4.4,124.0
2026-08-12T15:00,10.7,13.5,1.1,4.0,122.0
2026-08-12T16:00,9.9,12.4,0.7,3.7,122.0
2026-08-12T17:00,10.1,12.8,2.0,3.6,127.0
2026-08-12T18:00,12.1,14.1,7.4,4.5,139.0
2026-08-12T19:00,18.0,20.0,15.0,5.7,155.0
2026-08-12T20:00,22.1,24.2,21.6,6.6,167.0
2026-08-12T21:00,25.0,27.1,26.2,7.2,169.0
2026-08-12T22:00,26.4,28.3,29.8,7.5,167.0
2026-08-12T23:00,26.5,28.2,31.9,7.4,167.0
2026-08-13T00:00,25.7,27.1,31.9,6.7,175.0
2026-08-13T01:00,24.2,25.3,30.6,5.6,185.0
2026-08-13T02:00,22.0,22.9,29.3,4.7,191.0
2026-08-13T03:00,19.9,20.7,29.1,4.2,184.0
2026-08-13T04:00,18.0,18.7,28.9,3.8,173.0
2026-08-13T05:00,16.5,17.1,27.8,3.9,172.0
2026-08-13T06:00,15.7,16.4,25.5,4.3,195.0
2026-08-13T07:00,16.3,17.2,22.1,4.7,229.0
2026-08-13T08:00,19.1,21.1,18.1,5.0,244.0
2026-08-13T09:00,19.8,26.1,13.0,4.8,222.0
2026-08-13T10:00,19.9,27.5,7.4,4.4,182.0
2026-08-13T11:00,17.7,22.9,3.3,4.2,149.0
2026-08-13T12:00,15.2,18.5,1.9,4.4,135.0
2026-08-13T13:00,13.1,15.3,2.0,4.8,129.0
2026-08-13T14:00,11.2,12.7,2.2,5.0,125.0
2026-08-13T15:00,9.3,10.5,1.5,4.7,122.0
2026-08-13T16:00,7.8,8.8,1.0,4.3,121.0
2026-08-13T17:00,4.6,5.0,2.0,3.2,123.0
2026-08-13T18:00,7.9,8.2,8.9,4.2,129.0
2026-08-13T19:00,15.1,15.4,18.3,5.5,138.0
2026-08-13T20:00,20.6,20.9,24.9,6.5,146.0
2026-08-13T21:00,23.5,23.8,26.0,6.9,153.0
2026-08-13T22:00,21.4,21.7,24.3,6.9,159.0
2026-08-13T23:00,16.2,16.5,22.4,6.7,160.0
2026-08-14T00:00,12.9,13.1,20.8,6.3,151.0
2026-08-14T01:00,10.9,11.1,19.1,5.7,136.0
2026-08-14T02:00,9.7,10.0,18.4,5.1,128.0
2026-08-14T03:00,9.3,9.4,20.1,4.5,131.0
2026-08-14T04:00,8.8,8.9,23.0,3.9,141.0
2026-08-14T05:00,7.2,7.2,24.2,4.1,153.0
2026-08-14T06:00,7.1,7.2,21.5,4.3,170.0
2026-08-14T07:00,8.0,8.1,17.6,4.6,189.0
2026-08-14T08:00,8.2,8.3,13.8,4.9,200.0
2026-08-14T09:00,6.7,6.8,10.0,5.3,196.0
2026-08-14T10:00,6.2,6.3,6.3,5.9,183.0
2026-08-14T11:00,6.2,6.2,3.5,6.2,169.0
2026-08-14T12:00,6.7,6.7,2.4,6.3,156.0
2026-08-14T13:00,7.0,7.0,2.2,6.3,141.0
2026-08-14T14:00,6.5,6.5,2.2,6.1,130.0
2026-08-14T15:00,5.2,5.3,1.3,5.4,121.0
2026-08-14T16:00,4.5,4.8,0.6,4.6,116.0
2026-08-14T17:00,9.1,9.4,2.0,3.6,120.0
2026-08-14T18:00,12.7,12.8,8.7,4.5,144.0
2026-08-14T19:00,19.7,19.8,18.0,5.8,177.0
2026-08-14T20:00,24.8,25.0,25.5,6.9,197.0
2026-08-14T21:00,27.1,27.3,29.3,7.7,189.0
2026-08-14T22:00,27.0,27.1,31.3,8.4,167.0
2026-08-14T23:00,25.6,25.8,32.3,8.6,153.0
2026-08-15T00:00,24.3,24.5,32.2,8.2,160.0
2026-08-15T01:00,23.0,23.1,31.1,7.4,174.0
2026-08-15T02:00,21.3,21.4,30.2,6.5,184.0
2026-08-15T03:00,19.6,19.7,30.5,5.6,179.0
2026-08-15T04:00,18.2,18.3,31.1,4.7,169.0
2026-08-15T05:00,18.2,18.3,31.0,4.6,168.0
2026-08-15T06:00,17.4,17.5,28.4,4.7,189.0
2026-08-15T07:00,17.9,17.9,24.6,4.9,219.0
2026-08-15T08:00,19.3,19.4,20.2,5.2,231.0
2026-08-15T09:00,16.9,17.1,14.5,5.8,205.0
2026-08-15T10:00,13.5,13.7,8.2,6.6,161.0
2026-08-15T11:00,12.3,12.7,3.5,6.9,128.0
2026-08-15T12:00,11.1,11.6,1.7,6.4,119.0
2026-08-15T13:00,9.6,10.1,1.6,5.4,121.0
2026-08-15T14:00,8.3,8.9,1.8,4.6,123.0
2026-08-15T15:00,7.6,8.5,1.2,4.2,121.0
2026-08-15T16:00,7.2,8.4,0.8,4.0,120.0
2026-08-15T17:00,6.4,8.5,1.9,2.8,121.0
2026-08-15T18:00,11.1,12.9,7.9,3.7,128.0
2026-08-15T19:00,17.1,18.7,16.3,4.8,137.0
2026-08-15T20:00,20.5,22.1,23.2,5.7,146.0
2026-08-15T21:00,22.6,24.0,27.7,6.0,155.0
2026-08-15T22:00,23.2,24.5,30.7,5.9,164.0
2026-08-15T23:00,23.5,25.0,31.2,5.7,164.0
2026-08-16T00:00,22.6,24.7,27.4,5.2,149.0
2026-08-16T01:00,18.2,21.7,21.1,4.5,126.0
2026-08-16T02:00,14.8,19.7,16.3,4.0,110.0
2026-08-16T03:00,13.5,19.4,15.1,3.7,107.0
2026-08-16T04:00,12.8,19.0,15.4,3.4,110.0
2026-08-16T05:00,9.8,16.7,9.5,2.8,115.0
2026-08-16T06:00,9.3,15.4,9.1,3.0,122.0
2026-08-16T07:00,10.3,15.5,8.5,3.2,129.0
2026-08-16T08:00,10.2,14.2,7.5,3.5,133.0
2026-08-16T09:00,9.1,13.9,5.9,4.0,128.0
2026-08-16T10:00,9.4,14.7,3.8,4.5,118.0
2026-08-16T11:00,9.2,15.3,2.3,4.7,111.0
2026-08-16T12:00,8.7,16.1,1.6,4.1,109.0
2026-08-16T13:00,7.9,17.0,1.3,3.2,108.0
2026-08-16T14:00,6.8,16.3,1.2,2.4,109.0
2026-08-16T15:00,5.5,13.8,0.9,1.9,109.0
2026-08-16T16:00,4.9,11.5,0.8,1.7,111.0
2026-08-16T17:00,3.6,4.7,1.5,1.6,113.0
2026-08-16T18:00,4.5,5.1,3.2,1.9,118.0
2026-08-16T19:00,5.9,6.2,5.6,2.4,124.0
2026-08-16T20:00,7.1,7.4,7.3,2.7,128.0
2026-08-16T21:00,7.6,7.9,7.7,2.9,127.0
2026-08-16T22:00,7.8,8.1,7.5,2.9,124.0
2026-08-16T23:00,7.9,8.1,7.6,3.0,121.0
2026-08-17T00:00,7.7,8.1,7.9,3.0,119.0
2026-08-17T01:00,7.8,8.1,8.4,3.1,118.0
2026-08-17T02:00,8.0,8.3,10.0,3.1,119.0
2026-08-17T03:00,8.3,8.6,14.2,3.1,123.0
2026-08-17T04:00,8.7,9.0,19.5,3.2,129.0
2026-08-17T05:00,8.6,8.9,24.1,3.8,138.0
2026-08-17T06:00,9.0,9.2,21.6,3.9,155.0
2026-08-17T07:00,10.4,10.6,18.1,4.2,174.0
2026-08-17T08:00,9.4,9.7,14.5,4.6,185.0
2026-08-17T09:00,8.3,8.6,10.9,5.4,180.0
2026-08-17T10:00,8.7,8.9,7.2,6.4,166.0
2026-08-17T11:00,9.6,9.9,4.4,7.0,152.0
2026-08-17T12:00,10.8,11.0,3.0,7.0,141.0
2026-08-17T13:00,11.1,11.5,2.4,6.6,131.0
2026-08-17T14:00,9.9,10.3,2.1,5.9,125.0
2026-08-17T15:00,7.8,8.3,1.4,4.8,123.0
2026-08-17T16:00,6.3,6.9,1.0,3.5,125.0
2026-08-17T17:00,4.8,6.5,1.7,2.5,129.0
2026-08-17T18:00,6.0,8.3,4.5,2.9,137.0
2026-08-17T19:00,8.3,10.8,8.3,3.5,146.0
2026-08-17T20:00,9.5,12.1,11.0,3.9,154.0
2026-08-17T21:00,8.9,11.5,11.3,4.1,158.0
2026-08-17T22:00,8.3,10.9,10.5,4.2,160.0
2026-08-17T23:00,8.1,10.7,10.0,4.2,159.0
2026-08-18T00:00,8.0,10.6,10.3,4.1,152.0
2026-08-18T01:00,8.0,10.5,10.9,4.0,143.0
2026-08-18T02:00,7.9,10.3,11.8,3.9,137.0
2026-08-18T03:00,7.5,10.0,13.2,3.9,135.0
2026-08-18T04:00,7.2,9.6,14.9,3.9,137.0
2026-08-18T05:00,7.2,8.8,15.1,5.7,148.0
2026-08-18T06:00,7.6,9.2,15.2,6.0,182.0
2026-08-18T07:00,9.2,10.5,15.1,6.4,225.0
2026-08-18T08:00,10.8,12.0,14.0,6.8,248.0
2026-08-18T09:00,10.1,13.0,10.9,7.2,232.0
2026-08-18T10:00,9.8,15.1,6.9,7.6,196.0
2026-08-18T11:00,10.2,18.9,3.7,7.5,164.0
2026-08-18T12:00,11.2,23.1,2.3,6.4,145.0
2026-08-18T13:00,11.6,25.1,1.7,4.8,130.0
2026-08-18T14:00,11.1,25.1,1.5,3.5,120.0
2026-08-18T15:00,10.4,23.7,0.6,2.8,117.0
2026-08-18T16:00,9.5,21.7,0.1,2.5,118.0
2026-08-18T17:00,6.3,13.9,1.9,2.5,124.0
2026-08-18T18:00,7.0,11.9,7.9,3.5,136.0
2026-08-18T19:00,12.4,16.9,16.4,5.0,151.0
2026-08-18T20:00,18.1,22.7,23.6,6.2,162.0
2026-08-18T21:00,21.8,26.5,28.3,6.9,166.0
2026-08-18T22:00,22.8,27.0,31.7,7.4,165.0
2026-08-18T23:00,22.3,26.1,33.9,7.5,163.0
2026-08-19T00:00,21.6,25.3,34.8,7.1,158.0
2026-08-19T01:00,20.8,24.3,34.5,6.3,151.0
2026-08-19T02:00,19.9,22.9,33.9,5.5,150.0
2026-08-19T03:00,18.2,20.5,33.5,4.8,158.0
2026-08-19T04:00,16.2,18.2,32.7,4.0,173.0
2026-08-19T05:00,18.2,20.5,35.4,4.7,190.0
2026-08-19T06:00,17.3,19.4,31.7,5.0,217.0
2026-08-19T07:00,17.6,19.0,26.4,5.4,247.0
2026-08-19T08:00,17.9,19.3,20.8,5.8,257.0
2026-08-19T09:00,13.3,15.6,14.6,6.1,227.0
2026-08-19T10:00,9.7,11.8,8.2,6.3,177.0
2026-08-19T11:00,7.5,9.1,3.5,6.3,138.0
2026-08-19T12:00,6.0,7.5,1.8,5.7,126.0
2026-08-19T13:00,5.4,6.6,1.8,4.8,126.0
2026-08-19T14:00,5.4,6.7,2.1,4.2,127.0
2026-08-19T15:00,5.7,7.3,1.5,4.2,124.0
2026-08-19T16:00,6.2,8.2,1.1,4.4,122.0
2026-08-19T17:00,13.3,18.9,3.2,4.0,124.0
2026-08-19T18:00,19.5,24.0,9.0,4.9,133.0
2026-08-19T19:00,26.9,30.7,16.8,6.1,147.0
2026-08-19T20:00,28.9,32.4,21.6,6.9,160.0
2026-08-19T21:00,23.6,26.7,20.4,6.8,175.0
2026-08-19T22:00,18.3,20.6,16.3,6.1,189.0
2026-08-19T23:00,15.5,17.6,13.4,5.7,194.0
2026-08-20T00:00,14.8,16.7,13.5,5.7,181.0
2026-08-20T01:00,14.9,16.8,14.9,5.9,159.0
2026-08-20T02:00,15.3,17.1,16.5,5.9,142.0
2026-08-20T03:00,15.6,17.3,18.5,5.6,132.0
2026-08-20T04:00,15.7,17.3,20.8,5.2,129.0
2026-08-20T05:00,16.4,18.2,21.4,6.3,143.0
2026-08-20T06:00,16.9,18.9,20.8,6.3,197.0
2026-08-20T07:00,18.2,20.0,19.8,6.4,268.0
2026-08-20T08:00,21.2,22.8,17.8,6.7,305.0
2026-08-20T09:00,22.5,25.6,13.7,7.8,274.0
2026-08-20T10:00,18.7,23.2,8.6,9.2,208.0
2026-08-20T11:00,16.3,21.0,4.6,9.7,154.0
2026-08-20T12:00,15.3,20.3,2.8,8.4,129.0
2026-08-20T13:00,13.2,18.5,2.1,6.1,116.0
2026-08-20T14:00,10.8,15.8,1.8,4.3,110.0
2026-08-20T15:00,9.4,13.9,1.2,3.3,109.0
2026-08-20T16:00,8.3,12.0,0.9,2.6,115.0
2026-08-20T17:00,4.0,5.9,2.0,2.3,123.0
2026-08-20T18:00,6.2,7.7,5.9,3.0,136.0
2026-08-20T19:00,11.9,13.2,11.5,4.0,152.0
2026-08-20T20:00,14.6,15.8,16.0,4.9,163.0
2026-08-20T21:00,14.8,15.8,18.5,5.6,166.0
2026-08-20T22:00,15.7,16.5,20.0,6.2,166.0
2026-08-20T23:00,17.2,17.9,21.4,6.6,163.0
2026-08-21T00:00,18.8,19.4,23.2,6.6,158.0
2026-08-21T01:00,19.6,20.4,24.8,6.4,152.0
2026-08-21T02:00,18.8,19.5,26.0,6.0,149.0
2026-08-21T03:00,17.6,18.3,26.8,5.4,148.0
2026-08-21T04:00,16.2,16.7,27.1,4.7,149.0
2026-08-21T05:00,11.8,12.1,25.5,4.2,163.0
2026-08-21T06:00,11.4,11.7,23.4,4.3,203.0
2026-08-21T07:00,12.4,12.7,20.3,4.6,255.0
2026-08-21T08:00,14.1,14.5,16.8,5.1,286.0
2026-08-21T09:00,11.9,12.5,12.6,6.2,278.0
2026-08-21T10:00,10.0,10.6,8.1,7.6,248.0
2026-08-21T11:00,9.2,9.6,4.6,8.3,214.0
2026-08-21T12:00,8.8,9.2,2.9,7.7,177.0
2026-08-21T13:00,8.1,8.5,2.3,6.5,137.0
2026-08-21T14:00,7.2,7.5,2.0,5.3,109.0
2026-08-21T15:00,6.2,6.5,1.1,4.3,103.0
2026-08-21T16:00,5.1,5.3,0.5,3.4,110.0
2026-08-21T17:00,2.5,2.6,1.7,2.3,121.0
2026-08-21T18:00,4.0,4.1,6.1,3.0,136.0
2026-08-21T19:00,8.4,8.6,12.1,4.0,155.0
2026-08-21T20:00,11.9,12.0,16.8,4.8,166.0
2026-08-21T21:00,12.8,12.9,18.4,5.4,161.0
2026-08-21T22:00,12.5,12.7,18.5,5.8,148.0
2026-08-21T23:00,12.9,13.0,19.2,5.9,140.0
2026-08-22T00:00,14.2,14.3,21.5,5.7,143.0
2026-08-22T01:00,15.3,15.4,24.2,5.2,152.0
2026-08-22T02:00,15.4,15.5,26.3,4.7,164.0
2026-08-22T03:00,14.5,14.6,27.5,4.2,181.0
2026-08-22T04:00,13.4,13.5,28.0,3.8,202.0
2026-08-22T05:00,11.1,11.2,24.5,4.1,218.0
2026-08-22T06:00,9.9,10.0,21.4,4.1,228.0
2026-08-22T07:00,9.6,9.7,17.0,4.1,233.0
2026-08-22T08:00,8.8,8.9,12.7,4.0,227.0
2026-08-22T09:00,5.9,6.2,8.8,3.8,201.0
2026-08-22T10:00,5.0,5.7,5.1,3.5,164.0
2026-08-22T11:00,5.0,5.9,2.4,3.2,135.0
2026-08-22T12:00,5.2,5.9,1.3,2.9,121.0
2026-08-22T13:00,5.4,5.8,1.2,2.7,116.0
2026-08-22T14:00,5.7,6.2,1.2,2.4,113.0
2026-08-22T15:00,5.7,6.2,0.8,2.1,112.0
2026-08-22T16:00,5.6,6.2,0.5,1.8,114.0
2026-08-22T17:00,8.8,9.5,1.6,1.8,121.0
2026-08-22T18:00,9.7,10.2,5.3,2.2,139.0
2026-08-22T19:00,12.5,12.9,10.4,2.9,161.0
2026-08-22T20:00,14.3,14.6,14.2,3.3,174.0
2026-08-22T21:00,14.6,14.8,15.2,3.4,168.0
2026-08-22T22:00,14.1,14.3,14.9,3.3,152.0
2026-08-22T23:00,13.3,13.6,14.5,3.2,141.0
2026-08-23T00:00,12.7,13.1,14.2,3.0,140.0
2026-08-23T01:00,12.3,12.9,13.8,2.7,143.0
2026-08-23T02:00,12.1,12.8,14.1,2.5,147.0
2026-08-23T03:00,12.3,13.0,16.1,2.4,149.0
2026-08-23T04:00,12.6,13.4,18.7,2.3,152.0
2026-08-23T05:00,11.7,12.5,16.1,2.3,155.0
2026-08-23T06:00,11.8,12.7,15.2,2.5,162.0
2026-08-23T07:00,13.0,13.6,13.9,2.9,169.0
2026-08-23T08:00,13.4,14.3,12.0,3.1,169.0
2026-08-23T09:00,9.3,10.8,8.8,3.1,156.0
2026-08-23T10:00,6.8,8.0,5.0,3.1,136.0
2026-08-23T11:00,5.6,7.4,2.2,2.9,120.0
2026-08-23T12:00,5.8,9.4,1.2,2.6,114.0
2026-08-23T13:00,6.1,11.3,1.1,2.2,113.0
2026-08-23T14:00,6.3,12.1,1.2,2.0,112.0
2026-08-23T15:00,6.4,12.1,0.8,1.9,109.0
2026-08-23T16:00,6.4,11.9,0.5,2.0,107.0
2026-08-23T17:00,4.6,9.3,1.7,2.1,112.0
2026-08-23T18:00,6.7,10.3,4.4,2.6,123.0
2026-08-23T19:00,8.9,11.7,8.2,3.2,141.0
2026-08-23T20:00,10.0,12.6,11.5,3.7,174.0
2026-08-23T21:00,10.5,13.0,13.5,3.9,242.0
2026-08-23T22:00,11.1,13.3,15.0,4.0,325.0
2026-08-23T23:00,11.8,13.8,16.5,3.9,366.0
2026-08-24T00:00,12.6,14.4,18.3,3.6,328.0
2026-08-24T01:00,12.8,14.4,19.9,3.1,249.0
2026-08-24T02:00,12.3,13.9,21.0,2.8,185.0
2026-08-24T03:00,11.5,12.9,21.2,2.6,156.0
2026-08-24T04:00,10.2,11.4,20.7,2.5,142.0
2026-08-24T05:00,9.2,10.2,19.9,2.4,139.0
2026-08-24T06:00,8.4,9.4,18.4,2.7,155.0
2026-08-24T07:00,8.6,9.6,16.1,3.1,183.0
2026-08-24T08:00,9.4,10.5,13.4,3.4,196.0
2026-08-24T09:00,7.0,9.7,9.7,3.5,180.0
2026-08-24T10:00,5.4,9.4,5.4,3.4,150.0
2026-08-24T11:00,5.4,10.0,2.3,3.2,127.0
2026-08-24T12:00,5.2,10.2,1.2,2.9,119.0
2026-08-24T13:00,5.6,12.0,1.2,2.5,117.0
2026-08-24T14:00,6.5,16.6,1.3,2.1,117.0
2026-08-24T15:00,7.6,21.7,1.0,1.8,117.0
2026-08-24T16:00,8.1,26.0,0.8,1.6,118.0
2026-08-24T17:00,11.5,39.2,1.5,1.5,122.0
2026-08-24T18:00,11.3,32.6,3.4,2.0,130.0
2026-08-24T19:00,11.5,25.4,6.0,2.7,141.0
2026-08-24T20:00,10.4,19.3,7.8,3.3,147.0
2026-08-24T21:00,8.2,12.9,8.0,3.6,145.0
2026-08-24T22:00,6.6,8.8,7.5,3.6,138.0
2026-08-24T23:00,5.8,7.4,7.2,3.7,133.0
2026-08-25T00:00,5.6,7.4,7.3,3.7,132.0
2026-08-25T01:00,5.6,7.8,7.6,3.7,133.0
2026-08-25T02:00,6.0,8.9,8.6,3.7,135.0
2026-08-25T03:00,6.7,10.5,11.0,3.6,136.0
2026-08-25T04:00,7.6,12.6,14.0,3.6,138.0
2026-08-25T05:00,9.1,14.7,16.9,3.7,149.0
2026-08-25T06:00,10.2,16.9,16.6,4.1,181.0
2026-08-25T07:00,12.3,18.6,16.1,4.6,221.0
2026-08-25T08:00,12.7,18.2,14.6,5.1,239.0
2026-08-25T09:00,10.9,18.3,11.2,5.5,214.0
2026-08-25T10:00,8.1,15.0,6.8,5.9,167.0
2026-08-25T11:00,5.7,10.2,3.4,5.9,131.0
2026-08-25T12:00,4.5,7.4,2.0,5.4,119.0
2026-08-25T13:00,4.2,6.2,1.7,4.5,118.0
2026-08-25T14:00,3.9,5.5,1.6,3.9,120.0
2026-08-25T15:00,3.5,4.7,1.0,3.7,124.0
2026-08-25T16:00,3.4,4.2,0.7,3.8,131.0
2026-08-25T17:00,2.1,2.4,2.0,3.7,139.0
2026-08-25T18:00,3.3,3.5,6.2,4.5,148.0
2026-08-25T19:00,8.3,8.4,12.1,5.5,159.0
2026-08-25T20:00,11.5,11.6,17.2,6.5,172.0
2026-08-25T21:00,12.8,12.9,20.7,7.3,188.0
2026-08-25T22:00,14.6,14.7,23.5,8.0,206.0
2026-08-25T23:00,16.8,16.8,25.7,8.2,221.0
2026-08-26T00:00,18.1,18.2,27.4,7.7,234.0
2026-08-26T01:00,18.2,18.3,28.4,6.7,243.0
2026-08-26T02:00,17.1,17.2,28.9,5.8,242.0
2026-08-26T03:00,15.3,15.4,28.9,5.1,218.0
2026-08-26T04:00,13.5,13.6,28.3,4.4,184.0
2026-08-26T05:00,15.6,15.7,28.7,4.2,164.0
2026-08-26T06:00,14.6,14.7,26.4,4.4,176.0
2026-08-26T07:00,15.4,15.4,22.9,4.8,203.0
2026-08-26T08:00,16.8,16.9,19.0,5.4,218.0
2026-08-26T09:00,11.2,11.4,14.2,6.5,208.0
2026-08-26T10:00,9.1,9.2,8.9,7.8,186.0
2026-08-26T11:00,8.7,8.8,4.8,8.4,167.0
2026-08-26T12:00,8.0,8.1,2.9,7.7,155.0
2026-08-26T13:00,7.3,7.7,2.2,6.2,147.0
2026-08-26T14:00,6.9,7.8,2.0,5.1,141.0
2026-08-26T15:00,6.9,8.1,1.4,4.7,138.0
2026-08-26T16:00,7.2,8.6,1.3,4.7,138.0
2026-08-26T17:00,1.7,2.0,2.5,4.3,145.0
2026-08-26T18:00,4.7,5.0,8.6,5.2,160.0
2026-08-26T19:00,12.1,12.5,16.9,6.3,181.0
2026-08-26T20:00,15.8,16.2,23.0,7.1,205.0
2026-08-26T21:00,15.6,16.0,24.2,7.2,235.0
2026-08-26T22:00,14.5,14.9,23.2,6.9,269.0
2026-08-26T23:00,14.7,15.1,22.7,6.5,293.0
2026-08-27T00:00,15.9,16.4,24.2,6.0,305.0
2026-08-27T01:00,16.8,17.2,26.2,5.3,308.0
2026-08-27T02:00,16.4,16.6,27.6,4.7,297.0
2026-08-27T03:00,15.0,15.2,28.0,4.2,258.0
2026-08-27T04:00,13.4,13.7,27.7,3.8,204.0
2026-08-27T05:00,14.1,14.4,29.1,4.2,173.0
2026-08-27T06:00,13.5,13.8,27.2,4.4,188.0
2026-08-27T07:00,14.1,14.4,24.3,4.7,225.0
2026-08-27T08:00,15.7,15.9,20.5,5.1,246.0
2026-08-27T09:00,10.0,10.4,15.1,5.8,233.0
2026-08-27T10:00,7.9,8.3,8.9,6.5,205.0
2026-08-27T11:00,8.3,8.6,4.2,6.9,180.0
2026-08-27T12:00,8.3,8.5,2.3,6.5,164.0
2026-08-27T13:00,7.7,8.1,1.9,5.8,151.0
2026-08-27T14:00,7.2,7.6,1.9,5.1,142.0
2026-08-27T15:00,6.8,7.2,1.1,4.6,137.0
2026-08-27T16:00,6.7,7.0,0.6,4.3,136.0
2026-08-27T17:00,6.8,7.2,2.4,4.4,138.0
2026-08-27T18:00,9.1,9.3,8.7,5.4,146.0
2026-08-27T19:00,16.4,16.7,17.3,6.8,157.0
2026-08-27T20:00,21.2,21.4,23.1,7.8,166.0
2026-08-27T21:00,20.3,20.6,23.5,8.0,172.0
2026-08-27T22:00,18.6,18.8,21.1,7.8,175.0
2026-08-27T23:00,17.5,17.8,19.1,7.5,174.0
2026-08-28T00:00,16.8,17.0,18.6,7.1,164.0
2026-08-28T01:00,16.1,16.4,18.4,6.6,150.0
2026-08-28T02:00,15.5,15.7,18.8,6.0,142.0
2026-08-28T03:00,14.9,15.0,20.2,5.3,142.0
2026-08-28T04:00,14.3,14.4,22.1,4.7,147.0
2026-08-28T05:00,13.8,13.9,21.5,4.6,163.0
2026-08-28T06:00,14.1,14.1,20.9,4.7,201.0
2026-08-28T07:00,15.9,16.0,19.9,4.9,248.0
2026-08-28T08:00,18.8,18.8,17.9,5.5,274.0
2026-08-28T09:00,15.0,15.0,14.1,7.2,259.0
2026-08-28T10:00,14.9,15.0,9.2,9.3,223.0
2026-08-28T11:00,15.0,15.3,5.4,10.3,189.0
2026-08-28T12:00,14.4,16.0,3.4,9.2,165.0
2026-08-28T13:00,12.8,16.8,2.5,7.0,143.0
2026-08-28T14:00,10.8,17.8,1.9,5.0,129.0
2026-08-28T15:00,9.0,19.8,1.3,3.7,125.0
2026-08-28T16:00,9.4,25.0,1.0,2.7,128.0
2026-08-28T17:00,7.1,20.7,1.5,1.8,135.0
2026-08-28T18:00,7.2,19.0,3.2,2.2,146.0
2026-08-28T19:00,8.3,17.8,5.7,2.8,160.0
2026-08-28T20:00,9.0,17.3,7.8,3.4,171.0
2026-08-28T21:00,9.2,16.8,9.3,4.0,175.0
2026-08-28T22:00,9.6,16.7,10.4,4.6,175.0
2026-08-28T23:00,10.1,17.0,11.2,5.2,172.0
2026-08-29T00:00,10.3,17.3,11.4,6.0,163.0
2026-08-29T01:00,10.0,17.0,11.2,6.9,149.0
2026-08-29T02:00,9.5,16.3,11.4,7.5,139.0
2026-08-29T03:00,9.1,15.5,12.6,7.7,130.0
2026-08-29T04:00,9.0,15.1,14.3,7.5,125.0
2026-08-29T05:00,9.5,16.4,15.6,8.3,133.0
2026-08-29T06:00,10.0,15.7,15.5,7.7,170.0
2026-08-29T07:00,11.3,15.0,15.1,6.9,221.0
2026-08-29T08:00,13.4,16.6,14.0,6.6,251.0
2026-08-29T09:00,11.8,19.5,11.4,7.7,243.0
2026-08-29T10:00,11.6,19.0,8.0,9.3,215.0
2026-08-29T11:00,10.7,16.8,5.1,9.9,187.0
2026-08-29T12:00,10.2,16.5,3.3,8.5,162.0
2026-08-29T13:00,8.6,15.7,2.2,6.0,135.0
2026-08-29T14:00,6.7,13.7,1.4,4.0,118.0
2026-08-29T15:00,5.6,12.2,1.0,3.0,114.0
2026-08-29T16:00,4.9,11.1,1.0,2.3,119.0
2026-08-29T17:00,5.5,9.3,1.6,2.0,126.0
2026-08-29T18:00,5.8,8.7,3.7,2.4,137.0
2026-08-29T19:00,7.6,9.9,6.6,3.1,151.0
2026-08-29T20:00,9.2,11.2,8.9,3.6,160.0
2026-08-29T21:00,9.8,11.7,9.9,4.0,160.0
2026-08-29T22:00,10.2,12.0,10.3,4.4,154.0
2026-08-29T23:00,10.5,12.2,11.1,4.6,149.0
2026-08-30T00:00,10.9,12.4,12.9,4.7,146.0
2026-08-30T01:00,11.2,12.5,15.1,4.7,143.0
2026-08-30T02:00,11.4,12.5,17.2,4.6,142.0
2026-08-30T03:00,11.3,12.1,19.4,4.3,144.0
2026-08-30T04:00,10.8,11.4,21.5,3.9,148.0
2026-08-30T05:00,10.1,10.5,21.5,4.1,157.0
2026-08-30T06:00,9.9,10.2,19.6,4.3,176.0
2026-08-30T07:00,10.8,11.1,16.8,4.5,200.0
2026-08-30T08:00,12.3,12.7,13.9,5.1,210.0
2026-08-30T09:00,10.6,11.8,10.9,6.4,194.0
2026-08-30T10:00,10.9,12.4,7.7,8.0,166.0
2026-08-30T11:00,11.8,13.5,5.2,9.0,143.0
2026-08-30T12:00,12.6,14.7,3.7,8.8,135.0
2026-08-30T13:00,12.8,15.8,3.0,7.9,134.0
2026-08-30T14:00,12.3,16.9,2.4,6.8,133.0
2026-08-30T15:00,11.2,17.8,1.5,5.5,127.0
2026-08-30T16:00,9.9,17.5,0.8,4.0,122.0
2026-08-30T17:00,8.6,15.4,1.9,3.2,124.0
2026-08-30T18:00,11.4,16.8,7.3,4.1,143.0
2026-08-30T19:00,18.0,23.5,14.9,5.3,170.0
2026-08-30T20:00,23.3,28.6,21.1,6.1,187.0
2026-08-30T21:00,26.3,31.1,24.7,6.3,182.0
2026-08-30T22:00,27.5,31.5,26.9,6.0,167.0
2026-08-30T23:00,27.0,30.4,28.0,5.7,155.0
2026-08-31T00:00,25.7,28.6,27.8,5.3,153.0
2026-08-31T01:00,23.9,26.6,26.5,4.7,155.0
2026-08-31T02:00,22.2,24.6,25.3,4.2,159.0
2026-08-31T03:00,20.4,22.6,25.0,3.8,162.0
2026-08-31T04:00,18.7,20.7,24.8,3.4,167.0
2026-08-31T05:00,16.5,18.3,22.7,3.1,177.0
2026-08-31T06:00,15.4,17.3,20.7,3.2,200.0
2026-08-31T07:00,15.8,17.5,17.8,3.4,228.0
2026-08-31T08:00,18.0,19.6,14.6,3.7,240.0
2026-08-31T09:00,15.3,19.3,10.9,4.3,222.0
2026-08-31T10:00,13.2,17.9,6.8,5.0,189.0
2026-08-31T11:00,13.0,17.9,3.7,5.3,160.0
2026-08-31T12:00,12.8,18.1,2.2,4.8,143.0
2026-08-31T13:00,11.8,18.0,1.7,4.0,131.0
2026-08-31T14:00,9.9,16.8,1.4,3.2,123.0
2026-08-31T15:00,7.2,12.8,1.1,2.6,120.0
2026-08-31T16:00,4.8,8.5,1.1,2.1,122.0
2026-08-31T17:00,2.4,4.6,1.6,1.7,125.0
2026-08-31T18:00,2.3,4.2,3.1,2.0,128.0
2026-08-31T19:00,3.9,5.3,5.2,2.5,133.0
2026-08-31T20:00,4.8,6.0,7.0,3.1,137.0
2026-08-31T21:00,5.1,6.2,7.9,3.8,140.0
2026-08-31T22:00,5.4,6.2,8.5,4.7,142.0
2026-08-31T23:00,5.7,6.2,9.4,5.5,145.0
2026-09-01T00:00,6.0,6.4,10.9,6.3,148.0
2026-09-01T01:00,6.3,6.7,12.6,7.0,150.0
2026-09-01T02:00,6.6,7.0,14.5,7.5,153.0
2026-09-01T03:00,6.9,7.3,16.9,7.6,157.0
2026-09-01T04:00,7.3,7.8,19.3,7.5,160.0
2026-09-01T05:00,7.5,7.8,21.2,8.0,164.0
2026-09-01T06:00,8.7,9.2,19.3,8.0,168.0
2026-09-01T07:00,11.4,12.0,16.5,8.0,173.0
2026-09-01T08:00,9.3,9.6,13.9,8.3,173.0
2026-09-01T09:00,7.4,7.6,11.7,9.5,166.0
2026-09-01T10:00,7.1,7.2,9.5,11.0,155.0
2026-09-01T11:00,7.4,7.7,7.6,11.8,147.0
2026-09-01T12:00,8.2,8.5,5.9,11.3,147.0
2026-09-01T13:00,8.8,9.3,4.3,10.0,149.0
2026-09-01T14:00,8.9,9.5,3.2,8.7,149.0
2026-09-01T15:00,8.2,8.8,2.3,7.3,140.0
2026-09-01T16:00,7.3,8.0,1.8,5.8,129.0
2026-09-01T17:00,0.3,0.3,2.1,4.0,124.0
2026-09-01T18:00,1.3,1.3,4.8,4.2,132.0
2026-09-01T19:00,4.7,4.7,8.5,4.5,146.0
2026-09-01T20:00,6.2,6.3,11.5,4.8,158.0
2026-09-01T21:00,5.8,5.9,12.6,5.3,164.0
2026-09-01T22:00,5.8,5.8,13.0,5.9,168.0
2026-09-01T23:00,6.7,6.8,13.8,6.3,173.0
2026-09-02T00:00,7.9,8.0,15.8,6.5,185.0
2026-09-02T01:00,9.1,9.1,18.3,6.5,198.0
2026-09-02T02:00,9.9,10.0,20.6,6.4,204.0
2026-09-02T03:00,10.5,10.6,23.1,6.0,195.0
2026-09-02T04:00,10.7,10.9,25.4,5.4,177.0
2026-09-02T05:00,11.3,11.4,27.2,5.2,167.0
2026-09-02T06:00,11.4,11.5,24.2,5.2,172.0
2026-09-02T07:00,12.7,12.8,20.1,5.2,184.0
2026-09-02T08:00,11.7,11.8,16.0,5.6,189.0
2026-09-02T09:00,7.2,7.3,12.4,6.7,179.0
2026-09-02T10:00,6.1,6.2,8.8,8.1,163.0
2026-09-02T11:00,5.4,5.4,6.1,8.9,149.0
2026-09-02T12:00,4.9,4.9,4.4,8.4,141.0
2026-09-02T13:00,4.5,4.6,3.5,7.3,136.0
2026-09-02T14:00,4.5,4.5,3.0,6.5,133.0
2026-09-02T15:00,4.7,4.8,2.5,6.3,129.0
2026-09-02T16:00,5.0,5.0,2.4,6.4,127.0
2026-09-02T17:00,2.1,2.1,3.2,5.6,130.0
2026-09-02T18:00,6.0,6.0,6.8,5.9,143.0
2026-09-02T19:00,9.3,9.3,11.9,6.3,162.0
2026-09-02T20:00,9.9,9.9,16.0,6.5,179.0
2026-09-02T21:00,10.2,10.2,18.0,6.5,189.0
2026-09-02T22:00,10.7,10.7,19.0,6.3,197.0
2026-09-02T23:00,11.6,11.7,19.9,6.1,207.0
2026-09-03T00:00,13.1,13.2,21.1,5.7,223.0
2026-09-03T01:00,13.7,13.9,22.3,5.3,240.0
2026-09-03T02:00,13.2,13.3,22.6,4.9,252.0
2026-09-03T03:00,11.7,11.8,21.9,4.7,255.0
2026-09-03T04:00,10.0,10.2,20.4,4.5,252.0
2026-09-03T05:00,7.5,7.7,19.4,4.2,247.0
2026-09-03T06:00,7.2,7.5,17.5,4.4,244.0
2026-09-03T07:00,7.9,8.3,14.7,4.6,239.0
2026-09-03T08:00,7.4,7.8,11.9,5.0,228.0
2026-09-03T09:00,3.8,3.9,9.0,5.6,203.0
2026-09-03T10:00,2.9,3.0,6.0,6.4,172.0
2026-09-03T11:00,3.2,3.2,3.7,6.8,148.0
2026-09-03T12:00,3.2,3.2,2.5,6.5,138.0
2026-09-03T13:00,3.2,3.4,2.1,5.8,134.0
2026-09-03T14:00,3.4,4.1,1.9,5.3,133.0
2026-09-03T15:00,3.7,4.9,1.5,5.0,131.0
2026-09-03T16:00,3.8,5.3,1.4,4.9,132.0
2026-09-03T17:00,3.4,5.7,2.3,4.7,136.0
2026-09-03T18:00,5.6,7.0,5.7,5.1,147.0
2026-09-03T19:00,9.5,10.7,10.3,5.5,161.0
2026-09-03T20:00,10.4,11.4,13.7,5.8,172.0
2026-09-03T21:00,9.3,9.9,14.5,5.7,178.0
2026-09-03T22:00,8.6,9.1,14.0,5.3,181.0
2026-09-03T23:00,9.2,9.6,13.9,5.0,181.0
2026-09-04T00:00,10.2,10.7,14.7,4.8,177.0
2026-09-04T01:00,10.4,10.9,15.8,4.5,171.0
2026-09-04T02:00,9.8,10.3,16.9,4.3,166.0
2026-09-04T03:00,9.6,10.1,18.1,4.1,165.0
2026-09-04T04:00,9.4,9.9,19.3,3.8,166.0
2026-09-04T05:00,6.3,6.7,14.5,3.9,167.0
2026-09-04T06:00,6.2,6.6,13.2,4.0,168.0
2026-09-04T07:00,6.7,7.0,11.3,4.1,169.0
2026-09-04T08:00,6.5,6.6,9.3,4.3,165.0
2026-09-04T09:00,4.7,4.8,7.0,4.5,153.0
2026-09-04T10:00,4.2,4.3,4.5,4.8,137.0
2026-09-04T11:00,4.2,4.6,2.6,4.9,126.0
2026-09-04T12:00,4.6,5.5,1.7,4.8,124.0
2026-09-04T13:00,5.0,6.9,1.5,4.5,128.0
2026-09-04T14:00,5.4,7.9,1.4,4.3,131.0
2026-09-04T15:00,5.6,8.6,1.2,4.3,131.0
2026-09-04T16:00,5.8,8.8,1.3,4.3,132.0
2026-09-04T17:00,10.3,21.9,1.9,3.2,137.0
2026-09-04T18:00,11.0,18.8,6.4,3.9,149.0
2026-09-04T19:00,16.4,24.4,12.7,4.9,164.0
2026-09-04T20:00,18.5,26.4,17.7,5.6,182.0
2026-09-04T21:00,18.2,25.8,20.0,5.8,202.0
2026-09-04T22:00,19.2,26.7,20.9,5.6,225.0
2026-09-04T23:00,20.5,27.5,21.5,5.3,243.0
2026-09-05T00:00,21.5,27.7,22.2,4.8,256.0
2026-09-05T01:00,22.2,27.2,22.7,4.1,265.0
2026-09-05T02:00,22.0,26.0,22.6,3.5,268.0
2026-09-05T03:00,21.3,25.0,21.9,3.1,258.0
2026-09-05T04:00,19.9,23.6,20.7,2.7,242.0
2026-09-05T05:00,18.7,25.3,17.1,2.4,236.0
2026-09-05T06:00,20.5,26.9,16.7,2.8,258.0
2026-09-05T07:00,23.0,28.1,16.0,3.3,292.0
2026-09-05T08:00,19.8,24.4,14.4,3.8,302.0
2026-09-05T09:00,15.3,25.1,10.9,4.4,266.0
2026-09-05T10:00,13.8,26.3,6.5,5.0,208.0
2026-09-05T11:00,12.9,24.2,3.1,5.3,162.0
2026-09-05T12:00,11.9,21.8,1.8,5.0,144.0
2026-09-05T13:00,11.4,20.7,1.5,4.3,138.0
2026-09-05T14:00,10.6,19.1,1.5,3.8,137.0
2026-09-05T15:00,9.9,17.6,0.9,3.6,136.0
2026-09-05T16:00,9.7,16.7,0.5,3.7,140.0
2026-09-05T17:00,7.4,10.9,2.3,4.3,148.0
2026-09-05T18:00,12.2,14.6,9.6,5.6,164.0
2026-09-05T19:00,20.4,23.0,19.8,7.4,186.0
2026-09-05T20:00,26.8,29.6,27.8,8.6,206.0
2026-09-05T21:00,30.3,32.8,31.8,8.8,223.0
2026-09-05T22:00,31.7,33.8,33.7,8.4,238.0
2026-09-05T23:00,31.8,33.2,34.2,7.7,247.0
2026-09-06T00:00,29.4,30.4,32.9,6.7,247.0
2026-09-06T01:00,26.4,27.3,30.1,5.4,242.0
2026-09-06T02:00,23.6,24.6,27.6,4.3,239.0
2026-09-06T03:00,21.2,22.2,26.4,3.6,241.0
2026-09-06T04:00,19.2,20.3,25.4,3.2,245.0
2026-09-06T05:00,18.4,19.6,25.9,3.0,249.0
2026-09-06T06:00,17.7,19.0,23.1,3.2,257.0
2026-09-06T07:00,18.9,20.2,19.2,3.6,264.0
2026-09-06T08:00,19.7,21.0,15.2,4.1,260.0
2026-09-06T09:00,15.3,18.9,11.1,5.1,233.0
2026-09-06T10:00,13.2,18.9,7.0,6.4,195.0
2026-09-06T11:00,12.5,18.3,3.9,7.0,164.0
2026-09-06T12:00,11.9,17.2,2.4,6.4,149.0
2026-09-06T13:00,10.9,15.7,1.8,5.2,142.0
2026-09-06T14:00,9.8,14.4,1.6,4.3,137.0
2026-09-06T15:00,9.0,13.4,1.0,3.9,133.0
2026-09-06T16:00,8.7,12.9,0.7,3.7,131.0
2026-09-06T17:00,5.6,6.7,2.1,4.2,133.0
2026-09-06T18:00,8.4,9.3,7.3,5.2,142.0
2026-09-06T19:00,14.9,15.8,14.4,6.5,154.0
2026-09-06T20:00,20.4,21.2,20.4,7.5,161.0
2026-09-06T21:00,23.6,24.4,24.0,8.0,158.0
2026-09-06T22:00,25.6,26.3,26.3,8.1,150.0
2026-09-06T23:00,26.1,26.8,27.6,7.8,143.0
2026-09-07T00:00,26.0,26.5,27.5,6.9,139.0
2026-09-07T01:00,24.4,24.9,26.3,5.6,137.0
2026-09-07T02:00,21.9,22.3,25.2,4.6,138.0
2026-09-07T03:00,19.6,19.8,24.7,4.1,141.0
2026-09-07T04:00,17.5,17.8,24.2,3.9,148.0
2026-09-07T05:00,16.9,17.2,22.7,4.0,163.0
2026-09-07T06:00,16.8,17.1,21.6,4.4,198.0
2026-09-07T07:00,19.0,19.3,20.0,4.9,242.0
2026-09-07T08:00,20.7,21.1,17.6,5.8,264.0
2026-09-07T09:00,16.7,17.4,13.8,7.4,245.0
2026-09-07T10:00,14.2,15.2,9.2,9.3,205.0
2026-09-07T11:00,14.1,15.1,5.6,10.2,172.0
2026-09-07T12:00,12.7,13.7,3.6,9.2,156.0
2026-09-07T13:00,10.2,11.4,2.6,7.3,146.0
2026-09-07T14:00,8.4,9.9,1.9,5.6,140.0
2026-09-07T15:00,7.2,8.9,0.9,4.6,134.0
2026-09-07T16:00,6.4,8.1,0.2,4.0,131.0
2026-09-07T17:00,9.5,13.1,2.0,3.6,138.0
2026-09-07T18:00,12.0,15.0,8.0,4.7,166.0
2026-09-07T19:00,18.6,21.7,16.3,6.3,204.0
2026-09-07T20:00,24.2,27.2,23.1,7.5,227.0
2026-09-07T21:00,27.7,30.6,27.1,8.0,218.0
2026-09-07T22:00,29.5,32.1,29.5,8.1,194.0
2026-09-07T23:00,29.2,31.5,30.6,7.8,178.0
2026-09-08T00:00,27.9,29.8,29.9,7.0,184.0
2026-09-08T01:00,26.1,27.5,27.8,5.8,199.0
2026-09-08T02:00,23.8,24.9,26.0,4.8,208.0
2026-09-08T03:00,21.5,22.5,25.3,4.2,202.0
2026-09-08T04:00,19.7,20.6,24.8,3.9,190.0
2026-09-08T05:00,20.3,21.4,24.5,3.4,186.0
2026-09-08T06:00,19.7,20.8,22.9,3.8,201.0
2026-09-08T07:00,21.1,22.2,20.5,4.3,223.0
2026-09-08T08:00,22.2,23.3,17.3,4.8,232.0
2026-09-08T09:00,17.6,20.3,12.7,5.4,215.0
2026-09-08T10:00,14.6,18.5,7.4,6.0,184.0
2026-09-08T11:00,13.4,17.3,3.4,6.3,159.0
2026-09-08T12:00,12.7,16.4,1.8,5.9,146.0
2026-09-08T13:00,11.8,15.5,1.6,5.1,138.0
2026-09-08T14:00,11.1,15.3,1.6,4.5,135.0
2026-09-08T15:00,10.7,15.8,1.0,4.1,136.0
2026-09-08T16:00,10.5,15.7,0.6,3.8,142.0
2026-09-08T17:00,8.9,12.7,2.0,3.4,150.0
2026-09-08T18:00,11.2,14.0,6.2,4.2,159.0
2026-09-08T19:00,15.9,18.6,12.1,5.4,169.0
2026-09-08T20:00,18.6,21.3,17.4,6.4,182.0
2026-09-08T21:00,21.3,24.1,21.5,7.2,197.0
2026-09-08T22:00,24.0,26.7,24.9,7.8,213.0
2026-09-08T23:00,25.7,28.3,27.2,7.9,231.0
2026-09-09T00:00,26.4,28.7,27.9,7.1,256.0
2026-09-09T01:00,26.4,28.2,27.5,5.9,282.0
2026-09-09T02:00,24.8,26.2,26.9,4.8,290.0
2026-09-09T03:00,23.1,24.0,26.7,4.1,260.0
2026-09-09T04:00,21.4,22.2,26.5,3.6,212.0
2026-09-09T05:00,20.7,21.5,25.5,3.6,190.0
2026-09-09T06:00,20.1,21.0,23.8,3.9,228.0
2026-09-09T07:00,21.8,22.5,21.4,4.4,292.0
2026-09-09T08:00,23.4,24.2,18.2,5.0,323.0
2026-09-09T09:00,20.7,22.3,13.7,6.0,286.0
2026-09-09T10:00,15.5,17.9,8.6,7.2,216.0
2026-09-09T11:00,13.8,16.1,4.6,7.8,162.0
2026-09-09T12:00,12.4,14.5,2.8,7.2,143.0
2026-09-09T13:00,11.1,13.2,2.2,6.0,139.0
2026-09-09T14:00,9.6,12.6,2.0,5.0,137.0
2026-09-09T15:00,8.8,12.5,1.1,4.3,128.0
2026-09-09T16:00,8.1,11.8,0.6,3.9,121.0
2026-09-09T17:00,10.4,15.2,2.5,3.6,130.0
2026-09-09T18:00,14.5,18.3,9.2,4.7,172.0
2026-09-09T19:00,21.6,25.3,18.4,6.2,230.0
2026-09-09T20:00,26.5,29.9,25.5,7.4,262.0
2026-09-09T21:00,28.9,31.9,28.5,7.9,241.0
2026-09-09T22:00,29.0,31.9,29.4,8.1,195.0
2026-09-09T23:00,27.2,29.6,29.2,7.9,163.0
2026-09-10T00:00,25.0,27.0,27.6,7.3,165.0
2026-09-10T01:00,23.1,24.6,24.8,6.5,182.0
2026-09-10T02:00,21.1,22.1,22.7,5.7,195.0
2026-09-10T03:00,19.0,19.8,22.2,5.1,191.0
2026-09-10T04:00,17.6,18.3,22.3,4.7,184.0
2026-09-10T05:00,15.9,16.5,21.2,4.9,193.0
2026-09-10T06:00,16.1,16.7,20.5,5.0,244.0
2026-09-10T07:00,18.4,19.0,19.4,5.1,312.0
2026-09-10T08:00,21.1,21.8,17.4,5.7,344.0
2026-09-10T09:00,20.2,21.4,13.6,7.2,304.0
2026-09-10T10:00,17.2,20.3,8.8,9.1,227.0
2026-09-10T11:00,16.2,18.9,5.1,10.1,167.0
2026-09-10T12:00,15.0,17.2,3.3,9.4,145.0
2026-09-10T13:00,13.4,15.5,2.5,7.9,140.0
2026-09-10T14:00,11.5,15.0,2.2,6.6,139.0
2026-09-10T15:00,10.7,15.6,1.4,5.8,136.0
2026-09-10T16:00,10.5,16.8,1.0,5.2,136.0
2026-09-10T17:00,2.5,8.0,2.7,4.0,143.0
2026-09-10T18:00,8.1,13.0,9.4,5.1,162.0
2026-09-10T19:00,16.1,21.0,18.8,6.7,187.0
2026-09-10T20:00,21.5,26.0,26.2,7.9,204.0
2026-09-10T21:00,23.9,28.1,29.9,8.4,203.0
2026-09-10T22:00,24.4,28.5,31.6,8.5,195.0
2026-09-10T23:00,24.1,27.8,32.2,8.1,192.0
2026-09-11T00:00,23.0,26.2,31.6,7.1,202.0
2026-09-11T01:00,21.3,23.9,29.8,5.6,219.0
2026-09-11T02:00,19.3,21.5,28.1,4.4,233.0
2026-09-11T03:00,17.2,19.0,27.0,3.7,243.0
2026-09-11T04:00,15.3,16.7,25.9,3.4,251.0
2026-09-11T05:00,11.9,13.0,23.0,3.6,258.0
2026-09-11T06:00,11.8,13.2,21.8,3.8,270.0
2026-09-11T07:00,13.8,15.0,20.0,4.1,282.0
2026-09-11T08:00,16.8,18.0,17.5,4.8,279.0
2026-09-11T09:00,16.2,18.3,13.6,6.2,250.0
2026-09-11T10:00,10.8,15.0,9.0,7.9,207.0
2026-09-11T11:00,9.4,14.2,5.4,8.9,173.0
2026-09-11T12:00,9.2,15.3,3.6,8.5,157.0
2026-09-11T13:00,9.8,18.0,2.7,7.3,150.0
2026-09-11T14:00,11.2,23.6,2.2,6.2,144.0
2026-09-11T15:00,12.5,28.1,1.6,5.2,131.0
2026-09-11T16:00,12.9,29.1,1.3,4.2,119.0
2026-09-11T17:00,13.3,30.2,2.2,3.1,129.0
2026-09-11T18:00,13.7,25.3,5.2,3.6,186.0
2026-09-11T19:00,17.6,28.5,9.2,4.3,264.0
2026-09-11T20:00,17.5,26.8,11.8,4.8,305.0
2026-09-11T21:00,16.1,22.6,11.5,4.8,273.0
2026-09-11T22:00,15.5,20.5,9.8,4.7,205.0
2026-09-11T23:00,15.8,20.4,8.8,4.5,151.0
2026-09-12T00:00,16.3,21.1,9.3,4.5,133.0
2026-09-12T01:00,16.8,22.2,10.5,4.5,130.0
2026-09-12T02:00,17.8,23.7,12.1,4.4,131.0
2026-09-12T03:00,18.9,25.1,14.5,4.2,134.0
2026-09-12T04:00,19.6,26.0,17.3,3.9,141.0
2026-09-12T05:00,20.6,25.9,18.7,4.3,152.0
2026-09-12T06:00,21.4,26.6,18.1,4.8,172.0
2026-09-12T07:00,24.6,29.7,17.1,5.4,196.0
2026-09-12T08:00,22.4,26.9,15.3,5.9,207.0
2026-09-12T09:00,16.8,22.2,11.9,6.1,193.0
2026-09-12T10:00,14.6,21.0,7.6,6.1,165.0
2026-09-12T11:00,12.7,19.4,4.3,5.8,142.0
2026-09-12T12:00,11.0,17.9,2.6,5.0,130.0
2026-09-12T13:00,9.6,16.3,1.9,3.9,122.0
2026-09-12T14:00,8.3,14.4,1.5,3.1,118.0
2026-09-12T15:00,7.2,12.9,1.2,2.7,118.0
2026-09-12T16:00,6.4,11.9,1.3,2.5,121.0
2026-09-12T17:00,3.3,5.8,1.9,2.4,125.0
2026-09-12T18:00,4.3,6.8,3.6,2.6,132.0
2026-09-12T19:00,7.3,10.0,5.9,2.9,139.0
2026-09-12T20:00,7.9,13.0,7.6,3.2,144.0
2026-09-12T21:00,8.9,19.1,7.9,3.4,142.0
2026-09-12T22:00,10.5,25.1,7.4,3.5,136.0
2026-09-12T23:00,11.8,28.0,7.3,3.8,134.0
2026-09-13T00:00,12.4,28.7,7.8,4.4,139.0
2026-09-13T01:00,12.6,28.3,8.5,5.2,147.0
2026-09-13T02:00,12.5,27.2,9.5,6.0,154.0
2026-09-13T03:00,12.3,25.7,11.0,6.7,154.0
2026-09-13T04:00,12.2,24.5,12.6,7.4,152.0
2026-09-13T05:00,12.4,24.6,14.0,8.2,157.0
2026-09-13T06:00,13.1,24.1,14.1,7.9,180.0
2026-09-13T07:00,15.6,25.4,14.2,7.5,210.0
2026-09-13T08:00,17.2,26.1,13.6,7.7,227.0
2026-09-13T09:00,14.8,30.5,11.7,9.1,220.0
2026-09-13T10:00,15.4,35.9,9.1,11.0,201.0
2026-09-13T11:00,16.1,38.6,6.7,11.8,181.0
2026-09-13T12:00,15.8,38.0,4.9,10.7,164.0
2026-09-13T13:00,14.6,34.8,3.4,8.5,147.0
2026-09-13T14:00,13.2,31.3,2.3,6.6,134.0
2026-09-13T15:00,11.9,28.5,1.6,5.4,127.0
2026-09-13T16:00,10.7,25.8,1.3,4.5,124.0
2026-09-13T17:00,7.5,16.2,1.9,3.1,124.0
2026-09-13T18:00,7.3,13.5,4.0,3.4,129.0
2026-09-13T19:00,9.5,14.9,6.9,3.8,137.0
2026-09-13T20:00,9.8,14.4,9.1,4.1,142.0
2026-09-13T21:00,8.9,12.6,9.9,4.2,140.0
2026-09-13T22:00,8.5,11.7,10.0,4.3,136.0
2026-09-13T23:00,9.2,12.3,10.6,4.3,133.0
2026-09-14T00:00,10.7,13.9,12.3,4.2,133.0
2026-09-14T01:00,12.3,15.4,14.4,4.1,136.0
2026-09-14T02:00,13.3,16.2,16.4,4.0,142.0
2026-09-14T03:00,13.7,16.4,18.3,3.8,153.0
2026-09-14T04:00,13.7,16.4,19.9,3.5,168.0
2026-09-14T05:00,14.7,18.0,20.2,3.9,183.0
2026-09-14T06:00,15.0,18.8,18.8,4.1,200.0
2026-09-14T07:00,17.2,21.2,16.7,4.4,216.0
2026-09-14T08:00,17.1,20.8,14.2,4.7,222.0
2026-09-14T09:00,12.8,18.8,11.0,5.1,208.0
2026-09-14T10:00,10.6,15.8,7.4,5.6,183.0
2026-09-14T11:00,9.5,14.2,4.7,6.0,162.0
2026-09-14T12:00,8.9,13.2,3.4,6.3,149.0
2026-09-14T13:00,8.4,12.3,2.9,6.5,140.0
2026-09-14T14:00,8.2,11.7,2.7,6.5,134.0
2026-09-14T15:00,7.4,10.5,1.7,6.0,129.0
2026-09-14T16:00,6.4,9.3,0.9,5.2,128.0
2026-09-14T17:00,8.2,15.4,2.5,4.4,134.0
2026-09-14T18:00,10.3,15.9,7.8,5.3,157.0
2026-09-14T19:00,16.6,22.1,15.1,6.6,188.0
2026-09-14T20:00,20.1,25.3,20.9,7.6,207.0
2026-09-14T21:00,21.5,26.3,23.6,8.1,201.0
2026-09-14T22:00,22.1,26.5,24.7,8.2,184.0
2026-09-14T23:00,22.5,26.5,25.2,8.0,178.0
2026-09-15T00:00,23.0,26.7,25.4,7.1,201.0
2026-09-15T01:00,22.6,25.5,25.0,5.8,236.0
2026-09-15T02:00,21.2,23.2,24.4,4.7,253.0
2026-09-15T03:00,19.4,21.0,23.8,4.0,228.0
2026-09-15T04:00,17.9,19.3,23.1,3.5,185.0
2026-09-15T05:00,17.7,18.9,22.0,3.5,162.0
2026-09-15T06:00,17.2,18.5,20.6,3.9,187.0
2026-09-15T07:00,19.0,20.4,18.4,4.5,232.0
2026-09-15T08:00,20.8,22.6,15.8,5.2,256.0
2026-09-15T09:00,16.5,21.5,12.3,5.9,236.0
2026-09-15T10:00,14.4,19.6,8.3,6.7,195.0
2026-09-15T11:00,13.1,17.2,5.2,7.4,164.0
2026-09-15T12:00,12.5,16.1,3.8,8.0,156.0
2026-09-15T13:00,12.6,15.9,3.3,8.5,157.0
2026-09-15T14:00,12.5,16.1,3.1,8.6,157.0
2026-09-15T15:00,12.0,15.5,2.3,8.1,152.0
2026-09-15T16:00,11.1,14.5,1.7,7.2,146.0
2026-09-15T17:00,7.0,9.3,2.6,6.0,145.0
2026-09-15T18:00,8.4,10.2,5.5,6.5,155.0
2026-09-15T19:00,11.2,12.8,9.5,7.1,170.0
2026-09-15T20:00,10.8,12.0,12.7,7.8,181.0
2026-09-15T21:00,9.7,10.5,14.4,8.5,180.0
2026-09-15T22:00,10.0,10.7,15.3,9.2,175.0
2026-09-15T23:00,11.1,11.8,16.1,9.4,177.0
2026-09-16T00:00,12.7,13.2,17.2,8.6,196.0
2026-09-16T01:00,13.7,14.1,18.2,7.3,223.0
2026-09-16T02:00,14.0,14.4,18.8,6.2,235.0
2026-09-16T03:00,13.8,14.2,19.0,5.4,218.0
2026-09-16T04:00,13.3,13.7,18.8,4.7,186.0
2026-09-16T05:00,12.7,13.0,18.9,4.9,169.0
2026-09-16T06:00,12.6,13.0,17.9,5.1,183.0
2026-09-16T07:00,14.7,15.1,16.4,5.3,212.0
2026-09-16T08:00,16.9,17.4,14.4,5.8,227.0
2026-09-16T09:00,12.5,13.8,11.4,6.6,215.0
2026-09-16T10:00,10.6,11.6,7.9,7.6,190.0
2026-09-16T11:00,10.3,10.9,5.2,8.3,171.0
2026-09-16T12:00,10.6,11.0,3.8,8.7,168.0
2026-09-16T13:00,10.9,11.4,3.2,8.8,172.0
2026-09-16T14:00,11.0,11.7,2.8,8.5,171.0
2026-09-16T15:00,9.8,10.6,2.0,7.3,159.0
2026-09-16T16:00,7.4,8.2,1.4,5.6,143.0
2026-09-16T17:00,4.1,4.8,1.9,2.7,134.0
2026-09-16T18:00,3.9,4.2,3.6,3.2,136.0
2026-09-16T19:00,5.8,6.1,6.0,3.8,144.0
2026-09-16T20:00,6.4,6.7,8.8,4.5,157.0
2026-09-16T21:00,7.5,7.9,12.4,5.3,174.0
2026-09-16T22:00,10.6,11.0,16.4,6.2,195.0
2026-09-16T23:00,14.9,15.5,19.0,6.6,216.0
2026-09-17T00:00,16.4,17.2,19.2,6.3,241.0
2026-09-17T01:00,16.5,17.6,18.0,5.5,265.0
2026-09-17T02:00,16.7,17.9,17.0,4.8,270.0
2026-09-17T03:00,16.5,17.8,16.9,4.2,234.0
2026-09-17T04:00,15.9,17.2,17.0,3.7,178.0
2026-09-17T05:00,16.9,17.6,21.5,3.8,145.0
2026-09-17T06:00,16.6,17.5,20.1,4.1,164.0
2026-09-17T07:00,18.3,19.1,18.0,4.5,206.0
2026-09-17T08:00,18.7,19.7,15.3,4.9,231.0
2026-09-17T09:00,13.0,15.2,11.6,5.3,218.0
2026-09-17T10:00,10.3,12.0,7.3,5.6,187.0
2026-09-17T11:00,8.9,10.0,4.0,5.7,161.0
2026-09-17T12:00,6.9,7.6,2.5,5.2,145.0
2026-09-17T13:00,5.7,6.4,1.9,4.4,134.0
2026-09-17T14:00,5.0,5.9,1.7,3.8,127.0
2026-09-17T15:00,4.7,5.8,1.2,3.5,125.0
2026-09-17T16:00,4.7,5.9,0.9,3.3,127.0
2026-09-17T17:00,1.8,2.5,2.2,3.0,136.0
2026-09-17T18:00,5.3,5.9,7.0,3.8,151.0
2026-09-17T19:00,10.9,11.5,13.7,4.9,173.0
2026-09-17T20:00,12.8,13.4,18.4,5.7,207.0
2026-09-17T21:00,12.5,13.1,19.3,5.9,267.0
2026-09-17T22:00,12.0,12.5,18.3,5.7,339.0
2026-09-17T23:00,12.1,12.7,17.7,5.4,386.0
2026-09-18T00:00,12.7,13.3,18.3,5.0,389.0
2026-09-18T01:00,13.5,13.9,19.3,4.5,366.0
2026-09-18T02:00,14.1,14.5,20.1,4.1,337.0
2026-09-18T03:00,14.0,14.3,20.9,3.7,299.0
2026-09-18T04:00,13.2,13.5,21.6,3.3,255.0
2026-09-18T05:00,13.3,13.6,22.2,3.4,231.0
2026-09-18T06:00,12.7,13.0,21.2,3.8,249.0
2026-09-18T07:00,14.4,14.8,19.6,4.3,287.0
2026-09-18T08:00,16.6,16.9,17.1,4.6,302.0
2026-09-18T09:00,11.3,11.8,12.7,4.7,267.0
2026-09-18T10:00,5.0,5.5,7.3,4.7,209.0
2026-09-18T11:00,3.8,4.2,3.2,4.5,163.0
2026-09-18T12:00,3.6,4.2,1.6,4.0,143.0
2026-09-18T13:00,3.6,4.5,1.3,3.3,136.0
2026-09-18T14:00,3.7,4.9,1.4,2.8,133.0
2026-09-18T15:00,3.9,5.5,0.6,2.6,129.0
2026-09-18T16:00,4.2,6.0,0.2,2.6,130.0
2026-09-18T17:00,0.4,0.5,2.2,2.7,142.0
2026-09-18T18:00,4.8,4.9,9.2,4.0,173.0
2026-09-18T19:00,13.0,13.1,19.0,5.8,215.0
2026-09-18T20:00,18.7,18.8,27.0,7.2,252.0
2026-09-18T21:00,22.0,22.2,31.6,7.8,283.0
2026-09-18T22:00,24.1,24.3,34.3,7.9,309.0
2026-09-18T23:00,25.2,25.4,35.3,7.6,321.0
2026-09-19T00:00,24.9,25.0,34.1,6.7,313.0
2026-09-19T01:00,23.1,23.2,31.1,5.5,291.0
2026-09-19T02:00,20.3,20.4,28.3,4.5,264.0
2026-09-19T03:00,17.5,17.6,26.3,4.0,224.0
2026-09-19T04:00,15.0,15.1,24.4,3.7,180.0
2026-09-19T05:00,13.4,13.5,24.7,3.3,162.0
2026-09-19T06:00,12.4,12.5,22.7,3.6,201.0
2026-09-19T07:00,13.9,14.0,19.8,4.1,267.0
2026-09-19T08:00,15.4,15.6,16.4,4.5,302.0
2026-09-19T09:00,14.1,14.4,12.1,4.8,274.0
2026-09-19T10:00,6.3,7.3,7.2,4.9,215.0
2026-09-19T11:00,4.5,6.0,3.6,4.8,167.0
2026-09-19T12:00,3.3,5.1,2.0,4.2,147.0
2026-09-19T13:00,3.0,5.3,1.6,3.2,139.0
2026-09-19T14:00,2.9,5.6,1.5,2.6,135.0
2026-09-19T15:00,3.0,5.8,0.8,2.4,129.0
2026-09-19T16:00,3.0,5.8,0.4,2.4,127.0
2026-09-19T17:00,7.2,13.9,2.6,2.9,143.0
2026-09-19T18:00,12.9,18.7,9.8,4.2,193.0
2026-09-19T19:00,20.5,26.4,19.8,6.0,260.0
2026-09-19T20:00,25.3,31.0,26.9,7.2,313.0
2026-09-19T21:00,26.8,32.4,28.8,7.5,342.0
2026-09-19T22:00,26.0,31.2,27.8,7.3,355.0
2026-09-19T23:00,24.1,28.4,26.2,6.8,347.0
2026-09-20T00:00,22.1,25.7,24.2,6.0,304.0
2026-09-20T01:00,20.0,23.0,21.4,4.9,238.0
2026-09-20T02:00,17.8,20.4,19.1,4.0,186.0
2026-09-20T03:00,15.8,18.2,17.8,3.4,157.0
2026-09-20T04:00,13.9,16.2,16.9,3.0,141.0
2026-09-20T05:00,13.3,15.3,16.6,2.3,139.0
2026-09-20T06:00,12.3,14.1,16.0,2.6,162.0
2026-09-20T07:00,13.4,15.1,15.0,2.9,199.0
2026-09-20T08:00,14.9,16.4,13.2,3.2,221.0
2026-09-20T09:00,11.5,14.7,9.8,3.2,214.0
2026-09-20T10:00,9.3,13.9,5.6,3.2,193.0
2026-09-20T11:00,9.1,13.9,2.5,3.0,172.0
2026-09-20T12:00,8.0,12.9,1.3,2.7,154.0
2026-09-20T13:00,6.5,11.5,1.2,2.4,136.0
2026-09-20T14:00,5.4,10.4,1.2,2.2,123.0
2026-09-20T15:00,4.8,9.7,1.0,2.1,116.0
2026-09-20T16:00,4.4,9.6,0.9,2.1,113.0
2026-09-20T17:00,5.8,14.9,1.7,1.8,115.0
2026-09-20T18:00,6.4,13.3,4.2,2.4,123.0
2026-09-20T19:00,9.3,15.7,7.6,3.2,134.0
2026-09-20T20:00,9.8,15.4,10.3,3.8,143.0
2026-09-20T21:00,9.7,14.1,11.4,4.2,147.0
2026-09-20T22:00,9.7,13.1,11.8,4.4,147.0
2026-09-20T23:00,9.5,12.0,11.9,4.5,146.0
2026-09-21T00:00,9.4,11.6,11.9,4.4,141.0
2026-09-21T01:00,9.5,11.6,11.7,4.2,133.0
2026-09-21T02:00,9.8,12.1,11.8,3.9,128.0
2026-09-21T03:00,10.1,12.6,12.8,3.6,122.0
2026-09-21T04:00,10.4,13.0,14.0,3.2,119.0
2026-09-21T05:00,13.3,16.6,17.9,3.5,134.0
2026-09-21T06:00,13.3,16.8,17.4,3.9,191.0
2026-09-21T07:00,14.8,18.0,16.4,4.5,267.0
2026-09-21T08:00,15.7,17.9,14.7,4.9,305.0
2026-09-21T09:00,12.4,15.7,11.3,5.1,270.0
2026-09-21T10:00,6.5,10.9,7.1,5.2,197.0
2026-09-21T11:00,5.1,9.3,3.9,5.1,141.0
2026-09-21T12:00,4.7,8.6,2.5,4.7,123.0
2026-09-21T13:00,4.4,7.7,2.1,4.2,122.0
2026-09-21T14:00,4.4,6.9,2.0,3.9,124.0
2026-09-21T15:00,4.4,6.5,1.5,3.8,124.0
2026-09-21T16:00,4.6,6.3,1.3,3.9,126.0
2026-09-21T17:00,2.4,2.4,2.9,4.0,135.0
2026-09-21T18:00,8.6,8.6,10.4,5.5,152.0
2026-09-21T19:00,16.3,16.3,20.9,7.6,174.0
2026-09-21T20:00,21.0,21.0,28.8,9.1,199.0
2026-09-21T21:00,23.2,23.2,32.1,9.5,229.0
2026-09-21T22:00,24.3,24.3,32.9,9.4,261.0
2026-09-21T23:00,24.2,24.3,32.5,8.9,280.0
2026-09-22T00:00,23.2,23.3,30.7,7.9,281.0
2026-09-22T01:00,21.3,21.4,27.6,6.5,270.0
2026-09-22T02:00,18.8,18.9,24.9,5.4,251.0
2026-09-22T03:00,16.2,16.2,23.3,4.7,213.0
2026-09-22T04:00,13.9,14.0,22.0,4.1,168.0
2026-09-22T05:00,13.4,13.4,21.3,3.9,154.0
2026-09-22T06:00,12.6,12.7,20.4,4.3,209.0
2026-09-22T07:00,14.1,14.3,19.1,4.8,295.0
2026-09-22T08:00,16.1,16.3,16.9,5.3,345.0
2026-09-22T09:00,15.8,16.2,13.3,5.9,320.0
2026-09-22T10:00,7.8,8.8,8.8,6.4,259.0
2026-09-22T11:00,6.3,7.0,5.3,6.7,207.0
2026-09-22T12:00,5.7,6.2,3.4,6.3,181.0
2026-09-22T13:00,5.2,6.7,2.5,5.7,164.0
2026-09-22T14:00,5.3,8.3,2.0,5.2,152.0
2026-09-22T15:00,5.6,9.3,1.1,5.0,143.0
2026-09-22T16:00,5.9,9.3,0.6,5.0,140.0
2026-09-22T17:00,4.8,6.3,2.9,5.5,147.0
2026-09-22T18:00,10.4,11.5,9.8,6.8,174.0
2026-09-22T19:00,17.5,18.7,19.3,8.6,212.0
2026-09-22T20:00,22.1,23.2,27.1,10.0,233.0
2026-09-22T21:00,25.1,26.4,31.6,10.6,218.0
2026-09-22T22:00,27.1,28.3,34.4,10.8,187.0
2026-09-22T23:00,29.6,30.9,35.4,10.5,173.0
2026-09-23T00:00,30.7,32.0,34.0,9.4,197.0
2026-09-23T01:00,28.9,29.9,30.8,7.8,238.0
2026-09-23T02:00,25.4,26.1,27.7,6.4,266.0
2026-09-23T03:00,21.5,22.1,25.4,5.6,260.0
2026-09-23T04:00,18.6,19.2,23.2,5.0,241.0
2026-09-23T05:00,15.8,16.2,20.9,5.2,239.0
2026-09-23T06:00,13.8,14.7,21.2,5.6,282.0
2026-09-23T07:00,14.5,15.7,21.4,6.0,343.0
2026-09-23T08:00,16.9,18.5,19.9,6.3,367.0
2026-09-23T09:00,13.9,16.5,15.0,6.1,317.0
2026-09-23T10:00,6.6,9.9,8.4,5.7,231.0
2026-09-23T11:00,5.5,9.1,3.5,5.3,165.0
2026-09-23T12:00,5.7,9.5,1.8,5.0,143.0
2026-09-23T13:00,5.9,9.9,1.8,4.6,142.0
2026-09-23T14:00,6.0,10.1,2.1,4.5,143.0
2026-09-23T15:00,6.1,10.2,1.8,4.6,143.0
2026-09-23T16:00,6.2,9.9,1.9,4.9,146.0
2026-09-23T17:00,11.1,15.8,5.1,5.7,149.0
2026-09-23T18:00,15.1,19.0,9.1,6.5,152.0
2026-09-23T19:00,19.2,22.5,14.6,7.6,155.0
2026-09-23T20:00,19.3,22.1,19.4,8.5,158.0
2026-09-23T21:00,18.7,21.1,22.6,9.3,159.0
2026-09-23T22:00,20.1,22.4,25.0,10.0,160.0
2026-09-23T23:00,22.8,25.1,26.6,10.1,165.0
2026-09-24T00:00,24.7,27.2,27.1,9.4,180.0
2026-09-24T01:00,24.9,27.4,26.6,8.2,198.0
2026-09-24T02:00,23.9,26.1,25.9,7.1,205.0
2026-09-24T03:00,22.1,23.6,25.0,6.1,187.0
2026-09-24T04:00,20.3,21.6,23.9,5.1,156.0
2026-09-24T05:00,16.2,17.3,22.7,4.5,139.0
2026-09-24T06:00,16.2,18.2,20.8,4.8,150.0
2026-09-24T07:00,17.8,20.1,18.1,5.2,174.0
2026-09-24T08:00,15.4,16.8,15.0,5.7,189.0
2026-09-24T09:00,9.1,10.1,11.3,6.5,182.0
2026-09-24T10:00,6.1,6.8,7.2,7.3,166.0
2026-09-24T11:00,4.8,5.4,4.1,7.9,152.0
2026-09-24T12:00,4.4,5.1,2.7,8.0,143.0
2026-09-24T13:00,4.5,5.3,2.3,7.8,137.0
2026-09-24T14:00,5.0,6.0,2.2,7.6,132.0
2026-09-24T15:00,5.3,6.3,1.5,7.2,128.0
2026-09-24T16:00,5.5,6.5,1.1,6.8,127.0
2026-09-24T17:00,8.4,10.8,2.3,5.4,131.0
2026-09-24T18:00,12.0,13.8,7.3,6.2,144.0
2026-09-24T19:00,17.8,19.6,14.2,7.4,162.0
2026-09-24T20:00,19.8,21.7,19.8,8.2,180.0
2026-09-24T21:00,20.4,22.4,22.7,8.5,193.0
2026-09-24T22:00,21.6,23.7,24.4,8.4,205.0
2026-09-24T23:00,23.9,26.0,25.4,8.1,227.0
2026-09-25T00:00,26.0,27.9,26.1,7.3,275.0
2026-09-25T01:00,27.0,28.6,26.1,6.2,333.0
2026-09-25T02:00,26.5,27.8,25.9,5.2,361.0
2026-09-25T03:00,25.3,26.4,25.5,4.5,324.0
2026-09-25T04:00,24.0,25.1,24.8,4.0,256.0
2026-09-25T05:00,17.8,19.2,19.3,3.2,220.0
2026-09-25T06:00,18.2,19.6,17.8,3.7,258.0
2026-09-25T07:00,20.9,22.3,15.5,4.5,327.0
2026-09-25T08:00,23.2,24.3,13.0,5.1,359.0
2026-09-25T09:00,14.5,17.9,10.0,5.5,312.0
2026-09-25T10:00,12.0,16.8,6.7,5.8,227.0
2026-09-25T11:00,11.6,16.6,4.1,5.9,161.0
2026-09-25T12:00,11.4,16.3,2.8,5.6,138.0
2026-09-25T13:00,11.1,15.8,2.2,5.0,133.0
2026-09-25T14:00,10.8,15.1,1.9,4.6,133.0
2026-09-25T15:00,10.3,14.1,1.6,4.3,127.0
2026-09-25T16:00,9.9,13.4,1.6,4.2,125.0
2026-09-25T17:00,14.3,18.6,2.5,4.2,142.0
2026-09-25T18:00,18.3,21.7,4.6,4.4,194.0
2026-09-25T19:00,19.0,21.6,7.6,4.6,265.0
2026-09-25T20:00,16.6,18.6,9.6,4.6,324.0
2026-09-25T21:00,14.0,15.7,9.7,4.3,364.0
2026-09-25T22:00,12.1,13.7,8.8,3.7,394.0
2026-09-25T23:00,11.1,12.8,8.6,3.3,403.0
2026-09-26T00:00,11.0,13.1,9.7,3.1,386.0
2026-09-26T01:00,12.1,14.3,11.3,3.0,349.0
2026-09-26T02:00,13.9,16.0,13.0,2.9,306.0
2026-09-26T03:00,15.3,17.2,14.8,2.8,253.0
2026-09-26T04:00,16.1,18.0,16.6,2.6,194.0
2026-09-26T05:00,14.3,16.4,15.1,2.6,158.0
2026-09-26T06:00,14.1,16.5,14.5,3.0,167.0
2026-09-26T07:00,14.8,17.2,13.6,3.6,198.0
2026-09-26T08:00,13.1,14.9,11.9,3.9,214.0
2026-09-26T09:00,8.2,11.1,8.8,3.8,194.0
2026-09-26T10:00,5.8,8.7,5.0,3.6,159.0
2026-09-26T11:00,5.2,7.1,2.2,3.3,132.0
2026-09-26T12:00,4.6,6.0,1.1,3.0,123.0
2026-09-26T13:00,4.3,5.8,1.0,2.7,121.0
2026-09-26T14:00,4.7,6.0,1.1,2.5,122.0
2026-09-26T15:00,5.4,6.6,0.6,2.3,122.0
2026-09-26T16:00,6.5,7.5,0.3,2.2,125.0
2026-09-26T17:00,2.8,3.1,1.7,2.3,131.0
2026-09-26T18:00,4.6,4.8,5.3,3.1,145.0
2026-09-26T19:00,9.7,9.9,10.4,4.2,164.0
2026-09-26T20:00,10.9,11.0,14.1,5.1,176.0
2026-09-26T21:00,10.4,10.5,15.2,5.6,175.0
2026-09-26T22:00,10.4,10.5,15.0,5.9,167.0
2026-09-26T23:00,10.8,10.9,15.1,6.0,163.0
2026-09-27T00:00,12.2,12.3,16.4,5.9,168.0
2026-09-27T01:00,13.5,13.6,18.1,5.5,176.0
2026-09-27T02:00,14.5,14.7,19.1,5.2,179.0
2026-09-27T03:00,14.4,14.6,18.9,4.9,172.0
2026-09-27T04:00,13.5,13.7,18.1,4.7,159.0
2026-09-27T05:00,14.4,14.6,17.1,4.6,154.0
2026-09-27T06:00,15.3,15.4,17.4,4.9,164.0
2026-09-27T07:00,18.6,18.7,17.7,5.3,181.0
2026-09-27T08:00,20.5,20.7,16.6,5.5,188.0
2026-09-27T09:00,7.7,7.9,12.7,5.3,175.0
2026-09-27T10:00,8.0,8.3,7.3,4.9,153.0
2026-09-27T11:00,9.3,9.6,3.2,4.4,135.0
2026-09-27T12:00,9.2,9.6,1.6,3.8,126.0
2026-09-27T13:00,8.3,9.1,1.3,3.1,121.0
2026-09-27T14:00,7.6,8.6,1.2,2.6,118.0
2026-09-27T15:00,7.1,8.1,0.7,2.3,112.0
2026-09-27T16:00,6.6,7.4,0.6,2.2,109.0
2026-09-27T17:00,2.9,3.3,1.7,2.3,125.0
2026-09-27T18:00,4.6,4.9,6.8,3.5,180.0
2026-09-27T19:00,10.7,11.0,13.9,5.1,254.0
2026-09-27T20:00,15.2,15.5,20.1,6.4,298.0
2026-09-27T21:00,18.2,18.6,24.6,7.1,281.0
2026-09-27T22:00,21.6,22.0,28.2,7.6,234.0
2026-09-27T23:00,24.2,24.6,30.7,7.7,207.0
2026-09-28T00:00,25.6,26.0,31.6,7.4,229.0
2026-09-28T01:00,26.0,26.4,31.2,6.7,271.0
2026-09-28T02:00,25.8,26.3,30.7,6.1,292.0
2026-09-28T03:00,25.1,25.7,30.5,5.5,263.0
2026-09-28T04:00,24.3,24.7,30.1,4.9,214.0
2026-09-28T05:00,26.0,26.6,30.7,5.0,193.0
2026-09-28T06:00,25.5,26.3,28.6,5.3,238.0
2026-09-28T07:00,27.5,28.3,25.5,5.8,310.0
2026-09-28T08:00,29.8,30.4,21.9,6.6,344.0
2026-09-28T09:00,18.9,19.4,17.4,8.0,297.0
2026-09-28T10:00,11.7,12.2,12.4,9.7,212.0
2026-09-28T11:00,9.3,9.7,8.3,10.4,147.0
2026-09-28T12:00,7.9,8.2,5.8,9.4,128.0
2026-09-28T13:00,7.6,8.0,4.2,7.4,130.0
2026-09-28T14:00,7.7,8.3,3.3,5.9,134.0
2026-09-28T15:00,7.8,8.6,2.5,5.4,134.0
2026-09-28T16:00,7.9,8.9,2.3,5.3,136.0
2026-09-28T17:00,6.6,8.3,3.0,4.2,142.0
2026-09-28T18:00,8.9,10.0,6.4,4.7,155.0
2026-09-28T19:00,13.0,14.0,11.0,5.5,171.0
2026-09-28T20:00,13.3,14.0,14.6,6.1,183.0
2026-09-28T21:00,13.1,13.7,16.0,6.4,187.0
2026-09-28T22:00,13.5,14.0,16.4,6.6,187.0
2026-09-28T23:00,14.3,14.8,16.7,6.6,182.0
2026-09-29T00:00,15.0,15.5,17.1,6.5,169.0
2026-09-29T01:00,15.4,15.9,17.4,6.2,152.0
2026-09-29T02:00,15.6,16.1,17.7,5.9,139.0
2026-09-29T03:00,15.4,15.8,18.3,5.5,132.0
2026-09-29T04:00,15.0,15.4,19.0,5.1,129.0
2026-09-29T05:00,13.3,13.5,20.2,4.7,140.0
2026-09-29T06:00,13.8,14.1,18.7,4.9,180.0
2026-09-29T07:00,16.3,16.8,16.6,5.2,234.0
2026-09-29T08:00,17.6,18.1,14.3,5.9,264.0
2026-09-29T09:00,11.9,12.5,11.9,7.4,247.0
2026-09-29T10:00,10.6,11.0,9.4,9.3,207.0
2026-09-29T11:00,9.7,10.2,7.2,10.3,172.0
2026-09-29T12:00,9.2,10.0,5.6,9.8,153.0
2026-09-29T13:00,9.1,10.5,4.3,8.6,140.0
2026-09-29T14:00,9.1,11.2,3.5,7.4,132.0
2026-09-29T15:00,9.1,11.5,2.5,6.5,126.0
2026-09-29T16:00,8.8,11.1,2.0,5.7,125.0
2026-09-29T17:00,6.6,8.1,3.2,4.5,139.0
2026-09-29T18:00,10.2,11.4,8.9,5.9,178.0
2026-09-29T19:00,15.5,16.7,16.8,7.7,232.0
2026-09-29T20:00,19.2,20.4,23.5,9.3,277.0
2026-09-29T21:00,22.2,23.5,28.2,10.3,306.0
2026-09-29T22:00,26.4,27.6,31.8,11.1,326.0
2026-09-29T23:00,28.3,29.5,33.3,11.1,335.0
2026-09-30T00:00,28.3,29.3,31.7,10.1,332.0
2026-09-30T01:00,26.7,27.5,28.0,8.4,319.0
2026-09-30T02:00,24.4,25.1,24.9,6.9,300.0
2026-09-30T03:00,22.1,22.6,23.1,5.7,262.0
2026-09-30T04:00,19.8,20.3,21.8,4.8,217.0
2026-09-30T05:00,22.4,22.7,25.1,3.9,209.0
2026-09-30T06:00,21.1,21.5,23.4,4.4,282.0
2026-09-30T07:00,22.5,22.9,21.0,5.0,392.0
2026-09-30T08:00,23.3,23.7,18.7,6.0,449.0
2026-09-30T09:00,22.1,22.8,16.8,7.7,397.0
2026-09-30T10:00,16.1,17.2,15.0,9.6,292.0
2026-09-30T11:00,15.0,16.3,12.9,10.5,207.0
2026-09-30T12:00,11.3,13.6,9.8,9.4,168.0
2026-09-30T13:00,9.7,13.7,6.3,7.2,150.0
2026-09-30T14:00,9.0,15.1,4.1,5.6,147.0
2026-09-30T15:00,9.3,16.6,4.0,5.3,167.0
2026-09-30T16:00,9.8,17.4,5.2,5.6,202.0
2026-09-30T17:00,19.3,36.3,5.0,4.9,225.0
2026-09-30T18:00,25.1,40.9,8.9,5.4,219.0
2026-09-30T19:00,31.3,45.6,14.3,6.1,200.0
2026-09-30T20:00,27.7,39.6,19.0,6.7,188.0
2026-09-30T21:00,25.6,38.6,22.3,7.0,193.0
2026-09-30T22:00,28.1,40.7,24.8,7.2,205.0
2026-09-30T23:00,31.1,42.8,25.8,7.2,219.0
2026-10-01T00:00,32.8,44.8,24.4,7.0,235.0
2026-10-01T01:00,31.1,40.9,21.6,6.6,253.0
2026-10-01T02:00,26.4,34.2,19.0,6.2,260.0
2026-10-01T03:00,23.3,30.5,17.2,5.9,242.0
2026-10-01T04:00,21.2,27.8,15.6,5.6,213.0
2026-10-01T05:00,19.7,23.0,18.7,4.1,205.0
2026-10-01T06:00,19.0,21.9,17.6,4.5,248.0
2026-10-01T07:00,20.2,22.9,15.8,5.0,312.0
2026-10-01T08:00,18.5,21.9,13.5,5.2,340.0
2026-10-01T09:00,17.3,22.5,9.9,4.7,294.0
2026-10-01T10:00,15.4,27.4,5.7,3.9,212.0
2026-10-01T11:00,17.9,40.5,2.6,3.3,150.0
2026-10-01T12:00,19.6,46.4,1.4,3.0,134.0
2026-10-01T13:00,19.0,44.7,1.2,2.9,138.0
2026-10-01T14:00,17.6,40.3,1.4,2.9,142.0
2026-10-01T15:00,16.1,35.5,1.5,3.1,134.0
2026-10-01T16:00,16.6,36.4,2.0,3.5,125.0
2026-10-01T17:00,17.4,37.4,3.0,3.8,137.0
2026-10-01T18:00,19.0,34.9,5.0,4.1,193.0
2026-10-01T19:00,21.0,34.6,7.6,4.5,268.0
2026-10-01T20:00,20.3,32.2,9.6,4.7,310.0
2026-10-01T21:00,19.5,31.4,10.4,4.7,287.0
2026-10-01T22:00,19.4,31.4,10.5,4.6,230.0
2026-10-01T23:00,20.4,32.7,11.2,4.5,183.0
