vaqt,pm2_5_ug_m3,pm10_ug_m3,no2_ug_m3,so2_ug_m3,co_ug_m3
2025-10-02T00:00,13.2,16.4,9.9,9.4,201.0
2025-10-02T01:00,13.6,16.8,10.1,10.0,185.0
2025-10-02T02:00,13.7,16.7,10.2,10.3,173.0
2025-10-02T03:00,13.5,16.1,10.1,10.2,170.0
2025-10-02T04:00,13.0,15.1,9.8,9.9,170.0
2025-10-02T05:00,15.0,17.9,12.4,9.0,171.0
2025-10-02T06:00,15.2,18.0,11.1,9.1,171.0
2025-10-02T07:00,16.0,18.9,9.3,9.3,170.0
2025-10-02T08:00,13.2,16.4,7.6,9.0,169.0
2025-10-02T09:00,10.3,13.9,6.1,8.0,166.0
2025-10-02T10:00,8.4,11.6,4.7,6.5,163.0
2025-10-02T11:00,7.0,10.3,3.6,5.3,161.0
2025-10-02T12:00,6.9,10.2,2.7,4.5,162.0
2025-10-02T13:00,6.9,10.4,2.1,3.9,164.0
2025-10-02T14:00,6.9,10.7,1.7,3.4,166.0
2025-10-02T15:00,7.1,11.1,1.5,3.1,167.0
2025-10-02T16:00,7.1,11.2,1.6,3.0,168.0
2025-10-02T17:00,7.9,13.4,2.2,2.5,170.0
2025-10-02T18:00,8.3,11.9,3.3,2.6,176.0
2025-10-02T19:00,9.3,12.1,4.8,2.7,183.0
2025-10-02T20:00,10.6,13.3,6.1,2.8,188.0
2025-10-02T21:00,11.4,14.1,7.1,2.9,190.0
2025-10-02T22:00,11.8,14.7,7.9,2.9,190.0
2025-10-02T23:00,12.2,15.2,8.6,3.0,186.0
2025-10-03T00:00,12.4,15.5,9.0,3.1,175.0
2025-10-03T01:00,12.5,15.7,9.3,3.2,161.0
2025-10-03T02:00,12.7,16.0,9.4,3.2,153.0
2025-10-03T03:00,13.1,16.4,9.5,3.1,158.0
2025-10-03T04:00,13.7,17.1,9.4,2.9,170.0
2025-10-03T05:00,15.0,22.2,4.9,1.2,179.0
2025-10-03T06:00,15.3,23.7,4.7,1.3,182.0
2025-10-03T07:00,15.4,24.5,4.5,1.6,181.0
2025-10-03T08:00,15.2,24.2,4.1,1.8,180.0
2025-10-03T09:00,17.1,31.2,3.6,2.1,177.0
2025-10-03T10:00,16.2,29.6,3.0,2.4,173.0
2025-10-03T11:00,13.2,23.5,2.4,2.6,170.0
2025-10-03T12:00,10.9,19.8,1.9,2.4,171.0
2025-10-03T13:00,10.6,19.1,1.4,2.1,173.0
2025-10-03T14:00,10.4,18.2,1.1,1.9,174.0
2025-10-03T15:00,10.2,17.3,1.1,1.9,171.0
2025-10-03T16:00,10.1,16.6,1.2,2.0,166.0
2025-10-03T17:00,10.9,18.5,1.8,1.8,166.0
2025-10-03T18:00,11.6,17.5,3.2,2.1,175.0
2025-10-03T19:00,13.7,19.1,5.1,2.5,189.0
2025-10-03T20:00,15.7,21.2,6.6,2.8,195.0
2025-10-03T21:00,16.9,22.6,7.4,2.8,187.0
2025-10-03T22:00,17.4,23.2,7.8,2.7,171.0
2025-10-03T23:00,17.5,23.0,8.0,2.5,158.0
2025-10-04T00:00,17.8,22.8,8.2,2.0,151.0
2025-10-04T01:00,18.2,22.9,8.2,1.4,147.0
2025-10-04T02:00,19.0,23.6,8.0,0.9,147.0
2025-10-04T03:00,20.2,24.8,7.7,0.7,153.0
2025-10-04T04:00,21.8,27.0,7.3,0.7,163.0
2025-10-04T05:00,21.8,27.4,5.5,0.8,169.0
2025-10-04T06:00,24.1,30.5,4.7,0.9,169.0
2025-10-04T07:00,26.0,32.8,3.6,1.1,166.0
2025-10-04T08:00,25.8,33.8,2.6,1.3,163.0
2025-10-04T09:00,22.6,34.9,1.9,1.5,161.0
2025-10-04T10:00,19.3,32.5,1.4,1.6,159.0
2025-10-04T11:00,17.0,28.3,1.0,1.8,159.0
2025-10-04T12:00,15.4,25.2,0.9,1.9,161.0
2025-10-04T13:00,14.1,22.6,0.9,2.0,165.0
2025-10-04T14:00,13.0,20.0,1.0,2.2,169.0
2025-10-04T15:00,12.0,17.7,1.1,2.6,175.0
2025-10-04T16:00,11.0,15.5,1.2,3.0,181.0
2025-10-04T17:00,11.5,16.3,2.3,3.5,185.0
2025-10-04T18:00,12.9,16.6,3.6,4.1,184.0
2025-10-04T19:00,14.8,18.6,5.3,4.8,181.0
2025-10-04T20:00,16.9,21.2,6.8,5.5,178.0
2025-10-04T21:00,18.7,23.5,7.7,6.0,176.0
2025-10-04T22:00,20.8,25.8,8.2,6.4,175.0
2025-10-04T23:00,22.5,27.6,8.6,6.4,173.0
2025-10-05T00:00,23.7,28.6,8.9,5.8,170.0
2025-10-05T01:00,24.2,28.5,9.0,4.9,167.0
2025-10-05T02:00,24.0,27.8,8.8,4.2,166.0
2025-10-05T03:00,23.6,27.1,8.2,3.9,168.0
2025-10-05T04:00,23.4,26.8,7.4,3.8,172.0
2025-10-05T05:00,23.6,26.5,9.1,4.2,179.0
2025-10-05T06:00,23.4,26.4,8.4,4.1,193.0
2025-10-05T07:00,23.4,26.4,7.4,4.1,209.0
2025-10-05T08:00,22.6,25.4,6.2,4.3,220.0
2025-10-05T09:00,19.0,22.8,4.7,5.0,219.0
2025-10-05T10:00,14.6,17.9,3.0,6.1,213.0
2025-10-05T11:00,12.4,15.2,1.8,6.7,208.0
2025-10-05T12:00,11.6,14.1,1.3,6.7,209.0
2025-10-05T13:00,11.0,13.2,1.3,6.3,212.0
2025-10-05T14:00,10.5,12.5,1.4,5.9,211.0
2025-10-05T15:00,10.1,12.0,1.5,5.6,204.0
2025-10-05T16:00,9.8,11.7,1.8,5.4,194.0
2025-10-05T17:00,10.5,12.5,2.8,5.1,185.0
2025-10-05T18:00,11.5,13.0,3.4,5.0,179.0
2025-10-05T19:00,12.7,14.2,4.2,4.9,174.0
2025-10-05T20:00,13.7,15.4,4.7,4.8,172.0
2025-10-05T21:00,14.7,16.5,4.6,4.7,174.0
2025-10-05T22:00,15.5,17.6,4.2,4.5,178.0
2025-10-05T23:00,16.2,18.3,4.1,4.3,181.0
2025-10-06T00:00,16.9,18.9,4.4,4.0,183.0
2025-10-06T01:00,17.3,19.2,4.9,3.6,184.0
2025-10-06T02:00,17.5,19.2,5.5,3.3,185.0
2025-10-06T03:00,17.6,19.1,6.1,3.0,185.0
2025-10-06T04:00,17.7,19.1,6.8,2.8,186.0
2025-10-06T05:00,18.8,20.5,5.7,2.9,188.0
2025-10-06T06:00,19.0,20.5,5.4,2.9,193.0
2025-10-06T07:00,19.2,20.7,5.0,2.9,201.0
2025-10-06T08:00,18.1,19.3,4.4,3.0,208.0
2025-10-06T09:00,13.5,15.2,3.3,3.4,215.0
2025-10-06T10:00,11.5,13.0,1.9,4.0,221.0
2025-10-06T11:00,11.1,12.7,0.9,4.4,226.0
2025-10-06T12:00,11.1,12.9,0.6,4.3,229.0
2025-10-06T13:00,11.3,13.0,0.7,4.0,230.0
2025-10-06T14:00,11.3,13.0,1.0,3.8,228.0
2025-10-06T15:00,11.3,12.7,1.2,3.9,219.0
2025-10-06T16:00,11.3,12.5,1.5,4.1,206.0
2025-10-06T17:00,12.5,13.3,2.5,4.3,198.0
2025-10-06T18:00,12.0,12.7,4.0,4.4,202.0
2025-10-06T19:00,12.7,13.2,6.2,4.6,211.0
2025-10-06T20:00,13.8,14.3,7.9,4.7,215.0
2025-10-06T21:00,15.3,15.7,8.9,4.7,209.0
2025-10-06T22:00,16.9,17.3,9.6,4.6,199.0
2025-10-06T23:00,18.2,18.6,9.8,4.4,191.0
2025-10-07T00:00,18.4,18.8,9.5,3.9,185.0
2025-10-07T01:00,18.1,18.5,8.8,3.2,181.0
2025-10-07T02:00,17.6,17.9,8.2,2.7,183.0
2025-10-07T03:00,16.9,17.2,7.9,2.4,195.0
2025-10-07T04:00,16.2,16.5,7.6,2.1,213.0
2025-10-07T05:00,17.5,17.6,7.6,2.6,229.0
2025-10-07T06:00,17.3,17.5,7.2,2.6,243.0
2025-10-07T07:00,17.6,17.8,6.6,2.6,256.0
2025-10-07T08:00,16.4,16.6,5.7,2.8,259.0
2025-10-07T09:00,13.2,13.7,4.2,3.3,243.0
2025-10-07T10:00,12.2,13.1,2.5,3.9,219.0
2025-10-07T11:00,11.9,12.9,1.3,4.5,205.0
2025-10-07T12:00,12.1,13.1,1.0,4.9,216.0
2025-10-07T13:00,12.6,13.5,1.3,5.2,238.0
2025-10-07T14:00,12.8,13.6,1.7,5.5,252.0
2025-10-07T15:00,12.6,13.2,1.9,5.7,245.0
2025-10-07T16:00,11.9,12.3,2.3,5.9,229.0
2025-10-07T17:00,8.5,8.6,2.8,5.2,223.0
2025-10-07T18:00,8.4,8.5,4.1,5.0,242.0
2025-10-07T19:00,8.9,9.0,5.9,4.8,272.0
2025-10-07T20:00,9.8,9.9,7.4,4.7,287.0
2025-10-07T21:00,10.9,11.0,8.4,4.9,273.0
2025-10-07T22:00,12.1,12.2,9.1,5.1,245.0
2025-10-07T23:00,13.2,13.3,9.3,5.3,221.0
2025-10-08T00:00,14.1,14.2,8.9,5.2,207.0
2025-10-08T01:00,14.6,14.7,8.0,5.0,196.0
2025-10-08T02:00,14.8,15.0,7.2,4.8,189.0
2025-10-08T03:00,14.6,14.8,6.7,4.7,186.0
2025-10-08T04:00,14.2,14.3,6.3,4.6,187.0
2025-10-08T05:00,15.2,15.3,6.9,4.6,192.0
2025-10-08T06:00,14.5,14.6,6.6,4.4,204.0
2025-10-08T07:00,14.0,14.1,6.2,4.1,221.0
2025-10-08T08:00,12.5,12.6,5.5,3.8,230.0
2025-10-08T09:00,8.4,8.6,4.1,3.5,224.0
2025-10-08T10:00,7.2,7.6,2.4,3.2,210.0
2025-10-08T11:00,7.3,7.8,1.2,3.0,203.0
2025-10-08T12:00,7.9,8.6,0.8,3.0,213.0
2025-10-08T13:00,8.8,9.6,0.8,3.1,230.0
2025-10-08T14:00,9.5,10.3,1.0,3.2,237.0
2025-10-08T15:00,10.0,10.8,1.1,3.4,222.0
2025-10-08T16:00,10.2,11.0,1.3,3.7,198.0
2025-10-08T17:00,11.7,12.7,1.8,4.4,187.0
2025-10-08T18:00,12.6,13.4,3.5,4.4,204.0
2025-10-08T19:00,13.9,14.7,5.8,4.4,234.0
2025-10-08T20:00,15.8,16.7,7.4,4.4,250.0
2025-10-08T21:00,17.2,18.2,7.7,4.4,237.0
2025-10-08T22:00,17.9,19.0,7.4,4.3,209.0
2025-10-08T23:00,18.3,19.3,7.2,4.1,186.0
2025-10-09T00:00,18.2,19.0,7.6,3.5,173.0
2025-10-09T01:00,17.3,18.0,8.1,2.8,163.0
2025-10-09T02:00,16.2,16.7,8.5,2.2,158.0
2025-10-09T03:00,15.1,15.5,8.6,1.9,159.0
2025-10-09T04:00,14.1,14.6,8.6,1.7,165.0
2025-10-09T05:00,14.9,15.3,8.8,1.6,169.0
2025-10-09T06:00,13.9,14.3,8.4,1.7,169.0
2025-10-09T07:00,13.3,13.7,7.7,1.8,168.0
2025-10-09T08:00,11.9,12.3,6.7,2.2,165.0
2025-10-09T09:00,10.0,10.7,4.9,3.2,160.0
2025-10-09T10:00,9.8,10.7,2.6,4.5,154.0
2025-10-09T11:00,10.2,11.0,1.0,5.4,152.0
2025-10-09T12:00,10.5,11.4,0.4,5.6,157.0
2025-10-09T13:00,10.7,11.7,0.4,5.5,166.0
2025-10-09T14:00,10.7,11.7,0.6,5.4,172.0
2025-10-09T15:00,10.7,11.7,0.7,5.3,171.0
2025-10-09T16:00,10.6,11.6,1.0,5.2,167.0
2025-10-09T17:00,17.6,19.7,1.5,5.0,163.0
2025-10-09T18:00,18.6,20.3,2.9,5.1,162.0
2025-10-09T19:00,19.6,21.4,4.8,5.3,161.0
2025-10-09T20:00,21.2,23.1,6.3,5.3,159.0
2025-10-09T21:00,22.4,24.2,7.0,5.1,156.0
2025-10-09T22:00,22.8,24.7,7.3,4.8,153.0
2025-10-09T23:00,23.2,24.8,7.6,4.4,149.0
2025-10-10T00:00,22.5,23.7,8.1,3.7,144.0
2025-10-10T01:00,21.2,22.3,8.5,3.0,138.0
2025-10-10T02:00,20.1,21.1,8.7,2.4,137.0
2025-10-10T03:00,19.5,20.5,8.4,2.2,146.0
2025-10-10T04:00,19.2,20.3,7.9,2.2,159.0
2025-10-10T05:00,22.2,23.5,5.7,3.1,169.0
2025-10-10T06:00,22.2,23.5,5.4,3.4,171.0
2025-10-10T07:00,22.6,23.9,4.9,3.9,169.0
2025-10-10T08:00,22.4,23.6,4.2,4.3,167.0
2025-10-10T09:00,19.6,21.1,3.1,4.6,168.0
2025-10-10T10:00,17.3,18.9,1.7,4.9,169.0
2025-10-10T11:00,16.2,17.8,0.7,5.0,170.0
2025-10-10T12:00,15.4,17.0,0.4,5.0,170.0
2025-10-10T13:00,14.7,16.5,0.4,4.8,169.0
2025-10-10T14:00,14.2,16.0,0.6,4.7,169.0
2025-10-10T15:00,13.6,15.5,0.7,4.5,170.0
2025-10-10T16:00,13.2,15.1,0.9,4.4,172.0
2025-10-10T17:00,18.5,21.3,2.2,4.4,173.0
2025-10-10T18:00,19.4,21.9,4.3,4.7,172.0
2025-10-10T19:00,21.2,23.9,7.1,5.1,170.0
2025-10-10T20:00,23.1,25.5,9.0,5.3,167.0
2025-10-10T21:00,23.4,25.5,9.3,5.0,161.0
2025-10-10T22:00,22.1,23.8,8.6,4.5,154.0
2025-10-10T23:00,20.4,21.8,7.7,4.1,149.0
2025-10-11T00:00,18.7,19.9,6.5,4.0,145.0
2025-10-11T01:00,17.2,18.3,5.0,4.1,143.0
2025-10-11T02:00,15.9,16.9,3.8,4.1,144.0
2025-10-11T03:00,15.4,16.4,3.2,4.1,152.0
2025-10-11T04:00,15.1,16.2,2.9,4.0,164.0
2025-10-11T05:00,14.0,15.1,2.7,4.1,172.0
2025-10-11T06:00,13.9,15.0,2.7,4.1,171.0
2025-10-11T07:00,13.9,15.1,2.6,4.0,166.0
2025-10-11T08:00,13.8,14.9,2.4,4.2,161.0
2025-10-11T09:00,14.1,15.4,1.9,4.9,156.0
2025-10-11T10:00,14.7,16.8,1.3,5.7,150.0
2025-10-11T11:00,14.8,17.2,0.8,6.2,147.0
2025-10-11T12:00,14.6,16.8,0.6,5.9,147.0
2025-10-11T13:00,14.3,16.2,0.4,5.1,149.0
2025-10-11T14:00,13.8,15.4,0.5,4.4,151.0
2025-10-11T15:00,12.8,14.2,0.6,3.9,154.0
2025-10-11T16:00,12.1,13.2,0.9,3.4,157.0
2025-10-11T17:00,7.2,7.9,1.6,2.4,158.0
2025-10-11T18:00,8.6,9.1,2.8,2.6,155.0
2025-10-11T19:00,9.7,10.2,4.5,3.0,149.0
2025-10-11T20:00,10.5,11.1,5.8,3.1,143.0
2025-10-11T21:00,10.7,11.3,6.3,2.9,134.0
2025-10-11T22:00,10.5,11.0,6.4,2.6,125.0
2025-10-11T23:00,9.6,10.0,6.4,2.2,119.0
2025-10-12T00:00,8.7,9.0,6.3,1.9,120.0
2025-10-12T01:00,7.8,8.1,6.0,1.6,125.0
2025-10-12T02:00,7.0,7.3,5.6,1.4,131.0
2025-10-12T03:00,6.2,6.4,5.0,1.3,140.0
2025-10-12T04:00,5.5,5.8,4.2,1.4,150.0
2025-10-12T05:00,6.2,6.5,3.5,1.8,157.0
2025-10-12T06:00,5.7,6.0,3.5,1.9,158.0
2025-10-12T07:00,5.6,5.9,3.5,2.0,155.0
2025-10-12T08:00,6.2,6.4,3.3,2.3,150.0
2025-10-12T09:00,8.0,8.3,2.8,2.8,142.0
2025-10-12T10:00,10.9,11.5,2.1,3.5,133.0
2025-10-12T11:00,11.3,12.0,1.6,3.9,127.0
2025-10-12T12:00,10.9,11.7,1.2,3.7,126.0
2025-10-12T13:00,10.2,11.6,0.9,3.3,127.0
2025-10-12T14:00,9.8,11.9,0.9,3.0,132.0
2025-10-12T15:00,9.6,12.2,1.2,3.1,142.0
2025-10-12T16:00,9.8,13.0,1.8,3.2,155.0
2025-10-12T17:00,13.7,18.8,3.1,2.7,165.0
2025-10-12T18:00,14.2,20.2,4.0,2.7,171.0
2025-10-12T19:00,14.1,21.0,5.3,2.7,174.0
2025-10-12T20:00,13.6,21.7,6.2,2.7,174.0
2025-10-12T21:00,13.2,23.1,6.3,2.7,171.0
2025-10-12T22:00,13.0,25.9,5.9,2.7,166.0
2025-10-12T23:00,12.7,29.9,5.5,2.6,160.0
2025-10-13T00:00,12.7,32.9,5.0,2.5,150.0
2025-10-13T01:00,13.2,34.8,4.5,2.3,140.0
2025-10-13T02:00,13.7,35.4,4.1,2.1,134.0
2025-10-13T03:00,14.1,34.9,3.9,2.0,138.0
2025-10-13T04:00,14.4,35.2,3.8,1.9,147.0
2025-10-13T05:00,16.4,36.6,5.3,2.9,155.0
2025-10-13T06:00,16.9,37.7,5.4,2.9,162.0
2025-10-13T07:00,17.7,38.5,5.5,3.0,168.0
2025-10-13T08:00,17.8,36.7,5.3,3.1,170.0
2025-10-13T09:00,15.5,34.1,4.4,3.3,165.0
2025-10-13T10:00,15.7,34.6,3.1,3.5,156.0
2025-10-13T11:00,14.6,32.8,2.1,3.6,149.0
2025-10-13T12:00,13.9,31.0,1.7,3.5,145.0
2025-10-13T13:00,13.3,29.4,1.6,3.4,144.0
2025-10-13T14:00,12.7,28.2,1.6,3.3,144.0
2025-10-13T15:00,11.9,26.3,1.7,3.2,147.0
2025-10-13T16:00,10.9,23.1,2.0,3.2,153.0
2025-10-13T17:00,6.5,12.3,2.8,3.3,158.0
2025-10-13T18:00,5.9,9.3,3.9,3.5,163.0
2025-10-13T19:00,5.4,7.8,5.4,3.8,169.0
2025-10-13T20:00,5.2,7.1,6.6,4.1,172.0
2025-10-13T21:00,5.5,7.0,7.3,4.4,171.0
2025-10-13T22:00,5.8,7.4,7.8,4.7,167.0
2025-10-13T23:00,6.0,7.4,7.9,4.8,164.0
2025-10-14T00:00,5.7,7.3,7.6,4.5,161.0
2025-10-14T01:00,5.6,7.6,7.1,4.0,159.0
2025-10-14T02:00,5.8,8.4,6.6,3.6,159.0
2025-10-14T03:00,6.0,9.3,6.4,3.3,163.0
2025-10-14T04:00,6.3,10.2,6.3,3.0,168.0
2025-10-14T05:00,7.7,12.1,6.4,2.1,173.0
2025-10-14T06:00,7.6,12.1,6.2,2.0,176.0
2025-10-14T07:00,7.8,12.4,5.8,1.8,179.0
2025-10-14T08:00,7.3,10.8,5.1,1.7,179.0
2025-10-14T09:00,6.7,11.2,3.8,1.9,177.0
2025-10-14T10:00,6.1,13.4,2.3,2.2,172.0
2025-10-14T11:00,6.5,13.7,1.2,2.5,168.0
2025-10-14T12:00,7.3,14.1,0.9,2.8,164.0
2025-10-14T13:00,7.9,14.1,1.1,3.2,161.0
2025-10-14T14:00,8.1,13.9,1.5,3.4,159.0
2025-10-14T15:00,8.0,13.6,1.9,3.4,159.0
2025-10-14T16:00,7.9,13.0,2.4,3.3,159.0
2025-10-14T17:00,7.4,10.3,3.9,2.9,160.0
2025-10-14T18:00,8.1,10.3,5.2,3.3,161.0
2025-10-14T19:00,8.7,10.7,6.9,3.9,162.0
2025-10-14T20:00,9.5,11.2,8.0,4.3,162.0
2025-10-14T21:00,9.7,11.2,7.7,4.4,157.0
2025-10-14T22:00,10.1,11.5,6.7,4.4,151.0
2025-10-14T23:00,10.2,11.5,5.8,4.3,148.0
2025-10-15T00:00,10.3,11.6,5.4,4.2,152.0
2025-10-15T01:00,10.6,11.9,5.2,4.1,161.0
2025-10-15T02:00,10.8,12.3,5.1,3.9,169.0
2025-10-15T03:00,11.0,12.8,5.2,3.7,176.0
2025-10-15T04:00,11.2,13.3,5.5,3.5,183.0
2025-10-15T05:00,12.0,13.9,5.9,2.9,188.0
2025-10-15T06:00,11.8,13.8,5.8,2.8,190.0
2025-10-15T07:00,11.9,14.0,5.7,2.7,191.0
2025-10-15T08:00,11.0,12.8,5.2,2.8,190.0
2025-10-15T09:00,7.4,8.9,4.0,3.2,188.0
2025-10-15T10:00,5.4,7.9,2.4,3.8,185.0
2025-10-15T11:00,5.0,7.4,1.2,4.1,184.0
2025-10-15T12:00,4.7,6.7,0.7,3.8,187.0
2025-10-15T13:00,4.4,6.4,0.7,3.2,192.0
2025-10-15T14:00,4.0,5.8,0.9,2.8,200.0
2025-10-15T15:00,3.6,5.3,1.3,2.7,215.0
2025-10-15T16:00,3.7,5.3,2.1,2.7,233.0
2025-10-15T17:00,6.5,10.3,3.3,1.9,236.0
2025-10-15T18:00,8.2,11.6,5.0,2.2,210.0
2025-10-15T19:00,9.5,13.0,7.3,2.6,169.0
2025-10-15T20:00,10.0,13.6,8.8,2.7,138.0
2025-10-15T21:00,9.6,12.5,8.8,2.3,129.0
2025-10-15T22:00,8.1,10.4,8.1,1.7,131.0
2025-10-15T23:00,6.4,8.9,7.2,1.3,132.0
2025-10-16T00:00,5.4,8.0,6.2,1.2,128.0
2025-10-16T01:00,5.2,8.1,5.1,1.2,125.0
2025-10-16T02:00,6.2,9.4,4.2,1.3,124.0
2025-10-16T03:00,8.4,11.7,3.8,1.6,130.0
2025-10-16T04:00,11.3,14.6,3.6,1.9,138.0
2025-10-16T05:00,9.8,13.4,3.5,2.1,145.0
2025-10-16T06:00,12.6,16.7,3.4,2.5,147.0
2025-10-16T07:00,15.1,19.4,3.3,3.0,146.0
2025-10-16T08:00,16.4,20.4,3.0,3.4,148.0
2025-10-16T09:00,16.7,20.3,2.4,3.6,154.0
2025-10-16T10:00,17.5,24.7,1.7,3.7,161.0
2025-10-16T11:00,17.0,26.4,1.2,3.7,169.0
2025-10-16T12:00,16.6,27.8,0.9,3.4,176.0
2025-10-16T13:00,16.2,28.1,0.8,3.0,184.0
2025-10-16T14:00,15.9,27.7,0.9,2.6,193.0
2025-10-16T15:00,15.8,27.0,1.2,2.4,207.0
2025-10-16T16:00,15.7,26.0,1.7,2.3,222.0
2025-10-16T17:00,13.2,21.0,3.2,2.4,228.0
2025-10-16T18:00,14.6,22.9,4.7,2.8,218.0
2025-10-16T19:00,15.8,25.1,6.8,3.5,200.0
2025-10-16T20:00,16.4,26.5,8.1,3.9,184.0
2025-10-16T21:00,17.2,27.8,7.8,4.0,176.0
2025-10-16T22:00,17.8,28.3,6.7,3.9,171.0
2025-10-16T23:00,18.3,28.9,5.7,3.8,168.0
2025-10-17T00:00,18.8,29.3,5.2,3.6,166.0
2025-10-17T01:00,19.1,29.0,4.8,3.2,166.0
2025-10-17T02:00,18.9,27.9,4.6,3.0,168.0
2025-10-17T03:00,18.6,27.3,4.5,2.9,171.0
2025-10-17T04:00,18.4,27.2,4.6,2.8,176.0
2025-10-17T05:00,19.8,27.7,5.6,3.0,183.0
2025-10-17T06:00,19.5,27.6,5.7,3.1,195.0
2025-10-17T07:00,19.3,27.2,5.8,3.2,210.0
2025-10-17T08:00,18.3,25.4,5.4,3.3,220.0
2025-10-17T09:00,14.1,21.9,4.1,3.5,223.0
2025-10-17T10:00,12.4,22.2,2.4,3.9,221.0
2025-10-17T11:00,11.9,21.0,1.1,4.1,219.0
2025-10-17T12:00,11.5,20.1,0.7,4.2,218.0
2025-10-17T13:00,11.2,19.6,0.8,4.3,216.0
2025-10-17T14:00,11.4,19.4,1.1,4.4,215.0
2025-10-17T15:00,11.5,19.3,1.5,4.5,216.0
2025-10-17T16:00,11.6,19.2,2.1,4.7,218.0
2025-10-17T17:00,15.5,26.1,3.5,4.3,216.0
2025-10-17T18:00,17.0,26.5,5.2,4.7,208.0
2025-10-17T19:00,20.0,30.5,7.6,5.3,196.0
2025-10-17T20:00,22.8,34.2,9.4,5.8,188.0
2025-10-17T21:00,25.2,37.4,10.2,6.2,187.0
2025-10-17T22:00,27.2,40.2,10.4,6.5,188.0
2025-10-17T23:00,28.9,42.5,10.3,6.7,188.0
2025-10-18T00:00,30.0,44.4,9.9,6.8,181.0
2025-10-18T01:00,31.0,45.5,9.1,6.7,173.0
2025-10-18T02:00,31.0,45.5,8.4,6.6,170.0
2025-10-18T03:00,30.3,44.5,7.8,6.4,178.0
2025-10-18T04:00,29.7,43.1,7.3,6.1,191.0
2025-10-18T05:00,26.2,36.0,5.8,4.5,203.0
2025-10-18T06:00,26.0,35.6,5.7,4.3,213.0
2025-10-18T07:00,25.7,34.2,5.6,4.1,222.0
2025-10-18T08:00,24.3,31.4,5.1,4.1,226.0
2025-10-18T09:00,20.0,28.6,4.0,4.4,221.0
2025-10-18T10:00,16.4,27.8,2.6,4.9,210.0
2025-10-18T11:00,15.5,28.2,1.6,5.2,202.0
2025-10-18T12:00,14.2,28.1,1.3,5.0,198.0
2025-10-18T13:00,13.4,27.6,1.5,4.5,196.0
2025-10-18T14:00,13.4,28.1,1.7,4.1,196.0
2025-10-18T15:00,13.2,28.1,1.9,3.7,198.0
2025-10-18T16:00,13.0,27.7,2.3,3.3,200.0
2025-10-18T17:00,12.5,24.3,3.3,3.3,203.0
2025-10-18T18:00,13.1,23.5,4.4,3.3,204.0
2025-10-18T19:00,14.0,24.5,6.0,3.2,205.0
2025-10-18T20:00,14.3,25.0,7.4,3.3,206.0
2025-10-18T21:00,14.2,24.5,8.3,3.6,210.0
2025-10-18T22:00,14.3,24.2,9.0,4.1,216.0
2025-10-18T23:00,14.6,24.3,9.4,4.5,216.0
2025-10-19T00:00,14.9,24.8,9.4,4.8,207.0
2025-10-19T01:00,15.1,25.1,9.0,5.0,192.0
2025-10-19T02:00,15.0,25.1,8.7,5.2,183.0
2025-10-19T03:00,14.7,24.4,8.5,5.4,182.0
2025-10-19T04:00,14.2,22.9,8.4,5.7,187.0
2025-10-19T05:00,16.2,24.5,9.0,5.0,195.0
2025-10-19T06:00,15.7,23.2,8.7,4.8,211.0
2025-10-19T07:00,15.9,22.8,8.1,4.6,230.0
2025-10-19T08:00,16.0,21.8,7.3,4.5,241.0
2025-10-19T09:00,12.6,18.6,5.9,4.5,233.0
2025-10-19T10:00,10.7,16.4,4.2,4.6,216.0
2025-10-19T11:00,9.5,14.4,2.9,4.6,210.0
2025-10-19T12:00,8.9,13.0,2.5,4.5,228.0
2025-10-19T13:00,8.8,12.3,2.5,4.3,257.0
2025-10-19T14:00,8.7,11.7,2.7,4.1,277.0
2025-10-19T15:00,8.7,11.1,3.0,3.9,275.0
2025-10-19T16:00,8.3,10.3,3.4,3.6,264.0
2025-10-19T17:00,3.3,3.8,5.4,4.0,259.0
2025-10-19T18:00,4.4,4.7,6.2,3.9,268.0
2025-10-19T19:00,5.3,5.6,7.4,3.7,282.0
2025-10-19T20:00,6.0,6.2,8.3,3.6,292.0
2025-10-19T21:00,6.6,6.8,8.9,3.6,295.0
2025-10-19T22:00,7.2,7.5,9.2,3.6,293.0
2025-10-19T23:00,7.8,8.2,9.4,3.5,287.0
2025-10-20T00:00,8.3,8.8,9.3,3.3,272.0
2025-10-20T01:00,8.7,9.3,9.0,3.0,251.0
2025-10-20T02:00,9.1,9.7,8.7,2.7,239.0
2025-10-20T03:00,9.4,10.1,8.5,2.5,243.0
2025-10-20T04:00,9.7,10.7,8.3,2.3,256.0
2025-10-20T05:00,10.7,12.5,8.8,1.8,261.0
2025-10-20T06:00,11.3,13.9,8.0,2.0,252.0
2025-10-20T07:00,12.0,14.9,7.0,2.2,236.0
2025-10-20T08:00,12.0,14.5,5.8,2.5,223.0
2025-10-20T09:00,10.0,13.0,4.5,2.9,214.0
2025-10-20T10:00,7.7,12.4,3.0,3.4,208.0
2025-10-20T11:00,7.5,12.3,2.1,3.8,206.0
2025-10-20T12:00,7.7,12.6,1.9,4.2,212.0
2025-10-20T13:00,8.5,13.6,2.1,4.5,223.0
2025-10-20T14:00,9.4,14.9,2.6,4.9,233.0
2025-10-20T15:00,10.0,15.8,3.3,5.3,239.0
2025-10-20T16:00,10.4,15.9,4.3,5.6,244.0
2025-10-20T17:00,10.0,14.6,6.0,5.6,247.0
2025-10-20T18:00,11.7,15.5,7.2,6.0,250.0
2025-10-20T19:00,14.0,17.6,8.8,6.6,252.0
2025-10-20T20:00,15.1,18.5,9.8,6.8,248.0
2025-10-20T21:00,15.5,18.7,9.6,6.4,234.0
2025-10-20T22:00,15.8,18.9,8.9,5.6,214.0
2025-10-20T23:00,16.1,18.9,8.2,4.9,199.0
2025-10-21T00:00,16.2,18.6,8.0,4.2,194.0
2025-10-21T01:00,16.0,18.3,7.9,3.5,193.0
2025-10-21T02:00,15.8,18.1,7.6,3.0,195.0
2025-10-21T03:00,15.7,18.2,7.0,2.9,199.0
2025-10-21T04:00,15.9,18.6,6.2,3.0,205.0
2025-10-21T05:00,17.1,19.9,7.0,3.6,210.0
2025-10-21T06:00,17.3,20.4,6.9,3.5,214.0
2025-10-21T07:00,17.7,20.8,6.8,3.5,216.0
2025-10-21T08:00,17.6,20.8,6.2,3.7,214.0
2025-10-21T09:00,15.4,19.0,4.7,4.3,203.0
2025-10-21T10:00,13.9,21.7,2.7,5.2,188.0
2025-10-21T11:00,13.3,22.2,1.2,5.9,178.0
2025-10-21T12:00,13.7,22.5,0.6,6.3,178.0
2025-10-21T13:00,13.8,21.9,0.6,6.5,184.0
2025-10-21T14:00,13.8,21.1,0.9,6.7,192.0
2025-10-21T15:00,13.7,20.4,1.4,6.9,203.0
2025-10-21T16:00,13.7,19.8,2.3,7.1,215.0
2025-10-21T17:00,16.1,21.7,5.8,8.1,221.0
2025-10-21T18:00,19.9,25.4,7.8,8.7,214.0
2025-10-21T19:00,23.7,29.3,10.5,9.6,200.0
2025-10-21T20:00,26.1,31.9,12.3,9.9,187.0
2025-10-21T21:00,27.8,33.6,12.5,9.4,176.0
2025-10-21T22:00,28.3,34.0,11.8,8.4,166.0
2025-10-21T23:00,27.8,32.6,11.0,7.4,159.0
2025-10-22T00:00,26.5,30.7,10.1,6.4,155.0
2025-10-22T01:00,25.0,29.0,9.1,5.3,155.0
2025-10-22T02:00,23.6,27.5,8.2,4.5,157.0
2025-10-22T03:00,22.4,26.3,7.5,4.1,164.0
2025-10-22T04:00,21.4,25.3,7.0,3.9,174.0
2025-10-22T05:00,20.3,24.2,5.8,4.0,183.0
2025-10-22T06:00,18.8,23.1,5.3,4.1,187.0
2025-10-22T07:00,17.6,21.8,4.6,4.2,189.0
2025-10-22T08:00,16.1,19.8,3.8,4.3,193.0
2025-10-22T09:00,14.1,17.3,2.9,4.3,201.0
2025-10-22T10:00,14.2,19.2,1.9,4.2,211.0
2025-10-22T11:00,13.5,19.4,1.1,4.0,220.0
2025-10-22T12:00,13.2,19.4,0.7,3.6,225.0
2025-10-22T13:00,12.5,18.6,0.6,3.2,229.0
2025-10-22T14:00,11.8,18.1,0.7,2.8,235.0
2025-10-22T15:00,11.1,17.5,1.0,2.5,249.0
2025-10-22T16:00,11.1,17.1,1.5,2.3,265.0
2025-10-22T17:00,14.1,21.7,3.2,2.1,271.0
2025-10-22T18:00,15.8,22.8,5.3,2.6,258.0
2025-10-22T19:00,17.2,24.3,8.1,3.2,235.0
2025-10-22T20:00,18.6,25.9,10.1,3.6,216.0
2025-10-22T21:00,19.3,26.5,10.4,3.6,206.0
2025-10-22T22:00,19.7,26.0,9.9,3.3,199.0
2025-10-22T23:00,19.2,24.1,9.2,3.0,193.0
2025-10-23T00:00,17.9,21.9,8.7,2.6,186.0
2025-10-23T01:00,16.5,20.1,8.1,2.1,180.0
2025-10-23T02:00,15.4,18.9,7.3,1.8,179.0
2025-10-23T03:00,14.8,18.0,6.2,1.7,188.0
2025-10-23T04:00,14.8,18.0,5.0,1.9,202.0
2025-10-23T05:00,13.8,17.4,5.2,1.8,211.0
2025-10-23T06:00,14.1,18.1,4.8,2.1,208.0
2025-10-23T07:00,15.0,18.9,4.3,2.4,200.0
2025-10-23T08:00,15.6,19.0,3.7,2.8,191.0
2025-10-23T09:00,15.7,18.9,2.9,3.3,180.0
2025-10-23T10:00,17.1,22.5,2.0,3.7,170.0
2025-10-23T11:00,16.2,22.9,1.3,4.0,171.0
2025-10-23T12:00,15.4,22.4,0.9,3.9,191.0
2025-10-23T13:00,14.9,21.7,0.7,3.6,222.0
2025-10-23T14:00,14.5,21.1,0.9,3.4,259.0
2025-10-23T15:00,14.6,20.8,1.4,3.2,311.0
2025-10-23T16:00,14.8,20.1,2.3,3.1,367.0
2025-10-23T17:00,9.1,10.2,3.7,2.9,392.0
2025-10-23T18:00,10.8,11.8,6.1,3.4,358.0
2025-10-23T19:00,12.0,13.0,9.3,4.2,291.0
2025-10-23T20:00,13.4,14.7,11.3,4.6,235.0
2025-10-23T21:00,15.1,16.6,11.1,4.4,206.0
2025-10-23T22:00,15.9,17.7,9.7,3.8,187.0
2025-10-23T23:00,16.0,18.0,8.2,3.4,174.0
2025-10-24T00:00,16.2,18.5,6.8,3.3,164.0
2025-10-24T01:00,16.5,19.0,5.2,3.3,159.0
2025-10-24T02:00,16.4,18.8,4.0,3.3,159.0
2025-10-24T03:00,15.9,18.0,3.4,3.3,168.0
2025-10-24T04:00,15.1,17.1,3.2,3.2,182.0
2025-10-24T05:00,16.4,18.8,3.5,3.3,190.0
2025-10-24T06:00,15.5,17.7,3.5,3.2,186.0
2025-10-24T07:00,14.4,16.3,3.6,3.1,177.0
2025-10-24T08:00,12.4,14.0,3.4,3.1,169.0
2025-10-24T09:00,10.9,12.3,2.8,3.2,163.0
2025-10-24T10:00,10.9,13.4,2.0,3.4,158.0
2025-10-24T11:00,10.9,14.4,1.4,3.4,158.0
2025-10-24T12:00,10.8,15.1,1.0,3.2,167.0
2025-10-24T13:00,10.7,15.8,0.7,2.9,181.0
2025-10-24T14:00,11.0,16.8,0.8,2.6,194.0
2025-10-24T15:00,11.1,17.1,1.3,2.4,209.0
2025-10-24T16:00,11.4,17.1,2.2,2.3,223.0
2025-10-24T17:00,8.5,12.0,3.5,2.3,226.0
2025-10-24T18:00,11.2,15.3,5.0,2.8,210.0
2025-10-24T19:00,12.8,17.1,7.1,3.4,183.0
2025-10-24T20:00,13.7,17.6,8.6,3.8,162.0
2025-10-24T21:00,13.8,16.8,9.0,3.8,154.0
2025-10-24T22:00,13.8,15.9,8.7,3.6,153.0
2025-10-24T23:00,13.4,15.1,8.2,3.4,153.0
2025-10-25T00:00,12.7,14.2,7.5,3.1,152.0
2025-10-25T01:00,11.9,13.4,6.5,2.8,152.0
2025-10-25T02:00,11.4,13.0,5.7,2.5,158.0
2025-10-25T03:00,11.1,12.7,5.1,2.3,174.0
2025-10-25T04:00,10.8,12.4,4.7,2.2,195.0
2025-10-25T05:00,11.4,14.3,5.2,1.8,208.0
2025-10-25T06:00,10.9,13.9,5.4,1.8,204.0
2025-10-25T07:00,10.7,13.8,5.6,1.8,192.0
2025-10-25T08:00,10.2,13.1,5.3,1.8,191.0
2025-10-25T09:00,9.1,11.8,4.0,1.8,211.0
2025-10-25T10:00,7.7,13.1,2.3,1.8,241.0
2025-10-25T11:00,7.3,13.0,1.0,1.8,268.0
2025-10-25T12:00,8.0,14.1,0.6,1.8,285.0
2025-10-25T13:00,9.0,15.3,0.7,1.9,298.0
2025-10-25T14:00,10.1,16.7,1.1,2.0,310.0
2025-10-25T15:00,11.2,18.2,1.9,2.2,320.0
2025-10-25T16:00,12.5,18.7,3.0,2.5,329.0
2025-10-25T17:00,11.9,16.4,4.8,2.7,338.0
2025-10-25T18:00,14.6,19.4,6.4,3.2,358.0
2025-10-25T19:00,16.6,21.8,8.7,3.8,378.0
2025-10-25T20:00,18.2,23.6,10.5,4.3,373.0
2025-10-25T21:00,19.2,24.8,11.4,4.5,320.0
2025-10-25T22:00,19.8,25.3,11.7,4.6,241.0
2025-10-25T23:00,19.7,24.6,11.8,4.5,181.0
2025-10-26T00:00,18.7,22.9,11.5,4.0,157.0
2025-10-26T01:00,17.8,21.5,10.9,3.2,151.0
2025-10-26T02:00,16.6,19.9,10.2,2.6,153.0
2025-10-26T03:00,15.7,18.4,9.6,2.2,162.0
2025-10-26T04:00,14.8,17.2,8.9,2.0,179.0
2025-10-26T05:00,18.5,22.1,8.5,2.8,197.0
2025-10-26T06:00,18.0,21.5,8.1,3.0,217.0
2025-10-26T07:00,17.9,21.2,7.6,3.2,237.0
2025-10-26T08:00,17.7,20.9,6.7,3.5,251.0
2025-10-26T09:00,16.2,19.4,5.1,3.7,250.0
2025-10-26T10:00,14.5,18.6,3.1,4.0,243.0
2025-10-26T11:00,13.4,18.0,1.8,4.2,240.0
2025-10-26T12:00,13.7,18.9,1.5,4.4,249.0
2025-10-26T13:00,14.3,20.0,1.8,4.5,262.0
2025-10-26T14:00,14.8,21.1,2.3,4.6,276.0
2025-10-26T15:00,15.1,21.3,3.0,4.7,290.0
2025-10-26T16:00,15.1,20.7,3.8,4.9,305.0
2025-10-26T17:00,19.6,25.8,8.0,5.7,309.0
2025-10-26T18:00,21.6,27.7,8.4,5.7,296.0
2025-10-26T19:00,22.3,28.2,8.8,5.7,273.0
2025-10-26T20:00,22.2,27.9,9.1,5.7,254.0
2025-10-26T21:00,23.1,29.1,8.9,5.9,244.0
2025-10-26T22:00,24.7,31.0,8.5,6.0,237.0
2025-10-26T23:00,26.4,32.6,8.3,5.9,229.0
2025-10-27T00:00,27.6,32.7,8.5,5.2,215.0
2025-10-27T01:00,27.9,32.2,9.0,4.2,199.0
2025-10-27T02:00,28.0,31.9,9.2,3.4,190.0
2025-10-27T03:00,27.9,31.5,9.1,2.9,195.0
2025-10-27T04:00,27.6,31.3,8.8,2.6,206.0
2025-10-27T05:00,25.9,29.9,9.0,3.2,214.0
2025-10-27T06:00,24.9,28.6,8.5,3.2,214.0
2025-10-27T07:00,23.8,27.4,7.8,3.2,210.0
2025-10-27T08:00,22.0,25.0,6.7,3.2,206.0
2025-10-27T09:00,16.6,20.3,5.0,3.4,199.0
2025-10-27T10:00,13.3,18.3,2.9,3.6,192.0
2025-10-27T11:00,13.1,18.6,1.4,3.6,197.0
2025-10-27T12:00,12.5,17.6,0.9,3.3,225.0
2025-10-27T13:00,11.9,16.6,0.9,2.8,265.0
2025-10-27T14:00,11.4,15.8,1.2,2.4,295.0
2025-10-27T15:00,10.9,15.0,1.5,2.2,307.0
2025-10-27T16:00,10.6,14.4,2.1,2.0,309.0
2025-10-27T17:00,10.7,15.1,3.7,1.9,307.0
2025-10-27T18:00,12.5,16.7,6.0,2.4,302.0
2025-10-27T19:00,13.8,18.0,9.1,3.1,293.0
2025-10-27T20:00,14.8,18.9,11.1,3.4,279.0
2025-10-27T21:00,15.3,19.0,10.9,3.1,256.0
2025-10-27T22:00,14.8,17.8,9.6,2.4,229.0
2025-10-27T23:00,13.5,15.7,8.1,1.8,208.0
2025-10-28T00:00,12.0,14.0,6.5,1.5,201.0
2025-10-28T01:00,11.0,13.1,4.7,1.4,201.0
2025-10-28T02:00,10.4,12.4,3.5,1.3,197.0
2025-10-28T03:00,9.9,11.8,3.2,1.3,183.0
2025-10-28T04:00,9.5,11.4,3.5,1.3,166.0
2025-10-28T05:00,10.8,15.2,5.6,1.3,153.0
2025-10-28T06:00,9.9,13.7,5.1,1.4,147.0
2025-10-28T07:00,9.0,12.5,4.4,1.5,146.0
2025-10-28T08:00,7.5,10.9,3.7,1.6,144.0
2025-10-28T09:00,6.8,10.1,2.9,1.7,138.0
2025-10-28T10:00,6.9,11.4,2.1,1.9,132.0
2025-10-28T11:00,7.6,12.8,1.6,2.0,133.0
2025-10-28T12:00,8.5,13.1,1.5,2.0,147.0
2025-10-28T13:00,11.4,18.6,1.8,2.1,167.0
2025-10-28T14:00,12.7,21.2,2.0,2.0,182.0
2025-10-28T15:00,13.0,22.6,2.2,1.9,188.0
2025-10-28T16:00,13.8,24.9,2.3,1.7,189.0
2025-10-28T17:00,14.0,23.1,5.5,2.9,185.0
2025-10-28T18:00,15.4,23.6,6.5,3.0,174.0
2025-10-28T19:00,17.0,25.8,7.9,3.2,158.0
2025-10-28T20:00,18.4,28.0,8.7,3.2,146.0
2025-10-28T21:00,18.6,27.4,8.5,3.0,143.0
2025-10-28T22:00,19.0,27.5,7.7,2.6,144.0
2025-10-28T23:00,20.0,29.5,6.8,2.2,145.0
2025-10-29T00:00,20.6,31.1,5.7,1.9,144.0
2025-10-29T01:00,20.0,29.2,4.5,1.7,143.0
2025-10-29T02:00,22.6,35.3,3.7,1.5,144.0
2025-10-29T03:00,24.4,37.1,3.4,1.3,149.0
2025-10-29T04:00,25.2,38.8,3.4,1.1,155.0
2025-10-29T05:00,25.5,42.3,4.7,1.4,159.0
2025-10-29T06:00,25.7,43.2,5.2,1.6,157.0
2025-10-29T07:00,26.4,43.8,5.7,1.9,153.0
2025-10-29T08:00,26.7,42.0,5.6,2.0,149.0
2025-10-29T09:00,22.5,35.4,4.2,1.8,145.0
2025-10-29T10:00,16.7,30.9,2.1,1.6,141.0
2025-10-29T11:00,14.6,29.1,0.6,1.3,140.0
2025-10-29T12:00,12.6,25.7,0.1,1.2,145.0
2025-10-29T13:00,11.0,22.0,0.2,1.0,153.0
2025-10-29T14:00,9.7,18.9,0.5,1.0,160.0
2025-10-29T15:00,8.9,16.6,0.9,1.0,166.0
2025-10-29T16:00,8.5,15.4,1.6,1.0,172.0
2025-10-29T17:00,10.5,15.7,3.0,1.3,174.0
2025-10-29T18:00,12.9,18.7,5.2,1.8,169.0
2025-10-29T19:00,15.0,21.1,8.2,2.4,160.0
2025-10-29T20:00,15.8,21.1,9.9,2.8,153.0
2025-10-29T21:00,15.0,18.9,9.2,2.6,150.0
2025-10-29T22:00,13.6,16.1,7.3,2.0,149.0
2025-10-29T23:00,12.3,14.1,5.5,1.6,149.0
2025-10-30T00:00,11.2,12.8,4.1,1.4,148.0
2025-10-30T01:00,10.5,12.2,2.9,1.3,147.0
2025-10-30T02:00,10.3,12.0,2.0,1.3,148.0
2025-10-30T03:00,10.1,12.0,1.7,1.3,153.0
2025-10-30T04:00,10.0,11.7,1.8,1.3,159.0
2025-10-30T05:00,8.5,10.3,1.6,1.2,165.0
2025-10-30T06:00,8.5,10.3,1.8,1.2,167.0
2025-10-30T07:00,8.6,10.6,2.0,1.2,168.0
2025-10-30T08:00,8.5,10.3,2.1,1.2,176.0
2025-10-30T09:00,8.2,9.8,1.9,1.3,193.0
2025-10-30T10:00,7.7,10.4,1.6,1.3,216.0
2025-10-30T11:00,7.2,10.2,1.3,1.4,245.0
2025-10-30T12:00,7.1,10.1,1.1,1.4,271.0
2025-10-30T13:00,7.3,10.3,0.9,1.5,302.0
2025-10-30T14:00,7.5,10.4,1.1,1.5,364.0
2025-10-30T15:00,7.5,10.3,1.7,1.6,512.0
2025-10-30T16:00,7.6,10.2,2.6,1.6,690.0
2025-10-30T17:00,7.7,9.7,2.9,1.5,758.0
2025-10-30T18:00,10.7,13.0,4.6,1.8,609.0
2025-10-30T19:00,12.6,14.8,7.0,2.1,350.0
2025-10-30T20:00,12.9,14.9,8.2,2.3,159.0
2025-10-30T21:00,11.3,13.1,7.2,2.1,120.0
2025-10-30T22:00,9.1,10.9,5.1,1.7,151.0
2025-10-30T23:00,7.6,9.3,3.4,1.3,179.0
2025-10-31T00:00,6.4,7.9,2.6,1.1,180.0
2025-10-31T01:00,5.7,6.9,2.1,0.9,180.0
2025-10-31T02:00,5.2,6.4,1.8,0.8,181.0
2025-10-31T03:00,5.0,6.1,1.7,0.7,189.0
2025-10-31T04:00,4.9,6.1,1.8,0.7,200.0
2025-10-31T05:00,3.9,5.1,1.6,0.7,201.0
2025-10-31T06:00,4.0,5.3,1.8,0.8,183.0
2025-10-31T07:00,4.3,5.7,2.0,0.9,156.0
2025-10-31T08:00,4.5,5.9,2.1,1.0,139.0
2025-10-31T09:00,4.7,5.7,1.8,1.1,146.0
2025-10-31T10:00,5.0,7.0,1.4,1.2,163.0
2025-10-31T11:00,5.4,8.0,1.1,1.3,172.0
2025-10-31T12:00,5.9,9.2,0.9,1.5,160.0
2025-10-31T13:00,6.8,10.7,0.8,1.7,141.0
2025-10-31T14:00,7.7,11.9,0.9,1.9,132.0
2025-10-31T15:00,8.8,13.4,1.3,2.3,148.0
2025-10-31T16:00,9.8,14.1,1.8,2.7,175.0
2025-10-31T17:00,12.3,17.3,2.9,3.3,192.0
2025-10-31T18:00,10.4,15.8,3.2,2.9,188.0
2025-10-31T19:00,9.0,14.4,3.6,2.4,174.0
2025-10-31T20:00,8.4,14.0,4.2,2.0,164.0
2025-10-31T21:00,8.4,14.2,5.2,2.0,163.0
2025-10-31T22:00,8.8,15.0,6.5,2.3,166.0
2025-10-31T23:00,9.5,15.5,7.4,2.4,166.0
2025-11-01T00:00,9.6,14.9,7.6,2.3,158.0
2025-11-01T01:00,9.1,13.4,7.4,2.1,148.0
2025-11-01T02:00,9.6,13.0,7.3,1.9,143.0
2025-11-01T03:00,12.5,15.2,7.3,1.5,149.0
2025-11-01T04:00,13.4,15.9,7.4,1.0,161.0
2025-11-01T05:00,11.0,15.0,6.2,1.8,170.0
2025-11-01T06:00,11.8,15.9,7.2,2.0,173.0
2025-11-01T07:00,13.0,17.3,8.5,2.3,174.0
2025-11-01T08:00,13.7,18.3,8.9,2.5,174.0
2025-11-01T09:00,10.9,16.1,7.6,2.6,174.0
2025-11-01T10:00,7.8,13.1,5.3,2.6,174.0
2025-11-01T11:00,6.4,12.3,3.6,2.6,174.0
2025-11-01T12:00,6.5,12.7,2.9,2.4,172.0
2025-11-01T13:00,6.8,13.1,2.6,2.2,171.0
2025-11-01T14:00,6.9,13.1,2.7,2.0,174.0
2025-11-01T15:00,7.0,12.8,3.1,1.9,188.0
2025-11-01T16:00,6.8,12.1,3.9,1.9,207.0
2025-11-01T17:00,10.6,18.9,4.6,1.6,220.0
2025-11-01T18:00,12.9,20.7,6.7,2.2,222.0
2025-11-01T19:00,14.5,22.2,9.5,3.0,218.0
2025-11-01T20:00,15.8,23.5,11.3,3.4,212.0
2025-11-01T21:00,16.8,23.6,11.4,3.2,203.0
2025-11-01T22:00,17.3,23.5,10.6,2.6,192.0
2025-11-01T23:00,17.4,23.3,9.4,2.1,181.0
2025-11-02T00:00,17.2,22.8,7.9,1.8,169.0
2025-11-02T01:00,16.8,22.1,6.0,1.5,158.0
2025-11-02T02:00,16.1,21.2,4.4,1.3,152.0
2025-11-02T03:00,15.4,20.5,3.4,1.2,157.0
2025-11-02T04:00,15.1,20.1,2.6,1.2,167.0
2025-11-02T05:00,12.8,17.7,1.9,1.2,174.0
2025-11-02T06:00,13.2,18.4,2.1,1.2,172.0
2025-11-02T07:00,14.3,19.7,2.4,1.3,167.0
2025-11-02T08:00,15.1,20.4,2.5,1.4,161.0
2025-11-02T09:00,14.3,18.4,2.1,1.6,154.0
2025-11-02T10:00,15.9,23.9,1.6,1.8,146.0
2025-11-02T11:00,17.0,26.9,1.1,2.0,142.0
2025-11-02T12:00,17.9,28.4,0.8,2.0,142.0
2025-11-02T13:00,18.6,29.2,0.7,2.0,147.0
2025-11-02T14:00,19.2,29.6,0.8,2.0,155.0
2025-11-02T15:00,19.1,29.3,1.2,2.0,174.0
2025-11-02T16:00,19.4,28.5,2.0,2.1,198.0
2025-11-02T17:00,22.2,30.5,4.0,2.2,208.0
2025-11-02T18:00,24.5,33.1,5.5,2.5,190.0
2025-11-02T19:00,27.0,35.9,7.5,2.9,158.0
2025-11-02T20:00,28.6,37.3,8.7,3.1,135.0
2025-11-02T21:00,28.7,36.2,8.5,2.8,132.0
2025-11-02T22:00,27.2,33.1,7.4,2.3,139.0
2025-11-02T23:00,24.8,30.9,6.3,2.0,144.0
2025-11-03T00:00,22.9,30.7,5.0,2.0,143.0
2025-11-03T01:00,22.1,31.9,3.7,2.2,141.0
2025-11-03T02:00,22.5,34.2,2.8,2.5,142.0
2025-11-03T03:00,23.6,37.8,2.8,3.0,145.0
2025-11-03T04:00,24.9,41.1,3.4,3.6,150.0
2025-11-03T05:00,25.1,42.1,3.8,4.4,163.0
2025-11-03T06:00,26.6,46.1,4.5,4.5,190.0
2025-11-03T07:00,27.9,48.8,5.4,4.7,225.0
2025-11-03T08:00,28.9,49.2,5.6,4.7,256.0
2025-11-03T09:00,28.2,46.1,4.4,4.5,281.0
2025-11-03T10:00,27.2,60.5,2.6,4.1,302.0
2025-11-03T11:00,25.5,58.0,1.2,3.7,318.0
2025-11-03T12:00,24.4,56.1,0.8,3.4,332.0
2025-11-03T13:00,23.7,53.3,0.8,3.2,341.0
2025-11-03T14:00,22.2,48.4,1.0,3.0,335.0
2025-11-03T15:00,20.0,42.0,1.4,2.9,303.0
2025-11-03T16:00,17.7,36.1,2.1,2.8,257.0
2025-11-03T17:00,13.3,23.3,3.0,2.4,219.0
2025-11-03T18:00,14.8,24.6,4.4,2.6,202.0
2025-11-03T19:00,15.3,24.3,6.3,2.9,193.0
2025-11-03T20:00,15.0,23.5,7.6,3.1,185.0
2025-11-03T21:00,15.1,23.7,8.0,3.3,173.0
2025-11-03T22:00,16.5,25.4,7.8,3.5,161.0
2025-11-03T23:00,15.7,24.0,7.2,3.4,152.0
2025-11-04T00:00,14.0,22.2,6.2,3.0,148.0
2025-11-04T01:00,10.6,18.8,4.8,2.4,148.0
2025-11-04T02:00,6.3,13.2,3.6,1.8,148.0
2025-11-04T03:00,4.1,9.5,2.8,1.3,150.0
2025-11-04T04:00,2.7,6.7,2.2,0.9,152.0
2025-11-04T05:00,3.5,9.3,2.2,0.8,154.0
2025-11-04T06:00,2.9,6.4,2.0,0.7,154.0
2025-11-04T07:00,2.3,5.0,1.7,0.5,152.0
2025-11-04T08:00,2.0,3.4,1.5,0.5,152.0
2025-11-04T09:00,2.0,2.9,1.4,0.7,153.0
2025-11-04T10:00,2.6,3.8,1.3,0.9,154.0
2025-11-04T11:00,2.6,3.8,1.2,1.1,158.0
2025-11-04T12:00,3.0,4.1,1.1,1.0,165.0
2025-11-04T13:00,3.0,3.7,1.0,0.8,174.0
2025-11-04T14:00,2.7,3.1,1.1,0.7,184.0
2025-11-04T15:00,2.9,3.2,1.3,0.7,196.0
2025-11-04T16:00,2.4,2.6,1.7,0.7,208.0
2025-11-04T17:00,3.3,4.3,2.4,0.7,213.0
2025-11-04T18:00,3.1,3.6,3.0,0.8,206.0
2025-11-04T19:00,3.4,3.7,3.8,1.0,193.0
2025-11-04T20:00,4.0,4.3,4.4,1.1,181.0
2025-11-04T21:00,4.1,4.5,4.8,1.1,173.0
2025-11-04T22:00,4.5,4.9,5.1,1.0,165.0
2025-11-04T23:00,5.1,5.6,5.1,1.0,161.0
2025-11-05T00:00,4.8,5.4,4.8,1.0,161.0
2025-11-05T01:00,4.9,5.6,4.3,1.0,163.0
2025-11-05T02:00,5.0,5.7,3.9,1.0,166.0
2025-11-05T03:00,4.9,5.5,3.6,1.0,170.0
2025-11-05T04:00,4.8,5.4,3.5,1.0,174.0
2025-11-05T05:00,5.0,5.7,4.1,1.0,177.0
2025-11-05T06:00,5.6,6.4,5.5,1.4,176.0
2025-11-05T07:00,7.0,7.8,7.4,1.9,174.0
2025-11-05T08:00,9.4,10.2,8.2,2.2,173.0
2025-11-05T09:00,9.1,9.9,6.8,2.1,175.0
2025-11-05T10:00,8.0,8.8,4.3,1.7,178.0
2025-11-05T11:00,8.0,8.6,2.4,1.5,183.0
2025-11-05T12:00,8.5,9.0,1.9,1.5,189.0
2025-11-05T13:00,9.1,9.5,2.0,1.6,196.0
2025-11-05T14:00,9.8,10.2,2.4,1.7,202.0
2025-11-05T15:00,10.4,10.7,3.0,1.8,207.0
2025-11-05T16:00,10.9,11.2,4.0,2.0,212.0
2025-11-05T17:00,12.7,13.1,4.6,2.1,215.0
2025-11-05T18:00,14.6,15.0,6.4,2.6,218.0
2025-11-05T19:00,15.9,16.3,8.8,3.2,220.0
2025-11-05T20:00,16.8,17.1,10.3,3.5,213.0
2025-11-05T21:00,17.6,17.9,10.3,3.1,190.0
2025-11-05T22:00,17.6,18.0,9.4,2.4,159.0
2025-11-05T23:00,16.0,16.4,8.1,1.7,137.0
2025-11-06T00:00,13.1,13.5,6.2,1.3,133.0
2025-11-06T01:00,10.0,10.4,3.9,1.0,138.0
2025-11-06T02:00,8.0,8.3,2.3,0.8,146.0
2025-11-06T03:00,7.1,7.4,1.8,0.8,156.0
2025-11-06T04:00,6.9,7.2,2.0,0.9,167.0
2025-11-06T05:00,5.2,5.6,2.2,1.1,175.0
2025-11-06T06:00,5.4,6.0,2.4,1.1,174.0
2025-11-06T07:00,6.2,6.8,2.7,1.1,169.0
2025-11-06T08:00,7.0,7.5,2.8,1.2,167.0
2025-11-06T09:00,7.7,8.2,2.6,1.3,170.0
2025-11-06T10:00,8.2,8.8,2.3,1.4,176.0
2025-11-06T11:00,8.6,9.2,2.2,1.5,187.0
2025-11-06T12:00,9.5,10.0,2.4,1.7,203.0
2025-11-06T13:00,10.2,10.7,2.7,2.0,225.0
2025-11-06T14:00,10.4,10.9,3.5,2.2,253.0
2025-11-06T15:00,10.7,11.2,5.0,2.4,298.0
2025-11-06T16:00,12.1,12.7,6.9,2.6,350.0
2025-11-06T17:00,17.4,18.2,11.8,3.2,381.0
2025-11-06T18:00,18.6,19.7,12.5,3.3,377.0
2025-11-06T19:00,19.0,20.0,13.4,3.3,351.0
2025-11-06T20:00,18.5,19.4,13.3,3.2,317.0
2025-11-06T21:00,17.1,17.7,11.2,2.6,272.0
2025-11-06T22:00,14.7,15.2,8.0,1.8,218.0
2025-11-06T23:00,12.4,12.7,5.5,1.2,177.0
2025-11-07T00:00,10.3,10.6,4.3,0.9,160.0
2025-11-07T01:00,8.8,9.0,3.8,0.9,157.0
2025-11-07T02:00,7.7,7.9,3.5,0.8,156.0
2025-11-07T03:00,7.2,7.4,3.2,0.7,153.0
2025-11-07T04:00,7.1,7.3,3.2,0.6,152.0
2025-11-07T05:00,5.5,5.7,3.3,0.6,156.0
2025-11-07T06:00,6.1,6.3,3.7,0.7,165.0
2025-11-07T07:00,6.7,7.0,4.2,0.8,178.0
2025-11-07T08:00,7.4,7.7,4.4,0.9,193.0
2025-11-07T09:00,7.7,8.1,4.0,1.0,208.0
2025-11-07T10:00,8.2,8.6,3.2,1.0,225.0
2025-11-07T11:00,9.0,9.7,2.9,1.3,247.0
2025-11-07T12:00,9.4,10.2,3.1,1.9,276.0
2025-11-07T13:00,10.4,11.4,3.7,2.7,311.0
2025-11-07T14:00,11.7,12.7,4.8,3.4,352.0
2025-11-07T15:00,12.7,13.7,6.9,3.9,414.0
2025-11-07T16:00,15.0,15.9,9.6,4.4,482.0
2025-11-07T17:00,14.8,15.9,17.7,5.1,512.0
2025-11-07T18:00,16.4,17.2,18.1,5.2,476.0
2025-11-07T19:00,17.2,18.0,18.5,5.4,402.0
2025-11-07T20:00,18.3,19.3,18.2,5.1,332.0
2025-11-07T21:00,19.1,20.1,16.5,4.0,278.0
2025-11-07T22:00,18.9,19.9,13.9,2.5,229.0
2025-11-07T23:00,18.0,19.2,11.5,1.3,190.0
2025-11-08T00:00,17.0,18.1,9.4,0.9,165.0
2025-11-08T01:00,15.9,17.2,7.4,0.8,150.0
2025-11-08T02:00,15.1,16.4,5.8,0.8,143.0
2025-11-08T03:00,14.6,15.9,4.9,0.8,145.0
2025-11-08T04:00,14.4,15.8,4.4,0.9,154.0
2025-11-08T05:00,11.3,12.9,3.8,1.2,160.0
2025-11-08T06:00,10.6,12.2,3.9,1.3,158.0
2025-11-08T07:00,10.4,12.0,3.9,1.6,153.0
2025-11-08T08:00,10.4,12.0,3.8,1.8,151.0
2025-11-08T09:00,10.0,11.3,3.3,2.1,154.0
2025-11-08T10:00,10.1,11.4,2.6,2.4,159.0
2025-11-08T11:00,9.7,11.3,2.1,2.7,169.0
2025-11-08T12:00,8.8,10.2,1.8,2.8,185.0
2025-11-08T13:00,8.3,9.6,1.7,2.9,205.0
2025-11-08T14:00,8.3,9.4,2.1,3.0,226.0
2025-11-08T15:00,8.6,9.6,3.5,3.2,253.0
2025-11-08T16:00,9.9,10.8,5.4,3.4,281.0
2025-11-08T17:00,22.0,24.0,14.0,3.5,288.0
2025-11-08T18:00,25.9,27.6,14.9,3.7,255.0
2025-11-08T19:00,28.2,29.9,16.1,3.9,201.0
2025-11-08T20:00,29.9,31.8,16.3,3.9,161.0
2025-11-08T21:00,30.5,32.4,14.8,3.4,150.0
2025-11-08T22:00,30.2,32.0,12.2,2.5,154.0
2025-11-08T23:00,29.3,31.1,9.9,1.9,158.0
2025-11-09T00:00,28.0,29.8,8.0,1.6,159.0
2025-11-09T01:00,26.6,28.3,6.3,1.5,161.0
2025-11-09T02:00,25.3,27.0,5.0,1.5,165.0
2025-11-09T03:00,23.9,25.5,4.2,1.5,173.0
2025-11-09T04:00,22.5,24.1,3.8,1.5,183.0
2025-11-09T05:00,21.2,22.4,4.6,1.7,190.0
2025-11-09T06:00,19.4,20.5,4.8,1.7,191.0
2025-11-09T07:00,17.6,18.5,5.1,1.8,190.0
2025-11-09T08:00,15.8,16.4,5.0,1.8,190.0
2025-11-09T09:00,13.6,14.1,4.1,1.9,193.0
2025-11-09T10:00,9.9,10.2,2.7,1.9,198.0
2025-11-09T11:00,6.9,7.2,1.7,2.0,202.0
2025-11-09T12:00,6.6,7.7,1.1,2.0,202.0
2025-11-09T13:00,7.0,9.3,0.8,2.0,201.0
2025-11-09T14:00,7.1,10.7,1.0,2.1,212.0
2025-11-09T15:00,7.3,11.6,2.1,2.2,254.0
2025-11-09T16:00,8.5,13.0,3.7,2.4,308.0
2025-11-09T17:00,15.1,23.4,3.4,2.1,329.0
2025-11-09T18:00,18.6,26.7,4.8,2.2,284.0
2025-11-09T19:00,19.8,27.6,6.7,2.3,207.0
2025-11-09T20:00,20.1,26.8,8.0,2.4,152.0
2025-11-09T21:00,19.7,25.4,8.2,2.3,145.0
2025-11-09T22:00,19.3,24.6,7.8,2.1,160.0
2025-11-09T23:00,19.0,24.0,7.2,1.9,173.0
2025-11-10T00:00,18.6,23.4,6.5,1.7,175.0
2025-11-10T01:00,18.2,23.0,5.7,1.6,175.0
2025-11-10T02:00,17.8,22.6,5.0,1.5,177.0
2025-11-10T03:00,17.5,22.4,4.5,1.5,183.0
2025-11-10T04:00,17.3,22.4,4.2,1.7,190.0
2025-11-10T05:00,14.4,19.2,4.1,1.5,193.0
2025-11-10T06:00,13.4,18.8,4.3,1.7,187.0
2025-11-10T07:00,12.6,18.8,4.6,2.0,178.0
2025-11-10T08:00,12.3,18.9,4.4,2.3,170.0
2025-11-10T09:00,11.6,17.9,3.4,2.6,167.0
2025-11-10T10:00,10.5,17.4,1.9,2.8,165.0
2025-11-10T11:00,10.7,17.3,0.9,3.0,167.0
2025-11-10T12:00,10.7,17.1,0.6,3.1,171.0
2025-11-10T13:00,10.7,17.1,0.6,3.2,178.0
2025-11-10T14:00,10.4,16.8,1.0,3.2,189.0
2025-11-10T15:00,10.4,16.6,1.6,3.2,211.0
2025-11-10T16:00,11.0,16.9,2.6,3.2,237.0
2025-11-10T17:00,18.7,27.8,3.6,3.1,249.0
2025-11-10T18:00,21.8,30.6,5.3,3.4,234.0
2025-11-10T19:00,22.9,31.9,7.6,3.9,205.0
2025-11-10T20:00,22.9,31.5,9.2,4.0,183.0
2025-11-10T21:00,22.4,29.9,9.4,3.5,176.0
2025-11-10T22:00,21.2,27.5,8.8,2.7,176.0
2025-11-10T23:00,19.7,24.9,8.1,2.0,175.0
2025-11-11T00:00,18.0,22.0,7.5,1.5,168.0
2025-11-11T01:00,17.2,20.5,6.8,1.2,159.0
2025-11-11T02:00,17.3,20.0,6.2,1.1,155.0
2025-11-11T03:00,18.1,20.5,5.7,1.3,161.0
2025-11-11T04:00,20.0,22.4,5.2,1.8,171.0
2025-11-11T05:00,18.5,21.8,3.3,2.1,180.0
2025-11-11T06:00,20.5,23.9,3.4,2.5,183.0
2025-11-11T07:00,22.5,25.7,3.6,3.1,184.0
2025-11-11T08:00,24.2,27.2,3.5,3.6,185.0
2025-11-11T09:00,24.3,27.0,2.9,3.9,186.0
2025-11-11T10:00,24.4,28.4,2.0,4.0,187.0
2025-11-11T11:00,22.2,27.8,1.3,4.1,188.0
2025-11-11T12:00,20.4,26.2,0.9,4.0,189.0
2025-11-11T13:00,19.2,24.7,0.8,3.8,191.0
2025-11-11T14:00,18.7,23.9,1.1,3.7,197.0
2025-11-11T15:00,18.6,23.6,1.9,3.7,216.0
2025-11-11T16:00,19.5,24.1,3.1,3.8,239.0
2025-11-11T17:00,34.9,43.2,6.2,4.1,245.0
2025-11-11T18:00,39.8,48.0,9.2,4.6,217.0
2025-11-11T19:00,42.1,49.4,13.3,5.3,172.0
2025-11-11T20:00,42.5,48.2,15.5,5.5,141.0
2025-11-11T21:00,41.3,46.1,14.2,4.9,140.0
2025-11-11T22:00,39.7,43.3,11.0,4.0,152.0
2025-11-11T23:00,37.8,41.0,8.0,3.2,163.0
2025-11-12T00:00,36.0,39.1,5.8,2.9,166.0
2025-11-12T01:00,33.3,36.3,3.7,2.8,168.0
2025-11-12T02:00,30.3,33.1,2.3,2.7,169.0
2025-11-12T03:00,27.6,30.2,1.8,2.5,171.0
2025-11-12T04:00,25.5,27.9,1.8,2.4,174.0
2025-11-12T05:00,27.7,30.5,2.1,2.8,176.0
2025-11-12T06:00,26.3,29.2,2.5,2.8,176.0
2025-11-12T07:00,25.4,28.1,2.9,2.9,175.0
2025-11-12T08:00,24.5,27.1,3.1,3.0,179.0
2025-11-12T09:00,22.8,24.9,2.7,3.3,186.0
2025-11-12T10:00,22.1,24.6,2.0,3.6,199.0
2025-11-12T11:00,20.1,23.9,1.5,3.9,229.0
2025-11-12T12:00,19.6,23.7,1.2,4.0,277.0
2025-11-12T13:00,19.2,23.4,1.0,4.1,343.0
2025-11-12T14:00,19.2,23.3,1.4,4.1,435.0
2025-11-12T15:00,19.5,23.5,2.7,4.2,606.0
2025-11-12T16:00,20.3,24.0,4.5,4.3,803.0
2025-11-12T17:00,31.0,36.3,8.4,5.4,879.0
2025-11-12T18:00,36.3,41.6,10.7,5.4,719.0
2025-11-12T19:00,38.9,43.5,13.8,5.5,436.0
2025-11-12T20:00,38.1,41.7,15.1,5.3,226.0
2025-11-12T21:00,35.5,38.1,13.0,4.7,176.0
2025-11-12T22:00,32.8,35.2,9.2,3.8,197.0
2025-11-12T23:00,30.4,32.5,6.0,3.2,220.0
2025-11-13T00:00,27.9,29.9,4.2,3.1,221.0
2025-11-13T01:00,25.3,27.2,3.0,3.2,223.0
2025-11-13T02:00,22.8,24.7,2.2,3.3,225.0
2025-11-13T03:00,20.7,22.5,1.8,3.4,228.0
2025-11-13T04:00,19.3,21.1,1.8,3.6,231.0
2025-11-13T05:00,16.5,18.3,1.7,3.7,231.0
2025-11-13T06:00,15.7,17.6,2.0,3.9,226.0
2025-11-13T07:00,15.8,17.7,2.5,4.2,219.0
2025-11-13T08:00,16.1,17.9,2.7,4.6,214.0
2025-11-13T09:00,15.3,16.8,2.5,5.3,210.0
2025-11-13T10:00,14.7,16.5,2.0,6.1,208.0
2025-11-13T11:00,15.3,17.8,1.8,6.8,214.0
2025-11-13T12:00,15.4,18.1,1.8,7.1,226.0
2025-11-13T13:00,15.6,18.3,2.0,7.3,246.0
2025-11-13T14:00,15.9,18.6,2.7,7.3,291.0
2025-11-13T15:00,16.0,18.6,4.4,7.3,400.0
2025-11-13T16:00,16.1,18.3,6.7,7.2,534.0
2025-11-13T17:00,18.8,21.3,12.7,7.2,594.0
2025-11-13T18:00,22.4,24.9,13.8,7.2,508.0
2025-11-13T19:00,24.4,26.9,15.3,7.2,346.0
2025-11-13T20:00,25.0,27.0,15.5,6.8,224.0
2025-11-13T21:00,23.7,25.3,13.4,5.8,191.0
2025-11-13T22:00,21.5,22.7,10.0,4.5,196.0
2025-11-13T23:00,19.2,20.4,7.1,3.5,203.0
2025-11-14T00:00,16.8,17.9,5.1,3.0,197.0
2025-11-14T01:00,14.5,15.4,3.6,2.9,193.0
2025-11-14T02:00,12.7,13.6,2.5,2.8,192.0
2025-11-14T03:00,11.4,12.2,2.1,2.7,199.0
2025-11-14T04:00,10.6,11.4,2.2,2.7,209.0
2025-11-14T05:00,10.5,11.3,2.3,3.2,215.0
2025-11-14T06:00,10.2,11.1,2.7,3.3,206.0
2025-11-14T07:00,10.4,11.3,3.2,3.5,193.0
2025-11-14T08:00,10.7,11.5,3.4,3.9,195.0
2025-11-14T09:00,9.8,10.5,3.1,4.8,214.0
2025-11-14T10:00,9.8,10.5,2.6,6.0,248.0
2025-11-14T11:00,10.2,11.2,2.3,7.0,315.0
2025-11-14T12:00,10.4,11.5,2.2,7.8,430.0
2025-11-14T13:00,11.0,12.1,2.3,8.6,577.0
2025-11-14T14:00,11.8,12.8,3.0,9.0,733.0
2025-11-14T15:00,12.4,13.4,4.8,9.1,938.0
2025-11-14T16:00,13.2,14.1,7.2,8.9,1151.0
2025-11-14T17:00,20.7,22.1,12.6,9.5,1221.0
2025-11-14T18:00,25.0,26.4,13.8,9.3,1025.0
2025-11-14T19:00,26.7,28.0,15.4,9.1,686.0
2025-11-14T20:00,26.3,27.4,15.8,8.5,423.0
2025-11-14T21:00,23.9,24.8,13.9,7.4,333.0
2025-11-14T22:00,20.8,21.4,10.7,6.0,317.0
2025-11-14T23:00,17.9,18.6,7.9,5.0,302.0
2025-11-15T00:00,15.4,16.1,5.9,4.7,255.0
2025-11-15T01:00,13.2,13.9,4.2,4.8,209.0
2025-11-15T02:00,11.5,12.1,3.1,4.8,181.0
2025-11-15T03:00,10.7,11.2,2.6,4.5,187.0
2025-11-15T04:00,10.5,11.0,2.7,4.2,211.0
2025-11-15T05:00,8.6,9.1,2.4,4.0,229.0
2025-11-15T06:00,8.7,9.2,2.8,4.0,227.0
2025-11-15T07:00,9.2,9.7,3.3,4.1,218.0
2025-11-15T08:00,9.9,10.3,3.5,4.2,219.0
2025-11-15T09:00,9.5,10.0,3.2,4.4,224.0
2025-11-15T10:00,9.9,10.4,2.7,4.6,238.0
2025-11-15T11:00,9.7,10.4,2.4,4.7,290.0
2025-11-15T12:00,9.3,10.1,2.2,4.7,399.0
2025-11-15T13:00,9.8,10.5,2.1,4.7,547.0
2025-11-15T14:00,10.7,11.4,2.8,4.8,709.0
2025-11-15T15:00,11.7,12.4,4.9,5.2,934.0
2025-11-15T16:00,13.5,14.1,7.7,5.7,1175.0
2025-11-15T17:00,16.1,16.6,12.7,5.8,1261.0
2025-11-15T18:00,20.7,21.2,14.2,6.2,1057.0
2025-11-15T19:00,22.9,23.5,16.2,6.7,700.0
2025-11-15T20:00,23.2,23.8,16.8,6.7,427.0
2025-11-15T21:00,21.5,22.0,15.0,5.8,347.0
2025-11-15T22:00,19.0,19.4,11.8,4.5,352.0
2025-11-15T23:00,16.4,16.8,8.9,3.5,355.0
2025-11-16T00:00,13.9,14.3,6.5,3.2,328.0
2025-11-16T01:00,11.8,12.3,4.3,3.1,299.0
2025-11-16T02:00,10.7,11.2,2.8,3.2,271.0
2025-11-16T03:00,10.3,10.8,2.2,3.3,242.0
2025-11-16T04:00,10.3,10.8,2.2,3.6,214.0
2025-11-16T05:00,7.6,8.1,1.8,3.3,192.0
2025-11-16T06:00,8.1,8.6,2.1,3.6,175.0
2025-11-16T07:00,8.6,9.1,2.5,4.0,163.0
2025-11-16T08:00,9.1,9.6,2.8,4.3,164.0
2025-11-16T09:00,9.3,9.7,2.9,4.5,177.0
2025-11-16T10:00,9.2,9.5,3.0,4.7,202.0
2025-11-16T11:00,10.0,10.4,3.5,5.0,245.0
2025-11-16T12:00,10.5,10.9,4.5,5.4,315.0
2025-11-16T13:00,11.6,12.0,5.9,5.9,402.0
2025-11-16T14:00,12.9,13.4,7.8,6.3,485.0
2025-11-16T15:00,16.2,16.5,11.0,6.7,580.0
2025-11-16T16:00,19.8,20.2,14.7,7.0,672.0
2025-11-16T17:00,16.9,17.5,13.3,7.0,689.0
2025-11-16T18:00,16.9,17.3,12.8,6.7,572.0
2025-11-16T19:00,15.6,15.9,12.1,6.4,381.0
2025-11-16T20:00,14.0,14.3,11.3,5.9,226.0
2025-11-16T21:00,12.3,12.6,10.3,5.2,151.0
2025-11-16T22:00,10.6,10.8,9.1,4.5,112.0
2025-11-16T23:00,9.1,9.2,8.0,3.9,91.0
2025-11-17T00:00,7.6,7.8,6.8,3.6,83.0
2025-11-17T01:00,6.6,6.7,5.7,3.5,93.0
2025-11-17T02:00,5.7,5.9,4.8,3.5,110.0
2025-11-17T03:00,5.3,5.4,4.3,3.4,137.0
2025-11-17T04:00,5.1,5.3,4.0,3.4,172.0
2025-11-17T05:00,6.8,7.3,3.7,3.9,200.0
2025-11-17T06:00,6.7,7.4,4.2,4.4,215.0
2025-11-17T07:00,7.0,7.7,4.8,5.1,222.0
2025-11-17T08:00,7.5,8.1,5.0,5.8,227.0
2025-11-17T09:00,7.4,7.9,4.2,6.6,220.0
2025-11-17T10:00,7.5,8.0,3.0,7.5,211.0
2025-11-17T11:00,7.2,8.1,2.1,8.2,228.0
2025-11-17T12:00,7.5,8.4,1.7,8.6,284.0
2025-11-17T13:00,8.4,9.2,1.6,8.9,367.0
2025-11-17T14:00,9.1,9.9,2.5,9.0,468.0
2025-11-17T15:00,10.0,10.8,5.0,9.0,626.0
2025-11-17T16:00,12.5,13.1,8.4,8.8,802.0
2025-11-17T17:00,8.1,8.2,13.7,8.6,867.0
2025-11-17T18:00,11.8,12.5,15.6,8.3,721.0
2025-11-17T19:00,13.2,13.9,18.1,8.0,464.0
2025-11-17T20:00,12.7,13.4,19.1,7.4,271.0
2025-11-17T21:00,11.1,11.6,17.2,6.5,224.0
2025-11-17T22:00,9.5,9.7,13.7,5.4,241.0
2025-11-17T23:00,8.3,8.4,10.6,4.6,249.0
2025-11-18T00:00,7.5,7.6,8.4,4.3,218.0
2025-11-18T01:00,6.9,7.1,6.5,4.3,178.0
2025-11-18T02:00,6.7,7.0,5.1,4.3,150.0
2025-11-18T03:00,6.6,6.9,4.1,4.3,146.0
2025-11-18T04:00,6.7,7.1,3.6,4.2,154.0
2025-11-18T05:00,6.8,7.2,4.3,3.0,162.0
2025-11-18T06:00,7.0,7.5,4.4,3.4,166.0
2025-11-18T07:00,7.6,8.1,4.6,4.0,171.0
2025-11-18T08:00,7.9,8.5,4.5,4.9,177.0
2025-11-18T09:00,6.3,6.8,3.8,6.2,184.0
2025-11-18T10:00,5.6,6.1,2.8,7.7,192.0
2025-11-18T11:00,6.7,7.8,2.1,9.0,209.0
2025-11-18T12:00,7.6,9.1,1.8,10.1,236.0
2025-11-18T13:00,8.7,10.4,1.9,11.0,271.0
2025-11-18T14:00,9.6,11.2,2.6,11.6,316.0
2025-11-18T15:00,10.3,11.8,4.5,11.7,395.0
2025-11-18T16:00,11.5,12.7,7.1,11.5,484.0
2025-11-18T17:00,16.3,17.3,8.8,11.2,512.0
2025-11-18T18:00,21.1,22.3,9.8,11.6,421.0
2025-11-18T19:00,23.8,25.0,11.1,12.0,268.0
2025-11-18T20:00,25.1,26.4,11.7,12.3,157.0
2025-11-18T21:00,25.6,27.0,10.8,12.3,137.0
2025-11-18T22:00,26.1,27.6,9.2,12.1,158.0
2025-11-18T23:00,26.7,28.2,7.7,11.6,173.0
2025-11-19T00:00,26.8,28.4,6.5,10.6,161.0
2025-11-19T01:00,26.5,28.0,5.4,9.4,143.0
2025-11-19T02:00,26.0,27.5,4.6,8.4,135.0
2025-11-19T03:00,25.7,27.2,4.1,7.9,148.0
2025-11-19T04:00,25.4,27.1,3.8,7.6,172.0
2025-11-19T05:00,28.5,30.2,4.5,8.4,190.0
2025-11-19T06:00,28.2,29.9,4.8,8.5,194.0
2025-11-19T07:00,28.3,30.0,5.1,8.6,192.0
2025-11-19T08:00,28.2,30.2,5.0,8.8,191.0
2025-11-19T09:00,27.0,28.9,4.0,9.2,190.0
2025-11-19T10:00,22.6,25.1,2.6,9.7,189.0
2025-11-19T11:00,18.9,21.9,1.6,10.0,197.0
2025-11-19T12:00,17.6,20.7,1.0,9.9,218.0
2025-11-19T13:00,16.5,19.6,0.8,9.6,249.0
2025-11-19T14:00,16.4,19.4,1.3,9.4,286.0
2025-11-19T15:00,16.6,19.6,3.0,9.5,343.0
2025-11-19T16:00,17.8,20.4,5.4,9.7,406.0
2025-11-19T17:00,27.3,29.2,11.4,11.1,435.0
2025-11-19T18:00,31.2,33.3,12.0,11.8,400.0
2025-11-19T19:00,33.2,35.3,12.7,12.6,330.0
2025-11-19T20:00,34.0,36.3,12.9,12.8,271.0
2025-11-19T21:00,34.2,36.7,12.1,11.8,239.0
2025-11-19T22:00,34.0,36.4,10.9,10.2,219.0
2025-11-19T23:00,33.4,35.9,9.5,8.8,205.0
2025-11-20T00:00,32.6,34.9,8.1,7.8,197.0
2025-11-20T01:00,31.7,34.0,6.7,6.9,197.0
2025-11-20T02:00,31.3,33.6,5.6,6.2,201.0
2025-11-20T03:00,31.2,33.5,5.0,5.9,213.0
2025-11-20T04:00,31.0,33.3,4.7,5.7,231.0
2025-11-20T05:00,28.1,30.0,4.8,4.2,242.0
2025-11-20T06:00,27.2,29.2,5.0,4.2,240.0
2025-11-20T07:00,26.7,28.8,5.2,4.2,232.0
2025-11-20T08:00,26.3,28.3,5.0,4.5,228.0
2025-11-20T09:00,23.9,25.3,3.8,5.5,232.0
2025-11-20T10:00,21.9,25.0,2.2,6.8,240.0
2025-11-20T11:00,20.3,24.2,1.1,7.7,247.0
2025-11-20T12:00,19.5,23.5,0.9,7.9,250.0
2025-11-20T13:00,18.9,22.8,1.2,7.8,251.0
2025-11-20T14:00,18.7,22.5,2.2,7.8,256.0
2025-11-20T15:00,18.9,22.6,4.2,8.1,270.0
2025-11-20T16:00,19.9,23.2,7.0,8.5,288.0
2025-11-20T17:00,42.4,48.7,15.3,9.6,298.0
2025-11-20T18:00,45.9,51.8,16.8,10.2,294.0
2025-11-20T19:00,47.8,54.0,18.8,11.0,282.0
2025-11-20T20:00,49.5,55.6,19.6,11.0,265.0
2025-11-20T21:00,49.4,55.2,18.1,9.4,241.0
2025-11-20T22:00,47.6,52.9,15.4,6.9,213.0
2025-11-20T23:00,45.3,49.8,12.8,4.8,193.0
2025-11-21T00:00,42.5,46.6,10.8,3.4,188.0
2025-11-21T01:00,39.6,43.4,8.9,2.4,192.0
2025-11-21T02:00,36.9,41.0,7.3,1.7,194.0
2025-11-21T03:00,34.2,38.9,6.0,1.4,190.0
2025-11-21T04:00,32.0,37.0,5.0,1.5,185.0
2025-11-21T05:00,34.3,39.5,4.9,2.0,185.0
2025-11-21T06:00,32.5,38.0,5.1,2.1,191.0
2025-11-21T07:00,30.9,36.6,5.3,2.3,201.0
2025-11-21T08:00,29.5,34.9,5.1,2.6,223.0
2025-11-21T09:00,26.6,31.1,4.1,2.9,251.0
2025-11-21T10:00,25.7,32.0,2.6,3.3,290.0
2025-11-21T11:00,23.8,34.0,1.8,3.8,357.0
2025-11-21T12:00,24.2,34.3,1.9,4.3,459.0
2025-11-21T13:00,24.9,34.5,2.5,4.8,589.0
2025-11-21T14:00,25.8,34.6,4.1,5.5,738.0
2025-11-21T15:00,26.7,34.7,7.2,6.6,955.0
2025-11-21T16:00,28.5,35.6,11.2,7.8,1192.0
2025-11-21T17:00,42.8,52.5,18.0,8.6,1298.0
2025-11-21T18:00,47.6,57.0,19.2,9.2,1164.0
2025-11-21T19:00,49.7,59.5,20.8,10.0,899.0
2025-11-21T20:00,50.6,60.3,21.0,9.9,674.0
2025-11-21T21:00,49.6,58.3,18.7,7.9,552.0
2025-11-21T22:00,46.9,54.6,15.1,5.0,471.0
2025-11-21T23:00,43.2,49.7,11.8,2.8,419.0
2025-11-22T00:00,39.0,44.7,9.2,1.9,404.0
2025-11-22T01:00,35.4,40.6,6.9,1.7,417.0
2025-11-22T02:00,32.6,37.8,5.1,1.6,423.0
2025-11-22T03:00,30.6,36.3,4.1,1.6,405.0
2025-11-22T04:00,29.7,35.7,3.7,1.7,380.0
2025-11-22T05:00,30.6,36.0,3.9,1.8,361.0
2025-11-22T06:00,30.2,36.8,4.3,2.0,352.0
2025-11-22T07:00,29.6,36.7,4.7,2.4,350.0
2025-11-22T08:00,29.3,36.6,4.8,2.9,358.0
2025-11-22T09:00,28.5,36.1,4.0,3.5,373.0
2025-11-22T10:00,29.2,38.4,2.7,4.2,397.0
2025-11-22T11:00,29.9,42.8,2.0,5.0,445.0
2025-11-22T12:00,30.7,43.4,2.0,5.7,515.0
2025-11-22T13:00,31.8,43.8,2.6,6.5,608.0
2025-11-22T14:00,32.8,44.1,4.0,7.4,740.0
2025-11-22T15:00,33.9,44.5,6.9,8.6,978.0
2025-11-22T16:00,37.0,46.9,10.7,9.9,1255.0
2025-11-22T17:00,46.6,57.4,19.3,10.2,1387.0
2025-11-22T18:00,51.1,61.9,20.4,10.6,1246.0
2025-11-22T19:00,52.6,63.3,21.9,11.1,961.0
2025-11-22T20:00,52.5,62.4,21.9,10.8,735.0
2025-11-22T21:00,50.6,59.3,19.4,8.9,653.0
2025-11-22T22:00,47.5,55.4,15.6,6.1,630.0
2025-11-22T23:00,44.2,51.5,12.0,3.8,609.0
2025-11-23T00:00,41.0,47.6,9.2,2.6,571.0
2025-11-23T01:00,38.3,44.6,6.6,1.9,535.0
2025-11-23T02:00,36.3,42.6,4.7,1.5,507.0
2025-11-23T03:00,34.9,41.1,3.5,1.4,491.0
2025-11-23T04:00,33.9,40.3,2.9,1.6,482.0
2025-11-23T05:00,24.9,29.4,3.3,1.3,474.0
2025-11-23T06:00,24.9,31.1,3.8,1.6,464.0
2025-11-23T07:00,24.7,30.7,4.5,1.9,454.0
2025-11-23T08:00,24.3,30.2,4.7,2.3,442.0
2025-11-23T09:00,22.4,27.1,4.0,2.4,424.0
2025-11-23T10:00,20.7,26.9,2.8,2.6,405.0
2025-11-23T11:00,23.3,31.9,2.1,3.1,397.0
2025-11-23T12:00,25.1,33.8,2.1,4.5,402.0
2025-11-23T13:00,26.4,35.0,2.5,6.3,418.0
2025-11-23T14:00,27.5,36.2,3.6,7.8,456.0
2025-11-23T15:00,28.9,37.7,5.7,8.9,543.0
2025-11-23T16:00,32.1,41.0,8.4,9.7,652.0
2025-11-23T17:00,41.3,53.2,15.0,7.5,708.0
2025-11-23T18:00,46.2,58.4,16.5,8.0,663.0
2025-11-23T19:00,48.3,60.8,18.5,8.7,565.0
2025-11-23T20:00,48.4,59.8,19.2,8.6,480.0
2025-11-23T21:00,46.3,55.8,17.6,7.0,430.0
2025-11-23T22:00,42.8,50.4,14.7,4.6,394.0
2025-11-23T23:00,39.0,44.8,11.9,2.8,370.0
2025-11-24T00:00,35.2,39.6,9.6,2.1,364.0
2025-11-24T01:00,31.9,35.4,7.5,2.0,370.0
2025-11-24T02:00,29.9,33.1,5.8,2.0,371.0
2025-11-24T03:00,28.8,31.8,4.8,2.1,357.0
2025-11-24T04:00,28.1,30.9,4.2,2.4,337.0
2025-11-24T05:00,25.4,28.4,3.8,3.1,322.0
2025-11-24T06:00,26.1,29.4,4.0,3.4,318.0
2025-11-24T07:00,26.5,29.6,4.3,3.9,320.0
2025-11-24T08:00,27.1,30.0,4.3,4.4,322.0
2025-11-24T09:00,26.1,28.7,3.7,4.9,319.0
2025-11-24T10:00,24.2,26.5,2.9,5.3,317.0
2025-11-24T11:00,21.3,24.8,2.4,5.6,328.0
2025-11-24T12:00,21.0,25.1,2.5,5.6,356.0
2025-11-24T13:00,21.9,26.5,2.9,5.4,398.0
2025-11-24T14:00,22.8,27.6,4.0,5.4,458.0
2025-11-24T15:00,24.0,28.9,6.2,5.6,566.0
2025-11-24T16:00,25.7,30.0,9.1,6.0,691.0
2025-11-24T17:00,38.1,43.4,12.9,6.7,746.0
2025-11-24T18:00,44.2,50.4,14.3,7.2,667.0
2025-11-24T19:00,47.1,53.7,16.2,7.8,518.0
2025-11-24T20:00,46.3,52.2,16.9,7.8,400.0
2025-11-24T21:00,42.5,47.0,15.5,6.5,358.0
2025-11-24T22:00,37.8,41.0,12.9,4.6,348.0
2025-11-24T23:00,33.1,35.4,10.5,3.1,340.0
2025-11-25T00:00,28.9,30.6,8.7,2.5,322.0
2025-11-25T01:00,25.3,26.8,7.2,2.3,307.0
2025-11-25T02:00,22.8,24.1,5.9,2.2,299.0
2025-11-25T03:00,21.2,22.4,5.0,2.2,304.0
2025-11-25T04:00,20.0,21.3,4.3,2.4,316.0
2025-11-25T05:00,17.1,18.6,3.7,2.9,328.0
2025-11-25T06:00,17.3,19.0,3.7,3.3,326.0
2025-11-25T07:00,18.1,19.9,3.7,3.9,323.0
2025-11-25T08:00,18.6,20.2,3.6,4.3,353.0
2025-11-25T09:00,18.0,19.6,3.4,4.2,425.0
2025-11-25T10:00,17.5,19.0,3.1,4.0,530.0
2025-11-25T11:00,16.8,18.9,3.2,3.9,672.0
2025-11-25T12:00,16.6,18.7,3.9,4.2,853.0
2025-11-25T13:00,18.8,21.0,5.0,4.7,1071.0
2025-11-25T14:00,20.3,22.4,6.5,5.2,1322.0
2025-11-25T15:00,21.1,23.1,9.0,5.8,1706.0
2025-11-25T16:00,22.8,24.4,11.9,6.4,2123.0
2025-11-25T17:00,30.3,32.8,16.5,6.3,2265.0
2025-11-25T18:00,31.7,34.1,16.4,6.2,1900.0
2025-11-25T19:00,29.0,31.1,16.2,6.0,1259.0
2025-11-25T20:00,23.5,25.0,15.1,5.6,731.0
2025-11-25T21:00,17.7,18.5,12.6,4.7,459.0
2025-11-25T22:00,13.1,13.5,9.3,3.6,299.0
2025-11-25T23:00,9.5,9.9,6.5,2.7,208.0
2025-11-26T00:00,6.7,7.1,4.7,2.3,191.0
2025-11-26T01:00,5.8,6.2,3.4,2.1,242.0
2025-11-26T02:00,5.4,5.7,2.6,2.0,300.0
2025-11-26T03:00,5.0,5.3,2.3,1.8,358.0
2025-11-26T04:00,4.9,5.2,2.5,1.7,424.0
2025-11-26T05:00,3.8,4.1,2.6,1.5,459.0
2025-11-26T06:00,3.8,4.0,3.3,1.5,434.0
2025-11-26T07:00,3.9,4.1,4.3,1.5,377.0
2025-11-26T08:00,4.1,4.2,4.9,1.6,337.0
2025-11-26T09:00,3.8,3.9,4.7,1.6,336.0
2025-11-26T10:00,4.3,4.4,4.1,1.7,350.0
2025-11-26T11:00,5.0,5.2,3.7,2.1,363.0
2025-11-26T12:00,6.5,7.1,3.6,2.9,356.0
2025-11-26T13:00,8.9,9.7,3.8,4.0,346.0
2025-11-26T14:00,11.0,11.9,4.7,5.0,367.0
2025-11-26T15:00,12.7,13.6,7.1,5.8,466.0
2025-11-26T16:00,15.4,16.2,10.3,6.5,595.0
2025-11-26T17:00,26.6,28.3,13.0,6.6,648.0
2025-11-26T18:00,30.0,31.9,13.7,6.5,550.0
2025-11-26T19:00,29.4,31.2,14.7,6.4,376.0
2025-11-26T20:00,26.9,28.5,14.6,5.9,244.0
2025-11-26T21:00,23.4,24.9,12.7,4.7,205.0
2025-11-26T22:00,19.4,20.7,9.8,3.2,208.0
2025-11-26T23:00,15.6,16.7,7.2,2.0,213.0
2025-11-27T00:00,11.9,12.9,5.3,1.6,206.0
2025-11-27T01:00,8.9,9.8,3.7,1.7,201.0
2025-11-27T02:00,7.1,8.0,2.6,1.7,197.0
2025-11-27T03:00,6.0,7.0,1.9,1.6,197.0
2025-11-27T04:00,5.3,6.3,1.7,1.6,199.0
2025-11-27T05:00,4.9,5.9,1.9,1.5,198.0
2025-11-27T06:00,5.0,6.1,2.4,1.6,189.0
2025-11-27T07:00,5.6,6.7,3.1,1.8,177.0
2025-11-27T08:00,6.3,7.4,3.4,2.0,170.0
2025-11-27T09:00,6.6,7.6,2.8,2.1,172.0
2025-11-27T10:00,6.4,7.2,1.8,2.2,180.0
2025-11-27T11:00,7.4,8.7,1.1,2.4,188.0
2025-11-27T12:00,8.1,9.6,0.8,2.7,193.0
2025-11-27T13:00,9.0,10.7,0.7,3.0,200.0
2025-11-27T14:00,10.1,12.0,1.4,3.4,212.0
2025-11-27T15:00,11.2,13.2,3.3,4.0,243.0
2025-11-27T16:00,13.0,14.6,5.8,4.6,281.0
2025-11-27T17:00,26.2,29.3,7.6,4.9,293.0
2025-11-27T18:00,29.9,33.2,8.4,4.9,255.0
2025-11-27T19:00,30.6,34.0,9.5,4.9,192.0
2025-11-27T20:00,29.0,32.1,9.9,4.6,147.0
2025-11-27T21:00,26.3,28.9,9.1,3.9,141.0
2025-11-27T22:00,23.1,25.3,7.6,3.1,154.0
2025-11-27T23:00,20.0,21.9,6.2,2.4,168.0
2025-11-28T00:00,17.4,19.1,4.9,2.1,178.0
2025-11-28T01:00,15.3,16.9,3.7,2.0,189.0
2025-11-28T02:00,14.1,15.6,2.9,2.0,197.0
2025-11-28T03:00,13.6,15.1,2.6,2.1,202.0
2025-11-28T04:00,13.7,15.2,2.6,2.4,205.0
2025-11-28T05:00,11.9,13.1,2.7,2.2,205.0
2025-11-28T06:00,12.3,13.5,3.4,2.5,200.0
2025-11-28T07:00,12.9,14.1,4.3,3.0,192.0
2025-11-28T08:00,13.7,14.8,4.7,3.5,185.0
2025-11-28T09:00,13.5,14.5,4.1,3.9,177.0
2025-11-28T10:00,12.3,13.3,3.0,4.4,169.0
2025-11-28T11:00,12.1,13.9,2.3,4.6,171.0
2025-11-28T12:00,11.7,14.0,2.2,4.5,188.0
2025-11-28T13:00,12.3,14.7,2.4,4.3,215.0
2025-11-28T14:00,13.1,15.5,3.2,4.2,246.0
2025-11-28T15:00,14.2,16.6,5.0,4.4,291.0
2025-11-28T16:00,16.6,18.6,7.3,4.7,340.0
2025-11-28T17:00,20.1,22.8,11.0,4.7,361.0
2025-11-28T18:00,23.9,26.8,11.2,4.7,328.0
2025-11-28T19:00,25.0,28.1,11.5,4.8,266.0
2025-11-28T20:00,24.2,27.0,11.4,4.6,219.0
2025-11-28T21:00,22.1,24.5,10.6,4.1,205.0
2025-11-28T22:00,19.7,21.7,9.3,3.4,206.0
2025-11-28T23:00,17.3,18.9,8.0,2.8,208.0
2025-11-29T00:00,15.4,16.8,6.6,2.4,208.0
2025-11-29T01:00,14.5,15.8,5.1,2.1,209.0
2025-11-29T02:00,14.3,15.4,3.9,2.0,210.0
2025-11-29T03:00,14.3,15.5,3.2,2.0,212.0
2025-11-29T04:00,14.6,15.8,2.8,2.1,215.0
2025-11-29T05:00,12.5,13.7,3.1,2.1,215.0
2025-11-29T06:00,12.4,13.6,3.7,2.3,209.0
2025-11-29T07:00,12.4,13.5,4.4,2.5,200.0
2025-11-29T08:00,13.0,13.9,4.7,3.0,196.0
2025-11-29T09:00,13.1,13.9,4.0,3.8,203.0
2025-11-29T10:00,12.6,13.6,2.8,4.9,216.0
2025-11-29T11:00,14.4,16.2,2.1,5.7,225.0
2025-11-29T12:00,15.7,17.9,2.2,6.1,224.0
2025-11-29T13:00,16.7,19.0,2.7,6.3,219.0
2025-11-29T14:00,18.2,20.6,3.8,6.6,221.0
2025-11-29T15:00,20.0,22.5,5.8,7.1,241.0
2025-11-29T16:00,23.0,25.1,8.3,7.6,269.0
2025-11-29T17:00,38.8,42.3,11.8,8.2,281.0
2025-11-29T18:00,42.6,46.2,12.2,8.1,264.0
2025-11-29T19:00,43.9,47.6,12.6,8.0,233.0
2025-11-29T20:00,42.8,46.2,12.4,7.6,206.0
2025-11-29T21:00,40.3,43.3,11.1,6.7,191.0
2025-11-29T22:00,37.3,39.8,9.1,5.5,180.0
2025-11-29T23:00,34.1,36.3,7.2,4.5,174.0
2025-11-30T00:00,31.2,33.2,5.4,4.0,174.0
2025-11-30T01:00,29.2,31.0,3.7,3.7,178.0
2025-11-30T02:00,27.7,29.6,2.5,3.5,184.0
2025-11-30T03:00,26.4,28.2,1.9,3.4,190.0
2025-11-30T04:00,25.6,27.2,1.9,3.3,196.0
2025-11-30T05:00,25.2,26.7,3.5,3.1,203.0
2025-11-30T06:00,24.4,26.1,4.0,3.2,208.0
2025-11-30T07:00,23.9,25.5,4.7,3.4,213.0
2025-11-30T08:00,23.5,25.1,4.8,3.6,223.0
2025-11-30T09:00,22.5,23.9,3.9,3.9,232.0
2025-11-30T10:00,21.9,23.3,2.4,4.1,245.0
2025-11-30T11:00,21.5,24.1,1.5,4.5,288.0
2025-11-30T12:00,21.8,24.6,1.5,4.9,371.0
2025-11-30T13:00,24.2,27.1,2.1,5.4,483.0
2025-11-30T14:00,26.8,29.8,3.3,5.9,618.0
2025-11-30T15:00,29.6,32.5,5.6,6.3,832.0
2025-11-30T16:00,34.1,36.7,8.5,6.7,1070.0
2025-11-30T17:00,57.0,63.3,9.5,6.6,1158.0
2025-11-30T18:00,61.0,67.3,10.4,7.0,962.0
2025-11-30T19:00,61.9,68.2,11.6,7.4,616.0
2025-11-30T20:00,60.5,66.4,11.9,7.4,351.0
2025-11-30T21:00,57.3,62.6,10.7,6.4,269.0
2025-11-30T22:00,53.1,57.9,8.6,4.8,267.0
2025-11-30T23:00,48.7,52.9,6.7,3.6,272.0
2025-12-01T00:00,44.5,48.1,5.1,3.1,259.0
2025-12-01T01:00,40.3,43.4,3.7,3.0,252.0
2025-12-01T02:00,36.4,39.1,2.6,2.9,248.0
2025-12-01T03:00,33.2,35.5,2.1,2.8,247.0
2025-12-01T04:00,30.6,32.7,2.0,2.7,248.0
2025-12-01T05:00,27.2,28.5,3.0,2.8,247.0
2025-12-01T06:00,25.6,26.9,3.3,3.0,240.0
2025-12-01T07:00,24.7,26.0,3.8,3.4,229.0
2025-12-01T08:00,25.0,26.4,3.9,3.9,222.0
2025-12-01T09:00,25.4,26.9,3.3,4.6,215.0
2025-12-01T10:00,26.1,27.6,2.4,5.4,212.0
2025-12-01T11:00,29.2,32.0,1.9,6.1,222.0
2025-12-01T12:00,28.9,31.9,2.1,6.6,255.0
2025-12-01T13:00,29.6,32.6,2.7,7.0,303.0
2025-12-01T14:00,31.1,34.1,4.0,7.4,351.0
2025-12-01T15:00,32.9,35.7,6.4,8.1,411.0
2025-12-01T16:00,36.9,39.5,9.4,8.8,471.0
2025-12-01T17:00,50.6,54.7,12.6,8.7,488.0
2025-12-01T18:00,53.3,57.5,13.0,8.4,424.0
2025-12-01T19:00,53.1,57.0,13.5,7.9,315.0
2025-12-01T20:00,49.8,53.3,13.3,7.2,233.0
2025-12-01T21:00,45.2,48.1,11.7,6.0,207.0
2025-12-01T22:00,40.5,43.0,9.4,4.5,206.0
2025-12-01T23:00,36.1,38.1,7.2,3.4,208.0
2025-12-02T00:00,32.4,34.1,5.5,2.9,208.0
2025-12-02T01:00,30.2,31.8,4.0,2.8,211.0
2025-12-02T02:00,28.7,30.3,2.9,2.7,212.0
2025-12-02T03:00,27.6,29.0,2.4,2.7,209.0
2025-12-02T04:00,26.7,28.0,2.2,2.7,205.0
2025-12-02T05:00,22.5,24.1,1.7,3.0,198.0
2025-12-02T06:00,22.3,24.0,1.9,3.2,188.0
2025-12-02T07:00,22.4,24.0,2.1,3.4,175.0
2025-12-02T08:00,23.0,24.5,2.3,3.7,166.0
2025-12-02T09:00,23.0,24.3,2.4,4.1,159.0
2025-12-02T10:00,22.4,23.4,2.5,4.6,156.0
2025-12-02T11:00,22.6,24.1,2.7,5.0,162.0
2025-12-02T12:00,21.1,22.8,3.0,5.2,184.0
2025-12-02T13:00,20.0,21.9,3.4,5.2,216.0
2025-12-02T14:00,20.1,22.0,4.5,5.4,247.0
2025-12-02T15:00,20.8,22.8,7.1,5.8,280.0
2025-12-02T16:00,24.0,25.7,10.4,6.3,312.0
2025-12-02T17:00,38.2,40.4,17.7,6.6,318.0
2025-12-02T18:00,39.9,42.1,17.2,6.2,275.0
2025-12-02T19:00,39.2,41.1,16.3,5.7,206.0
2025-12-02T20:00,36.4,38.0,14.8,5.3,156.0
2025-12-02T21:00,32.6,33.8,12.1,5.1,145.0
2025-12-02T22:00,28.6,29.9,8.9,4.9,151.0
2025-12-02T23:00,25.5,26.8,6.2,4.7,158.0
2025-12-03T00:00,22.9,24.2,4.7,4.4,158.0
2025-12-03T01:00,21.3,22.6,3.8,4.0,157.0
2025-12-03T02:00,20.6,22.0,3.3,3.8,158.0
2025-12-03T03:00,20.4,21.8,3.2,3.7,161.0
2025-12-03T04:00,20.8,22.3,3.6,3.8,164.0
2025-12-03T05:00,15.1,16.8,1.4,3.0,166.0
2025-12-03T06:00,15.7,17.5,1.9,3.2,160.0
2025-12-03T07:00,16.9,18.5,2.6,3.5,151.0
2025-12-03T08:00,18.5,19.9,3.2,3.9,159.0
2025-12-03T09:00,19.3,20.5,3.7,4.5,183.0
2025-12-03T10:00,19.6,20.7,4.1,5.1,222.0
2025-12-03T11:00,20.5,22.1,4.2,5.5,294.0
2025-12-03T12:00,19.6,21.8,3.5,5.4,422.0
2025-12-03T13:00,18.6,21.6,2.5,5.0,581.0
2025-12-03T14:00,19.2,22.2,2.6,4.9,716.0
2025-12-03T15:00,20.2,23.0,4.8,5.3,835.0
2025-12-03T16:00,25.4,27.8,8.1,5.8,929.0
2025-12-03T17:00,20.4,22.2,9.2,5.8,916.0
2025-12-03T18:00,22.8,24.6,9.5,5.6,707.0
2025-12-03T19:00,22.8,24.1,10.0,5.3,391.0
2025-12-03T20:00,21.4,22.2,9.9,5.1,158.0
2025-12-03T21:00,19.7,20.4,8.9,5.0,94.0
2025-12-03T22:00,18.5,19.2,7.4,5.0,111.0
2025-12-03T23:00,17.6,18.3,6.2,5.1,138.0
2025-12-04T00:00,17.2,17.8,5.8,5.4,152.0
2025-12-04T01:00,16.9,17.4,5.7,5.8,176.0
2025-12-04T02:00,16.4,16.9,5.7,6.0,199.0
2025-12-04T03:00,15.7,16.4,5.6,5.8,223.0
2025-12-04T04:00,15.8,16.6,5.6,5.5,246.0
2025-12-04T05:00,13.4,14.2,4.0,4.7,258.0
2025-12-04T06:00,14.4,15.3,4.9,4.7,247.0
2025-12-04T07:00,16.1,17.1,6.2,4.8,225.0
2025-12-04T08:00,17.9,19.0,6.8,5.0,213.0
2025-12-04T09:00,18.7,19.7,6.1,5.5,224.0
2025-12-04T10:00,18.5,19.4,4.7,6.3,245.0
2025-12-04T11:00,19.2,20.4,3.7,6.9,263.0
2025-12-04T12:00,21.1,22.1,3.4,7.4,271.0
2025-12-04T13:00,23.1,24.0,3.5,7.9,276.0
2025-12-04T14:00,24.3,25.1,4.4,8.1,285.0
2025-12-04T15:00,25.1,26.0,6.3,7.8,311.0
2025-12-04T16:00,26.8,27.6,9.0,7.4,341.0
2025-12-04T17:00,32.4,35.6,5.8,6.6,348.0
2025-12-04T18:00,33.1,37.0,6.6,6.2,309.0
2025-12-04T19:00,32.0,37.3,7.6,5.5,246.0
2025-12-04T20:00,31.1,38.1,8.3,4.9,198.0
2025-12-04T21:00,31.1,41.0,8.3,4.3,184.0
2025-12-04T22:00,30.5,41.7,7.8,3.6,186.0
2025-12-04T23:00,29.5,41.0,7.2,3.0,184.0
2025-12-05T00:00,27.7,39.2,6.2,2.4,169.0
2025-12-05T01:00,26.0,37.6,5.0,1.7,150.0
2025-12-05T02:00,24.3,36.9,4.2,1.4,143.0
2025-12-05T03:00,23.1,37.0,4.1,1.5,157.0
2025-12-05T04:00,23.9,39.5,4.4,1.8,182.0
2025-12-05T05:00,28.9,45.5,5.9,2.7,201.0
2025-12-05T06:00,30.0,48.0,6.7,3.5,208.0
2025-12-05T07:00,32.6,51.1,7.7,4.5,209.0
2025-12-05T08:00,36.2,56.0,7.9,5.1,209.0
2025-12-05T09:00,36.6,55.5,6.7,4.9,207.0
2025-12-05T10:00,32.8,48.1,4.7,4.3,204.0
2025-12-05T11:00,28.4,43.9,3.1,3.8,204.0
2025-12-05T12:00,25.2,39.8,2.1,3.7,207.0
2025-12-05T13:00,23.1,36.7,1.5,3.7,212.0
2025-12-05T14:00,23.8,37.4,1.2,3.8,225.0
2025-12-05T15:00,24.3,37.7,1.4,4.0,254.0
2025-12-05T16:00,23.5,34.9,1.9,4.3,291.0
2025-12-05T17:00,31.2,45.6,5.3,3.6,312.0
2025-12-05T18:00,31.5,44.1,5.2,3.8,308.0
2025-12-05T19:00,29.3,41.2,5.1,4.0,289.0
2025-12-05T20:00,27.6,37.7,4.9,4.0,263.0
2025-12-05T21:00,24.0,31.9,4.8,3.6,227.0
2025-12-05T22:00,20.8,26.4,4.7,3.1,185.0
2025-12-05T23:00,16.8,20.5,4.3,2.5,156.0
2025-12-06T00:00,12.9,15.2,3.4,2.0,151.0
2025-12-06T01:00,9.7,11.2,2.2,1.5,160.0
2025-12-06T02:00,7.6,8.7,1.5,1.2,167.0
2025-12-06T03:00,6.8,7.9,1.5,1.2,168.0
2025-12-06T04:00,7.0,8.1,2.0,1.4,168.0
2025-12-06T05:00,7.0,8.0,1.4,1.6,168.0
2025-12-06T06:00,7.8,8.9,1.8,1.8,169.0
2025-12-06T07:00,8.3,9.5,2.2,2.2,170.0
2025-12-06T08:00,8.5,9.7,2.5,2.4,170.0
2025-12-06T09:00,8.2,9.3,2.3,2.4,168.0
2025-12-06T10:00,7.2,8.3,2.0,2.2,165.0
2025-12-06T11:00,6.6,7.7,1.8,2.2,167.0
2025-12-06T12:00,6.2,7.2,1.8,2.4,177.0
2025-12-06T13:00,6.0,7.0,2.1,2.6,193.0
2025-12-06T14:00,6.2,7.1,2.7,2.9,213.0
2025-12-06T15:00,6.3,7.3,4.0,3.2,247.0
2025-12-06T16:00,6.7,7.6,5.7,3.5,287.0
2025-12-06T17:00,22.1,27.3,8.0,3.8,304.0
2025-12-06T18:00,25.3,30.3,9.0,4.0,280.0
2025-12-06T19:00,26.3,30.5,10.3,4.3,234.0
2025-12-06T20:00,25.7,29.4,10.6,4.3,197.0
2025-12-06T21:00,24.0,27.3,9.1,3.8,182.0
2025-12-06T22:00,21.7,24.5,6.6,3.0,175.0
2025-12-06T23:00,19.2,21.9,4.5,2.4,173.0
2025-12-07T00:00,17.2,19.7,3.1,2.2,173.0
2025-12-07T01:00,15.7,18.3,2.0,2.1,178.0
2025-12-07T02:00,15.0,17.6,1.2,2.1,183.0
2025-12-07T03:00,14.5,17.2,0.9,2.0,190.0
2025-12-07T04:00,14.3,17.8,1.0,2.0,199.0
2025-12-07T05:00,12.0,15.1,0.7,1.5,204.0
2025-12-07T06:00,12.4,16.8,0.8,1.5,204.0
2025-12-07T07:00,12.2,16.6,1.1,1.6,201.0
2025-12-07T08:00,11.8,16.3,1.2,1.7,198.0
2025-12-07T09:00,11.3,16.1,1.2,1.9,195.0
2025-12-07T10:00,11.5,16.8,1.2,2.1,192.0
2025-12-07T11:00,12.8,19.2,1.2,2.3,188.0
2025-12-07T12:00,14.4,21.5,1.3,2.6,182.0
2025-12-07T13:00,15.7,23.0,1.4,3.0,175.0
2025-12-07T14:00,16.9,24.2,1.6,3.3,174.0
2025-12-07T15:00,17.9,25.4,2.1,3.5,185.0
2025-12-07T16:00,18.7,26.2,2.7,3.5,201.0
2025-12-07T17:00,18.0,26.6,2.6,2.5,209.0
2025-12-07T18:00,17.0,23.8,2.6,2.6,200.0
2025-12-07T19:00,15.9,22.5,2.5,2.7,183.0
2025-12-07T20:00,15.1,21.8,2.5,2.7,169.0
2025-12-07T21:00,15.2,21.4,2.5,2.6,164.0
2025-12-07T22:00,15.3,21.4,2.5,2.4,163.0
2025-12-07T23:00,15.8,23.2,2.5,2.3,162.0
2025-12-08T00:00,16.5,24.4,2.5,2.3,160.0
2025-12-08T01:00,16.9,24.6,2.5,2.4,157.0
2025-12-08T02:00,16.9,24.2,2.4,2.4,159.0
2025-12-08T03:00,16.5,23.6,2.1,2.3,167.0
2025-12-08T04:00,15.0,21.7,1.8,2.1,178.0
2025-12-08T05:00,9.8,14.9,1.0,1.4,188.0
2025-12-08T06:00,10.0,15.3,1.7,1.4,194.0
2025-12-08T07:00,10.6,16.4,2.5,1.5,198.0
2025-12-08T08:00,12.3,18.5,3.0,1.5,205.0
2025-12-08T09:00,13.9,19.8,2.6,1.5,220.0
2025-12-08T10:00,13.6,19.0,1.9,1.6,236.0
2025-12-08T11:00,9.4,12.8,1.4,1.7,242.0
2025-12-08T12:00,4.8,5.7,1.4,1.9,220.0
2025-12-08T13:00,5.7,6.6,1.7,2.2,187.0
2025-12-08T14:00,7.0,8.1,2.2,2.4,178.0
2025-12-08T15:00,8.3,9.6,3.1,2.5,225.0
2025-12-08T16:00,9.8,10.9,4.2,2.6,296.0
2025-12-08T17:00,9.6,10.7,5.0,1.9,336.0
2025-12-08T18:00,9.9,10.8,5.4,1.9,313.0
2025-12-08T19:00,9.4,10.4,6.0,2.0,259.0
2025-12-08T20:00,8.8,10.0,6.2,1.9,213.0
2025-12-08T21:00,8.3,9.7,5.7,1.7,188.0
2025-12-08T22:00,7.9,9.6,4.9,1.3,171.0
2025-12-08T23:00,7.5,9.4,4.0,1.1,161.0
2025-12-09T00:00,7.1,9.2,3.0,1.0,160.0
2025-12-09T01:00,6.6,8.9,2.0,0.9,166.0
2025-12-09T02:00,6.3,8.9,1.4,1.0,173.0
2025-12-09T03:00,6.6,9.2,1.5,1.2,181.0
2025-12-09T04:00,7.2,9.5,2.0,1.5,191.0
2025-12-09T05:00,7.2,10.3,2.1,1.6,196.0
2025-12-09T06:00,8.2,12.3,2.3,1.7,191.0
2025-12-09T07:00,8.9,13.8,2.5,1.9,182.0
2025-12-09T08:00,9.5,14.7,2.7,2.0,181.0
2025-12-09T09:00,9.8,14.6,2.9,1.9,191.0
2025-12-09T10:00,8.7,12.3,3.0,1.7,210.0
2025-12-09T11:00,7.2,9.8,3.2,1.5,235.0
2025-12-09T12:00,7.8,10.0,3.5,1.4,275.0
2025-12-09T13:00,9.8,12.1,3.7,1.4,322.0
2025-12-09T14:00,12.2,14.7,4.1,1.4,355.0
2025-12-09T15:00,13.5,15.9,4.5,1.3,367.0
2025-12-09T16:00,13.3,15.6,5.0,1.3,366.0
2025-12-09T17:00,12.6,15.9,4.2,1.1,354.0
2025-12-09T18:00,10.1,12.6,4.2,1.1,326.0
2025-12-09T19:00,8.6,10.9,4.1,1.2,288.0
2025-12-09T20:00,7.5,9.8,4.3,1.2,258.0
2025-12-09T21:00,6.6,8.9,4.7,1.2,242.0
2025-12-09T22:00,6.2,8.6,5.4,1.2,236.0
2025-12-09T23:00,6.1,8.4,6.0,1.3,239.0
2025-12-10T00:00,7.0,9.5,6.7,1.6,261.0
2025-12-10T01:00,7.8,10.5,7.3,1.9,292.0
2025-12-10T02:00,8.5,11.2,7.7,2.1,314.0
2025-12-10T03:00,9.2,11.8,7.5,2.1,315.0
2025-12-10T04:00,7.5,8.9,7.1,1.9,306.0
2025-12-10T05:00,7.5,10.7,5.0,1.8,295.0
2025-12-10T06:00,7.2,9.3,5.6,1.9,285.0
2025-12-10T07:00,4.9,5.7,6.4,2.0,274.0
2025-12-10T08:00,4.4,4.9,6.9,2.2,265.0
2025-12-10T09:00,4.1,4.4,6.8,2.6,255.0
2025-12-10T10:00,4.9,5.1,6.5,3.2,247.0
2025-12-10T11:00,5.6,5.9,6.6,3.9,250.0
2025-12-10T12:00,6.9,7.1,7.3,4.9,273.0
2025-12-10T13:00,7.1,7.3,8.4,6.1,308.0
2025-12-10T14:00,8.3,8.8,10.0,7.3,342.0
2025-12-10T15:00,9.2,9.7,12.4,8.3,375.0
2025-12-10T16:00,10.4,11.0,15.4,9.4,407.0
2025-12-10T17:00,7.2,7.5,15.6,9.5,425.0
2025-12-10T18:00,9.3,9.6,16.2,9.6,420.0
2025-12-10T19:00,11.1,11.4,17.1,9.6,401.0
2025-12-10T20:00,13.7,13.9,17.4,9.1,376.0
2025-12-10T21:00,15.7,15.9,17.1,7.8,347.0
2025-12-10T22:00,14.4,14.7,16.2,5.9,312.0
2025-12-10T23:00,13.6,13.9,14.6,4.3,280.0
2025-12-11T00:00,11.1,11.6,11.5,3.0,250.0
2025-12-11T01:00,9.1,9.7,7.7,1.9,222.0
2025-12-11T02:00,8.0,8.9,4.7,1.2,201.0
2025-12-11T03:00,7.4,8.6,3.4,1.2,192.0
2025-12-11T04:00,7.2,8.6,3.0,1.5,190.0
2025-12-11T05:00,4.1,5.2,2.1,1.5,188.0
2025-12-11T06:00,4.7,6.0,2.2,1.5,184.0
2025-12-11T07:00,5.2,6.5,2.4,1.5,180.0
2025-12-11T08:00,5.3,6.5,2.5,1.5,180.0
2025-12-11T09:00,4.7,5.8,2.4,1.4,179.0
2025-12-11T10:00,4.1,5.0,2.2,1.3,183.0
2025-12-11T11:00,3.6,4.3,2.1,1.2,205.0
2025-12-11T12:00,3.5,4.3,2.2,1.2,275.0
2025-12-11T13:00,3.8,4.4,2.4,1.2,365.0
2025-12-11T14:00,4.1,4.7,2.6,1.2,403.0
2025-12-11T15:00,4.4,4.9,3.0,1.3,341.0
2025-12-11T16:00,4.6,5.1,3.4,1.3,229.0
2025-12-11T17:00,2.0,3.7,2.5,1.2,143.0
2025-12-11T18:00,2.4,5.2,2.2,1.2,117.0
2025-12-11T19:00,2.9,6.5,1.8,1.3,117.0
2025-12-11T20:00,3.3,7.3,1.5,1.3,120.0
2025-12-11T21:00,3.2,7.2,1.3,1.3,119.0
2025-12-11T22:00,3.0,6.7,1.2,1.4,122.0
2025-12-11T23:00,2.9,6.5,1.1,1.4,124.0
2025-12-12T00:00,3.1,7.1,1.0,1.4,125.0
2025-12-12T01:00,3.5,7.7,0.9,1.5,126.0
2025-12-12T02:00,4.0,8.2,0.9,1.5,128.0
2025-12-12T03:00,4.4,8.8,0.8,1.5,134.0
2025-12-12T04:00,4.8,9.8,0.8,1.6,141.0
2025-12-12T05:00,4.2,9.6,0.7,1.4,146.0
2025-12-12T06:00,4.2,8.3,1.1,1.5,147.0
2025-12-12T07:00,4.6,8.5,1.6,1.7,145.0
2025-12-12T08:00,5.0,8.7,2.1,1.8,144.0
2025-12-12T09:00,5.5,9.2,2.2,1.8,142.0
2025-12-12T10:00,6.3,10.6,2.1,1.9,140.0
2025-12-12T11:00,7.4,12.0,2.8,2.1,146.0
2025-12-12T12:00,8.3,13.6,4.7,2.6,163.0
2025-12-12T13:00,9.5,14.7,7.3,3.3,187.0
2025-12-12T14:00,10.5,15.3,9.7,4.0,218.0
2025-12-12T15:00,11.6,16.4,12.0,4.8,269.0
2025-12-12T16:00,14.2,20.3,14.1,5.6,326.0
2025-12-12T17:00,11.0,15.0,10.0,3.3,347.0
2025-12-12T18:00,10.3,14.1,8.5,3.1,298.0
2025-12-12T19:00,9.0,12.3,6.5,2.7,212.0
2025-12-12T20:00,7.6,10.1,4.8,2.4,147.0
2025-12-12T21:00,5.9,7.7,3.8,2.2,129.0
2025-12-12T22:00,5.0,7.3,3.2,2.1,131.0
2025-12-12T23:00,5.0,8.0,2.7,1.9,134.0
2025-12-13T00:00,5.9,9.9,2.3,1.5,129.0
2025-12-13T01:00,7.1,11.9,1.9,1.1,125.0
2025-12-13T02:00,8.2,13.1,1.7,0.8,125.0
2025-12-13T03:00,9.1,14.1,1.5,0.7,133.0
2025-12-13T04:00,9.5,14.3,1.3,0.7,145.0
2025-12-13T05:00,12.2,20.4,1.8,0.8,154.0
2025-12-13T06:00,13.2,22.4,2.2,0.9,157.0
2025-12-13T07:00,14.3,23.5,2.7,1.1,157.0
2025-12-13T08:00,15.4,24.6,3.3,1.4,157.0
2025-12-13T09:00,16.0,25.0,3.9,1.9,157.0
2025-12-13T10:00,15.6,23.3,4.5,2.5,158.0
2025-12-13T11:00,14.9,23.0,5.1,3.0,158.0
2025-12-13T12:00,14.6,23.5,5.4,3.2,158.0
2025-12-13T13:00,14.7,23.6,5.6,3.2,159.0
2025-12-13T14:00,15.1,23.8,6.2,3.3,162.0
2025-12-13T15:00,15.9,24.4,7.5,3.4,170.0
2025-12-13T16:00,17.6,25.4,9.1,3.6,181.0
2025-12-13T17:00,26.8,38.2,11.8,4.6,190.0
2025-12-13T18:00,26.5,35.4,12.3,4.6,195.0
2025-12-13T19:00,24.9,31.9,13.0,4.6,198.0
2025-12-13T20:00,19.7,24.9,13.4,4.6,200.0
2025-12-13T21:00,17.2,20.6,13.4,4.4,201.0
2025-12-13T22:00,15.6,18.7,13.1,4.2,201.0
2025-12-13T23:00,14.6,17.5,12.9,4.0,196.0
2025-12-14T00:00,14.7,17.9,13.1,4.0,183.0
2025-12-14T01:00,16.4,20.7,13.3,4.1,166.0
2025-12-14T02:00,18.3,23.7,13.0,4.0,153.0
2025-12-14T03:00,19.5,25.7,11.8,3.5,149.0
2025-12-14T04:00,19.3,25.1,10.0,2.7,150.0
2025-12-14T05:00,6.3,7.3,6.9,1.7,151.0
2025-12-14T06:00,4.9,5.5,6.7,1.6,152.0
2025-12-14T07:00,3.4,4.0,6.4,1.5,154.0
2025-12-14T08:00,3.4,4.4,5.8,1.5,155.0
2025-12-14T09:00,3.6,4.9,4.4,1.5,153.0
2025-12-14T10:00,4.3,6.7,2.7,1.6,151.0
2025-12-14T11:00,5.8,8.7,1.5,1.7,148.0
2025-12-14T12:00,6.7,9.9,1.2,1.9,146.0
2025-12-14T13:00,6.7,9.4,1.4,2.0,145.0
2025-12-14T14:00,6.4,8.7,1.8,2.2,144.0
2025-12-14T15:00,6.4,8.3,2.3,2.3,144.0
2025-12-14T16:00,6.7,8.2,3.0,2.4,144.0
2025-12-14T17:00,6.0,7.5,3.6,2.0,144.0
2025-12-14T18:00,7.1,9.0,3.9,2.0,141.0
2025-12-14T19:00,6.7,8.2,4.4,2.0,137.0
2025-12-14T20:00,6.6,7.9,4.5,1.9,138.0
2025-12-14T21:00,6.9,8.5,4.0,1.8,147.0
2025-12-14T22:00,6.3,8.1,3.2,1.7,160.0
2025-12-14T23:00,6.9,9.1,2.6,1.6,170.0
2025-12-15T00:00,8.1,10.2,2.4,1.6,172.0
2025-12-15T01:00,7.0,8.2,2.3,1.7,170.0
2025-12-15T02:00,5.0,5.5,2.3,1.7,169.0
2025-12-15T03:00,3.6,3.9,2.3,1.7,172.0
2025-12-15T04:00,3.2,3.5,2.4,1.7,176.0
2025-12-15T05:00,5.0,5.7,2.6,1.8,178.0
2025-12-15T06:00,3.5,3.9,2.9,1.9,175.0
2025-12-15T07:00,2.6,3.0,3.4,2.1,168.0
2025-12-15T08:00,2.2,2.6,3.8,2.2,163.0
2025-12-15T09:00,1.9,2.3,4.0,2.3,160.0
2025-12-15T10:00,1.9,2.4,4.1,2.4,157.0
2025-12-15T11:00,2.1,2.6,4.1,2.5,155.0
2025-12-15T12:00,2.5,3.1,3.9,2.6,152.0
2025-12-15T13:00,3.0,3.7,3.7,2.7,150.0
2025-12-15T14:00,3.6,4.4,4.0,2.8,150.0
2025-12-15T15:00,4.1,5.0,4.9,3.0,152.0
2025-12-15T16:00,4.7,5.7,6.3,3.2,156.0
2025-12-15T17:00,8.8,10.6,8.7,3.2,163.0
2025-12-15T18:00,10.2,11.9,11.2,3.9,176.0
2025-12-15T19:00,11.3,12.9,14.6,4.8,192.0
2025-12-15T20:00,12.4,13.9,16.6,5.2,200.0
2025-12-15T21:00,12.7,14.1,16.1,4.6,196.0
2025-12-15T22:00,11.3,12.5,14.2,3.4,184.0
2025-12-15T23:00,9.5,10.2,12.0,2.4,172.0
2025-12-16T00:00,7.6,8.0,9.7,1.6,159.0
2025-12-16T01:00,6.2,6.6,7.2,1.0,146.0
2025-12-16T02:00,5.7,6.1,5.1,0.6,139.0
2025-12-16T03:00,5.5,5.9,3.7,0.6,142.0
2025-12-16T04:00,5.1,5.7,2.8,0.8,152.0
2025-12-16T05:00,3.5,4.2,1.6,1.2,159.0
2025-12-16T06:00,3.5,4.3,1.8,1.3,162.0
2025-12-16T07:00,3.5,4.3,2.1,1.4,162.0
2025-12-16T08:00,3.6,4.4,2.3,1.5,162.0
2025-12-16T09:00,3.7,4.4,2.2,1.4,161.0
2025-12-16T10:00,3.4,4.1,2.0,1.2,158.0
2025-12-16T11:00,3.3,4.0,2.3,1.2,157.0
2025-12-16T12:00,3.3,4.0,3.1,1.5,157.0
2025-12-16T13:00,3.7,4.4,4.4,2.1,158.0
2025-12-16T14:00,4.1,4.8,6.1,2.7,161.0
2025-12-16T15:00,4.6,5.3,8.5,3.4,169.0
2025-12-16T16:00,5.7,6.3,11.3,4.1,179.0
2025-12-16T17:00,7.9,8.7,11.5,4.0,184.0
2025-12-16T18:00,10.2,11.3,12.4,4.7,181.0
2025-12-16T19:00,11.9,13.3,13.5,5.5,174.0
2025-12-16T20:00,12.7,14.2,13.9,5.8,165.0
2025-12-16T21:00,12.7,14.0,12.9,5.1,155.0
2025-12-16T22:00,11.1,12.2,11.1,3.8,143.0
2025-12-16T23:00,9.2,10.3,9.3,2.6,135.0
2025-12-17T00:00,8.1,9.7,7.5,1.8,132.0
2025-12-17T01:00,6.5,8.1,5.6,1.1,133.0
2025-12-17T02:00,5.5,7.2,4.1,0.7,138.0
2025-12-17T03:00,4.7,6.6,2.9,0.6,152.0
2025-12-17T04:00,4.5,6.4,2.2,0.8,171.0
2025-12-17T05:00,4.7,7.8,3.4,0.6,184.0
2025-12-17T06:00,4.8,8.4,4.0,0.8,187.0
2025-12-17T07:00,5.2,9.3,4.8,1.0,183.0
2025-12-17T08:00,6.0,10.6,5.6,1.3,178.0
2025-12-17T09:00,6.9,11.8,6.1,1.6,170.0
2025-12-17T10:00,7.6,12.8,6.6,1.9,160.0
2025-12-17T11:00,7.8,14.0,7.5,2.3,154.0
2025-12-17T12:00,9.3,16.6,9.1,2.8,153.0
2025-12-17T13:00,10.9,18.5,11.1,3.4,155.0
2025-12-17T14:00,12.0,19.6,13.1,4.0,161.0
2025-12-17T15:00,11.5,17.3,15.1,4.4,173.0
2025-12-17T16:00,13.2,18.8,17.2,4.8,189.0
2025-12-17T17:00,10.9,12.3,22.3,6.5,202.0
2025-12-17T18:00,10.2,10.8,22.9,7.0,211.0
2025-12-17T19:00,9.5,9.9,23.8,7.6,218.0
2025-12-17T20:00,8.5,8.8,24.1,8.1,221.0
2025-12-17T21:00,7.6,7.8,23.6,8.5,219.0
2025-12-17T22:00,6.9,7.2,22.7,8.7,214.0
2025-12-17T23:00,6.2,6.5,21.4,8.7,207.0
2025-12-18T00:00,6.0,6.3,19.9,8.4,199.0
2025-12-18T01:00,5.6,5.8,18.0,7.8,189.0
2025-12-18T02:00,4.6,4.8,16.0,7.2,184.0
2025-12-18T03:00,3.5,3.7,13.6,6.5,188.0
2025-12-18T04:00,2.9,3.1,11.0,5.8,196.0
2025-12-18T05:00,0.2,0.2,9.0,4.8,200.0
2025-12-18T06:00,0.3,0.4,8.8,4.4,197.0
2025-12-18T07:00,0.5,0.5,8.5,3.9,190.0
2025-12-18T08:00,0.5,0.5,7.8,3.6,184.0
2025-12-18T09:00,0.6,0.6,6.4,3.6,181.0
2025-12-18T10:00,0.7,0.8,4.7,3.7,178.0
2025-12-18T11:00,0.8,0.9,3.5,3.9,177.0
2025-12-18T12:00,1.0,1.1,3.1,4.2,178.0
2025-12-18T13:00,1.3,1.5,3.1,4.5,180.0
2025-12-18T14:00,1.4,1.6,3.5,4.7,183.0
2025-12-18T15:00,1.4,1.5,4.3,4.6,186.0
2025-12-18T16:00,1.2,1.3,5.4,4.4,189.0
2025-12-18T17:00,1.6,1.7,6.8,3.9,192.0
2025-12-18T18:00,1.8,1.9,7.2,3.9,193.0
2025-12-18T19:00,2.1,2.2,7.8,4.0,193.0
2025-12-18T20:00,2.5,2.6,9.1,4.1,193.0
2025-12-18T21:00,3.3,3.4,11.7,4.5,192.0
2025-12-18T22:00,4.3,4.4,15.0,4.9,191.0
2025-12-18T23:00,5.4,5.6,17.6,5.3,189.0
2025-12-19T00:00,6.5,6.7,18.7,5.5,186.0
2025-12-19T01:00,7.1,7.3,19.1,5.6,183.0
2025-12-19T02:00,7.3,7.6,19.2,5.7,183.0
2025-12-19T03:00,7.7,7.9,19.1,5.6,187.0
2025-12-19T04:00,8.1,8.3,18.7,5.5,194.0
2025-12-19T05:00,7.3,7.5,14.1,3.5,201.0
2025-12-19T06:00,7.8,8.1,15.0,3.8,209.0
2025-12-19T07:00,8.8,9.2,16.0,4.3,216.0
2025-12-19T08:00,9.8,10.2,15.8,4.4,220.0
2025-12-19T09:00,9.7,10.1,13.0,3.9,217.0
2025-12-19T10:00,9.3,9.7,8.9,3.2,211.0
2025-12-19T11:00,9.1,9.5,6.1,2.8,205.0
2025-12-19T12:00,8.6,9.1,5.6,3.0,202.0
2025-12-19T13:00,8.9,9.3,6.5,3.6,199.0
2025-12-19T14:00,9.4,9.8,8.3,4.1,199.0
2025-12-19T15:00,10.2,10.5,11.6,4.5,203.0
2025-12-19T16:00,11.0,11.1,15.8,4.8,210.0
2025-12-19T17:00,14.3,15.0,20.0,5.2,213.0
2025-12-19T18:00,15.3,15.8,21.6,5.7,210.0
2025-12-19T19:00,15.9,16.5,23.6,6.4,205.0
2025-12-19T20:00,15.9,16.6,24.7,6.7,198.0
2025-12-19T21:00,15.1,15.9,23.8,6.4,190.0
2025-12-19T22:00,13.9,14.7,22.0,5.8,181.0
2025-12-19T23:00,12.8,13.7,20.4,5.3,174.0
2025-12-20T00:00,12.3,13.3,19.5,5.1,171.0
2025-12-20T01:00,12.1,13.4,18.9,5.0,170.0
2025-12-20T02:00,12.7,14.1,18.6,5.1,172.0
2025-12-20T03:00,12.6,14.2,19.0,5.6,177.0
2025-12-20T04:00,10.5,12.3,19.6,6.3,183.0
2025-12-20T05:00,12.4,14.7,18.9,3.5,190.0
2025-12-20T06:00,12.3,14.6,17.7,3.6,196.0
2025-12-20T07:00,12.0,14.2,15.9,3.8,202.0
2025-12-20T08:00,11.6,13.9,14.0,3.9,207.0
2025-12-20T09:00,10.9,13.2,11.8,4.0,211.0
2025-12-20T10:00,10.7,13.2,9.4,4.1,214.0
2025-12-20T11:00,10.0,12.3,7.7,4.2,216.0
2025-12-20T12:00,9.5,11.5,7.1,4.1,215.0
2025-12-20T13:00,8.1,9.5,7.1,4.0,214.0
2025-12-20T14:00,5.8,6.5,7.6,3.9,215.0
2025-12-20T15:00,5.4,5.8,8.7,3.8,223.0
2025-12-20T16:00,5.3,5.7,10.3,3.8,235.0
2025-12-20T17:00,2.8,2.8,9.1,3.4,242.0
2025-12-20T18:00,2.8,2.8,9.6,3.5,242.0
2025-12-20T19:00,2.7,2.8,10.3,3.7,237.0
2025-12-20T20:00,3.2,3.3,11.0,4.0,232.0
2025-12-20T21:00,3.9,4.0,11.6,4.3,226.0
2025-12-20T22:00,4.0,4.1,12.2,4.7,220.0
2025-12-20T23:00,3.6,3.6,12.6,5.0,215.0
2025-12-21T00:00,3.5,3.6,12.5,5.1,211.0
2025-12-21T01:00,3.7,3.8,12.1,5.2,208.0
2025-12-21T02:00,4.1,4.2,12.3,5.5,208.0
2025-12-21T03:00,5.2,5.4,13.5,6.1,212.0
2025-12-21T04:00,5.8,6.0,15.2,6.8,218.0
2025-12-21T05:00,4.3,4.4,8.0,4.8,224.0
2025-12-21T06:00,4.3,4.4,8.4,5.1,228.0
2025-12-21T07:00,4.2,4.3,8.8,5.4,231.0
2025-12-21T08:00,4.7,4.8,8.5,5.7,232.0
2025-12-21T09:00,5.4,5.4,6.6,5.9,229.0
2025-12-21T10:00,5.3,5.4,4.1,6.1,224.0
2025-12-21T11:00,4.6,4.6,2.5,6.1,218.0
2025-12-21T12:00,5.3,5.3,2.6,5.7,211.0
2025-12-21T13:00,7.0,7.0,3.8,5.1,203.0
2025-12-21T14:00,9.0,9.0,5.6,4.8,202.0
2025-12-21T15:00,10.5,10.6,8.5,5.0,215.0
2025-12-21T16:00,11.7,11.7,12.1,5.4,236.0
2025-12-21T17:00,14.7,15.0,16.1,4.9,248.0
2025-12-21T18:00,15.4,15.7,16.4,4.7,245.0
2025-12-21T19:00,15.5,15.8,16.8,4.3,235.0
2025-12-21T20:00,13.5,13.7,16.5,3.7,222.0
2025-12-21T21:00,10.6,10.7,15.1,2.8,208.0
2025-12-21T22:00,8.7,8.8,13.1,1.6,192.0
2025-12-21T23:00,4.4,4.4,11.0,0.8,179.0
2025-12-22T00:00,4.7,4.7,8.8,0.5,170.0
2025-12-22T01:00,3.9,4.0,6.4,0.5,165.0
2025-12-22T02:00,4.4,4.5,4.6,0.6,164.0
2025-12-22T03:00,5.2,5.3,3.5,0.6,171.0
2025-12-22T04:00,5.6,5.7,2.9,0.6,183.0
2025-12-22T05:00,6.8,6.9,2.3,1.1,191.0
2025-12-22T06:00,6.5,6.6,2.8,1.1,191.0
2025-12-22T07:00,6.9,7.0,3.4,1.2,188.0
2025-12-22T08:00,7.1,7.2,3.7,1.2,185.0
2025-12-22T09:00,7.5,7.6,3.5,1.2,183.0
2025-12-22T10:00,8.6,8.6,2.9,1.2,181.0
2025-12-22T11:00,9.3,9.4,2.7,1.2,181.0
2025-12-22T12:00,9.0,9.1,3.0,1.2,182.0
2025-12-22T13:00,8.9,9.0,3.6,1.3,184.0
2025-12-22T14:00,9.5,9.6,4.1,1.3,188.0
2025-12-22T15:00,9.6,9.7,4.4,1.3,196.0
2025-12-22T16:00,9.6,9.7,4.6,1.2,205.0
2025-12-22T17:00,25.8,27.9,10.7,2.2,209.0
2025-12-22T18:00,26.5,28.6,10.7,2.2,203.0
2025-12-22T19:00,26.9,29.1,10.8,2.1,191.0
2025-12-22T20:00,28.5,30.7,10.5,2.1,179.0
2025-12-22T21:00,27.2,29.5,9.9,2.1,167.0
2025-12-22T22:00,23.5,26.0,8.9,2.0,156.0
2025-12-22T23:00,22.1,24.8,7.9,1.9,147.0
2025-12-23T00:00,21.1,23.9,6.6,1.6,143.0
2025-12-23T01:00,20.0,23.0,5.2,1.3,142.0
2025-12-23T02:00,19.2,22.3,4.1,1.1,145.0
2025-12-23T03:00,18.4,21.6,3.4,1.0,153.0
2025-12-23T04:00,17.7,20.9,2.9,1.0,164.0
2025-12-23T05:00,15.7,19.2,2.6,1.1,173.0
2025-12-23T06:00,14.5,17.9,2.7,1.4,178.0
2025-12-23T07:00,12.7,15.8,2.8,1.9,181.0
2025-12-23T08:00,10.5,13.0,2.8,2.3,182.0
2025-12-23T09:00,8.8,10.9,2.7,2.6,181.0
2025-12-23T10:00,7.6,9.4,2.6,2.8,179.0
2025-12-23T11:00,6.7,8.1,2.5,2.9,176.0
2025-12-23T12:00,5.9,7.1,2.4,2.8,174.0
2025-12-23T13:00,6.6,7.9,2.3,2.7,171.0
2025-12-23T14:00,8.1,9.7,2.4,2.5,169.0
2025-12-23T15:00,8.2,9.7,2.9,2.3,167.0
2025-12-23T16:00,8.5,10.1,3.7,2.2,166.0
2025-12-23T17:00,12.6,16.1,4.4,2.2,164.0
2025-12-23T18:00,14.1,18.0,4.1,2.2,162.0
2025-12-23T19:00,15.5,19.7,3.6,2.3,160.0
2025-12-23T20:00,16.2,20.5,3.2,2.3,158.0
2025-12-23T21:00,15.8,20.0,2.8,2.3,158.0
2025-12-23T22:00,14.7,18.9,2.3,2.4,158.0
2025-12-23T23:00,13.7,17.9,2.0,2.4,155.0
2025-12-24T00:00,13.2,17.6,1.9,2.5,145.0
2025-12-24T01:00,13.2,17.8,1.9,2.5,133.0
2025-12-24T02:00,13.5,18.3,1.9,2.6,127.0
2025-12-24T03:00,13.9,18.9,1.8,2.7,136.0
2025-12-24T04:00,14.3,19.4,1.8,2.8,152.0
2025-12-24T05:00,12.2,16.8,1.1,2.7,162.0
2025-12-24T06:00,12.3,16.6,1.5,3.2,159.0
2025-12-24T07:00,12.7,16.7,2.0,3.8,150.0
2025-12-24T08:00,13.2,16.9,2.3,4.3,145.0
2025-12-24T09:00,13.5,17.1,2.3,4.4,149.0
2025-12-24T10:00,13.6,17.2,2.1,4.4,157.0
2025-12-24T11:00,13.8,17.2,2.1,4.3,164.0
2025-12-24T12:00,14.3,17.6,2.3,4.2,167.0
2025-12-24T13:00,15.3,18.5,2.8,4.2,169.0
2025-12-24T14:00,16.5,19.6,3.9,4.2,169.0
2025-12-24T15:00,18.0,21.1,6.5,4.4,167.0
2025-12-24T16:00,19.3,22.5,9.8,4.7,163.0
2025-12-24T17:00,24.3,29.4,5.6,3.8,159.0
2025-12-24T18:00,24.0,29.1,5.4,3.8,155.0
2025-12-24T19:00,23.2,28.1,5.0,3.8,150.0
2025-12-24T20:00,21.7,26.6,4.6,3.7,148.0
2025-12-24T21:00,19.9,24.7,4.0,3.6,150.0
2025-12-24T22:00,18.0,22.8,3.3,3.4,153.0
2025-12-24T23:00,16.4,21.1,2.7,3.2,156.0
2025-12-25T00:00,15.0,19.7,2.3,2.9,155.0
2025-12-25T01:00,13.9,18.6,2.1,2.6,153.0
2025-12-25T02:00,12.9,17.5,1.9,2.4,153.0
2025-12-25T03:00,11.9,16.4,1.7,2.2,157.0
2025-12-25T04:00,11.2,15.4,1.6,2.1,163.0
2025-12-25T05:00,9.3,13.3,0.9,2.0,166.0
2025-12-25T06:00,9.5,13.6,1.3,2.1,164.0
2025-12-25T07:00,10.1,14.2,1.8,2.3,160.0
2025-12-25T08:00,10.9,15.0,2.2,2.5,156.0
2025-12-25T09:00,11.7,15.8,2.4,2.6,152.0
2025-12-25T10:00,12.3,16.5,2.5,2.7,148.0
2025-12-25T11:00,12.9,17.1,2.7,2.7,145.0
2025-12-25T12:00,13.4,17.6,3.2,2.7,145.0
2025-12-25T13:00,13.9,17.9,3.9,2.7,145.0
2025-12-25T14:00,14.7,18.7,4.6,2.7,146.0
2025-12-25T15:00,15.7,19.6,5.5,2.8,147.0
2025-12-25T16:00,16.6,20.5,6.4,2.9,147.0
2025-12-25T17:00,20.8,26.1,5.3,2.9,145.0
2025-12-25T18:00,20.6,26.1,5.0,2.8,136.0
2025-12-25T19:00,19.3,24.9,4.5,2.6,125.0
2025-12-25T20:00,17.6,23.2,4.1,2.5,119.0
2025-12-25T21:00,16.4,21.9,3.9,2.5,125.0
2025-12-25T22:00,15.4,20.5,3.7,2.6,137.0
2025-12-25T23:00,13.9,18.8,3.3,2.6,147.0
2025-12-26T00:00,11.8,16.3,2.5,2.6,149.0
2025-12-26T01:00,10.3,15.5,1.5,2.5,149.0
2025-12-26T02:00,10.6,16.8,0.9,2.6,152.0
2025-12-26T03:00,11.9,18.7,0.8,2.9,163.0
2025-12-26T04:00,13.0,20.1,1.0,3.3,178.0
2025-12-26T05:00,17.4,29.8,2.2,3.8,189.0
2025-12-26T06:00,17.6,29.6,2.7,3.6,192.0
2025-12-26T07:00,18.5,29.6,3.4,3.2,192.0
2025-12-26T08:00,19.3,28.8,3.9,3.0,190.0
2025-12-26T09:00,19.8,28.1,3.9,2.9,188.0
2025-12-26T10:00,20.4,28.1,3.7,2.9,184.0
2025-12-26T11:00,20.1,30.7,3.6,2.9,181.0
2025-12-26T12:00,20.7,34.0,3.7,2.8,178.0
2025-12-26T13:00,22.5,37.8,3.8,2.8,175.0
2025-12-26T14:00,21.9,36.3,4.5,2.7,175.0
2025-12-26T15:00,21.1,35.3,6.0,2.7,182.0
2025-12-26T16:00,20.2,33.2,8.0,2.7,193.0
2025-12-26T17:00,25.9,36.7,5.8,2.7,197.0
2025-12-26T18:00,27.6,38.3,6.9,2.6,188.0
2025-12-26T19:00,27.2,37.3,8.4,2.4,173.0
2025-12-26T20:00,25.4,34.5,8.9,2.1,161.0
2025-12-26T21:00,22.5,30.4,7.5,1.7,157.0
2025-12-26T22:00,17.8,24.4,5.2,1.3,158.0
2025-12-26T23:00,13.9,19.5,3.4,1.1,158.0
2025-12-27T00:00,11.4,16.6,2.6,1.1,157.0
2025-12-27T01:00,10.4,15.7,2.3,1.4,157.0
2025-12-27T02:00,10.9,16.6,2.2,1.6,158.0
2025-12-27T03:00,12.1,18.4,2.2,1.8,163.0
2025-12-27T04:00,12.7,19.5,2.5,2.1,170.0
2025-12-27T05:00,7.9,13.4,1.3,1.1,175.0
2025-12-27T06:00,7.7,13.2,1.5,1.2,174.0
2025-12-27T07:00,7.6,13.0,1.8,1.3,171.0
2025-12-27T08:00,8.2,14.0,2.0,1.5,168.0
2025-12-27T09:00,8.8,15.1,2.0,1.7,166.0
2025-12-27T10:00,9.5,16.2,2.0,1.9,164.0
2025-12-27T11:00,10.2,17.5,2.1,2.1,161.0
2025-12-27T12:00,10.8,18.5,2.2,2.4,157.0
2025-12-27T13:00,11.5,19.4,2.3,2.7,152.0
2025-12-27T14:00,12.6,20.8,3.3,3.0,150.0
2025-12-27T15:00,13.9,22.2,6.2,3.3,152.0
2025-12-27T16:00,15.3,23.7,9.8,3.7,157.0
2025-12-27T17:00,15.3,24.7,3.6,2.4,157.0
2025-12-27T18:00,15.4,24.6,3.4,2.5,149.0
2025-12-27T19:00,14.6,23.4,3.1,2.6,137.0
2025-12-27T20:00,13.0,21.4,2.8,2.7,128.0
2025-12-27T21:00,11.4,19.3,2.5,2.7,125.0
2025-12-27T22:00,10.0,17.6,2.2,2.6,124.0
2025-12-27T23:00,9.2,16.5,1.9,2.5,125.0
2025-12-28T00:00,8.6,15.5,1.7,2.4,125.0
2025-12-28T01:00,8.2,14.8,1.5,2.4,126.0
2025-12-28T02:00,7.8,14.2,1.4,2.3,130.0
2025-12-28T03:00,7.6,13.8,1.3,2.2,139.0
2025-12-28T04:00,7.5,13.6,1.2,2.2,150.0
2025-12-28T05:00,7.3,13.5,1.0,1.6,156.0
2025-12-28T06:00,7.7,13.9,1.2,1.8,152.0
2025-12-28T07:00,8.1,14.3,1.5,2.2,142.0
2025-12-28T08:00,8.6,14.7,1.8,2.4,135.0
2025-12-28T09:00,9.0,15.0,2.0,2.5,135.0
2025-12-28T10:00,9.3,15.2,2.1,2.4,137.0
2025-12-28T11:00,9.4,15.3,2.2,2.4,138.0
2025-12-28T12:00,9.3,15.1,2.2,2.4,134.0
2025-12-28T13:00,9.9,15.6,2.2,2.3,129.0
2025-12-28T14:00,10.2,15.8,2.3,2.3,128.0
2025-12-28T15:00,10.1,15.7,2.6,2.4,134.0
2025-12-28T16:00,10.4,15.8,3.0,2.6,144.0
2025-12-28T17:00,12.8,19.0,3.4,2.8,150.0
2025-12-28T18:00,14.0,20.0,3.3,3.0,149.0
2025-12-28T19:00,13.3,19.0,3.1,3.2,145.0
2025-12-28T20:00,11.7,17.1,3.0,3.3,140.0
2025-12-28T21:00,10.7,15.7,2.9,3.2,134.0
2025-12-28T22:00,10.2,15.0,2.8,3.0,127.0
2025-12-28T23:00,10.0,14.9,2.7,2.8,122.0
2025-12-29T00:00,9.9,14.6,2.6,2.6,119.0
2025-12-29T01:00,9.6,14.2,2.6,2.3,118.0
2025-12-29T02:00,9.3,13.9,2.4,2.1,119.0
2025-12-29T03:00,9.0,13.9,1.9,2.0,123.0
2025-12-29T04:00,8.5,13.6,1.2,2.1,129.0
2025-12-29T05:00,8.3,13.8,0.6,2.3,133.0
2025-12-29T06:00,8.5,12.8,1.3,2.4,132.0
2025-12-29T07:00,9.0,13.0,2.2,2.5,128.0
2025-12-29T08:00,9.3,13.1,2.8,2.6,124.0
2025-12-29T09:00,9.2,13.1,2.9,2.5,122.0
2025-12-29T10:00,8.6,12.5,2.6,2.3,120.0
2025-12-29T11:00,8.4,12.1,2.5,2.2,119.0
2025-12-29T12:00,8.4,12.4,2.5,2.4,118.0
2025-12-29T13:00,8.6,12.7,2.6,2.7,118.0
2025-12-29T14:00,8.8,12.8,2.8,2.8,118.0
2025-12-29T15:00,8.0,12.0,3.1,2.7,120.0
2025-12-29T16:00,7.9,11.8,3.4,2.4,122.0
2025-12-29T17:00,8.9,13.8,3.5,1.9,124.0
2025-12-29T18:00,9.0,14.0,3.2,1.7,123.0
2025-12-29T19:00,8.8,14.1,2.7,1.5,121.0
2025-12-29T20:00,8.6,14.1,2.3,1.4,120.0
2025-12-29T21:00,8.6,14.1,1.9,1.4,122.0
2025-12-29T22:00,8.7,14.3,1.7,1.4,125.0
2025-12-29T23:00,8.9,14.6,2.1,1.6,131.0
2025-12-30T00:00,9.6,15.5,3.9,1.9,144.0
2025-12-30T01:00,10.8,16.9,6.4,2.4,159.0
2025-12-30T02:00,11.3,17.2,7.8,2.6,168.0
2025-12-30T03:00,11.4,18.0,7.1,2.4,165.0
2025-12-30T04:00,10.7,16.6,5.4,2.0,156.0
2025-12-30T05:00,9.3,14.9,3.8,1.4,148.0
2025-12-30T06:00,9.0,13.0,4.4,1.5,142.0
2025-12-30T07:00,9.1,13.0,5.1,1.7,138.0
2025-12-30T08:00,9.4,13.1,5.4,1.9,135.0
2025-12-30T09:00,9.5,12.6,4.8,1.9,136.0
2025-12-30T10:00,8.7,11.4,3.9,1.9,138.0
2025-12-30T11:00,6.8,9.7,3.3,2.0,140.0
2025-12-30T12:00,6.1,10.3,3.4,2.3,138.0
2025-12-30T13:00,6.6,10.9,3.9,2.7,135.0
2025-12-30T14:00,7.7,11.9,5.0,3.2,135.0
2025-12-30T15:00,9.6,13.9,7.0,3.8,140.0
2025-12-30T16:00,10.9,14.7,9.4,4.4,147.0
2025-12-30T17:00,14.2,18.5,14.9,4.2,154.0
2025-12-30T18:00,15.5,19.7,15.5,4.2,160.0
2025-12-30T19:00,16.9,21.1,16.3,4.3,164.0
2025-12-30T20:00,16.9,20.8,16.0,4.1,166.0
2025-12-30T21:00,16.2,19.8,13.8,3.6,162.0
2025-12-30T22:00,15.3,18.5,10.6,3.0,155.0
2025-12-30T23:00,13.9,16.1,7.8,2.4,148.0
2025-12-31T00:00,11.6,13.2,5.9,2.0,141.0
2025-12-31T01:00,9.1,10.3,4.3,1.8,134.0
2025-12-31T02:00,7.6,8.6,3.1,1.6,131.0
2025-12-31T03:00,6.8,8.1,2.3,1.5,136.0
2025-12-31T04:00,6.2,9.6,1.8,1.4,146.0
2025-12-31T05:00,5.3,7.4,3.3,0.9,154.0
2025-12-31T06:00,5.9,9.2,3.0,1.0,158.0
2025-12-31T07:00,5.7,8.8,2.6,1.2,161.0
2025-12-31T08:00,5.9,9.5,2.5,1.4,162.0
2025-12-31T09:00,7.0,11.5,2.9,1.8,161.0
2025-12-31T10:00,7.9,12.4,3.7,2.2,159.0
2025-12-31T11:00,7.7,10.8,4.3,2.5,160.0
2025-12-31T12:00,6.5,8.2,4.6,2.5,168.0
2025-12-31T13:00,2.9,3.3,4.8,2.3,179.0
2025-12-31T14:00,1.4,1.5,5.1,2.1,188.0
2025-12-31T15:00,1.0,1.0,5.5,2.1,190.0
2025-12-31T16:00,0.8,0.8,6.0,2.1,190.0
2025-12-31T17:00,3.7,3.9,5.5,2.3,191.0
2025-12-31T18:00,3.2,3.5,6.2,2.4,196.0
2025-12-31T19:00,3.6,3.9,7.2,2.7,202.0
2025-12-31T20:00,4.4,4.8,8.3,2.9,206.0
2025-12-31T21:00,5.2,5.5,9.7,3.2,206.0
2025-12-31T22:00,5.8,6.1,11.2,3.5,204.0
2025-12-31T23:00,6.2,6.5,12.3,3.8,200.0
2026-01-01T00:00,6.6,6.9,12.6,4.0,193.0
2026-01-01T01:00,7.6,8.0,12.4,4.3,184.0
2026-01-01T02:00,8.1,8.5,12.1,4.5,181.0
2026-01-01T03:00,7.1,7.4,11.7,4.8,191.0
2026-01-01T04:00,6.5,6.7,11.2,5.2,206.0
2026-01-01T05:00,6.9,7.3,11.6,4.6,218.0
2026-01-01T06:00,6.8,7.2,11.5,4.5,220.0
2026-01-01T07:00,7.8,8.1,11.2,4.3,218.0
2026-01-01T08:00,9.0,9.4,10.3,4.1,217.0
2026-01-01T09:00,9.5,9.8,8.4,4.0,219.0
2026-01-01T10:00,8.3,8.6,5.9,4.0,222.0
2026-01-01T11:00,7.0,7.4,3.9,4.0,222.0
2026-01-01T12:00,5.8,6.5,2.8,4.0,215.0
2026-01-01T13:00,5.1,6.1,2.2,4.0,205.0
2026-01-01T14:00,5.0,6.2,2.2,4.0,199.0
2026-01-01T15:00,4.8,6.3,2.7,4.0,204.0
2026-01-01T16:00,5.0,6.5,3.6,4.1,214.0
2026-01-01T17:00,25.0,39.5,4.1,3.4,217.0
2026-01-01T18:00,27.4,41.7,7.1,3.9,204.0
2026-01-01T19:00,29.1,43.2,11.1,4.6,184.0
2026-01-01T20:00,29.5,43.9,13.3,4.8,168.0
2026-01-01T21:00,28.1,42.5,12.1,4.1,160.0
2026-01-01T22:00,25.5,38.3,9.1,2.9,156.0
2026-01-01T23:00,22.1,33.1,6.3,1.9,156.0
2026-01-02T00:00,18.7,27.7,4.3,1.5,160.0
2026-01-02T01:00,15.5,23.0,2.4,1.3,167.0
2026-01-02T02:00,13.0,19.4,1.2,1.2,173.0
2026-01-02T03:00,11.5,17.4,0.8,1.2,178.0
2026-01-02T04:00,10.6,16.4,1.0,1.3,182.0
2026-01-02T05:00,8.8,15.7,1.0,1.5,183.0
2026-01-02T06:00,8.6,14.6,1.2,1.7,181.0
2026-01-02T07:00,6.8,11.6,1.6,1.9,176.0
2026-01-02T08:00,6.3,10.4,1.8,2.1,169.0
2026-01-02T09:00,5.0,8.1,1.8,2.2,157.0
2026-01-02T10:00,5.0,7.7,1.8,2.3,143.0
2026-01-02T11:00,5.9,8.9,1.7,2.4,133.0
2026-01-02T12:00,7.5,11.0,1.6,2.7,129.0
2026-01-02T13:00,9.1,13.0,1.6,3.1,128.0
2026-01-02T14:00,10.6,14.9,1.8,3.4,129.0
2026-01-02T15:00,12.1,16.4,2.7,3.5,134.0
2026-01-02T16:00,13.4,17.6,3.8,3.6,141.0
2026-01-02T17:00,19.2,23.6,4.9,3.6,145.0
2026-01-02T18:00,20.1,24.2,4.7,3.5,144.0
2026-01-02T19:00,19.0,23.1,4.4,3.3,140.0
2026-01-02T20:00,17.3,21.7,4.0,3.3,136.0
2026-01-02T21:00,15.9,20.7,3.5,3.5,133.0
2026-01-02T22:00,15.2,20.3,3.0,3.9,131.0
2026-01-02T23:00,14.9,20.3,2.5,4.1,130.0
2026-01-03T00:00,14.8,20.7,2.2,4.2,130.0
2026-01-03T01:00,15.0,21.1,2.0,4.1,130.0
2026-01-03T02:00,15.1,21.2,1.8,4.1,134.0
2026-01-03T03:00,15.4,21.5,1.6,4.1,142.0
2026-01-03T04:00,15.7,21.9,1.5,4.2,153.0
2026-01-03T05:00,11.4,14.8,1.6,3.6,163.0
2026-01-03T06:00,11.2,15.0,1.7,3.6,169.0
2026-01-03T07:00,11.4,15.6,1.9,3.7,174.0
2026-01-03T08:00,12.3,16.8,2.2,3.8,184.0
2026-01-03T09:00,13.4,18.0,2.7,4.0,195.0
2026-01-03T10:00,14.5,19.2,3.4,4.3,210.0
2026-01-03T11:00,16.5,21.4,3.8,4.6,245.0
2026-01-03T12:00,17.8,23.5,3.5,4.9,313.0
2026-01-03T13:00,18.1,24.3,3.0,5.2,402.0
2026-01-03T14:00,18.5,24.6,3.3,5.5,489.0
2026-01-03T15:00,19.5,25.7,5.0,5.7,585.0
2026-01-03T16:00,23.1,29.0,7.5,5.8,680.0
2026-01-03T17:00,31.0,38.4,8.0,5.8,716.0
2026-01-03T18:00,34.1,41.3,10.5,6.5,647.0
2026-01-03T19:00,35.5,42.5,14.0,7.5,520.0
2026-01-03T20:00,36.2,43.2,16.7,8.3,419.0
2026-01-03T21:00,35.9,42.5,17.7,8.6,382.0
2026-01-03T22:00,34.5,40.6,17.8,8.7,371.0
2026-01-03T23:00,32.8,38.5,17.7,8.7,357.0
2026-01-04T00:00,31.8,37.1,17.6,8.5,325.0
2026-01-04T01:00,30.9,35.7,17.3,8.1,290.0
2026-01-04T02:00,29.6,33.4,16.9,7.7,263.0
2026-01-04T03:00,22.6,25.0,16.3,7.2,250.0
2026-01-04T04:00,19.1,20.7,15.6,6.7,246.0
2026-01-04T05:00,22.1,24.7,13.1,6.9,245.0
2026-01-04T06:00,19.9,22.1,12.8,6.8,246.0
2026-01-04T07:00,18.7,20.5,12.4,6.7,250.0
2026-01-04T08:00,18.5,20.3,11.8,6.7,257.0
2026-01-04T09:00,18.4,20.0,10.8,7.0,264.0
2026-01-04T10:00,16.9,18.3,9.6,7.4,273.0
2026-01-04T11:00,17.1,19.4,8.8,7.7,291.0
2026-01-04T12:00,19.5,23.5,8.6,7.7,326.0
2026-01-04T13:00,18.6,23.1,8.7,7.5,369.0
2026-01-04T14:00,19.4,24.8,9.2,7.2,401.0
2026-01-04T15:00,19.9,25.8,10.2,6.8,412.0
2026-01-04T16:00,22.1,28.8,11.4,6.3,411.0
2026-01-04T17:00,32.7,41.0,14.3,5.9,406.0
2026-01-04T18:00,35.9,43.7,14.8,5.9,400.0
2026-01-04T19:00,36.6,43.4,15.6,5.9,390.0
2026-01-04T20:00,36.2,42.7,16.3,6.0,378.0
2026-01-04T21:00,36.6,42.8,17.0,6.1,364.0
2026-01-04T22:00,37.3,43.8,17.7,6.3,349.0
2026-01-04T23:00,30.3,35.6,17.7,6.4,336.0
2026-01-05T00:00,31.4,37.7,16.4,6.4,325.0
2026-01-05T01:00,29.4,35.5,14.5,6.4,317.0
2026-01-05T02:00,26.4,32.2,12.9,6.3,310.0
2026-01-05T03:00,23.0,28.2,12.1,6.1,308.0
2026-01-05T04:00,19.3,23.9,11.7,6.0,308.0
2026-01-05T05:00,17.0,22.6,6.2,4.0,302.0
2026-01-05T06:00,17.2,23.3,6.8,4.3,281.0
2026-01-05T07:00,17.1,23.3,7.7,4.8,254.0
2026-01-05T08:00,17.4,23.5,8.2,5.3,235.0
2026-01-05T09:00,16.4,21.2,8.0,6.1,228.0
2026-01-05T10:00,13.3,17.3,7.3,6.9,229.0
2026-01-05T11:00,13.1,17.5,6.7,7.5,241.0
2026-01-05T12:00,13.6,18.5,6.0,7.5,267.0
2026-01-05T13:00,15.5,21.4,5.4,7.3,304.0
2026-01-05T14:00,16.4,22.8,5.3,7.0,348.0
2026-01-05T15:00,16.9,23.3,5.9,6.8,409.0
2026-01-05T16:00,17.5,23.6,7.0,6.6,477.0
2026-01-05T17:00,34.8,47.7,9.9,6.9,518.0
2026-01-05T18:00,38.6,52.4,11.9,7.3,516.0
2026-01-05T19:00,41.0,54.9,14.5,7.9,487.0
2026-01-05T20:00,41.7,55.1,15.9,8.1,440.0
2026-01-05T21:00,37.7,49.0,15.2,7.6,364.0
2026-01-05T22:00,31.9,40.9,13.3,6.7,271.0
2026-01-05T23:00,26.2,33.5,11.1,5.7,202.0
2026-01-06T00:00,22.6,29.2,8.7,4.6,179.0
2026-01-06T01:00,20.5,27.0,5.9,3.3,181.0
2026-01-06T02:00,19.6,26.8,3.8,2.4,189.0
2026-01-06T03:00,19.3,27.2,2.6,2.0,201.0
2026-01-06T04:00,19.3,27.8,1.9,1.9,219.0
2026-01-06T05:00,16.8,24.8,0.9,1.8,227.0
2026-01-06T06:00,17.3,25.3,1.1,1.8,215.0
2026-01-06T07:00,18.2,26.3,1.4,1.9,193.0
2026-01-06T08:00,19.3,27.6,1.6,2.0,177.0
2026-01-06T09:00,19.8,27.9,1.5,2.1,171.0
2026-01-06T10:00,19.5,27.5,1.2,2.3,170.0
2026-01-06T11:00,18.8,27.7,1.2,2.6,174.0
2026-01-06T12:00,17.5,25.6,1.5,3.2,184.0
2026-01-06T13:00,17.0,24.3,1.9,3.9,200.0
2026-01-06T14:00,16.8,23.7,2.9,4.6,217.0
2026-01-06T15:00,16.9,23.5,4.7,5.3,236.0
2026-01-06T16:00,17.4,23.7,6.9,6.0,257.0
2026-01-06T17:00,26.3,33.3,9.6,6.4,273.0
2026-01-06T18:00,30.0,37.0,10.8,7.0,286.0
2026-01-06T19:00,32.7,39.8,12.4,7.6,295.0
2026-01-06T20:00,33.2,40.3,13.0,7.6,290.0
2026-01-06T21:00,32.4,39.2,11.9,6.1,264.0
2026-01-06T22:00,30.4,36.9,9.9,3.9,225.0
2026-01-06T23:00,27.9,33.8,8.0,2.2,189.0
2026-01-07T00:00,24.7,29.8,6.3,1.4,160.0
2026-01-07T01:00,21.5,26.3,4.6,1.0,135.0
2026-01-07T02:00,19.3,24.0,3.5,0.9,121.0
2026-01-07T03:00,18.5,23.3,3.3,1.0,124.0
2026-01-07T04:00,18.4,23.3,3.7,1.3,138.0
2026-01-07T05:00,12.5,17.9,1.8,1.5,156.0
2026-01-07T06:00,11.4,16.7,1.8,1.8,177.0
2026-01-07T07:00,11.4,16.7,1.7,2.3,201.0
2026-01-07T08:00,12.3,17.6,2.0,2.8,225.0
2026-01-07T09:00,13.8,19.2,2.8,3.3,243.0
2026-01-07T10:00,15.3,20.3,3.9,3.8,259.0
2026-01-07T11:00,16.2,21.6,4.9,4.3,286.0
2026-01-07T12:00,16.1,21.5,5.4,4.7,327.0
2026-01-07T13:00,16.2,21.6,5.8,5.2,377.0
2026-01-07T14:00,16.6,22.2,6.6,5.5,436.0
2026-01-07T15:00,17.1,23.1,8.2,5.7,516.0
2026-01-07T16:00,19.3,25.2,10.3,5.9,605.0
2026-01-07T17:00,20.6,26.5,11.4,6.2,660.0
2026-01-07T18:00,22.7,28.6,11.8,6.2,665.0
2026-01-07T19:00,23.8,29.7,12.2,6.1,636.0
2026-01-07T20:00,23.5,29.3,11.9,5.6,579.0
2026-01-07T21:00,21.4,27.1,10.2,4.4,478.0
2026-01-07T22:00,18.7,24.3,7.7,2.8,349.0
2026-01-07T23:00,16.1,21.9,5.5,1.7,250.0
2026-01-08T00:00,13.8,19.8,4.1,1.4,205.0
2026-01-08T01:00,12.1,17.9,2.9,1.5,189.0
2026-01-08T02:00,10.8,16.4,2.1,1.6,183.0
2026-01-08T03:00,10.0,15.3,1.5,1.7,186.0
2026-01-08T04:00,9.9,15.1,1.2,1.8,198.0
2026-01-08T05:00,9.6,15.4,1.7,1.9,205.0
2026-01-08T06:00,9.8,14.0,2.1,2.2,197.0
2026-01-08T07:00,10.5,14.5,2.6,2.7,183.0
2026-01-08T08:00,11.7,15.6,3.0,3.1,178.0
2026-01-08T09:00,12.4,16.2,3.1,3.3,190.0
2026-01-08T10:00,12.0,15.6,3.1,3.4,212.0
2026-01-08T11:00,11.7,16.1,3.3,3.7,235.0
2026-01-08T12:00,11.8,16.6,3.7,4.4,255.0
2026-01-08T13:00,11.7,16.4,4.3,5.2,276.0
2026-01-08T14:00,12.0,16.6,5.4,5.9,308.0
2026-01-08T15:00,12.7,17.1,7.3,6.4,370.0
2026-01-08T16:00,14.3,18.4,9.8,6.7,443.0
2026-01-08T17:00,22.6,29.1,9.0,7.2,470.0
2026-01-08T18:00,25.1,31.8,9.8,6.8,414.0
2026-01-08T19:00,26.1,32.5,10.8,6.2,313.0
2026-01-08T20:00,25.7,31.0,11.0,5.4,229.0
2026-01-08T21:00,23.6,27.9,9.7,4.1,184.0
2026-01-08T22:00,20.4,24.3,7.6,2.6,155.0
2026-01-08T23:00,17.1,20.7,5.8,1.6,138.0
2026-01-09T00:00,14.5,17.9,4.6,1.4,134.0
2026-01-09T01:00,12.6,15.8,3.6,1.6,141.0
2026-01-09T02:00,11.5,14.5,2.8,1.8,150.0
2026-01-09T03:00,10.8,13.6,2.3,1.9,159.0
2026-01-09T04:00,10.6,13.4,2.0,2.0,169.0
2026-01-09T05:00,9.7,13.0,1.5,2.3,177.0
2026-01-09T06:00,10.2,13.3,2.2,2.5,181.0
2026-01-09T07:00,11.1,14.2,3.1,2.9,183.0
2026-01-09T08:00,12.1,15.3,3.6,3.1,184.0
2026-01-09T09:00,12.6,15.5,3.4,3.2,183.0
2026-01-09T10:00,12.5,14.8,2.9,3.2,182.0
2026-01-09T11:00,12.9,16.6,2.5,3.2,185.0
2026-01-09T12:00,12.7,17.8,2.2,3.3,195.0
2026-01-09T13:00,12.4,17.5,2.1,3.4,210.0
2026-01-09T14:00,12.5,17.5,2.6,3.6,229.0
2026-01-09T15:00,13.0,17.8,4.3,3.9,263.0
2026-01-09T16:00,14.3,18.4,6.8,4.2,301.0
2026-01-09T17:00,21.4,25.1,10.2,4.2,310.0
2026-01-09T18:00,24.7,28.6,11.5,4.2,264.0
2026-01-09T19:00,25.5,29.0,13.3,4.1,189.0
2026-01-09T20:00,23.9,27.2,13.6,4.0,135.0
2026-01-09T21:00,21.2,24.2,11.2,3.7,126.0
2026-01-09T22:00,18.5,21.4,7.4,3.2,137.0
2026-01-09T23:00,16.2,19.1,4.4,2.9,145.0
2026-01-10T00:00,14.7,17.5,3.1,2.8,137.0
2026-01-10T01:00,13.6,16.4,2.6,2.7,124.0
2026-01-10T02:00,13.0,15.7,2.3,2.7,119.0
2026-01-10T03:00,12.7,15.4,2.1,2.6,128.0
2026-01-10T04:00,12.5,15.1,2.1,2.6,145.0
2026-01-10T05:00,11.7,14.1,1.9,2.2,159.0
2026-01-10T06:00,11.9,14.3,2.3,2.3,164.0
2026-01-10T07:00,12.3,14.5,2.8,2.5,167.0
2026-01-10T08:00,12.8,15.0,3.1,2.7,176.0
2026-01-10T09:00,13.0,15.1,3.1,2.8,184.0
2026-01-10T10:00,12.7,14.2,2.8,2.8,199.0
2026-01-10T11:00,13.1,15.2,2.7,2.9,249.0
2026-01-10T12:00,13.8,16.6,2.6,3.1,371.0
2026-01-10T13:00,14.4,17.4,2.5,3.3,528.0
2026-01-10T14:00,15.1,18.1,2.9,3.5,638.0
2026-01-10T15:00,15.5,18.3,4.1,3.7,675.0
2026-01-10T16:00,16.8,19.2,5.7,3.8,665.0
2026-01-10T17:00,16.6,18.5,5.2,3.5,609.0
2026-01-10T18:00,16.5,18.2,5.0,3.3,473.0
2026-01-10T19:00,14.1,15.5,4.8,3.0,291.0
2026-01-10T20:00,11.8,13.2,4.4,2.8,157.0
2026-01-10T21:00,10.4,11.9,3.8,2.7,119.0
2026-01-10T22:00,9.5,11.2,3.2,2.7,130.0
2026-01-10T23:00,9.1,10.9,2.6,2.6,142.0
2026-01-11T00:00,8.8,10.7,2.3,2.4,140.0
2026-01-11T01:00,8.6,10.5,2.1,2.2,141.0
2026-01-11T02:00,8.5,10.5,1.9,2.0,143.0
2026-01-11T03:00,8.6,10.7,1.7,1.9,149.0
2026-01-11T04:00,8.7,10.8,1.6,1.9,158.0
2026-01-11T05:00,7.1,9.1,1.4,1.5,163.0
2026-01-11T06:00,7.2,9.3,1.6,1.6,160.0
2026-01-11T07:00,7.4,9.4,1.9,1.8,154.0
2026-01-11T08:00,7.7,9.7,2.2,1.9,155.0
2026-01-11T09:00,8.0,9.9,2.4,2.1,166.0
2026-01-11T10:00,8.3,9.9,2.7,2.2,184.0
2026-01-11T11:00,8.9,10.3,2.8,2.3,204.0
2026-01-11T12:00,8.7,10.5,2.6,2.3,225.0
2026-01-11T13:00,6.8,8.7,2.2,2.2,248.0
2026-01-11T14:00,6.0,8.5,2.5,2.2,270.0
2026-01-11T15:00,6.4,9.6,3.9,2.4,295.0
2026-01-11T16:00,7.1,10.5,6.0,2.7,318.0
2026-01-11T17:00,8.8,13.6,7.5,2.9,321.0
2026-01-11T18:00,10.0,16.4,8.0,2.9,290.0
2026-01-11T19:00,10.1,18.9,8.0,2.7,239.0
2026-01-11T20:00,9.7,21.5,8.0,2.7,197.0
2026-01-11T21:00,9.5,23.6,8.2,2.9,176.0
2026-01-11T22:00,9.7,26.0,8.4,3.1,164.0
2026-01-11T23:00,10.1,27.8,8.2,3.2,156.0
2026-01-12T00:00,10.4,29.0,7.2,3.0,152.0
2026-01-12T01:00,10.5,29.4,5.9,2.7,152.0
2026-01-12T02:00,10.3,28.3,4.6,2.4,155.0
2026-01-12T03:00,10.9,30.2,3.5,2.0,163.0
2026-01-12T04:00,11.4,30.2,2.4,1.6,173.0
2026-01-12T05:00,17.6,46.0,1.3,1.8,180.0
2026-01-12T06:00,18.6,45.6,1.8,1.9,179.0
2026-01-12T07:00,19.2,45.8,2.6,2.0,174.0
2026-01-12T08:00,20.7,48.5,3.1,2.2,173.0
2026-01-12T09:00,22.2,55.2,3.3,2.4,178.0
2026-01-12T10:00,22.7,49.4,3.4,2.6,186.0
2026-01-12T11:00,22.5,54.8,3.2,2.7,194.0
2026-01-12T12:00,20.8,53.4,2.6,2.7,198.0
2026-01-12T13:00,21.8,58.8,1.7,2.7,202.0
2026-01-12T14:00,20.3,55.2,1.2,2.7,209.0
2026-01-12T15:00,18.5,50.2,1.3,2.7,225.0
2026-01-12T16:00,17.2,45.8,1.8,2.6,245.0
2026-01-12T17:00,15.5,34.7,2.3,2.5,252.0
2026-01-12T18:00,16.5,32.2,2.5,2.5,235.0
2026-01-12T19:00,15.7,28.6,2.7,2.4,205.0
2026-01-12T20:00,14.5,25.9,3.0,2.5,182.0
2026-01-12T21:00,14.0,23.6,3.2,2.8,174.0
2026-01-12T22:00,13.9,21.2,3.5,3.2,172.0
2026-01-12T23:00,13.5,19.2,3.6,3.5,170.0
2026-01-13T00:00,13.3,18.7,3.6,3.8,163.0
2026-01-13T01:00,13.4,19.3,3.4,4.1,156.0
2026-01-13T02:00,13.3,20.1,3.2,4.2,154.0
2026-01-13T03:00,13.1,20.7,2.9,4.1,162.0
2026-01-13T04:00,12.6,20.5,2.4,3.8,174.0
2026-01-13T05:00,11.1,18.9,1.4,2.4,181.0
2026-01-13T06:00,10.7,18.6,1.5,2.4,175.0
2026-01-13T07:00,10.6,18.7,1.7,2.5,163.0
2026-01-13T08:00,10.4,18.3,2.0,2.5,154.0
2026-01-13T09:00,9.9,17.2,2.3,2.6,152.0
2026-01-13T10:00,9.3,15.3,2.7,2.6,153.0
2026-01-13T11:00,9.1,15.4,3.0,2.7,155.0
2026-01-13T12:00,8.7,15.5,3.0,2.8,157.0
2026-01-13T13:00,8.2,15.0,3.0,2.8,159.0
2026-01-13T14:00,7.7,14.1,3.3,2.9,162.0
2026-01-13T15:00,7.5,13.4,4.5,3.1,166.0
2026-01-13T16:00,7.9,12.5,6.1,3.3,170.0
2026-01-13T17:00,11.4,15.5,7.3,3.2,172.0
2026-01-13T18:00,13.7,18.2,7.2,3.0,169.0
2026-01-13T19:00,14.1,18.2,7.0,2.8,165.0
2026-01-13T20:00,12.6,16.3,6.4,2.6,162.0
2026-01-13T21:00,10.4,14.0,5.1,2.4,164.0
2026-01-13T22:00,8.4,12.2,3.3,2.2,169.0
2026-01-13T23:00,7.1,10.9,2.0,2.1,171.0
2026-01-14T00:00,6.4,10.3,1.5,2.0,169.0
2026-01-14T01:00,6.0,9.8,1.4,1.9,164.0
2026-01-14T02:00,5.8,9.6,1.4,1.9,161.0
2026-01-14T03:00,5.7,9.5,1.3,1.9,161.0
2026-01-14T04:00,5.8,9.4,1.2,2.1,162.0
2026-01-14T05:00,4.9,7.9,1.0,2.3,162.0
2026-01-14T06:00,5.0,7.9,1.4,2.5,159.0
2026-01-14T07:00,5.4,8.3,1.8,2.8,155.0
2026-01-14T08:00,6.5,9.3,2.3,3.1,152.0
2026-01-14T09:00,7.4,10.1,2.7,3.3,152.0
2026-01-14T10:00,7.6,9.5,3.0,3.5,152.0
2026-01-14T11:00,8.0,10.4,3.2,3.7,152.0
2026-01-14T12:00,7.9,10.7,3.0,3.9,149.0
2026-01-14T13:00,7.7,10.6,2.6,4.1,146.0
2026-01-14T14:00,8.0,10.9,2.7,4.2,145.0
2026-01-14T15:00,8.8,11.6,3.7,4.3,150.0
2026-01-14T16:00,10.7,13.0,5.1,4.4,157.0
2026-01-14T17:00,11.4,13.3,4.5,3.7,160.0
2026-01-14T18:00,12.7,15.1,4.5,3.8,155.0
2026-01-14T19:00,12.0,14.4,4.5,3.9,145.0
2026-01-14T20:00,10.5,12.7,4.4,4.0,138.0
2026-01-14T21:00,9.5,11.7,4.2,4.2,137.0
2026-01-14T22:00,9.3,11.5,4.0,4.5,138.0
2026-01-14T23:00,9.2,11.4,3.7,4.6,138.0
2026-01-15T00:00,9.0,11.3,3.3,4.6,135.0
2026-01-15T01:00,8.6,11.0,2.8,4.4,132.0
2026-01-15T02:00,7.9,10.2,2.3,4.2,132.0
2026-01-15T03:00,7.1,9.2,1.9,3.8,139.0
2026-01-15T04:00,6.3,8.2,1.5,3.2,149.0
2026-01-15T05:00,4.9,10.1,0.6,1.6,158.0
2026-01-15T06:00,5.4,10.9,0.9,1.7,161.0
2026-01-15T07:00,6.0,11.5,1.3,1.8,162.0
2026-01-15T08:00,6.8,12.5,1.7,1.9,167.0
2026-01-15T09:00,7.6,13.0,2.1,2.1,179.0
2026-01-15T10:00,8.3,14.2,2.5,2.3,194.0
2026-01-15T11:00,9.2,14.1,2.7,2.6,206.0
2026-01-15T12:00,10.4,18.0,2.6,2.9,208.0
2026-01-15T13:00,10.9,18.6,2.4,3.3,208.0
2026-01-15T14:00,11.1,17.8,2.6,3.6,220.0
2026-01-15T15:00,10.7,16.1,3.5,3.9,263.0
2026-01-15T16:00,10.7,14.3,4.9,4.2,320.0
2026-01-15T17:00,13.8,19.2,6.5,4.2,347.0
2026-01-15T18:00,17.3,22.6,8.2,4.5,319.0
2026-01-15T19:00,19.9,25.9,10.5,4.9,262.0
2026-01-15T20:00,21.9,29.0,11.9,5.0,217.0
2026-01-15T21:00,22.6,30.9,11.7,4.7,197.0
2026-01-15T22:00,22.5,31.5,10.7,4.1,190.0
2026-01-15T23:00,22.1,30.9,9.8,3.7,192.0
2026-01-16T00:00,21.0,30.3,9.6,3.8,211.0
2026-01-16T01:00,19.7,29.7,9.5,4.0,240.0
2026-01-16T02:00,18.8,29.6,9.3,4.2,260.0
2026-01-16T03:00,17.9,29.8,8.6,4.1,264.0
2026-01-16T04:00,16.9,29.3,7.8,3.8,259.0
2026-01-16T05:00,18.0,31.3,14.5,4.5,252.0
2026-01-16T06:00,19.1,32.2,14.0,4.3,242.0
2026-01-16T07:00,19.3,32.2,13.3,4.2,229.0
2026-01-16T08:00,19.3,31.4,12.4,4.2,220.0
2026-01-16T09:00,18.3,28.9,11.1,4.6,215.0
2026-01-16T10:00,16.5,26.0,9.6,5.3,214.0
2026-01-16T11:00,15.1,23.7,8.6,5.9,225.0
2026-01-16T12:00,15.6,25.9,8.7,6.6,260.0
2026-01-16T13:00,14.0,21.7,9.4,7.3,307.0
2026-01-16T14:00,13.8,20.2,9.8,7.6,334.0
2026-01-16T15:00,13.6,18.6,9.9,7.4,322.0
2026-01-16T16:00,12.8,16.2,9.8,6.9,290.0
2026-01-16T17:00,4.8,5.4,8.8,4.7,261.0
2026-01-16T18:00,3.1,3.4,7.3,3.9,240.0
2026-01-16T19:00,1.1,1.1,5.3,2.8,222.0
2026-01-16T20:00,0.7,0.7,3.7,2.0,210.0
2026-01-16T21:00,0.6,0.6,2.9,1.7,208.0
2026-01-16T22:00,0.7,0.7,2.5,1.7,213.0
2026-01-16T23:00,0.6,0.6,2.3,1.7,219.0
2026-01-17T00:00,0.5,0.5,2.1,1.7,226.0
2026-01-17T01:00,0.6,0.6,1.9,1.7,233.0
2026-01-17T02:00,0.8,0.9,2.0,1.6,235.0
2026-01-17T03:00,1.1,1.1,2.3,1.4,224.0
2026-01-17T04:00,2.4,2.4,2.8,1.2,207.0
2026-01-17T05:00,2.4,2.5,2.8,1.5,197.0
2026-01-17T06:00,2.3,2.4,3.1,1.5,199.0
2026-01-17T07:00,2.5,2.6,3.4,1.6,207.0
2026-01-17T08:00,2.4,2.5,3.6,1.7,218.0
2026-01-17T09:00,2.0,2.1,3.3,1.8,229.0
2026-01-17T10:00,1.7,1.7,2.7,2.0,243.0
2026-01-17T11:00,2.1,2.2,2.5,2.1,265.0
2026-01-17T12:00,2.7,3.1,2.8,2.2,298.0
2026-01-17T13:00,3.6,4.3,3.4,2.2,339.0
2026-01-17T14:00,4.4,5.2,4.3,2.3,387.0
2026-01-17T15:00,4.8,5.6,5.4,2.4,458.0
2026-01-17T16:00,4.8,5.4,6.8,2.6,536.0
2026-01-17T17:00,9.6,11.4,9.4,2.9,570.0
2026-01-17T18:00,10.4,12.0,10.5,3.2,525.0
2026-01-17T19:00,9.7,11.1,12.1,3.7,437.0
2026-01-17T20:00,10.0,11.4,13.4,4.0,357.0
2026-01-17T21:00,10.7,12.1,13.8,4.1,300.0
2026-01-17T22:00,11.4,12.8,13.9,4.1,253.0
2026-01-17T23:00,11.8,13.2,14.4,4.1,226.0
2026-01-18T00:00,12.4,13.9,15.6,4.1,233.0
2026-01-18T01:00,13.6,15.1,17.3,4.1,262.0
2026-01-18T02:00,9.3,10.3,18.9,4.1,285.0
2026-01-18T03:00,9.5,10.4,20.8,4.2,293.0
2026-01-18T04:00,9.8,10.7,22.6,4.4,296.0
2026-01-18T05:00,5.1,5.4,11.1,1.6,293.0
2026-01-18T06:00,5.9,6.5,11.4,1.9,281.0
2026-01-18T07:00,6.9,7.8,11.8,2.3,262.0
2026-01-18T08:00,7.6,8.6,11.5,2.8,251.0
2026-01-18T09:00,8.1,9.1,9.9,3.3,246.0
2026-01-18T10:00,7.7,8.6,7.6,3.8,247.0
2026-01-18T11:00,9.0,10.1,5.8,4.1,268.0
2026-01-18T12:00,7.7,9.1,4.8,4.0,313.0
2026-01-18T13:00,8.0,9.6,4.2,3.8,378.0
2026-01-18T14:00,8.9,10.8,4.4,3.6,456.0
2026-01-18T15:00,9.9,11.9,5.5,3.7,583.0
2026-01-18T16:00,10.6,12.6,7.4,3.9,724.0
2026-01-18T17:00,26.0,36.8,8.3,4.5,772.0
2026-01-18T18:00,28.8,39.2,10.1,4.8,640.0
2026-01-18T19:00,29.8,40.2,12.5,5.2,415.0
2026-01-18T20:00,31.0,41.4,13.8,5.3,245.0
2026-01-18T21:00,30.9,41.7,13.0,4.8,197.0
2026-01-18T22:00,29.6,40.5,11.0,4.1,204.0
2026-01-18T23:00,27.6,38.5,9.1,3.4,216.0
2026-01-19T00:00,25.7,36.3,7.7,2.9,218.0
2026-01-19T01:00,23.7,34.0,6.4,2.4,225.0
2026-01-19T02:00,21.9,31.9,5.4,2.1,231.0
2026-01-19T03:00,20.4,30.2,4.8,1.9,235.0
2026-01-19T04:00,19.2,28.7,4.4,1.8,238.0
2026-01-19T05:00,13.9,22.8,2.7,1.5,240.0
2026-01-19T06:00,13.2,22.5,3.1,2.0,239.0
2026-01-19T07:00,13.2,22.6,3.6,2.8,237.0
2026-01-19T08:00,13.6,23.1,4.0,3.4,239.0
2026-01-19T09:00,14.4,24.3,4.1,3.7,243.0
2026-01-19T10:00,15.8,25.6,4.1,3.9,251.0
2026-01-19T11:00,17.1,26.1,4.1,4.2,269.0
2026-01-19T12:00,16.8,25.0,3.8,4.9,304.0
2026-01-19T13:00,18.2,26.1,3.6,5.8,350.0
2026-01-19T14:00,20.4,28.1,4.1,6.6,398.0
2026-01-19T15:00,22.9,30.7,6.0,7.1,451.0
2026-01-19T16:00,25.4,33.4,8.8,7.4,506.0
2026-01-19T17:00,34.8,45.8,11.3,8.0,545.0
2026-01-19T18:00,38.5,49.6,12.9,8.8,565.0
2026-01-19T19:00,41.2,52.5,15.1,9.7,570.0
2026-01-19T20:00,42.5,53.9,16.3,9.8,552.0
2026-01-19T21:00,42.7,53.8,15.6,8.3,500.0
2026-01-19T22:00,41.1,51.5,13.9,5.9,425.0
2026-01-19T23:00,34.7,42.5,12.1,3.9,354.0
2026-01-20T00:00,29.5,36.1,10.4,2.8,291.0
2026-01-20T01:00,22.2,28.0,8.6,2.2,231.0
2026-01-20T02:00,20.3,27.4,7.0,1.9,193.0
2026-01-20T03:00,19.2,27.6,5.7,2.1,190.0
2026-01-20T04:00,17.9,26.9,4.5,2.7,208.0
2026-01-20T05:00,25.3,33.6,4.8,2.7,223.0
2026-01-20T06:00,23.5,31.8,4.7,2.8,225.0
2026-01-20T07:00,21.9,30.0,4.5,3.1,224.0
2026-01-20T08:00,20.7,28.6,4.2,3.9,224.0
2026-01-20T09:00,18.4,26.3,3.6,5.8,222.0
2026-01-20T10:00,13.5,18.6,3.0,8.2,222.0
2026-01-20T11:00,13.0,18.6,2.7,10.0,237.0
2026-01-20T12:00,13.6,19.6,3.0,10.9,274.0
2026-01-20T13:00,14.7,20.9,3.6,11.2,328.0
2026-01-20T14:00,15.5,21.8,4.5,11.1,390.0
2026-01-20T15:00,16.7,23.1,5.9,10.6,475.0
2026-01-20T16:00,18.2,24.6,7.7,9.8,569.0
2026-01-20T17:00,33.5,51.2,7.1,7.6,628.0
2026-01-20T18:00,34.3,52.0,7.1,7.4,632.0
2026-01-20T19:00,33.5,51.1,7.0,7.1,600.0
2026-01-20T20:00,30.7,46.9,6.5,6.9,546.0
2026-01-20T21:00,27.4,42.3,5.1,6.8,459.0
2026-01-20T22:00,24.5,38.8,3.3,6.7,350.0
2026-01-20T23:00,22.4,36.2,1.9,6.5,263.0
2026-01-21T00:00,20.8,34.3,1.5,6.2,215.0
2026-01-21T01:00,19.8,33.1,1.6,5.8,188.0
2026-01-21T02:00,18.9,31.7,1.7,5.5,173.0
2026-01-21T03:00,17.9,30.3,1.5,5.2,172.0
2026-01-21T04:00,16.9,28.8,1.4,5.0,184.0
2026-01-21T05:00,14.7,25.3,0.8,3.9,191.0
2026-01-21T06:00,14.7,25.2,0.9,4.1,187.0
2026-01-21T07:00,14.6,25.0,1.0,4.3,179.0
2026-01-21T08:00,14.5,24.4,1.2,4.5,173.0
2026-01-21T09:00,14.1,23.5,1.3,4.5,172.0
2026-01-21T10:00,14.1,23.0,1.4,4.3,174.0
2026-01-21T11:00,13.8,22.4,1.9,4.3,175.0
2026-01-21T12:00,13.6,21.9,3.0,4.5,173.0
2026-01-21T13:00,13.6,21.5,4.4,4.8,172.0
2026-01-21T14:00,13.6,21.1,6.0,5.1,173.0
2026-01-21T15:00,14.0,21.0,7.9,5.3,182.0
2026-01-21T16:00,14.6,20.9,10.0,5.4,195.0
2026-01-21T17:00,17.1,24.3,12.6,4.8,202.0
2026-01-21T18:00,17.9,24.7,12.7,5.0,196.0
2026-01-21T19:00,17.8,24.3,12.8,5.2,184.0
2026-01-21T20:00,17.2,23.5,12.3,5.2,175.0
2026-01-21T21:00,16.5,22.6,10.7,4.9,174.0
2026-01-21T22:00,16.1,22.2,8.6,4.5,177.0
2026-01-21T23:00,15.8,22.3,6.9,4.2,175.0
2026-01-22T00:00,16.3,22.9,6.1,4.1,161.0
2026-01-22T01:00,17.9,25.4,5.7,4.2,143.0
2026-01-22T02:00,18.7,26.7,5.4,4.2,135.0
2026-01-22T03:00,18.9,26.7,5.0,4.1,148.0
2026-01-22T04:00,19.0,27.5,4.7,3.9,171.0
2026-01-22T05:00,16.4,30.5,3.1,2.1,188.0
2026-01-22T06:00,17.8,36.2,3.5,2.8,188.0
2026-01-22T07:00,20.0,38.1,4.1,3.8,181.0
2026-01-22T08:00,22.9,39.2,4.4,4.5,180.0
2026-01-22T09:00,24.4,39.5,4.2,4.7,194.0
2026-01-22T10:00,7.8,11.8,3.8,4.6,214.0
2026-01-22T11:00,1.2,1.5,3.3,4.4,228.0
2026-01-22T12:00,0.5,0.5,2.6,4.2,229.0
2026-01-22T13:00,0.3,0.3,1.9,3.8,223.0
2026-01-22T14:00,0.3,0.4,1.4,3.6,216.0
2026-01-22T15:00,0.5,0.5,1.3,3.5,209.0
2026-01-22T16:00,0.6,0.7,1.5,3.6,202.0
2026-01-22T17:00,1.9,2.2,1.4,3.1,197.0
2026-01-22T18:00,1.9,2.1,1.3,3.1,196.0
2026-01-22T19:00,1.8,1.9,1.1,3.0,198.0
2026-01-22T20:00,1.7,1.7,1.0,3.0,199.0
2026-01-22T21:00,1.6,1.7,1.0,3.0,198.0
2026-01-22T22:00,1.6,1.7,1.1,3.0,196.0
2026-01-22T23:00,1.6,1.7,1.1,3.0,195.0
2026-01-23T00:00,1.6,1.7,1.1,2.9,197.0
2026-01-23T01:00,1.5,1.6,1.1,2.8,201.0
2026-01-23T02:00,1.4,1.6,1.1,2.7,205.0
2026-01-23T03:00,1.4,1.6,1.2,2.6,209.0
2026-01-23T04:00,1.5,1.7,1.4,2.5,213.0
2026-01-23T05:00,1.6,1.9,1.8,2.3,216.0
2026-01-23T06:00,1.6,1.9,2.3,2.6,217.0
2026-01-23T07:00,1.9,2.2,3.1,3.0,217.0
2026-01-23T08:00,2.6,2.9,3.5,3.2,215.0
2026-01-23T09:00,3.2,3.4,3.3,3.0,210.0
2026-01-23T10:00,3.8,4.1,2.8,2.6,204.0
2026-01-23T11:00,3.7,4.1,2.3,2.5,201.0
2026-01-23T12:00,3.5,4.2,1.7,2.9,202.0
2026-01-23T13:00,3.2,4.3,1.1,3.5,206.0
2026-01-23T14:00,3.6,5.1,1.0,4.1,211.0
2026-01-23T15:00,4.2,5.9,1.8,4.5,221.0
2026-01-23T16:00,5.0,6.8,3.0,4.8,232.0
2026-01-23T17:00,24.9,36.8,3.4,4.5,233.0
2026-01-23T18:00,26.1,38.0,3.7,3.9,213.0
2026-01-23T19:00,26.4,38.3,4.2,3.2,183.0
2026-01-23T20:00,27.2,39.0,4.3,2.5,161.0
2026-01-23T21:00,27.8,39.0,3.9,2.1,158.0
2026-01-23T22:00,26.7,36.3,3.3,1.9,164.0
2026-01-23T23:00,23.9,32.0,2.7,1.7,169.0
2026-01-24T00:00,20.2,27.3,2.3,1.6,170.0
2026-01-24T01:00,16.8,23.0,1.9,1.6,170.0
2026-01-24T02:00,14.1,19.7,1.6,1.8,171.0
2026-01-24T03:00,12.7,17.9,1.4,2.3,175.0
2026-01-24T04:00,11.7,16.8,1.4,3.0,179.0
2026-01-24T05:00,10.2,15.8,0.9,6.8,182.0
2026-01-24T06:00,10.0,15.5,1.1,7.6,180.0
2026-01-24T07:00,9.8,15.3,1.5,8.6,177.0
2026-01-24T08:00,9.5,14.8,1.7,9.5,173.0
2026-01-24T09:00,9.0,14.2,1.7,10.0,171.0
2026-01-24T10:00,8.8,13.8,1.5,10.4,169.0
2026-01-24T11:00,8.8,13.5,1.5,10.4,167.0
2026-01-24T12:00,9.1,13.4,1.6,10.0,165.0
2026-01-24T13:00,9.4,13.5,1.8,9.3,163.0
2026-01-24T14:00,9.7,13.7,2.1,8.6,164.0
2026-01-24T15:00,10.0,13.9,2.6,8.1,170.0
2026-01-24T16:00,10.2,14.1,3.2,7.6,177.0
2026-01-24T17:00,11.0,15.8,3.5,7.6,181.0
2026-01-24T18:00,11.3,16.2,3.8,7.6,177.0
2026-01-24T19:00,12.0,17.2,4.2,7.7,168.0
2026-01-24T20:00,12.3,17.6,4.5,8.1,162.0
2026-01-24T21:00,12.1,17.8,4.4,9.2,160.0
2026-01-24T22:00,12.1,18.2,4.2,10.6,160.0
2026-01-24T23:00,12.6,19.3,4.1,11.4,159.0
2026-01-25T00:00,13.2,20.4,4.2,11.2,155.0
2026-01-25T01:00,13.6,21.1,4.3,10.3,150.0
2026-01-25T02:00,13.9,21.5,4.3,9.4,148.0
2026-01-25T03:00,13.7,21.3,4.1,8.4,154.0
2026-01-25T04:00,13.2,20.9,3.8,7.3,163.0
2026-01-25T05:00,11.7,19.3,3.2,4.1,170.0
2026-01-25T06:00,11.0,18.3,3.0,4.0,172.0
2026-01-25T07:00,10.2,16.9,2.8,3.7,170.0
2026-01-25T08:00,9.7,15.7,2.6,3.5,169.0
2026-01-25T09:00,9.2,14.5,2.4,3.3,167.0
2026-01-25T10:00,9.1,13.8,2.3,3.0,165.0
2026-01-25T11:00,9.3,13.5,2.2,2.7,164.0
2026-01-25T12:00,10.0,13.8,2.1,2.2,165.0
2026-01-25T13:00,10.5,14.0,2.0,1.7,167.0
2026-01-25T14:00,11.2,14.6,2.2,1.4,168.0
2026-01-25T15:00,12.0,15.4,2.8,1.3,169.0
2026-01-25T16:00,12.7,16.4,3.7,1.3,169.0
2026-01-25T17:00,13.4,20.2,3.3,1.0,168.0
2026-01-25T18:00,15.1,22.2,3.6,1.3,163.0
2026-01-25T19:00,16.2,23.6,4.1,1.7,156.0
2026-01-25T20:00,16.3,24.1,4.2,2.2,151.0
2026-01-25T21:00,15.7,23.7,3.7,2.8,148.0
2026-01-25T22:00,14.3,22.5,2.9,3.5,146.0
2026-01-25T23:00,12.7,21.0,2.2,4.1,145.0
2026-01-26T00:00,11.4,20.1,1.8,4.6,144.0
2026-01-26T01:00,10.5,19.9,1.6,5.1,144.0
2026-01-26T02:00,10.2,20.4,1.4,5.6,147.0
2026-01-26T03:00,10.3,21.3,1.3,6.0,155.0
2026-01-26T04:00,10.8,22.4,1.3,6.4,165.0
2026-01-26T05:00,9.6,22.5,0.9,4.5,172.0
2026-01-26T06:00,10.0,22.7,1.1,4.7,171.0
2026-01-26T07:00,10.6,22.9,1.3,5.1,165.0
2026-01-26T08:00,11.5,23.1,1.5,5.3,162.0
2026-01-26T09:00,12.0,23.1,1.5,5.2,163.0
2026-01-26T10:00,12.1,22.8,1.4,5.1,166.0
2026-01-26T11:00,12.1,22.4,1.4,5.0,168.0
2026-01-26T12:00,12.1,22.1,1.3,5.2,168.0
2026-01-26T13:00,12.4,22.3,1.2,5.6,168.0
2026-01-26T14:00,13.0,22.8,1.5,5.8,169.0
2026-01-26T15:00,13.6,23.2,2.5,5.8,175.0
2026-01-26T16:00,14.6,24.0,3.8,5.7,183.0
2026-01-26T17:00,28.1,38.1,6.4,5.3,185.0
2026-01-26T18:00,27.2,37.0,6.1,5.0,174.0
2026-01-26T19:00,24.4,33.6,5.7,4.5,157.0
2026-01-26T20:00,21.1,29.7,5.2,4.2,148.0
2026-01-26T21:00,17.9,26.0,4.4,4.2,152.0
2026-01-26T22:00,15.4,23.3,3.5,4.4,162.0
2026-01-26T23:00,13.5,21.4,2.8,4.5,176.0
2026-01-27T00:00,12.3,20.4,2.4,4.2,193.0
2026-01-27T01:00,11.5,19.7,2.1,3.7,212.0
2026-01-27T02:00,10.9,19.3,1.9,3.5,229.0
2026-01-27T03:00,10.6,19.4,1.7,3.7,241.0
2026-01-27T04:00,11.1,21.4,1.5,4.2,251.0
2026-01-27T05:00,15.4,30.0,1.9,5.9,256.0
2026-01-27T06:00,17.0,32.1,2.4,6.0,253.0
2026-01-27T07:00,18.1,33.2,3.1,6.1,246.0
2026-01-27T08:00,18.9,33.5,3.6,6.4,248.0
2026-01-27T09:00,19.4,33.8,3.6,6.9,263.0
2026-01-27T10:00,20.4,34.3,3.4,7.6,287.0
2026-01-27T11:00,21.9,35.7,3.1,8.4,316.0
2026-01-27T12:00,22.6,36.6,2.7,9.6,355.0
2026-01-27T13:00,23.1,37.1,2.2,10.9,399.0
2026-01-27T14:00,22.2,36.4,2.2,11.8,428.0
2026-01-27T15:00,22.1,36.3,3.0,12.1,440.0
2026-01-27T16:00,24.3,38.5,4.3,12.0,437.0
2026-01-27T17:00,29.2,49.5,4.9,9.4,412.0
2026-01-27T18:00,32.4,51.1,5.5,9.1,347.0
2026-01-27T19:00,31.9,48.5,6.3,8.7,261.0
2026-01-27T20:00,30.3,45.1,6.6,8.0,196.0
2026-01-27T21:00,27.0,40.0,5.9,6.7,175.0
2026-01-27T22:00,21.5,33.1,4.6,5.2,176.0
2026-01-27T23:00,17.9,29.0,3.5,4.0,179.0
2026-01-28T00:00,15.3,26.2,2.8,3.4,175.0
2026-01-28T01:00,13.7,24.4,2.2,3.2,173.0
2026-01-28T02:00,13.1,23.7,1.8,3.0,173.0
2026-01-28T03:00,9.8,18.0,1.5,2.8,179.0
2026-01-28T04:00,6.7,12.5,1.3,2.7,188.0
2026-01-28T05:00,11.7,20.7,2.4,3.0,194.0
2026-01-28T06:00,9.2,16.8,2.3,3.3,191.0
2026-01-28T07:00,5.7,10.6,2.2,3.7,184.0
2026-01-28T08:00,4.6,8.1,2.2,4.0,182.0
2026-01-28T09:00,4.0,7.1,2.3,4.0,188.0
2026-01-28T10:00,4.9,7.7,2.4,3.7,199.0
2026-01-28T11:00,6.8,10.2,2.6,3.5,217.0
2026-01-28T12:00,8.1,11.1,2.9,3.3,244.0
2026-01-28T13:00,5.5,7.3,3.3,3.0,278.0
2026-01-28T14:00,5.1,5.9,4.0,2.7,313.0
2026-01-28T15:00,5.6,6.1,5.0,2.2,354.0
2026-01-28T16:00,4.7,4.9,6.2,1.7,396.0
2026-01-28T17:00,5.1,6.5,7.1,2.3,419.0
2026-01-28T18:00,2.2,2.4,8.8,2.4,409.0
2026-01-28T19:00,1.8,1.9,11.1,2.6,379.0
2026-01-28T20:00,2.3,2.5,13.1,2.8,348.0
2026-01-28T21:00,3.8,4.1,14.4,3.0,318.0
2026-01-28T22:00,5.2,5.5,15.4,3.2,287.0
2026-01-28T23:00,5.9,6.3,15.8,3.2,260.0
2026-01-29T00:00,6.3,6.8,15.5,3.0,239.0
2026-01-29T01:00,6.6,7.1,14.6,2.8,223.0
2026-01-29T02:00,6.2,6.7,13.4,2.5,212.0
2026-01-29T03:00,6.4,6.9,11.8,2.3,207.0
2026-01-29T04:00,6.5,7.2,9.9,2.1,207.0
2026-01-29T05:00,7.1,7.4,14.6,2.7,206.0
2026-01-29T06:00,7.7,7.9,13.7,2.1,200.0
2026-01-29T07:00,5.3,5.4,12.5,1.3,193.0
2026-01-29T08:00,5.3,5.5,10.8,0.8,191.0
2026-01-29T09:00,5.6,5.8,8.4,0.8,198.0
2026-01-29T10:00,6.1,6.4,5.7,1.1,211.0
2026-01-29T11:00,7.3,7.9,3.7,1.5,226.0
2026-01-29T12:00,9.2,10.0,2.9,2.0,236.0
2026-01-29T13:00,10.2,11.3,2.7,2.6,248.0
2026-01-29T14:00,10.9,12.1,3.1,3.2,282.0
2026-01-29T15:00,12.1,13.4,4.1,3.9,374.0
2026-01-29T16:00,13.5,14.8,5.6,4.6,488.0
2026-01-29T17:00,16.9,24.0,5.7,2.6,541.0
2026-01-29T18:00,20.6,28.2,6.5,2.2,477.0
2026-01-29T19:00,23.4,30.4,7.5,1.6,352.0
2026-01-29T20:00,23.6,30.4,7.9,1.1,250.0
2026-01-29T21:00,22.5,29.7,7.2,0.9,206.0
2026-01-29T22:00,20.5,28.0,5.8,0.9,185.0
2026-01-29T23:00,18.1,25.6,4.5,0.9,173.0
2026-01-30T00:00,16.1,23.3,3.4,0.7,166.0
2026-01-30T01:00,14.6,21.5,2.4,0.5,166.0
2026-01-30T02:00,13.4,19.9,1.7,0.4,168.0
2026-01-30T03:00,12.8,19.2,1.6,0.4,170.0
2026-01-30T04:00,12.9,19.3,1.9,0.5,174.0
2026-01-30T05:00,10.4,15.9,2.0,0.7,176.0
2026-01-30T06:00,11.9,17.6,3.1,1.1,176.0
2026-01-30T07:00,14.2,20.4,4.6,1.6,175.0
2026-01-30T08:00,16.4,23.1,5.9,2.1,174.0
2026-01-30T09:00,17.6,24.8,6.6,2.5,172.0
2026-01-30T10:00,18.8,26.1,6.9,2.8,170.0
2026-01-30T11:00,19.3,26.5,7.5,3.1,170.0
2026-01-30T12:00,19.4,26.4,8.2,3.2,173.0
2026-01-30T13:00,19.4,26.3,9.0,3.3,177.0
2026-01-30T14:00,19.2,26.0,10.5,3.4,183.0
2026-01-30T15:00,20.0,26.8,13.3,3.6,192.0
2026-01-30T16:00,20.7,27.5,16.7,3.8,203.0
2026-01-30T17:00,26.7,35.9,16.4,4.7,206.0
2026-01-30T18:00,26.7,36.0,16.0,4.2,196.0
2026-01-30T19:00,24.9,34.0,15.4,3.4,180.0
2026-01-30T20:00,22.4,31.0,13.9,2.7,166.0
2026-01-30T21:00,19.7,27.8,10.9,2.2,159.0
2026-01-30T22:00,17.3,25.0,7.1,1.8,156.0
2026-01-30T23:00,15.5,23.1,4.2,1.5,153.0
2026-01-31T00:00,14.3,22.0,2.8,1.3,150.0
2026-01-31T01:00,13.6,21.3,2.3,1.3,147.0
2026-01-31T02:00,13.2,20.9,2.1,1.2,149.0
2026-01-31T03:00,12.8,20.5,2.0,1.1,159.0
2026-01-31T04:00,12.4,20.1,2.3,1.1,173.0
2026-01-31T05:00,7.1,15.1,1.4,0.5,182.0
2026-01-31T06:00,7.0,15.1,1.8,0.7,182.0
2026-01-31T07:00,7.4,15.8,2.3,1.0,178.0
2026-01-31T08:00,8.3,17.2,2.6,1.3,174.0
2026-01-31T09:00,9.5,18.6,2.4,1.6,171.0
2026-01-31T10:00,10.3,19.5,2.0,1.9,168.0
2026-01-31T11:00,10.8,19.9,1.8,2.1,166.0
2026-01-31T12:00,10.7,19.7,1.9,2.2,164.0
2026-01-31T13:00,12.0,21.2,2.3,2.3,164.0
2026-01-31T14:00,14.8,24.4,2.9,2.4,165.0
2026-01-31T15:00,16.9,26.8,4.1,2.8,172.0
2026-01-31T16:00,17.9,28.0,5.7,3.2,181.0
2026-01-31T17:00,11.8,18.2,3.7,1.7,185.0
2026-01-31T18:00,11.1,17.6,3.3,1.6,177.0
2026-01-31T19:00,10.2,16.5,2.8,1.4,164.0
2026-01-31T20:00,8.6,14.8,2.3,1.3,157.0
2026-01-31T21:00,7.4,13.8,2.0,1.4,165.0
2026-01-31T22:00,7.0,13.5,1.8,1.5,179.0
2026-01-31T23:00,7.0,13.7,1.6,1.6,186.0
2026-02-01T00:00,7.4,14.1,1.6,1.7,179.0
2026-02-01T01:00,8.1,14.9,1.6,1.8,165.0
2026-02-01T02:00,8.8,15.7,1.6,1.8,157.0
2026-02-01T03:00,9.2,16.2,1.5,1.7,163.0
2026-02-01T04:00,9.5,16.5,1.5,1.6,174.0
2026-02-01T05:00,7.2,14.3,1.3,1.1,182.0
2026-02-01T06:00,8.0,15.3,1.5,1.4,181.0
2026-02-01T07:00,9.4,16.9,1.9,1.9,177.0
2026-02-01T08:00,11.2,19.0,2.1,2.2,173.0
2026-02-01T09:00,12.7,20.5,2.1,2.3,170.0
2026-02-01T10:00,13.5,21.2,2.1,2.4,166.0
2026-02-01T11:00,13.6,21.1,2.1,2.4,165.0
2026-02-01T12:00,13.0,20.3,2.2,2.4,167.0
2026-02-01T13:00,12.3,19.3,2.3,2.4,170.0
2026-02-01T14:00,11.8,18.7,2.5,2.4,173.0
2026-02-01T15:00,11.8,18.4,3.0,2.3,176.0
2026-02-01T16:00,12.2,18.6,3.7,2.2,178.0
2026-02-01T17:00,18.7,30.4,3.8,2.0,177.0
2026-02-01T18:00,21.0,32.7,4.0,2.1,169.0
2026-02-01T19:00,22.2,34.0,4.2,2.2,157.0
2026-02-01T20:00,22.9,35.0,4.2,2.3,149.0
2026-02-01T21:00,22.8,35.6,3.7,2.3,147.0
2026-02-01T22:00,22.0,35.4,3.0,2.1,149.0
2026-02-01T23:00,20.7,34.6,2.4,2.0,151.0
2026-02-02T00:00,19.3,33.5,1.9,1.8,151.0
2026-02-02T01:00,17.9,32.4,1.4,1.6,151.0
2026-02-02T02:00,16.4,31.0,1.1,1.4,152.0
2026-02-02T03:00,15.3,29.7,1.0,1.3,157.0
2026-02-02T04:00,14.4,28.5,1.0,1.3,164.0
2026-02-02T05:00,10.9,23.7,1.1,1.6,166.0
2026-02-02T06:00,9.2,20.2,1.2,1.6,159.0
2026-02-02T07:00,8.9,19.0,1.2,1.6,147.0
2026-02-02T08:00,8.0,16.5,1.3,1.7,138.0
2026-02-02T09:00,7.3,15.8,1.3,1.9,136.0
2026-02-02T10:00,7.7,16.2,1.4,2.2,138.0
2026-02-02T11:00,9.1,18.0,1.4,2.4,139.0
2026-02-02T12:00,10.6,20.1,1.3,2.5,138.0
2026-02-02T13:00,12.2,22.1,1.2,2.6,137.0
2026-02-02T14:00,13.5,23.6,1.5,2.7,138.0
2026-02-02T15:00,14.6,24.9,2.7,2.8,141.0
2026-02-02T16:00,16.1,26.3,4.4,2.8,146.0
2026-02-02T17:00,13.4,21.9,3.3,2.5,151.0
2026-02-02T18:00,14.4,21.8,4.1,2.4,156.0
2026-02-02T19:00,14.5,21.2,5.2,2.2,162.0
2026-02-02T20:00,14.2,20.8,5.7,2.1,165.0
2026-02-02T21:00,13.8,20.4,5.2,2.0,164.0
2026-02-02T22:00,13.4,20.0,4.2,1.9,161.0
2026-02-02T23:00,12.9,19.5,3.4,1.7,156.0
2026-02-03T00:00,11.9,18.3,3.1,1.4,147.0
2026-02-03T01:00,10.9,17.5,2.9,1.1,136.0
2026-02-03T02:00,10.1,16.9,2.7,0.9,130.0
2026-02-03T03:00,9.7,16.8,2.3,1.0,136.0
2026-02-03T04:00,9.6,17.5,1.8,1.3,147.0
2026-02-03T05:00,15.0,23.5,1.8,2.0,155.0
2026-02-03T06:00,19.8,29.1,2.1,2.4,155.0
2026-02-03T07:00,21.1,30.6,2.6,2.9,151.0
2026-02-03T08:00,21.1,30.2,2.8,3.2,148.0
2026-02-03T09:00,19.7,28.1,2.6,3.0,148.0
2026-02-03T10:00,16.8,24.3,2.2,2.5,148.0
2026-02-03T11:00,13.7,20.7,1.8,2.1,149.0
2026-02-03T12:00,8.1,15.4,1.3,1.9,150.0
2026-02-03T13:00,6.7,15.3,0.7,1.7,150.0
2026-02-03T14:00,6.7,16.1,0.4,1.6,151.0
2026-02-03T15:00,6.6,15.8,0.4,1.5,152.0
2026-02-03T16:00,6.4,15.1,0.7,1.5,154.0
2026-02-03T17:00,4.3,8.4,1.4,1.4,155.0
2026-02-03T18:00,5.0,8.8,2.1,1.6,156.0
2026-02-03T19:00,5.4,8.7,3.0,1.8,157.0
2026-02-03T20:00,5.4,8.3,3.5,2.0,157.0
2026-02-03T21:00,5.3,7.9,3.3,2.0,154.0
2026-02-03T22:00,5.7,8.1,2.8,1.9,150.0
2026-02-03T23:00,6.7,9.2,2.3,1.9,147.0
2026-02-04T00:00,7.5,10.4,2.0,1.9,145.0
2026-02-04T01:00,8.3,11.5,1.7,2.0,145.0
2026-02-04T02:00,8.8,12.4,1.5,2.1,146.0
2026-02-04T03:00,9.0,12.8,1.4,2.2,152.0
2026-02-04T04:00,9.0,12.8,1.4,2.2,160.0
2026-02-04T05:00,7.3,10.9,1.0,1.9,164.0
2026-02-04T06:00,7.7,11.3,1.2,1.9,162.0
2026-02-04T07:00,8.0,11.6,1.4,2.0,157.0
2026-02-04T08:00,8.2,11.6,1.6,2.0,152.0
2026-02-04T09:00,8.1,11.3,1.6,2.0,149.0
2026-02-04T10:00,7.5,10.7,1.5,1.9,147.0
2026-02-04T11:00,6.8,10.1,1.4,1.9,145.0
2026-02-04T12:00,5.9,9.3,1.2,1.9,143.0
2026-02-04T13:00,5.5,8.7,1.0,2.0,142.0
2026-02-04T14:00,5.2,8.2,0.9,2.0,141.0
2026-02-04T15:00,5.0,7.9,1.0,1.9,142.0
2026-02-04T16:00,4.8,7.5,1.2,1.8,143.0
2026-02-04T17:00,16.1,24.1,1.4,1.8,144.0
2026-02-04T18:00,16.3,24.1,1.4,1.7,144.0
2026-02-04T19:00,15.9,23.7,1.5,1.6,144.0
2026-02-04T20:00,15.1,22.9,1.5,1.5,143.0
2026-02-04T21:00,14.5,22.3,1.5,1.5,141.0
2026-02-04T22:00,14.0,21.8,1.5,1.4,139.0
2026-02-04T23:00,13.6,21.1,1.4,1.4,136.0
2026-02-05T00:00,13.0,20.4,1.3,1.3,133.0
2026-02-05T01:00,12.3,19.4,1.1,1.3,130.0
2026-02-05T02:00,11.5,18.5,1.0,1.2,129.0
2026-02-05T03:00,10.7,17.6,0.9,1.1,132.0
2026-02-05T04:00,10.3,17.2,0.9,1.1,136.0
2026-02-05T05:00,8.5,15.0,0.4,0.9,138.0
2026-02-05T06:00,7.8,14.4,0.6,1.0,134.0
2026-02-05T07:00,7.7,14.2,0.8,1.1,128.0
2026-02-05T08:00,7.9,14.7,1.0,1.2,124.0
2026-02-05T09:00,8.4,15.3,1.2,1.3,124.0
2026-02-05T10:00,8.7,15.4,1.5,1.4,126.0
2026-02-05T11:00,9.0,15.9,1.6,1.6,127.0
2026-02-05T12:00,9.1,16.0,1.6,1.8,125.0
2026-02-05T13:00,9.1,15.8,1.4,2.0,123.0
2026-02-05T14:00,9.1,15.5,1.5,2.2,124.0
2026-02-05T15:00,9.1,15.4,1.9,2.3,131.0
2026-02-05T16:00,9.5,15.5,2.4,2.3,142.0
2026-02-05T17:00,9.9,15.7,3.2,2.3,153.0
2026-02-05T18:00,10.9,17.4,3.8,2.6,164.0
2026-02-05T19:00,21.2,65.4,4.6,3.0,176.0
2026-02-05T20:00,24.1,84.3,5.2,3.3,181.0
2026-02-05T21:00,25.2,90.8,5.3,3.4,175.0
2026-02-05T22:00,25.4,92.7,5.1,3.4,163.0
2026-02-05T23:00,24.3,88.7,4.8,3.3,155.0
2026-02-06T00:00,19.1,65.7,4.3,2.9,154.0
2026-02-06T01:00,6.8,20.8,3.7,2.4,156.0
2026-02-06T02:00,3.5,7.2,3.4,2.0,161.0
2026-02-06T03:00,2.9,4.1,3.7,1.8,169.0
2026-02-06T04:00,2.6,3.1,4.4,1.8,180.0
2026-02-06T05:00,3.1,4.0,4.5,2.1,189.0
2026-02-06T06:00,3.3,4.5,4.7,2.0,194.0
2026-02-06T07:00,3.7,4.9,4.9,1.8,197.0
2026-02-06T08:00,2.9,3.9,4.7,1.6,200.0
2026-02-06T09:00,1.8,2.3,3.5,1.4,204.0
2026-02-06T10:00,1.4,2.0,1.9,1.1,207.0
2026-02-06T11:00,1.5,2.2,0.7,0.9,206.0
2026-02-06T12:00,1.4,2.0,0.3,0.8,197.0
2026-02-06T13:00,1.3,1.8,0.4,0.9,184.0
2026-02-06T14:00,1.5,2.0,0.5,0.9,173.0
2026-02-06T15:00,1.6,2.1,0.4,0.9,169.0
2026-02-06T16:00,1.7,2.2,0.4,1.0,167.0
2026-02-06T17:00,6.6,10.9,0.6,0.7,165.0
2026-02-06T18:00,7.6,11.6,1.9,1.0,160.0
2026-02-06T19:00,8.6,12.4,3.6,1.5,154.0
2026-02-06T20:00,9.1,12.7,4.8,1.7,149.0
2026-02-06T21:00,8.9,11.8,5.0,1.5,147.0
2026-02-06T22:00,8.1,10.7,4.7,1.1,146.0
2026-02-06T23:00,7.3,9.5,4.2,0.8,146.0
2026-02-07T00:00,6.4,8.5,3.6,0.6,145.0
2026-02-07T01:00,5.5,7.5,2.9,0.5,144.0
2026-02-07T02:00,5.2,7.3,2.3,0.5,144.0
2026-02-07T03:00,5.2,7.4,2.0,0.5,146.0
2026-02-07T04:00,5.3,7.6,1.9,0.6,149.0
2026-02-07T05:00,5.0,7.7,1.5,1.1,153.0
2026-02-07T06:00,5.1,8.1,1.6,1.1,158.0
2026-02-07T07:00,5.2,8.0,1.7,1.2,162.0
2026-02-07T08:00,4.0,6.1,1.8,1.2,165.0
2026-02-07T09:00,3.2,4.9,1.6,1.0,163.0
2026-02-07T10:00,3.0,4.7,1.4,0.8,160.0
2026-02-07T11:00,3.2,5.3,1.4,0.8,157.0
2026-02-07T12:00,3.7,6.1,1.7,1.1,156.0
2026-02-07T13:00,4.3,6.9,2.2,1.6,156.0
2026-02-07T14:00,4.7,7.5,3.0,2.1,158.0
2026-02-07T15:00,5.3,8.0,4.1,2.4,166.0
2026-02-07T16:00,5.7,8.5,5.4,2.6,176.0
2026-02-07T17:00,13.2,19.1,5.9,2.6,182.0
2026-02-07T18:00,14.0,19.8,7.2,2.7,179.0
2026-02-07T19:00,14.5,20.0,9.0,2.9,172.0
2026-02-07T20:00,13.6,18.7,9.6,2.8,166.0
2026-02-07T21:00,11.9,16.4,8.0,2.4,163.0
2026-02-07T22:00,10.2,14.0,5.4,1.7,160.0
2026-02-07T23:00,8.9,12.2,3.3,1.3,158.0
2026-02-08T00:00,8.1,11.1,2.6,1.3,156.0
2026-02-08T01:00,7.9,10.9,2.4,1.6,155.0
2026-02-08T02:00,8.5,11.4,2.4,1.8,156.0
2026-02-08T03:00,9.2,12.2,2.4,1.8,160.0
2026-02-08T04:00,7.3,9.6,2.5,1.8,166.0
2026-02-08T05:00,7.8,10.2,2.2,1.8,169.0
2026-02-08T06:00,7.9,10.4,2.2,1.7,169.0
2026-02-08T07:00,7.1,9.3,2.2,1.6,166.0
2026-02-08T08:00,6.0,7.9,2.2,1.5,163.0
2026-02-08T09:00,5.2,6.9,2.1,1.4,160.0
2026-02-08T10:00,5.0,6.7,2.0,1.3,158.0
2026-02-08T11:00,5.2,6.9,1.9,1.2,154.0
2026-02-08T12:00,5.1,6.8,1.7,1.3,149.0
2026-02-08T13:00,4.8,6.4,1.6,1.4,143.0
2026-02-08T14:00,4.4,6.0,1.5,1.5,139.0
2026-02-08T15:00,4.0,5.6,1.7,1.5,139.0
2026-02-08T16:00,3.8,5.2,2.0,1.4,141.0
2026-02-08T17:00,2.4,3.7,1.6,1.3,141.0
2026-02-08T18:00,2.4,3.6,1.7,1.3,136.0
2026-02-08T19:00,2.2,3.4,1.8,1.2,128.0
2026-02-08T20:00,2.1,3.2,1.8,1.2,123.0
2026-02-08T21:00,2.0,3.2,1.8,1.2,122.0
2026-02-08T22:00,1.9,3.3,1.7,1.2,122.0
2026-02-08T23:00,2.0,3.4,1.6,1.2,123.0
2026-02-09T00:00,2.0,3.6,1.5,1.1,122.0
2026-02-09T01:00,2.1,3.8,1.5,1.1,122.0
2026-02-09T02:00,2.1,4.0,1.4,1.0,124.0
2026-02-09T03:00,2.2,4.2,1.3,1.0,132.0
2026-02-09T04:00,2.2,4.3,1.2,1.0,143.0
2026-02-09T05:00,2.0,4.6,0.8,1.0,149.0
2026-02-09T06:00,2.1,4.8,1.1,1.0,146.0
2026-02-09T07:00,2.2,4.9,1.6,1.1,139.0
2026-02-09T08:00,2.5,5.2,2.0,1.2,133.0
2026-02-09T09:00,2.8,5.5,2.1,1.3,129.0
2026-02-09T10:00,2.7,5.3,2.1,1.5,127.0
2026-02-09T11:00,3.2,5.6,2.4,1.8,127.0
2026-02-09T12:00,3.6,6.0,3.1,2.2,131.0
2026-02-09T13:00,4.5,8.3,4.1,2.6,138.0
2026-02-09T14:00,5.7,11.4,5.3,3.0,144.0
2026-02-09T15:00,6.5,13.0,6.8,3.2,144.0
2026-02-09T16:00,7.6,14.4,8.5,3.4,144.0
2026-02-09T17:00,7.4,12.2,8.5,3.1,150.0
2026-02-09T18:00,8.5,12.5,8.4,3.1,175.0
2026-02-09T19:00,8.3,11.8,8.3,3.0,207.0
2026-02-09T20:00,7.8,11.1,7.8,2.8,220.0
2026-02-09T21:00,7.1,10.7,6.8,2.5,196.0
2026-02-09T22:00,7.0,11.2,5.4,2.1,154.0
2026-02-09T23:00,6.8,12.3,4.2,1.7,124.0
2026-02-10T00:00,6.5,12.5,3.2,1.3,121.0
2026-02-10T01:00,6.2,12.1,2.3,1.0,131.0
2026-02-10T02:00,5.7,11.0,1.6,0.7,142.0
2026-02-10T03:00,5.3,10.0,1.3,0.6,150.0
2026-02-10T04:00,5.1,9.1,1.2,0.6,158.0
2026-02-10T05:00,6.1,9.3,1.5,0.9,164.0
2026-02-10T06:00,5.8,9.2,1.8,0.9,166.0
2026-02-10T07:00,5.7,8.8,2.3,1.0,166.0
2026-02-10T08:00,5.7,8.4,2.5,1.1,164.0
2026-02-10T09:00,5.1,7.6,2.2,1.3,160.0
2026-02-10T10:00,3.5,5.9,1.5,1.6,155.0
2026-02-10T11:00,3.3,6.3,1.1,1.8,150.0
2026-02-10T12:00,3.7,7.1,1.0,1.9,147.0
2026-02-10T13:00,4.3,7.7,1.1,2.0,145.0
2026-02-10T14:00,4.7,8.1,1.3,2.1,144.0
2026-02-10T15:00,5.1,8.6,1.7,2.2,143.0
2026-02-10T16:00,6.3,9.9,2.2,2.3,143.0
2026-02-10T17:00,11.7,20.0,1.7,2.0,144.0
2026-02-10T18:00,11.9,17.2,2.1,2.1,146.0
2026-02-10T19:00,12.2,16.9,2.7,2.1,148.0
2026-02-10T20:00,12.7,17.4,3.1,2.1,148.0
2026-02-10T21:00,13.4,18.9,3.1,1.9,145.0
2026-02-10T22:00,12.7,17.1,2.9,1.6,140.0
2026-02-10T23:00,11.3,15.0,2.6,1.4,136.0
2026-02-11T00:00,9.0,15.4,2.3,1.2,134.0
2026-02-11T01:00,7.4,15.0,1.8,1.0,134.0
2026-02-11T02:00,6.7,15.7,1.5,0.9,136.0
2026-02-11T03:00,6.2,16.7,1.2,0.8,141.0
2026-02-11T04:00,6.0,17.0,1.0,0.8,148.0
2026-02-11T05:00,7.0,18.7,1.0,0.8,153.0
2026-02-11T06:00,7.5,25.0,1.8,0.9,153.0
2026-02-11T07:00,8.0,27.8,3.0,1.1,152.0
2026-02-11T08:00,9.3,30.7,3.9,1.3,153.0
2026-02-11T09:00,10.0,30.7,4.3,1.6,162.0
2026-02-11T10:00,9.4,27.6,4.4,2.0,174.0
2026-02-11T11:00,8.4,24.9,4.5,2.2,181.0
2026-02-11T12:00,7.7,21.5,4.8,2.2,178.0
2026-02-11T13:00,6.2,16.3,5.1,2.1,170.0
2026-02-11T14:00,4.2,10.0,5.4,2.0,166.0
2026-02-11T15:00,2.2,4.7,5.7,2.0,171.0
2026-02-11T16:00,1.5,2.7,6.0,2.1,180.0
2026-02-11T17:00,3.0,4.8,7.3,2.1,184.0
2026-02-11T18:00,3.3,4.4,8.0,2.1,178.0
2026-02-11T19:00,3.5,4.3,8.9,2.2,167.0
2026-02-11T20:00,3.9,4.7,9.9,2.3,158.0
2026-02-11T21:00,4.2,5.3,11.0,2.6,156.0
2026-02-11T22:00,4.7,6.3,12.1,2.9,155.0
2026-02-11T23:00,5.1,7.9,12.7,3.0,153.0
2026-02-12T00:00,5.2,10.0,12.5,2.8,145.0
2026-02-12T01:00,5.7,13.3,11.7,2.5,134.0
2026-02-12T02:00,5.8,15.0,10.7,2.1,128.0
2026-02-12T03:00,5.8,15.9,9.4,1.8,129.0
2026-02-12T04:00,5.5,15.3,7.8,1.4,135.0
2026-02-12T05:00,5.2,14.5,5.8,0.9,140.0
2026-02-12T06:00,6.2,22.2,5.2,1.0,145.0
2026-02-12T07:00,6.8,24.7,4.3,1.0,150.0
2026-02-12T08:00,7.7,26.3,3.5,1.1,151.0
2026-02-12T09:00,8.2,26.0,2.9,1.1,143.0
2026-02-12T10:00,8.4,26.8,2.4,1.2,129.0
2026-02-12T11:00,8.0,25.4,2.1,1.2,120.0
2026-02-12T12:00,7.7,24.2,1.9,1.2,118.0
2026-02-12T13:00,8.1,26.5,1.9,1.2,119.0
2026-02-12T14:00,8.4,27.4,1.9,1.2,122.0
2026-02-12T15:00,8.5,27.9,2.0,1.1,128.0
2026-02-12T16:00,8.6,28.2,2.2,0.9,135.0
2026-02-12T17:00,23.0,97.1,2.2,0.8,141.0
2026-02-12T18:00,21.5,78.5,2.6,0.9,143.0
2026-02-12T19:00,20.7,74.7,3.1,1.0,143.0
2026-02-12T20:00,18.7,66.8,3.6,1.2,142.0
2026-02-12T21:00,16.6,58.2,3.8,1.5,139.0
2026-02-12T22:00,15.5,51.7,3.9,1.8,134.0
2026-02-12T23:00,15.4,53.3,4.1,2.1,131.0
2026-02-13T00:00,15.7,54.4,4.7,2.4,130.0
2026-02-13T01:00,16.0,53.4,5.4,2.6,129.0
2026-02-13T02:00,15.9,50.1,6.0,2.7,130.0
2026-02-13T03:00,15.3,43.1,6.6,2.6,131.0
2026-02-13T04:00,14.8,39.0,7.1,2.3,134.0
2026-02-13T05:00,7.1,16.1,1.6,1.2,136.0
2026-02-13T06:00,6.5,16.3,2.1,1.3,139.0
2026-02-13T07:00,6.7,15.1,2.8,1.4,143.0
2026-02-13T08:00,7.4,14.4,3.0,1.5,144.0
2026-02-13T09:00,7.1,13.2,2.4,1.7,141.0
2026-02-13T10:00,6.0,12.9,1.5,2.0,135.0
2026-02-13T11:00,6.4,19.1,0.7,2.2,131.0
2026-02-13T12:00,8.3,25.4,0.4,2.1,130.0
2026-02-13T13:00,8.7,26.5,0.3,2.0,131.0
2026-02-13T14:00,8.7,25.8,0.3,1.8,133.0
2026-02-13T15:00,8.1,24.1,0.2,1.7,135.0
2026-02-13T16:00,7.9,23.2,0.2,1.6,137.0
2026-02-13T17:00,14.1,38.3,1.3,1.8,140.0
2026-02-13T18:00,14.8,37.8,2.0,2.0,145.0
2026-02-13T19:00,15.5,38.6,2.8,2.3,151.0
2026-02-13T20:00,15.5,37.8,3.4,2.5,154.0
2026-02-13T21:00,15.6,37.5,3.4,2.4,154.0
2026-02-13T22:00,15.4,37.6,3.0,2.3,151.0
2026-02-13T23:00,13.9,34.6,2.6,2.0,148.0
2026-02-14T00:00,12.2,30.4,2.2,1.7,144.0
2026-02-14T01:00,10.8,28.2,1.7,1.2,139.0
2026-02-14T02:00,9.4,21.0,1.3,0.9,136.0
2026-02-14T03:00,7.9,16.1,1.2,0.7,137.0
2026-02-14T04:00,6.4,12.5,1.2,0.5,141.0
2026-02-14T05:00,4.0,8.4,1.0,0.3,145.0
2026-02-14T06:00,4.1,11.1,1.3,0.4,149.0
2026-02-14T07:00,4.6,13.4,1.6,0.4,153.0
2026-02-14T08:00,5.4,15.9,1.8,0.6,154.0
2026-02-14T09:00,5.8,17.5,1.6,0.9,151.0
2026-02-14T10:00,6.3,20.5,1.1,1.3,146.0
2026-02-14T11:00,8.7,30.2,0.8,1.6,142.0
2026-02-14T12:00,10.9,40.2,0.6,1.7,141.0
2026-02-14T13:00,11.5,42.0,0.6,1.7,141.0
2026-02-14T14:00,11.5,41.0,0.6,1.7,142.0
2026-02-14T15:00,11.5,40.5,0.7,1.7,143.0
2026-02-14T16:00,11.6,40.3,1.0,1.8,144.0
2026-02-14T17:00,13.2,48.4,1.0,1.8,146.0
2026-02-14T18:00,13.4,46.2,1.9,1.9,148.0
2026-02-14T19:00,13.3,40.6,3.1,1.9,151.0
2026-02-14T20:00,12.4,33.8,3.8,2.0,152.0
2026-02-14T21:00,11.6,28.3,3.6,2.0,151.0
2026-02-14T22:00,10.9,24.0,2.9,2.0,148.0
2026-02-14T23:00,10.4,21.2,2.3,2.0,146.0
2026-02-15T00:00,10.0,19.2,2.0,2.1,145.0
2026-02-15T01:00,9.9,18.2,1.8,2.3,143.0
2026-02-15T02:00,9.8,17.4,1.6,2.4,144.0
2026-02-15T03:00,9.8,16.9,1.5,2.4,148.0
2026-02-15T04:00,9.8,16.8,1.5,2.4,153.0
2026-02-15T05:00,7.9,12.8,1.1,2.2,156.0
2026-02-15T06:00,8.6,14.1,1.4,2.3,156.0
2026-02-15T07:00,9.5,15.7,1.8,2.4,154.0
2026-02-15T08:00,10.3,16.9,2.1,2.5,152.0
2026-02-15T09:00,10.5,17.0,2.1,2.6,151.0
2026-02-15T10:00,10.2,16.8,1.8,2.7,150.0
2026-02-15T11:00,9.7,18.0,1.6,2.7,148.0
2026-02-15T12:00,9.5,19.5,1.3,2.6,145.0
2026-02-15T13:00,8.8,18.9,1.1,2.5,142.0
2026-02-15T14:00,8.2,17.6,0.9,2.4,139.0
2026-02-15T15:00,7.7,15.9,1.0,2.4,135.0
2026-02-15T16:00,7.6,14.4,1.2,2.3,130.0
2026-02-15T17:00,8.7,16.8,1.5,2.5,127.0
2026-02-15T18:00,9.0,15.7,1.6,2.5,127.0
2026-02-15T19:00,9.0,15.3,1.7,2.5,129.0
2026-02-15T20:00,8.4,14.2,1.8,2.4,130.0
2026-02-15T21:00,7.8,13.3,1.7,2.3,128.0
2026-02-15T22:00,7.5,13.1,1.6,2.1,126.0
2026-02-15T23:00,7.3,12.9,1.4,2.0,124.0
2026-02-16T00:00,7.0,12.3,1.3,1.9,124.0
2026-02-16T01:00,6.7,11.8,1.1,1.7,124.0
2026-02-16T02:00,6.2,11.4,1.0,1.6,125.0
2026-02-16T03:00,6.2,11.7,0.9,1.5,127.0
2026-02-16T04:00,6.2,12.1,0.8,1.4,129.0
2026-02-16T05:00,6.8,13.6,1.1,1.6,131.0
2026-02-16T06:00,7.0,14.4,1.4,1.6,133.0
2026-02-16T07:00,7.3,15.8,1.8,1.6,134.0
2026-02-16T08:00,7.9,16.8,2.1,1.7,134.0
2026-02-16T09:00,8.3,17.6,2.2,1.8,132.0
2026-02-16T10:00,8.2,17.9,2.2,1.9,129.0
2026-02-16T11:00,9.0,20.7,2.1,2.0,127.0
2026-02-16T12:00,11.7,32.8,1.6,2.2,128.0
2026-02-16T13:00,13.7,42.6,1.0,2.4,131.0
2026-02-16T14:00,14.8,48.8,0.8,2.5,135.0
2026-02-16T15:00,15.2,49.9,1.3,2.5,138.0
2026-02-16T16:00,14.9,44.8,2.2,2.5,142.0
2026-02-16T17:00,20.8,50.9,5.6,3.8,148.0
2026-02-16T18:00,21.3,50.5,6.7,4.0,159.0
2026-02-16T19:00,23.9,57.2,8.2,4.3,173.0
2026-02-16T20:00,27.1,67.1,9.3,4.5,180.0
2026-02-16T21:00,28.5,71.9,9.9,4.5,176.0
2026-02-16T22:00,29.5,75.7,10.1,4.3,165.0
2026-02-16T23:00,29.5,78.7,10.0,4.1,155.0
2026-02-17T00:00,29.4,82.2,9.6,3.9,147.0
2026-02-17T01:00,28.7,80.3,8.9,3.7,141.0
2026-02-17T02:00,28.1,78.7,8.1,3.5,138.0
2026-02-17T03:00,26.4,74.0,7.1,3.2,142.0
2026-02-17T04:00,25.5,68.5,5.9,3.0,150.0
2026-02-17T05:00,29.3,82.2,10.6,4.3,156.0
2026-02-17T06:00,29.0,80.3,10.5,4.4,160.0
2026-02-17T07:00,28.4,76.4,10.4,4.5,162.0
2026-02-17T08:00,27.9,72.9,9.7,4.4,162.0
2026-02-17T09:00,26.6,64.0,8.1,4.1,157.0
2026-02-17T10:00,20.5,48.0,6.1,3.7,149.0
2026-02-17T11:00,15.1,35.4,4.4,3.3,143.0
2026-02-17T12:00,11.2,27.5,3.5,2.8,140.0
2026-02-17T13:00,10.1,25.1,3.0,2.4,138.0
2026-02-17T14:00,9.4,23.4,2.7,2.0,137.0
2026-02-17T15:00,9.3,23.2,2.4,1.8,138.0
2026-02-17T16:00,9.7,24.0,2.4,1.8,139.0
2026-02-17T17:00,17.9,47.6,2.8,1.7,140.0
2026-02-17T18:00,20.1,46.6,4.3,2.1,138.0
2026-02-17T19:00,22.3,49.8,6.4,2.7,135.0
2026-02-17T20:00,24.6,54.9,7.9,3.1,133.0
2026-02-17T21:00,26.6,58.6,8.3,3.2,132.0
2026-02-17T22:00,28.7,58.0,8.2,3.1,132.0
2026-02-17T23:00,29.6,55.9,7.6,2.8,132.0
2026-02-18T00:00,29.0,50.9,6.4,2.2,130.0
2026-02-18T01:00,26.5,44.7,4.8,1.5,128.0
2026-02-18T02:00,23.6,38.9,3.4,0.9,128.0
2026-02-18T03:00,20.8,33.8,2.5,0.6,133.0
2026-02-18T04:00,18.2,29.6,1.8,0.5,141.0
2026-02-18T05:00,14.8,24.7,0.6,0.4,146.0
2026-02-18T06:00,13.4,22.5,0.8,0.5,147.0
2026-02-18T07:00,13.0,21.8,1.0,0.7,146.0
2026-02-18T08:00,12.5,21.1,1.2,0.9,144.0
2026-02-18T09:00,11.4,18.9,1.2,1.2,141.0
2026-02-18T10:00,10.9,19.6,1.2,1.5,137.0
2026-02-18T11:00,11.9,26.3,1.1,1.8,134.0
2026-02-18T12:00,13.2,30.6,0.9,2.1,131.0
2026-02-18T13:00,14.3,33.3,0.8,2.4,127.0
2026-02-18T14:00,15.1,34.8,0.7,2.6,126.0
2026-02-18T15:00,15.5,35.4,0.9,2.7,129.0
2026-02-18T16:00,15.7,34.7,1.2,2.7,133.0
2026-02-18T17:00,16.6,34.1,1.6,3.0,135.0
2026-02-18T18:00,16.8,32.0,1.9,2.9,132.0
2026-02-18T19:00,16.5,29.3,2.2,2.8,127.0
2026-02-18T20:00,15.4,27.2,2.4,2.6,123.0
2026-02-18T21:00,14.2,25.8,2.2,2.4,122.0
2026-02-18T22:00,13.2,25.3,1.7,2.2,121.0
2026-02-18T23:00,12.5,24.9,1.4,2.0,121.0
2026-02-19T00:00,12.0,24.6,1.2,1.8,119.0
2026-02-19T01:00,11.7,24.4,1.2,1.6,118.0
2026-02-19T02:00,11.4,23.8,1.1,1.5,118.0
2026-02-19T03:00,11.1,22.9,1.0,1.4,122.0
2026-02-19T04:00,10.9,22.2,1.0,1.2,129.0
2026-02-19T05:00,10.4,22.3,0.8,1.4,133.0
2026-02-19T06:00,9.9,21.7,1.0,1.4,132.0
2026-02-19T07:00,9.5,21.0,1.3,1.5,129.0
2026-02-19T08:00,9.3,20.5,1.5,1.6,126.0
2026-02-19T09:00,8.7,18.4,1.5,1.7,124.0
2026-02-19T10:00,8.3,17.6,1.4,1.8,123.0
2026-02-19T11:00,8.6,21.2,1.2,1.9,122.0
2026-02-19T12:00,8.5,24.3,1.0,1.8,121.0
2026-02-19T13:00,9.0,26.3,0.7,1.7,120.0
2026-02-19T14:00,9.2,27.0,0.6,1.6,121.0
2026-02-19T15:00,9.1,26.4,0.7,1.6,125.0
2026-02-19T16:00,9.0,25.4,0.9,1.7,130.0
2026-02-19T17:00,7.7,22.6,1.2,1.3,133.0
2026-02-19T18:00,8.2,23.2,2.4,1.6,130.0
2026-02-19T19:00,8.9,23.6,4.0,2.0,125.0
2026-02-19T20:00,9.5,22.3,5.2,2.2,120.0
2026-02-19T21:00,9.2,18.5,5.6,2.1,118.0
2026-02-19T22:00,9.1,16.6,5.5,1.8,117.0
2026-02-19T23:00,9.3,16.3,5.1,1.7,117.0
2026-02-20T00:00,9.5,16.4,4.3,1.8,116.0
2026-02-20T01:00,10.0,17.1,3.2,2.0,116.0
2026-02-20T02:00,10.7,18.1,2.4,2.2,119.0
2026-02-20T03:00,11.2,18.7,2.0,2.4,127.0
2026-02-20T04:00,11.6,19.0,1.9,2.6,138.0
2026-02-20T05:00,9.7,17.0,1.8,2.6,145.0
2026-02-20T06:00,9.8,18.3,2.0,2.7,146.0
2026-02-20T07:00,10.2,18.3,2.2,2.7,144.0
2026-02-20T08:00,10.4,18.0,2.3,2.8,142.0
2026-02-20T09:00,9.4,16.6,2.1,2.9,140.0
2026-02-20T10:00,8.9,16.1,1.6,3.0,136.0
2026-02-20T11:00,9.9,21.2,1.3,3.0,134.0
2026-02-20T12:00,10.4,23.1,1.1,3.0,132.0
2026-02-20T13:00,10.7,24.0,1.0,2.9,131.0
2026-02-20T14:00,10.9,24.3,1.0,2.9,131.0
2026-02-20T15:00,11.1,24.3,1.1,2.9,134.0
2026-02-20T16:00,11.2,23.7,1.4,2.8,139.0
2026-02-20T17:00,12.3,26.6,2.6,2.9,142.0
2026-02-20T18:00,13.0,27.2,3.5,2.9,140.0
2026-02-20T19:00,15.4,29.2,4.6,3.0,135.0
2026-02-20T20:00,16.7,27.0,5.3,3.0,131.0
2026-02-20T21:00,16.4,25.1,5.0,2.9,128.0
2026-02-20T22:00,16.0,24.9,4.1,2.8,125.0
2026-02-20T23:00,14.9,24.6,3.3,2.7,127.0
2026-02-21T00:00,13.9,24.3,2.8,2.8,136.0
2026-02-21T01:00,13.6,29.2,2.3,2.8,148.0
2026-02-21T02:00,11.8,21.2,1.9,2.7,159.0
2026-02-21T03:00,12.3,17.6,1.4,2.1,166.0
2026-02-21T04:00,6.2,9.2,0.9,1.2,172.0
2026-02-21T05:00,6.9,10.6,1.2,0.9,176.0
2026-02-21T06:00,5.9,9.0,1.7,1.0,177.0
2026-02-21T07:00,6.1,9.9,2.3,1.1,175.0
2026-02-21T08:00,7.0,11.0,2.6,1.2,174.0
2026-02-21T09:00,6.6,11.4,2.4,1.3,173.0
2026-02-21T10:00,5.5,11.2,1.8,1.3,172.0
2026-02-21T11:00,5.0,11.2,1.4,1.4,171.0
2026-02-21T12:00,4.5,9.9,1.3,1.5,170.0
2026-02-21T13:00,4.3,9.4,1.2,1.5,169.0
2026-02-21T14:00,4.3,9.3,1.3,1.6,169.0
2026-02-21T15:00,4.3,9.4,1.4,1.6,170.0
2026-02-21T16:00,4.4,9.4,1.6,1.7,173.0
2026-02-21T17:00,12.0,28.3,2.1,1.5,175.0
2026-02-21T18:00,11.7,23.7,3.6,1.8,178.0
2026-02-21T19:00,13.4,25.9,5.6,2.2,181.0
2026-02-21T20:00,14.5,27.6,7.4,2.5,181.0
2026-02-21T21:00,15.4,28.5,8.9,2.7,175.0
2026-02-21T22:00,16.2,26.8,10.2,2.8,167.0
2026-02-21T23:00,16.2,25.0,10.6,2.7,161.0
2026-02-22T00:00,15.7,23.7,9.4,2.3,159.0
2026-02-22T01:00,14.6,22.2,7.4,1.8,159.0
2026-02-22T02:00,13.2,19.8,5.6,1.4,162.0
2026-02-22T03:00,12.0,17.6,4.5,1.2,170.0
2026-02-22T04:00,11.1,16.1,3.7,1.2,180.0
2026-02-22T05:00,9.4,14.6,0.9,1.3,187.0
2026-02-22T06:00,9.4,15.3,1.2,1.3,188.0
2026-02-22T07:00,10.0,15.8,1.7,1.3,186.0
2026-02-22T08:00,10.4,16.1,1.9,1.4,183.0
2026-02-22T09:00,9.9,14.7,1.8,1.5,178.0
2026-02-22T10:00,10.1,17.6,1.5,1.6,171.0
2026-02-22T11:00,10.2,19.8,1.2,1.7,167.0
2026-02-22T12:00,10.3,20.0,1.1,1.7,166.0
2026-02-22T13:00,10.3,19.7,1.1,1.8,168.0
2026-02-22T14:00,10.3,19.4,1.1,1.8,171.0
2026-02-22T15:00,10.4,19.3,1.0,1.8,176.0
2026-02-22T16:00,10.6,19.3,1.0,1.8,183.0
2026-02-22T17:00,13.0,25.9,1.3,1.5,186.0
2026-02-22T18:00,14.7,26.0,3.0,2.0,185.0
2026-02-22T19:00,17.2,28.9,5.4,2.6,180.0
2026-02-22T20:00,18.7,31.0,7.1,2.9,174.0
2026-02-22T21:00,19.4,31.9,7.5,2.7,164.0
2026-02-22T22:00,19.6,30.5,7.3,2.2,152.0
2026-02-22T23:00,18.8,27.9,6.8,1.8,146.0
2026-02-23T00:00,17.6,25.7,6.1,1.4,150.0
2026-02-23T01:00,16.4,23.8,5.1,1.1,159.0
2026-02-23T02:00,15.2,22.1,4.3,0.9,167.0
2026-02-23T03:00,14.2,21.0,3.8,0.9,171.0
2026-02-23T04:00,13.5,20.4,3.4,1.0,173.0
2026-02-23T05:00,16.6,22.2,3.5,0.6,173.0
2026-02-23T06:00,15.0,20.8,3.4,0.7,171.0
2026-02-23T07:00,13.3,18.8,3.3,0.8,167.0
2026-02-23T08:00,11.9,17.1,3.1,1.1,164.0
2026-02-23T09:00,10.4,14.8,2.9,1.7,165.0
2026-02-23T10:00,10.7,21.8,2.6,2.6,168.0
2026-02-23T11:00,11.6,23.2,2.4,3.1,169.0
2026-02-23T12:00,10.3,22.1,2.2,3.1,167.0
2026-02-23T13:00,10.4,22.4,2.0,2.9,165.0
2026-02-23T14:00,10.5,22.5,1.9,2.7,164.0
2026-02-23T15:00,10.7,22.7,1.9,2.7,167.0
2026-02-23T16:00,10.8,22.7,2.1,2.7,172.0
2026-02-23T17:00,13.6,28.1,3.5,2.9,175.0
2026-02-23T18:00,15.1,27.0,5.1,3.3,175.0
2026-02-23T19:00,17.2,30.2,7.2,3.8,174.0
2026-02-23T20:00,18.4,32.2,8.7,4.1,173.0
2026-02-23T21:00,19.3,33.3,9.1,4.1,171.0
2026-02-23T22:00,20.1,32.8,8.9,3.8,170.0
2026-02-23T23:00,20.2,32.1,8.4,3.5,170.0
2026-02-24T00:00,19.9,31.2,7.5,3.0,173.0
2026-02-24T01:00,19.2,30.4,6.3,2.5,179.0
2026-02-24T02:00,18.7,30.5,5.2,2.0,184.0
2026-02-24T03:00,18.3,30.7,4.5,1.8,189.0
2026-02-24T04:00,17.5,28.1,3.9,1.7,195.0
2026-02-24T05:00,12.7,17.1,4.4,0.9,198.0
2026-02-24T06:00,11.5,17.1,4.4,1.0,197.0
2026-02-24T07:00,10.2,15.2,4.3,1.2,193.0
2026-02-24T08:00,9.0,12.7,4.0,1.4,191.0
2026-02-24T09:00,6.9,9.4,3.2,1.7,194.0
2026-02-24T10:00,6.0,11.1,2.1,2.0,199.0
2026-02-24T11:00,8.1,15.5,1.4,2.2,202.0
2026-02-24T12:00,8.9,16.4,1.4,2.4,200.0
2026-02-24T13:00,9.7,17.0,1.7,2.5,196.0
2026-02-24T14:00,10.1,17.4,1.9,2.5,193.0
2026-02-24T15:00,10.0,16.8,1.6,2.2,192.0
2026-02-24T16:00,9.6,17.9,1.2,1.7,193.0
2026-02-24T17:00,15.9,28.3,2.6,1.4,191.0
2026-02-24T18:00,17.2,27.5,4.6,1.8,186.0
2026-02-24T19:00,19.7,30.5,7.2,2.3,179.0
2026-02-24T20:00,20.5,31.4,8.8,2.5,174.0
2026-02-24T21:00,20.2,28.9,8.4,2.2,173.0
2026-02-24T22:00,18.3,25.3,6.8,1.6,175.0
2026-02-24T23:00,16.3,23.0,5.3,1.2,175.0
2026-02-25T00:00,14.9,21.5,3.9,1.2,172.0
2026-02-25T01:00,14.3,20.5,2.6,1.4,168.0
2026-02-25T02:00,14.4,20.4,1.6,1.6,165.0
2026-02-25T03:00,15.1,20.9,1.4,1.8,165.0
2026-02-25T04:00,15.8,21.5,1.6,1.9,167.0
2026-02-25T05:00,10.4,14.6,1.4,1.8,168.0
2026-02-25T06:00,10.9,16.2,1.7,2.0,166.0
2026-02-25T07:00,11.7,17.2,2.1,2.2,164.0
2026-02-25T08:00,12.1,18.2,2.3,2.4,161.0
2026-02-25T09:00,10.9,16.5,2.0,2.6,159.0
2026-02-25T10:00,10.3,17.1,1.5,2.7,157.0
2026-02-25T11:00,10.2,20.4,1.1,2.8,155.0
2026-02-25T12:00,10.0,21.1,0.8,2.7,152.0
2026-02-25T13:00,10.2,21.4,0.6,2.6,148.0
2026-02-25T14:00,10.6,22.4,0.6,2.5,145.0
2026-02-25T15:00,11.3,23.6,0.8,2.6,145.0
2026-02-25T16:00,12.0,23.8,1.1,2.9,147.0
2026-02-25T17:00,14.8,29.1,1.6,2.6,147.0
2026-02-25T18:00,15.3,26.9,1.9,2.8,145.0
2026-02-25T19:00,16.6,26.8,2.4,3.1,142.0
2026-02-25T20:00,16.9,26.3,2.7,3.2,139.0
2026-02-25T21:00,16.4,25.4,2.7,3.0,137.0
2026-02-25T22:00,15.5,24.7,2.6,2.7,136.0
2026-02-25T23:00,15.2,25.0,2.5,2.5,138.0
2026-02-26T00:00,15.1,26.3,2.6,2.6,145.0
2026-02-26T01:00,19.4,33.6,2.7,2.9,154.0
2026-02-26T02:00,22.2,35.3,2.8,3.0,161.0
2026-02-26T03:00,22.6,39.0,2.7,2.7,164.0
2026-02-26T04:00,21.3,35.2,2.5,2.1,166.0
2026-02-26T05:00,11.3,16.9,2.2,1.3,167.0
2026-02-26T06:00,6.5,10.8,2.4,1.3,168.0
2026-02-26T07:00,5.1,8.4,2.6,1.3,169.0
2026-02-26T08:00,4.8,7.2,2.6,1.3,170.0
2026-02-26T09:00,3.7,5.4,2.3,1.2,169.0
2026-02-26T10:00,2.7,5.0,1.8,1.0,167.0
2026-02-26T11:00,4.4,10.2,1.4,0.8,168.0
2026-02-26T12:00,8.0,18.9,1.1,0.7,176.0
2026-02-26T13:00,5.3,11.5,0.9,0.7,186.0
2026-02-26T14:00,4.8,9.6,0.9,0.7,192.0
2026-02-26T15:00,4.4,8.4,1.0,0.8,187.0
2026-02-26T16:00,4.6,8.3,1.2,0.9,177.0
2026-02-26T17:00,12.1,22.8,1.3,0.5,172.0
2026-02-26T18:00,11.5,20.0,2.4,0.7,180.0
2026-02-26T19:00,14.3,23.0,4.1,1.0,192.0
2026-02-26T20:00,16.1,24.3,5.7,1.3,198.0
2026-02-26T21:00,16.6,24.2,7.5,1.7,188.0
2026-02-26T22:00,16.5,23.5,9.2,2.1,172.0
2026-02-26T23:00,15.7,21.7,10.2,2.2,159.0
2026-02-27T00:00,14.2,19.2,9.9,1.9,155.0
2026-02-27T01:00,12.4,16.3,8.8,1.3,154.0
2026-02-27T02:00,10.5,13.6,7.7,0.8,156.0
2026-02-27T03:00,8.8,11.4,6.7,0.5,160.0
2026-02-27T04:00,7.4,9.7,5.6,0.4,167.0
2026-02-27T05:00,6.7,8.4,5.5,0.4,171.0
2026-02-27T06:00,5.3,7.3,5.2,0.5,172.0
2026-02-27T07:00,4.8,7.0,4.8,0.7,172.0
2026-02-27T08:00,4.7,6.9,4.1,0.8,170.0
2026-02-27T09:00,4.0,6.2,2.9,0.9,167.0
2026-02-27T10:00,3.7,9.7,1.4,0.9,163.0
2026-02-27T11:00,3.8,10.0,0.3,1.0,160.0
2026-02-27T12:00,3.9,10.0,0.0,1.0,158.0
2026-02-27T13:00,4.0,10.1,0.1,1.0,157.0
2026-02-27T14:00,4.2,10.2,0.3,1.1,157.0
2026-02-27T15:00,4.5,10.3,0.3,1.2,158.0
2026-02-27T16:00,4.9,10.3,0.3,1.3,159.0
2026-02-27T17:00,4.3,8.4,0.7,1.2,161.0
2026-02-27T18:00,5.3,9.1,2.5,1.5,163.0
2026-02-27T19:00,7.2,11.4,5.0,2.0,165.0
2026-02-27T20:00,8.5,12.7,6.8,2.4,170.0
2026-02-27T21:00,9.3,13.3,7.1,2.6,179.0
2026-02-27T22:00,10.2,14.2,6.6,2.6,190.0
2026-02-27T23:00,11.1,14.9,6.2,2.6,197.0
2026-02-28T00:00,11.9,15.4,6.1,2.6,196.0
2026-02-28T01:00,12.5,15.6,6.1,2.6,190.0
2026-02-28T02:00,13.0,15.8,6.1,2.5,187.0
2026-02-28T03:00,15.1,17.6,6.0,2.2,191.0
2026-02-28T04:00,12.0,13.8,5.9,1.7,197.0
2026-02-28T05:00,10.4,12.3,6.1,2.0,201.0
2026-02-28T06:00,16.4,20.4,6.3,2.0,199.0
2026-02-28T07:00,15.5,19.0,6.5,2.1,194.0
2026-02-28T08:00,13.6,16.1,6.3,2.1,191.0
2026-02-28T09:00,13.4,16.4,5.2,2.2,191.0
2026-02-28T10:00,10.9,14.1,3.6,2.3,192.0
2026-02-28T11:00,9.7,13.0,2.4,2.3,193.0
2026-02-28T12:00,9.0,12.3,2.0,2.2,192.0
2026-02-28T13:00,8.3,11.7,2.0,2.0,190.0
2026-02-28T14:00,7.9,11.4,2.1,1.9,190.0
2026-02-28T15:00,7.7,11.2,2.2,1.9,194.0
2026-02-28T16:00,7.9,11.2,2.5,2.0,200.0
2026-02-28T17:00,15.6,22.1,3.4,1.9,207.0
2026-02-28T18:00,16.6,21.5,4.8,2.2,219.0
2026-02-28T19:00,18.0,23.2,6.7,2.5,232.0
2026-02-28T20:00,18.9,24.5,8.3,2.8,238.0
2026-02-28T21:00,19.6,25.4,9.5,3.0,231.0
2026-02-28T22:00,20.0,25.3,10.5,3.1,216.0
2026-02-28T23:00,20.0,24.7,10.8,3.0,200.0
2026-03-01T00:00,19.4,23.9,10.2,2.6,182.0
2026-03-01T01:00,18.5,22.5,9.0,2.1,163.0
2026-03-01T02:00,16.9,20.4,7.8,1.6,150.0
2026-03-01T03:00,15.2,18.3,6.8,1.3,148.0
2026-03-01T04:00,13.5,16.4,5.9,1.2,151.0
2026-03-01T05:00,11.6,14.0,5.6,0.6,154.0
2026-03-01T06:00,9.9,12.1,5.4,0.7,152.0
2026-03-01T07:00,8.6,10.7,5.0,0.9,150.0
2026-03-01T08:00,7.3,8.9,4.5,1.2,152.0
2026-03-01T09:00,6.6,8.0,3.7,1.6,163.0
2026-03-01T10:00,8.8,11.2,2.8,2.2,178.0
2026-03-01T11:00,10.0,12.8,2.2,2.6,191.0
2026-03-01T12:00,10.8,13.8,2.2,2.9,200.0
2026-03-01T13:00,11.0,14.2,2.5,3.0,207.0
2026-03-01T14:00,11.3,14.4,2.9,3.2,214.0
2026-03-01T15:00,11.4,14.6,3.3,3.3,223.0
2026-03-01T16:00,11.6,14.8,3.8,3.4,232.0
2026-03-01T17:00,22.8,30.7,5.6,4.0,237.0
2026-03-01T18:00,24.9,32.0,7.8,4.5,237.0
2026-03-01T19:00,27.1,34.3,10.8,5.1,232.0
2026-03-01T20:00,29.0,35.6,12.3,5.2,219.0
2026-03-01T21:00,29.5,35.2,11.2,4.4,190.0
2026-03-01T22:00,28.8,33.8,8.7,3.2,153.0
2026-03-01T23:00,27.6,32.0,6.4,2.3,130.0
2026-03-02T00:00,25.8,29.9,4.7,2.1,132.0
2026-03-02T01:00,23.9,27.6,3.1,2.2,148.0
2026-03-02T02:00,22.5,26.0,2.1,2.2,162.0
2026-03-02T03:00,21.6,25.0,1.8,2.0,169.0
2026-03-02T04:00,20.9,24.2,2.1,1.8,175.0
2026-03-02T05:00,17.1,21.9,2.0,1.4,181.0
2026-03-02T06:00,16.4,22.1,2.8,1.4,191.0
2026-03-02T07:00,15.9,22.3,3.8,1.4,200.0
2026-03-02T08:00,16.4,24.4,4.1,1.4,202.0
2026-03-02T09:00,16.9,26.3,3.1,1.4,188.0
2026-03-02T10:00,17.5,33.6,1.5,1.3,166.0
2026-03-02T11:00,15.9,36.2,0.4,1.4,149.0
2026-03-02T12:00,15.7,37.4,0.4,1.6,142.0
2026-03-02T13:00,15.7,37.5,0.9,1.8,141.0
2026-03-02T14:00,15.9,36.3,1.7,2.1,143.0
2026-03-02T15:00,19.0,41.1,3.0,2.4,150.0
2026-03-02T16:00,21.1,37.8,4.5,2.7,161.0
2026-03-02T17:00,18.9,45.9,1.9,1.8,166.0
2026-03-02T18:00,22.2,46.9,3.1,2.1,161.0
2026-03-02T19:00,24.3,46.2,4.8,2.6,150.0
2026-03-02T20:00,26.0,46.1,6.1,3.0,141.0
2026-03-02T21:00,27.2,45.4,6.8,3.2,137.0
2026-03-02T22:00,27.3,45.2,7.2,3.4,134.0
2026-03-02T23:00,26.8,43.5,7.5,3.4,132.0
2026-03-03T00:00,26.0,42.3,7.6,3.2,129.0
2026-03-03T01:00,24.9,40.9,7.6,2.8,126.0
2026-03-03T02:00,23.5,39.1,7.6,2.5,126.0
2026-03-03T03:00,22.2,39.1,7.5,2.3,131.0
2026-03-03T04:00,20.1,36.2,7.3,2.1,140.0
2026-03-03T05:00,20.2,33.5,10.3,2.8,147.0
2026-03-03T06:00,17.9,29.8,10.4,2.8,153.0
2026-03-03T07:00,15.8,26.5,10.6,2.9,158.0
2026-03-03T08:00,13.9,23.1,10.3,3.0,160.0
2026-03-03T09:00,12.9,21.2,9.3,3.1,157.0
2026-03-03T10:00,13.0,22.0,7.9,3.2,151.0
2026-03-03T11:00,14.3,27.4,6.7,3.3,147.0
2026-03-03T12:00,14.5,29.7,5.9,3.3,148.0
2026-03-03T13:00,13.9,30.2,5.3,3.2,151.0
2026-03-03T14:00,13.6,28.5,5.0,3.2,153.0
2026-03-03T15:00,13.6,29.9,4.9,3.2,154.0
2026-03-03T16:00,14.0,30.7,4.9,3.1,154.0
2026-03-03T17:00,14.4,35.2,4.0,2.1,154.0
2026-03-03T18:00,15.4,31.9,4.8,2.2,153.0
2026-03-03T19:00,18.4,37.7,5.9,2.3,152.0
2026-03-03T20:00,21.7,44.2,7.1,2.4,150.0
2026-03-03T21:00,23.2,44.7,8.4,2.6,145.0
2026-03-03T22:00,24.1,43.2,9.7,2.8,139.0
2026-03-03T23:00,24.5,41.9,10.5,2.9,134.0
2026-03-04T00:00,23.9,39.2,10.4,2.9,131.0
2026-03-04T01:00,23.7,39.0,9.7,2.8,130.0
2026-03-04T02:00,24.0,39.6,8.9,2.5,131.0
2026-03-04T03:00,22.6,35.5,7.9,2.0,136.0
2026-03-04T04:00,21.4,33.3,6.8,1.3,144.0
2026-03-04T05:00,17.5,25.8,5.5,0.5,152.0
2026-03-04T06:00,15.9,25.3,5.4,0.7,158.0
2026-03-04T07:00,16.4,29.2,5.3,1.0,164.0
2026-03-04T08:00,18.3,35.4,5.3,1.3,170.0
2026-03-04T09:00,20.7,38.3,5.4,1.8,176.0
2026-03-04T10:00,23.9,44.4,5.4,2.3,181.0
2026-03-04T11:00,15.1,23.4,5.5,2.5,183.0
2026-03-04T12:00,7.6,10.5,5.5,2.3,180.0
2026-03-04T13:00,4.7,6.5,5.4,1.8,175.0
2026-03-04T14:00,3.6,5.2,5.3,1.4,173.0
2026-03-04T15:00,3.2,4.5,5.1,1.3,176.0
2026-03-04T16:00,2.8,4.0,5.0,1.4,181.0
2026-03-04T17:00,7.6,13.0,6.0,1.8,187.0
2026-03-04T18:00,8.4,13.4,6.8,1.9,193.0
2026-03-04T19:00,9.0,14.4,7.8,2.1,199.0
2026-03-04T20:00,9.4,15.4,8.6,2.2,201.0
2026-03-04T21:00,9.2,15.7,8.8,2.3,196.0
2026-03-04T22:00,9.1,15.7,8.6,2.4,187.0
2026-03-04T23:00,9.1,15.9,8.5,2.4,178.0
2026-03-05T00:00,8.8,15.3,8.5,2.3,170.0
2026-03-05T01:00,8.6,14.4,8.4,2.1,161.0
2026-03-05T02:00,8.4,13.7,8.5,2.0,157.0
2026-03-05T03:00,8.1,13.2,8.8,2.0,159.0
2026-03-05T04:00,7.9,12.8,9.3,2.0,165.0
2026-03-05T05:00,8.7,14.4,9.0,1.7,170.0
2026-03-05T06:00,8.4,13.5,9.3,1.7,170.0
2026-03-05T07:00,7.8,12.1,9.7,1.8,169.0
2026-03-05T08:00,8.1,12.1,10.0,1.9,170.0
2026-03-05T09:00,8.9,12.7,10.0,2.2,175.0
2026-03-05T10:00,9.2,12.9,9.8,2.7,181.0
2026-03-05T11:00,9.3,13.2,9.5,3.1,186.0
2026-03-05T12:00,9.1,13.6,8.9,3.4,187.0
2026-03-05T13:00,9.3,14.2,8.1,3.6,187.0
2026-03-05T14:00,9.6,15.1,7.8,3.9,192.0
2026-03-05T15:00,9.7,15.3,8.6,4.6,211.0
2026-03-05T16:00,10.0,14.9,10.0,5.3,235.0
2026-03-05T17:00,7.9,10.3,7.8,3.3,250.0
2026-03-05T18:00,10.0,12.2,8.5,3.8,246.0
2026-03-05T19:00,9.1,10.7,9.4,4.5,232.0
2026-03-05T20:00,7.2,8.4,9.9,5.1,219.0
2026-03-05T21:00,6.8,7.9,9.5,5.4,210.0
2026-03-05T22:00,6.8,7.8,8.6,5.4,202.0
2026-03-05T23:00,6.9,7.9,7.9,5.4,197.0
2026-03-06T00:00,7.2,8.1,7.6,5.2,195.0
2026-03-06T01:00,7.7,8.7,7.5,4.8,195.0
2026-03-06T02:00,7.8,8.8,7.4,4.5,196.0
2026-03-06T03:00,7.1,8.0,7.3,4.4,198.0
2026-03-06T04:00,7.2,8.0,7.2,4.4,202.0
2026-03-06T05:00,11.3,12.6,10.9,3.2,203.0
2026-03-06T06:00,15.9,17.3,10.3,2.4,201.0
2026-03-06T07:00,16.8,18.3,9.3,1.3,197.0
2026-03-06T08:00,16.6,18.0,8.1,0.7,194.0
2026-03-06T09:00,15.0,16.4,6.4,1.3,195.0
2026-03-06T10:00,12.3,14.1,4.4,2.4,197.0
2026-03-06T11:00,9.1,11.2,2.8,3.2,197.0
2026-03-06T12:00,7.1,10.0,2.0,3.2,193.0
2026-03-06T13:00,6.3,10.2,1.6,2.7,186.0
2026-03-06T14:00,6.4,11.2,1.5,2.5,181.0
2026-03-06T15:00,6.8,12.3,1.6,2.6,179.0
2026-03-06T16:00,7.4,13.2,2.0,2.9,179.0
2026-03-06T17:00,23.7,48.1,3.3,3.1,180.0
2026-03-06T18:00,23.6,40.5,5.0,3.5,186.0
2026-03-06T19:00,24.2,39.8,7.3,3.9,193.0
2026-03-06T20:00,24.7,40.3,8.9,4.2,193.0
2026-03-06T21:00,25.6,41.2,9.3,4.1,178.0
2026-03-06T22:00,26.5,41.2,9.1,3.8,156.0
2026-03-06T23:00,27.1,40.9,8.7,3.3,139.0
2026-03-07T00:00,27.4,40.6,8.3,2.7,134.0
2026-03-07T01:00,27.6,40.3,7.6,1.9,134.0
2026-03-07T02:00,27.2,39.0,7.0,1.3,136.0
2026-03-07T03:00,25.9,37.0,6.4,1.0,137.0
2026-03-07T04:00,24.6,35.9,5.7,0.9,138.0
2026-03-07T05:00,24.1,36.0,2.9,1.4,142.0
2026-03-07T06:00,22.1,33.1,2.4,1.5,150.0
2026-03-07T07:00,19.8,29.9,1.8,1.6,159.0
2026-03-07T08:00,17.2,25.6,1.3,1.7,165.0
2026-03-07T09:00,13.9,20.2,1.1,1.7,164.0
2026-03-07T10:00,9.7,17.3,1.0,1.7,159.0
2026-03-07T11:00,8.5,17.8,1.0,1.7,155.0
2026-03-07T12:00,8.6,19.6,0.9,1.6,155.0
2026-03-07T13:00,8.5,20.0,0.9,1.5,156.0
2026-03-07T14:00,8.4,20.1,0.9,1.4,157.0
2026-03-07T15:00,8.5,19.9,0.8,1.3,159.0
2026-03-07T16:00,8.6,19.8,0.8,1.3,160.0
2026-03-07T17:00,10.6,26.3,1.0,1.2,161.0
2026-03-07T18:00,11.4,26.7,3.2,1.6,160.0
2026-03-07T19:00,13.3,27.8,6.3,2.1,157.0
2026-03-07T20:00,14.8,28.2,8.5,2.4,155.0
2026-03-07T21:00,16.1,27.1,9.0,2.2,153.0
2026-03-07T22:00,16.2,24.9,8.6,1.8,152.0
2026-03-07T23:00,15.5,22.4,7.8,1.4,153.0
2026-03-08T00:00,14.2,20.7,6.7,1.1,157.0
2026-03-08T01:00,12.8,19.7,5.3,0.9,162.0
2026-03-08T02:00,11.7,18.9,4.2,0.7,168.0
2026-03-08T03:00,11.1,18.3,3.5,0.6,176.0
2026-03-08T04:00,10.7,17.9,3.1,0.6,184.0
2026-03-08T05:00,12.3,18.7,4.9,0.7,188.0
2026-03-08T06:00,11.5,17.8,4.7,0.8,182.0
2026-03-08T07:00,11.1,17.2,4.3,1.1,172.0
2026-03-08T08:00,10.6,15.9,3.7,1.2,163.0
2026-03-08T09:00,8.6,14.3,2.8,1.2,158.0
2026-03-08T10:00,7.4,18.5,1.6,1.2,155.0
2026-03-08T11:00,7.8,19.8,0.8,1.2,153.0
2026-03-08T12:00,7.7,18.9,0.5,1.2,151.0
2026-03-08T13:00,7.4,17.6,0.5,1.2,150.0
2026-03-08T14:00,6.7,15.8,0.6,1.2,150.0
2026-03-08T15:00,6.0,14.1,0.6,1.2,151.0
2026-03-08T16:00,5.6,12.7,0.7,1.2,154.0
2026-03-08T17:00,10.8,24.7,1.4,1.4,155.0
2026-03-08T18:00,11.6,24.2,3.9,1.8,154.0
2026-03-08T19:00,15.5,28.5,7.3,2.4,151.0
2026-03-08T20:00,18.9,31.5,9.6,2.7,149.0
2026-03-08T21:00,20.7,31.5,9.9,2.5,147.0
2026-03-08T22:00,21.7,31.0,9.2,2.1,145.0
2026-03-08T23:00,22.0,30.2,8.1,1.7,143.0
2026-03-09T00:00,21.2,28.4,6.7,1.4,141.0
2026-03-09T01:00,19.1,25.4,4.9,1.2,140.0
2026-03-09T02:00,16.6,22.4,3.5,1.1,142.0
2026-03-09T03:00,14.9,20.4,2.5,1.1,149.0
2026-03-09T04:00,13.8,19.2,1.8,1.1,158.0
2026-03-09T05:00,12.7,18.0,1.3,1.6,165.0
2026-03-09T06:00,11.8,17.3,1.7,1.6,167.0
2026-03-09T07:00,11.9,17.4,2.1,1.7,166.0
2026-03-09T08:00,11.9,17.3,2.5,1.8,166.0
2026-03-09T09:00,12.0,16.8,2.6,2.1,169.0
2026-03-09T10:00,12.3,17.7,2.6,2.4,172.0
2026-03-09T11:00,12.7,20.2,2.5,2.7,177.0
2026-03-09T12:00,12.9,22.3,2.2,2.9,184.0
2026-03-09T13:00,11.9,22.6,1.9,3.0,191.0
2026-03-09T14:00,12.2,23.1,1.9,3.1,196.0
2026-03-09T15:00,15.4,25.4,2.6,3.3,197.0
2026-03-09T16:00,18.3,27.3,3.6,3.6,195.0
2026-03-09T17:00,16.4,34.1,1.8,2.0,190.0
2026-03-09T18:00,19.3,32.8,2.8,2.3,180.0
2026-03-09T19:00,20.5,32.0,4.1,2.7,166.0
2026-03-09T20:00,20.1,29.6,5.0,2.9,158.0
2026-03-09T21:00,16.5,22.5,5.0,2.7,159.0
2026-03-09T22:00,8.4,10.9,4.6,2.3,165.0
2026-03-09T23:00,6.3,8.4,4.2,2.0,169.0
2026-03-10T00:00,6.7,9.1,4.1,1.9,169.0
2026-03-10T01:00,7.0,9.2,4.0,1.9,169.0
2026-03-10T02:00,5.1,6.7,3.9,1.8,169.0
2026-03-10T03:00,4.2,5.5,3.6,1.7,172.0
2026-03-10T04:00,3.1,3.9,3.2,1.5,176.0
2026-03-10T05:00,0.4,0.5,2.1,0.8,179.0
2026-03-10T06:00,1.1,1.4,2.3,0.8,179.0
2026-03-10T07:00,1.2,2.1,2.5,0.7,177.0
2026-03-10T08:00,0.9,2.2,2.7,0.7,175.0
2026-03-10T09:00,0.9,2.5,2.7,0.7,174.0
2026-03-10T10:00,1.1,3.2,2.7,0.8,172.0
2026-03-10T11:00,2.2,6.1,2.8,0.9,171.0
2026-03-10T12:00,3.7,9.8,3.0,1.0,170.0
2026-03-10T13:00,4.3,11.3,3.3,1.2,169.0
2026-03-10T14:00,5.3,13.1,3.6,1.2,169.0
2026-03-10T15:00,6.1,14.9,3.7,1.0,170.0
2026-03-10T16:00,1.3,2.5,3.8,0.7,172.0
2026-03-10T17:00,3.0,7.0,1.8,0.3,175.0
2026-03-10T18:00,2.7,6.4,1.8,0.8,181.0
2026-03-10T19:00,3.1,6.8,1.8,1.4,189.0
2026-03-10T20:00,2.7,5.3,2.1,1.9,194.0
2026-03-10T21:00,1.8,3.3,2.8,2.1,194.0
2026-03-10T22:00,2.1,3.4,3.7,2.2,192.0
2026-03-10T23:00,2.8,4.2,4.4,2.3,189.0
2026-03-11T00:00,3.8,5.5,4.7,2.4,185.0
2026-03-11T01:00,4.9,7.0,4.8,2.4,180.0
2026-03-11T02:00,6.1,8.5,4.8,2.5,178.0
2026-03-11T03:00,7.8,10.4,4.6,2.6,182.0
2026-03-11T04:00,9.2,11.8,4.3,2.6,189.0
2026-03-11T05:00,9.1,12.0,6.2,1.9,196.0
2026-03-11T06:00,9.9,12.5,6.0,1.8,201.0
2026-03-11T07:00,10.6,13.2,5.7,1.6,205.0
2026-03-11T08:00,11.0,13.6,5.2,1.7,208.0
2026-03-11T09:00,11.1,13.7,4.5,2.2,209.0
2026-03-11T10:00,11.6,14.4,3.7,2.9,208.0
2026-03-11T11:00,12.8,16.5,3.1,3.4,209.0
2026-03-11T12:00,13.4,17.3,2.8,3.5,212.0
2026-03-11T13:00,13.6,17.3,2.6,3.4,217.0
2026-03-11T14:00,13.5,17.1,2.6,3.3,220.0
2026-03-11T15:00,13.5,16.8,2.7,3.2,220.0
2026-03-11T16:00,13.5,16.5,2.9,3.1,217.0
2026-03-11T17:00,28.4,41.2,3.6,3.2,216.0
2026-03-11T18:00,28.5,40.5,5.1,3.6,217.0
2026-03-11T19:00,29.0,40.6,7.2,4.0,219.0
2026-03-11T20:00,29.8,41.3,8.7,4.2,218.0
2026-03-11T21:00,30.7,42.7,9.2,3.9,210.0
2026-03-11T22:00,30.5,43.3,9.1,3.3,198.0
2026-03-11T23:00,29.2,43.0,8.7,2.7,188.0
2026-03-12T00:00,26.7,41.7,7.7,2.1,182.0
2026-03-12T01:00,23.7,39.9,6.4,1.5,179.0
2026-03-12T02:00,20.6,38.0,5.3,1.0,177.0
2026-03-12T03:00,18.5,36.1,4.9,0.7,178.0
2026-03-12T04:00,17.1,34.3,4.8,0.6,182.0
2026-03-12T05:00,12.3,29.6,3.8,0.6,184.0
2026-03-12T06:00,10.7,26.8,3.9,0.6,184.0
2026-03-12T07:00,9.8,25.4,4.0,0.5,184.0
2026-03-12T08:00,9.4,23.5,3.9,0.7,182.0
2026-03-12T09:00,11.3,24.5,3.4,1.3,178.0
2026-03-12T10:00,12.7,24.7,2.7,2.1,173.0
2026-03-12T11:00,13.0,23.5,2.2,2.8,170.0
2026-03-12T12:00,13.0,22.5,2.2,3.2,169.0
2026-03-12T13:00,13.0,21.8,2.5,3.6,170.0
2026-03-12T14:00,13.0,21.2,2.9,3.9,170.0
2026-03-12T15:00,13.0,20.8,3.3,4.3,169.0
2026-03-12T16:00,13.3,20.7,3.8,4.6,167.0
2026-03-12T17:00,18.6,29.7,4.9,6.4,167.0
2026-03-12T18:00,19.3,28.6,7.0,7.0,170.0
2026-03-12T19:00,19.8,27.8,10.0,7.7,174.0
2026-03-12T20:00,20.6,28.0,12.0,7.9,175.0
2026-03-12T21:00,21.6,29.5,12.4,7.2,171.0
2026-03-12T22:00,22.4,31.5,11.9,6.1,164.0
2026-03-12T23:00,22.7,33.1,11.1,4.9,158.0
2026-03-13T00:00,22.4,34.0,9.9,3.8,155.0
2026-03-13T01:00,21.6,34.5,8.4,2.7,153.0
2026-03-13T02:00,20.8,34.6,7.2,1.8,153.0
2026-03-13T03:00,20.0,34.5,6.5,1.2,158.0
2026-03-13T04:00,19.1,34.2,6.0,0.8,164.0
2026-03-13T05:00,19.3,33.6,7.1,0.9,169.0
2026-03-13T06:00,18.2,33.1,6.6,0.8,169.0
2026-03-13T07:00,17.6,32.7,5.9,0.6,166.0
2026-03-13T08:00,17.1,31.4,5.1,0.7,164.0
2026-03-13T09:00,17.7,32.8,4.2,1.4,163.0
2026-03-13T10:00,18.9,34.7,3.2,2.4,162.0
2026-03-13T11:00,19.0,35.0,2.5,3.1,162.0
2026-03-13T12:00,18.7,34.6,2.2,3.2,162.0
2026-03-13T13:00,18.0,33.4,2.1,3.1,162.0
2026-03-13T14:00,17.3,32.2,2.1,3.0,161.0
2026-03-13T15:00,16.6,31.1,2.1,3.0,159.0
2026-03-13T16:00,16.1,29.9,2.3,3.0,157.0
2026-03-13T17:00,16.1,32.0,4.2,3.7,156.0
2026-03-13T18:00,16.2,30.7,5.9,4.2,157.0
2026-03-13T19:00,16.7,30.2,8.3,4.9,158.0
2026-03-13T20:00,17.9,31.7,10.0,5.1,158.0
2026-03-13T21:00,19.7,34.5,10.4,4.3,155.0
2026-03-13T22:00,21.0,36.9,10.1,3.0,149.0
2026-03-13T23:00,21.8,37.5,9.5,1.9,146.0
2026-03-14T00:00,21.8,36.8,8.7,1.2,145.0
2026-03-14T01:00,21.2,35.4,7.7,0.8,146.0
2026-03-14T02:00,20.3,33.4,6.7,0.5,148.0
2026-03-14T03:00,19.1,31.2,5.7,0.4,154.0
2026-03-14T04:00,17.9,29.0,4.7,0.5,162.0
2026-03-14T05:00,18.1,30.0,2.9,0.7,167.0
2026-03-14T06:00,16.9,28.2,2.6,0.7,167.0
2026-03-14T07:00,16.1,26.8,2.2,0.7,165.0
2026-03-14T08:00,15.0,25.1,1.9,0.8,163.0
2026-03-14T09:00,13.6,23.9,1.8,1.0,164.0
2026-03-14T10:00,14.1,30.7,1.8,1.4,165.0
2026-03-14T11:00,16.1,42.3,1.9,1.8,166.0
2026-03-14T12:00,18.3,56.2,2.2,2.3,163.0
2026-03-14T13:00,20.1,68.9,2.7,2.8,160.0
2026-03-14T14:00,20.8,78.0,3.2,3.3,160.0
2026-03-14T15:00,20.6,81.5,3.7,3.5,168.0
2026-03-14T16:00,19.7,79.9,4.2,3.7,179.0
2026-03-14T17:00,15.9,63.8,4.8,4.8,189.0
2026-03-14T18:00,14.1,51.5,6.1,5.4,197.0
2026-03-14T19:00,11.9,37.8,7.9,6.3,203.0
2026-03-14T20:00,10.5,28.4,9.1,7.1,206.0
2026-03-14T21:00,8.9,20.8,9.2,7.7,203.0
2026-03-14T22:00,8.0,16.1,8.8,8.3,197.0
2026-03-14T23:00,7.4,12.8,8.5,8.8,192.0
2026-03-15T00:00,7.7,11.4,8.5,9.3,191.0
2026-03-15T01:00,7.8,9.8,8.5,9.7,191.0
2026-03-15T02:00,7.9,8.8,8.5,10.1,192.0
2026-03-15T03:00,8.1,8.3,8.5,10.4,196.0
2026-03-15T04:00,8.4,8.6,8.5,10.7,200.0
2026-03-15T05:00,10.2,14.5,8.3,10.3,203.0
2026-03-15T06:00,10.5,14.8,8.3,10.2,202.0
2026-03-15T07:00,11.7,18.7,8.1,10.2,199.0
2026-03-15T08:00,13.2,24.3,7.5,10.0,196.0
2026-03-15T09:00,12.9,21.0,5.8,9.8,193.0
2026-03-15T10:00,12.7,21.2,3.7,9.5,190.0
2026-03-15T11:00,12.9,25.0,2.0,9.1,186.0
2026-03-15T12:00,13.1,26.5,1.3,8.5,181.0
2026-03-15T13:00,13.4,27.1,1.1,7.8,175.0
2026-03-15T14:00,13.5,27.2,1.1,7.2,171.0
2026-03-15T15:00,13.6,26.8,1.1,6.8,171.0
2026-03-15T16:00,14.6,26.9,1.3,6.5,173.0
2026-03-15T17:00,15.0,27.2,3.8,6.6,176.0
2026-03-15T18:00,14.4,23.9,5.1,6.5,180.0
2026-03-15T19:00,14.7,22.1,6.9,6.3,184.0
2026-03-15T20:00,14.8,21.5,8.2,6.3,187.0
2026-03-15T21:00,15.0,21.5,8.6,6.5,187.0
2026-03-15T22:00,15.1,21.8,8.6,6.9,186.0
2026-03-15T23:00,15.4,22.5,8.5,7.1,187.0
2026-03-16T00:00,15.9,23.5,8.4,6.9,190.0
2026-03-16T01:00,16.5,24.4,8.3,6.5,195.0
2026-03-16T02:00,17.2,25.3,8.1,6.2,200.0
2026-03-16T03:00,18.0,26.2,7.9,6.2,207.0
2026-03-16T04:00,18.6,27.0,7.7,6.2,216.0
2026-03-16T05:00,20.1,31.0,6.9,5.4,221.0
2026-03-16T06:00,20.4,29.9,6.6,4.9,221.0
2026-03-16T07:00,20.6,28.2,6.1,4.3,218.0
2026-03-16T08:00,19.7,24.3,5.4,4.2,214.0
2026-03-16T09:00,16.9,21.6,4.2,5.4,208.0
2026-03-16T10:00,13.8,17.8,2.8,7.2,201.0
2026-03-16T11:00,13.9,20.2,1.8,8.3,195.0
2026-03-16T12:00,14.1,22.9,1.4,8.0,191.0
2026-03-16T13:00,14.5,25.6,1.3,6.9,188.0
2026-03-16T14:00,14.7,26.8,1.4,6.1,186.0
2026-03-16T15:00,15.4,28.2,1.4,5.8,186.0
2026-03-16T16:00,16.5,29.7,1.5,5.6,186.0
2026-03-16T17:00,26.8,48.9,2.5,5.8,187.0
2026-03-16T18:00,28.3,47.1,4.6,6.1,188.0
2026-03-16T19:00,29.9,48.0,7.4,6.4,189.0
2026-03-16T20:00,30.5,48.5,9.6,6.4,189.0
2026-03-16T21:00,30.7,49.7,10.6,5.9,185.0
2026-03-16T22:00,30.9,49.5,10.8,5.0,180.0
2026-03-16T23:00,29.9,46.4,10.6,4.0,176.0
2026-03-17T00:00,28.3,42.0,9.7,2.9,176.0
2026-03-17T01:00,26.2,38.2,8.3,1.6,178.0
2026-03-17T02:00,24.3,37.3,6.8,0.7,178.0
2026-03-17T03:00,22.4,36.2,5.3,0.4,175.0
2026-03-17T04:00,20.5,33.2,3.8,0.3,170.0
2026-03-17T05:00,19.5,33.2,5.2,0.5,165.0
2026-03-17T06:00,18.0,31.3,4.5,0.6,161.0
2026-03-17T07:00,16.5,28.9,3.6,0.7,157.0
2026-03-17T08:00,15.1,25.8,2.7,0.8,153.0
2026-03-17T09:00,14.1,27.0,2.0,1.0,150.0
2026-03-17T10:00,15.0,37.7,1.4,1.2,146.0
2026-03-17T11:00,15.9,37.3,1.0,1.5,145.0
2026-03-17T12:00,15.8,35.2,1.0,1.9,146.0
2026-03-17T13:00,15.0,32.4,1.3,2.5,148.0
2026-03-17T14:00,13.5,29.2,1.6,2.8,151.0
2026-03-17T15:00,12.3,27.1,1.5,2.8,157.0
2026-03-17T16:00,11.9,26.0,1.4,2.6,164.0
2026-03-17T17:00,20.7,47.5,2.3,2.6,168.0
2026-03-17T18:00,21.4,43.2,4.0,3.3,168.0
2026-03-17T19:00,23.3,44.2,6.4,4.2,165.0
2026-03-17T20:00,24.6,45.9,8.3,4.6,162.0
2026-03-17T21:00,26.4,48.1,9.3,4.2,159.0
2026-03-17T22:00,28.1,47.6,9.7,3.4,155.0
2026-03-17T23:00,28.5,46.7,9.7,2.6,153.0
2026-03-18T00:00,28.6,47.1,9.1,2.1,154.0
2026-03-18T01:00,28.9,48.3,8.0,1.6,157.0
2026-03-18T02:00,28.9,48.7,7.1,1.2,161.0
2026-03-18T03:00,28.6,48.0,6.7,0.9,165.0
2026-03-18T04:00,27.9,46.4,6.4,0.8,170.0
2026-03-18T05:00,28.1,39.1,7.0,1.9,174.0
2026-03-18T06:00,27.1,37.3,6.2,2.0,177.0
2026-03-18T07:00,26.4,35.7,5.0,2.1,179.0
2026-03-18T08:00,25.6,34.0,3.9,2.3,179.0
2026-03-18T09:00,25.1,36.3,2.9,2.8,176.0
2026-03-18T10:00,28.5,51.3,2.0,3.3,171.0
2026-03-18T11:00,26.3,50.4,1.4,3.7,167.0
2026-03-18T12:00,23.1,47.1,1.1,3.6,165.0
2026-03-18T13:00,20.2,43.5,1.1,3.3,164.0
2026-03-18T14:00,19.3,41.3,1.2,3.1,165.0
2026-03-18T15:00,18.7,39.7,1.2,3.0,171.0
2026-03-18T16:00,18.6,38.6,1.4,3.0,179.0
2026-03-18T17:00,16.8,32.4,2.6,3.2,184.0
2026-03-18T18:00,16.6,27.8,4.2,3.6,184.0
2026-03-18T19:00,17.9,27.6,6.5,4.2,183.0
2026-03-18T20:00,19.4,29.3,8.1,4.6,181.0
2026-03-18T21:00,21.2,31.8,8.6,4.7,181.0
2026-03-18T22:00,23.5,34.7,8.5,4.8,181.0
2026-03-18T23:00,26.4,38.6,8.0,4.7,182.0
2026-03-19T00:00,29.0,42.1,7.0,4.6,184.0
2026-03-19T01:00,31.4,45.9,5.6,4.4,187.0
2026-03-19T02:00,33.5,49.2,4.6,4.3,191.0
2026-03-19T03:00,34.7,50.6,4.4,4.4,199.0
2026-03-19T04:00,35.3,51.1,4.6,4.6,208.0
2026-03-19T05:00,37.7,56.9,5.4,5.0,213.0
2026-03-19T06:00,38.6,58.2,5.7,5.0,212.0
2026-03-19T07:00,39.3,59.8,6.0,5.1,207.0
2026-03-19T08:00,39.7,59.6,5.9,5.0,202.0
2026-03-19T09:00,36.8,58.4,4.8,4.7,198.0
2026-03-19T10:00,33.2,53.0,3.3,4.3,195.0
2026-03-19T11:00,30.7,47.5,2.1,3.9,193.0
2026-03-19T12:00,26.3,39.2,1.8,3.4,193.0
2026-03-19T13:00,25.0,37.3,1.8,3.0,194.0
2026-03-19T14:00,19.8,30.3,2.0,2.6,195.0
2026-03-19T15:00,19.0,28.9,2.0,2.4,195.0
2026-03-19T16:00,17.6,26.7,2.2,2.3,196.0
2026-03-19T17:00,28.2,39.6,3.6,2.7,199.0
2026-03-19T18:00,33.4,47.7,4.9,2.9,207.0
2026-03-19T19:00,37.5,53.7,6.7,3.2,218.0
2026-03-19T20:00,39.0,55.3,8.4,3.4,222.0
2026-03-19T21:00,39.7,55.8,9.9,3.6,213.0
2026-03-19T22:00,40.4,56.3,11.3,3.8,198.0
2026-03-19T23:00,40.7,56.5,12.1,3.9,187.0
2026-03-20T00:00,40.0,54.9,12.2,3.7,184.0
2026-03-20T01:00,39.0,52.9,11.8,3.4,185.0
2026-03-20T02:00,39.1,52.5,11.1,3.1,188.0
2026-03-20T03:00,38.2,50.8,10.2,2.8,195.0
2026-03-20T04:00,36.6,48.0,9.1,2.5,204.0
2026-03-20T05:00,38.6,52.7,11.0,3.7,210.0
2026-03-20T06:00,38.4,52.0,9.9,3.1,210.0
2026-03-20T07:00,38.4,50.9,8.3,2.3,207.0
2026-03-20T08:00,38.1,48.7,6.7,1.8,203.0
2026-03-20T09:00,34.0,43.8,5.2,1.9,197.0
2026-03-20T10:00,20.7,28.6,3.7,2.4,189.0
2026-03-20T11:00,15.8,23.2,2.5,2.6,183.0
2026-03-20T12:00,12.5,18.9,1.9,2.3,181.0
2026-03-20T13:00,12.3,18.6,1.6,1.9,180.0
2026-03-20T14:00,13.3,20.2,1.5,1.5,180.0
2026-03-20T15:00,15.0,21.9,1.3,1.4,181.0
2026-03-20T16:00,14.0,20.3,1.2,1.4,182.0
2026-03-20T17:00,29.6,51.2,2.3,1.5,183.0
2026-03-20T18:00,29.5,46.0,4.5,1.9,182.0
2026-03-20T19:00,31.2,46.9,7.4,2.4,180.0
2026-03-20T20:00,32.4,48.4,9.7,2.8,178.0
2026-03-20T21:00,34.1,50.8,10.6,2.9,178.0
2026-03-20T22:00,35.6,51.1,10.7,2.8,178.0
2026-03-20T23:00,36.2,50.8,10.5,2.5,177.0
2026-03-21T00:00,36.0,49.4,9.9,2.0,174.0
2026-03-21T01:00,34.7,47.5,9.0,1.3,171.0
2026-03-21T02:00,32.6,44.9,8.1,0.8,171.0
2026-03-21T03:00,29.9,41.4,7.4,0.5,177.0
2026-03-21T04:00,26.8,37.6,6.8,0.4,186.0
2026-03-21T05:00,31.1,45.3,3.6,0.7,192.0
2026-03-21T06:00,28.6,42.8,3.2,0.7,192.0
2026-03-21T07:00,25.6,38.1,2.7,0.8,190.0
2026-03-21T08:00,22.1,31.9,2.2,0.9,186.0
2026-03-21T09:00,19.2,28.3,1.7,1.1,181.0
2026-03-21T10:00,19.3,40.0,1.1,1.4,175.0
2026-03-21T11:00,20.3,42.8,0.7,1.6,170.0
2026-03-21T12:00,20.1,41.3,0.6,1.6,167.0
2026-03-21T13:00,19.4,39.3,0.6,1.6,165.0
2026-03-21T14:00,18.3,37.0,0.7,1.5,165.0
2026-03-21T15:00,17.5,34.8,0.5,1.4,166.0
2026-03-21T16:00,17.2,33.9,0.4,1.2,169.0
2026-03-21T17:00,11.9,23.6,1.6,0.9,171.0
2026-03-21T18:00,12.2,22.7,4.2,1.3,172.0
2026-03-21T19:00,15.0,25.0,7.7,1.8,172.0
2026-03-21T20:00,16.8,26.7,10.2,2.1,173.0
2026-03-21T21:00,17.5,26.8,10.9,2.0,174.0
2026-03-21T22:00,17.9,25.6,10.6,1.7,176.0
2026-03-21T23:00,18.0,25.1,9.8,1.5,176.0
2026-03-22T00:00,18.6,26.3,8.4,1.4,174.0
2026-03-22T01:00,20.2,29.8,6.5,1.2,171.0
2026-03-22T02:00,21.8,32.4,5.0,1.2,170.0
2026-03-22T03:00,23.1,34.1,4.2,1.3,174.0
2026-03-22T04:00,23.2,34.3,3.7,1.4,179.0
2026-03-22T05:00,27.9,40.3,4.2,1.4,181.0
2026-03-22T06:00,26.5,38.0,3.8,1.4,176.0
2026-03-22T07:00,23.8,33.5,3.3,1.5,167.0
2026-03-22T08:00,19.8,27.4,2.7,1.5,159.0
2026-03-22T09:00,15.4,21.4,2.1,1.4,152.0
2026-03-22T10:00,13.0,25.8,1.4,1.2,146.0
2026-03-22T11:00,13.6,32.0,0.9,1.0,142.0
2026-03-22T12:00,15.1,39.0,0.6,0.9,142.0
2026-03-22T13:00,15.7,40.9,0.5,0.8,144.0
2026-03-22T14:00,16.0,41.0,0.6,0.8,146.0
2026-03-22T15:00,15.7,40.5,0.7,0.7,147.0
2026-03-22T16:00,14.9,39.1,0.9,0.7,149.0
2026-03-22T17:00,14.6,38.1,1.2,0.7,150.0
2026-03-22T18:00,14.1,31.9,2.4,0.8,151.0
2026-03-22T19:00,19.2,46.9,4.2,1.0,152.0
2026-03-22T20:00,19.4,46.3,5.5,1.1,152.0
2026-03-22T21:00,19.7,43.7,6.1,1.2,152.0
2026-03-22T22:00,19.6,40.4,6.4,1.3,152.0
2026-03-22T23:00,19.0,40.4,6.5,1.3,152.0
2026-03-23T00:00,18.2,41.7,6.5,1.2,151.0
2026-03-23T01:00,18.3,36.1,6.2,1.0,149.0
2026-03-23T02:00,18.0,32.4,5.9,0.8,149.0
2026-03-23T03:00,17.1,30.3,5.4,0.7,153.0
2026-03-23T04:00,15.9,29.9,4.9,0.7,160.0
2026-03-23T05:00,16.1,31.2,5.0,1.2,164.0
2026-03-23T06:00,15.6,32.1,4.9,1.1,165.0
2026-03-23T07:00,15.7,35.7,4.7,1.0,164.0
2026-03-23T08:00,15.5,37.8,4.2,1.0,162.0
2026-03-23T09:00,15.0,44.5,3.1,1.0,157.0
2026-03-23T10:00,15.5,54.0,1.7,1.1,151.0
2026-03-23T11:00,16.2,54.6,0.6,1.2,147.0
2026-03-23T12:00,16.7,53.1,0.3,1.2,146.0
2026-03-23T13:00,15.9,48.0,0.3,1.3,148.0
2026-03-23T14:00,15.3,44.4,0.4,1.3,149.0
2026-03-23T15:00,14.6,41.4,0.3,1.3,150.0
2026-03-23T16:00,14.1,39.7,0.2,1.2,151.0
2026-03-23T17:00,10.0,29.1,0.8,0.9,152.0
2026-03-23T18:00,8.7,22.4,2.7,1.1,153.0
2026-03-23T19:00,10.0,23.3,5.3,1.4,155.0
2026-03-23T20:00,11.1,25.0,7.5,1.6,155.0
2026-03-23T21:00,11.7,25.0,8.9,1.6,153.0
2026-03-23T22:00,12.3,22.6,9.8,1.4,150.0
2026-03-23T23:00,12.4,20.4,9.9,1.2,147.0
2026-03-24T00:00,12.3,19.0,8.8,1.0,145.0
2026-03-24T01:00,12.3,19.2,7.0,0.8,143.0
2026-03-24T02:00,13.0,21.0,5.4,0.7,143.0
2026-03-24T03:00,14.4,22.3,4.4,0.7,147.0
2026-03-24T04:00,15.8,23.8,3.6,0.7,153.0
2026-03-24T05:00,14.3,21.7,4.2,1.1,156.0
2026-03-24T06:00,15.7,23.6,3.7,1.1,154.0
2026-03-24T07:00,17.9,26.4,2.9,1.1,149.0
2026-03-24T08:00,19.1,27.9,2.3,1.1,145.0
2026-03-24T09:00,18.1,28.1,1.9,1.2,142.0
2026-03-24T10:00,14.8,27.7,1.6,1.4,141.0
2026-03-24T11:00,13.2,27.1,1.3,1.5,140.0
2026-03-24T12:00,11.1,25.0,1.0,1.4,141.0
2026-03-24T13:00,9.3,22.4,0.8,1.3,144.0
2026-03-24T14:00,8.8,21.2,0.7,1.2,146.0
2026-03-24T15:00,8.6,20.7,0.6,1.2,149.0
2026-03-24T16:00,8.4,20.1,0.6,1.2,152.0
2026-03-24T17:00,2.1,4.9,1.5,1.1,153.0
2026-03-24T18:00,2.7,5.5,3.5,1.6,152.0
2026-03-24T19:00,3.9,6.9,6.3,2.2,150.0
2026-03-24T20:00,5.7,9.3,8.2,2.5,148.0
2026-03-24T21:00,7.8,11.9,8.5,2.3,149.0
2026-03-24T22:00,9.2,13.7,7.9,1.8,150.0
2026-03-24T23:00,10.7,15.8,7.0,1.4,151.0
2026-03-25T00:00,12.0,17.6,6.0,1.1,149.0
2026-03-25T01:00,13.0,18.7,4.7,1.0,147.0
2026-03-25T02:00,13.2,19.0,3.6,0.8,146.0
2026-03-25T03:00,12.7,18.5,2.9,0.7,150.0
2026-03-25T04:00,11.7,17.3,2.4,0.6,156.0
2026-03-25T05:00,10.4,15.5,2.0,0.6,159.0
2026-03-25T06:00,8.9,13.6,1.9,0.5,158.0
2026-03-25T07:00,7.6,12.2,1.8,0.4,155.0
2026-03-25T08:00,5.9,10.1,1.7,0.4,151.0
2026-03-25T09:00,5.2,9.4,1.5,0.6,148.0
2026-03-25T10:00,5.4,12.4,1.4,0.9,144.0
2026-03-25T11:00,5.7,15.5,1.2,1.1,141.0
2026-03-25T12:00,6.0,18.2,1.0,1.1,139.0
2026-03-25T13:00,6.2,19.7,0.9,1.1,139.0
2026-03-25T14:00,6.4,21.1,0.8,1.0,139.0
2026-03-25T15:00,6.5,22.1,0.7,0.9,141.0
2026-03-25T16:00,6.5,22.8,0.7,0.9,143.0
2026-03-25T17:00,2.5,10.7,1.4,0.9,145.0
2026-03-25T18:00,4.1,12.6,3.7,1.2,146.0
2026-03-25T19:00,5.3,13.4,6.9,1.7,146.0
2026-03-25T20:00,6.0,13.6,9.0,1.9,147.0
2026-03-25T21:00,6.4,12.9,9.0,1.7,149.0
2026-03-25T22:00,5.8,12.5,8.0,1.2,152.0
2026-03-25T23:00,5.1,12.3,6.8,0.8,153.0
2026-03-26T00:00,4.5,11.8,5.6,0.6,150.0
2026-03-26T01:00,4.1,11.6,4.2,0.5,146.0
2026-03-26T02:00,3.9,11.7,3.2,0.5,143.0
2026-03-26T03:00,3.9,12.0,2.8,0.5,145.0
2026-03-26T04:00,4.0,12.6,2.7,0.5,149.0
2026-03-26T05:00,4.2,12.2,2.3,0.5,152.0
2026-03-26T06:00,4.4,13.0,2.2,0.5,152.0
2026-03-26T07:00,4.7,13.2,2.0,0.5,151.0
2026-03-26T08:00,4.9,13.0,1.8,0.6,149.0
2026-03-26T09:00,5.1,12.4,1.6,0.8,145.0
2026-03-26T10:00,6.2,19.2,1.3,1.0,139.0
2026-03-26T11:00,6.9,21.7,1.1,1.1,135.0
2026-03-26T12:00,7.6,23.2,0.9,1.1,134.0
2026-03-26T13:00,8.1,23.9,0.8,1.0,135.0
2026-03-26T14:00,8.5,23.8,0.8,1.0,137.0
2026-03-26T15:00,8.7,23.5,0.7,0.9,139.0
2026-03-26T16:00,8.7,22.4,0.7,0.9,143.0
2026-03-26T17:00,4.6,10.2,1.8,1.0,145.0
2026-03-26T18:00,6.0,10.2,4.4,1.5,146.0
2026-03-26T19:00,7.5,11.5,8.1,2.2,147.0
2026-03-26T20:00,8.6,12.5,10.8,2.7,146.0
2026-03-26T21:00,9.1,13.2,11.8,2.7,144.0
2026-03-26T22:00,9.3,13.1,11.8,2.4,140.0
2026-03-26T23:00,8.6,11.9,11.3,2.1,136.0
2026-03-27T00:00,7.9,11.1,10.2,1.8,131.0
2026-03-27T01:00,7.4,10.6,8.7,1.4,126.0
2026-03-27T02:00,7.0,10.4,7.3,1.2,124.0
2026-03-27T03:00,7.1,10.6,6.3,1.2,126.0
2026-03-27T04:00,7.2,10.8,5.5,1.3,131.0
2026-03-27T05:00,9.2,12.8,4.7,2.0,136.0
2026-03-27T06:00,9.6,13.7,4.3,2.0,141.0
2026-03-27T07:00,9.7,13.5,3.7,2.1,147.0
2026-03-27T08:00,8.4,12.0,3.1,2.1,148.0
2026-03-27T09:00,6.8,10.6,2.4,2.1,142.0
2026-03-27T10:00,7.5,15.8,1.7,2.1,132.0
2026-03-27T11:00,7.9,18.4,1.1,2.0,126.0
2026-03-27T12:00,8.0,19.1,0.8,1.8,127.0
2026-03-27T13:00,7.9,19.4,0.6,1.6,131.0
2026-03-27T14:00,7.9,19.6,0.6,1.4,135.0
2026-03-27T15:00,7.9,20.1,0.5,1.3,138.0
2026-03-27T16:00,7.8,20.1,0.7,1.3,141.0
2026-03-27T17:00,4.2,10.2,1.5,1.2,141.0
2026-03-27T18:00,5.3,12.3,4.0,1.4,138.0
2026-03-27T19:00,6.5,13.1,7.4,1.8,133.0
2026-03-27T20:00,7.1,12.7,9.5,1.9,127.0
2026-03-27T21:00,6.8,11.7,9.0,1.7,121.0
2026-03-27T22:00,6.4,11.5,7.2,1.2,114.0
2026-03-27T23:00,6.0,11.1,5.5,0.9,109.0
2026-03-28T00:00,5.6,10.8,4.4,0.7,108.0
2026-03-28T01:00,5.3,10.8,3.3,0.7,109.0
2026-03-28T02:00,5.2,11.1,2.6,0.6,112.0
2026-03-28T03:00,5.3,11.5,2.2,0.6,118.0
2026-03-28T04:00,5.4,11.8,2.1,0.6,127.0
2026-03-28T05:00,5.5,12.4,2.4,0.6,134.0
2026-03-28T06:00,5.5,12.4,2.4,0.6,139.0
2026-03-28T07:00,5.5,12.3,2.3,0.6,142.0
2026-03-28T08:00,5.6,12.3,2.2,0.7,141.0
2026-03-28T09:00,5.3,10.6,1.9,0.8,134.0
2026-03-28T10:00,6.7,20.4,1.4,1.0,124.0
2026-03-28T11:00,8.2,28.7,1.1,1.1,117.0
2026-03-28T12:00,9.4,34.6,1.0,1.2,117.0
2026-03-28T13:00,10.3,38.5,0.9,1.2,121.0
2026-03-28T14:00,11.0,40.4,1.0,1.3,126.0
2026-03-28T15:00,11.4,40.2,1.0,1.4,132.0
2026-03-28T16:00,11.4,38.6,1.2,1.5,140.0
2026-03-28T17:00,6.1,19.2,2.2,1.2,146.0
2026-03-28T18:00,6.5,17.8,4.4,1.8,149.0
2026-03-28T19:00,7.9,20.1,7.4,2.6,151.0
2026-03-28T20:00,9.4,23.1,9.2,3.1,152.0
2026-03-28T21:00,10.4,25.6,8.7,3.0,152.0
2026-03-28T22:00,9.7,22.4,6.9,2.7,152.0
2026-03-28T23:00,8.2,20.3,5.4,2.4,150.0
2026-03-29T00:00,7.8,23.5,4.5,2.3,145.0
2026-03-29T01:00,7.9,27.9,3.9,2.3,139.0
2026-03-29T02:00,8.5,34.3,3.5,2.3,135.0
2026-03-29T03:00,9.4,39.6,3.5,2.3,134.0
2026-03-29T04:00,9.9,41.0,3.9,2.4,135.0
2026-03-29T05:00,8.7,28.6,3.7,2.5,136.0
2026-03-29T06:00,7.1,21.9,4.0,2.3,137.0
2026-03-29T07:00,5.7,15.7,4.3,2.0,138.0
2026-03-29T08:00,4.4,9.3,4.7,1.8,138.0
2026-03-29T09:00,4.0,6.8,5.2,1.6,137.0
2026-03-29T10:00,4.2,6.4,5.8,1.5,134.0
2026-03-29T11:00,4.7,7.1,5.8,1.4,133.0
2026-03-29T12:00,4.4,6.8,4.9,1.3,133.0
2026-03-29T13:00,4.3,6.7,3.5,1.2,134.0
2026-03-29T14:00,3.5,5.7,2.4,1.2,134.0
2026-03-29T15:00,2.9,5.3,1.5,1.2,134.0
2026-03-29T16:00,2.8,5.3,0.8,1.3,134.0
2026-03-29T17:00,7.9,15.4,2.0,1.3,134.0
2026-03-29T18:00,7.2,13.3,3.4,1.5,134.0
2026-03-29T19:00,8.4,14.4,5.3,1.8,135.0
2026-03-29T20:00,9.6,15.7,7.0,2.0,135.0
2026-03-29T21:00,10.5,16.2,8.5,2.2,134.0
2026-03-29T22:00,10.8,15.8,9.8,2.3,132.0
2026-03-29T23:00,10.6,14.9,10.4,2.3,130.0
2026-03-30T00:00,10.1,14.4,9.8,2.0,127.0
2026-03-30T01:00,9.6,14.3,8.4,1.5,123.0
2026-03-30T02:00,9.2,14.3,7.3,1.1,121.0
2026-03-30T03:00,8.8,14.2,7.0,0.8,123.0
2026-03-30T04:00,8.4,13.9,6.9,0.6,127.0
2026-03-30T05:00,9.0,14.6,5.9,0.5,130.0
2026-03-30T06:00,9.1,15.7,5.5,0.5,130.0
2026-03-30T07:00,9.5,17.2,4.8,0.6,129.0
2026-03-30T08:00,9.5,17.0,4.1,0.7,127.0
2026-03-30T09:00,8.2,19.8,3.2,1.0,125.0
2026-03-30T10:00,8.9,22.4,2.1,1.5,123.0
2026-03-30T11:00,9.6,21.6,1.5,1.9,123.0
2026-03-30T12:00,9.9,20.3,1.6,2.3,125.0
2026-03-30T13:00,10.0,19.0,2.1,2.6,128.0
2026-03-30T14:00,11.6,19.4,2.7,2.9,132.0
2026-03-30T15:00,12.6,19.7,3.0,3.0,136.0
2026-03-30T16:00,13.4,19.9,3.3,3.1,141.0
2026-03-30T17:00,14.2,20.1,4.7,2.4,142.0
2026-03-30T18:00,15.1,20.4,5.7,2.4,137.0
2026-03-30T19:00,16.5,22.1,7.1,2.5,129.0
2026-03-30T20:00,15.9,20.8,8.2,2.5,123.0
2026-03-30T21:00,15.7,20.4,8.6,2.5,121.0
2026-03-30T22:00,16.4,21.2,8.8,2.6,121.0
2026-03-30T23:00,16.0,20.0,8.9,2.5,121.0
2026-03-31T00:00,15.3,18.5,9.3,2.2,122.0
2026-03-31T01:00,14.6,17.9,9.6,1.8,124.0
2026-03-31T02:00,13.9,17.5,9.8,1.4,126.0
2026-03-31T03:00,13.1,16.6,9.7,1.2,130.0
2026-03-31T04:00,12.1,15.3,9.4,1.1,135.0
2026-03-31T05:00,12.8,17.6,8.4,1.2,138.0
2026-03-31T06:00,12.2,17.0,7.2,1.2,139.0
2026-03-31T07:00,11.7,16.1,5.5,1.3,139.0
2026-03-31T08:00,10.8,14.8,3.9,1.3,138.0
2026-03-31T09:00,8.2,13.0,2.6,1.3,135.0
2026-03-31T10:00,6.3,13.5,1.5,1.3,131.0
2026-03-31T11:00,5.4,13.6,0.7,1.3,128.0
2026-03-31T12:00,4.8,13.2,0.4,1.1,126.0
2026-03-31T13:00,4.6,13.1,0.3,0.9,125.0
2026-03-31T14:00,4.4,12.8,0.4,0.7,126.0
2026-03-31T15:00,4.2,12.3,0.2,0.6,129.0
2026-03-31T16:00,4.0,12.1,0.2,0.6,134.0
2026-03-31T17:00,5.3,13.1,1.3,0.7,137.0
2026-03-31T18:00,5.1,11.1,2.1,0.8,136.0
2026-03-31T19:00,6.0,12.0,3.1,0.8,134.0
2026-03-31T20:00,6.8,13.2,3.9,0.9,132.0
2026-03-31T21:00,7.7,13.8,4.2,1.0,132.0
2026-03-31T22:00,8.5,14.6,4.1,1.0,133.0
2026-03-31T23:00,9.2,15.9,4.1,1.0,134.0
2026-04-01T00:00,10.2,17.3,4.1,1.0,134.0
2026-04-01T01:00,11.1,18.5,4.1,0.9,133.0
2026-04-01T02:00,11.9,19.6,4.1,0.8,134.0
2026-04-01T03:00,12.6,20.6,4.1,0.7,138.0
2026-04-01T04:00,13.4,21.5,4.1,0.6,143.0
2026-04-01T05:00,13.6,23.6,4.8,0.8,145.0
2026-04-01T06:00,14.0,24.4,4.3,0.8,142.0
2026-04-01T07:00,14.5,24.5,3.6,0.9,137.0
2026-04-01T08:00,13.8,22.6,2.9,1.0,133.0
2026-04-01T09:00,11.8,25.1,2.1,1.1,131.0
2026-04-01T10:00,12.1,30.7,1.4,1.2,129.0
2026-04-01T11:00,12.5,33.1,0.8,1.3,129.0
2026-04-01T12:00,12.3,33.4,0.6,1.3,129.0
2026-04-01T13:00,11.6,31.9,0.6,1.2,131.0
2026-04-01T14:00,10.5,29.5,0.7,1.2,134.0
2026-04-01T15:00,9.5,27.4,0.7,1.2,142.0
2026-04-01T16:00,8.8,25.1,0.9,1.2,153.0
2026-04-01T17:00,6.5,15.4,2.5,1.8,159.0
2026-04-01T18:00,6.4,13.7,4.6,2.3,157.0
2026-04-01T19:00,7.4,13.6,7.5,3.0,152.0
2026-04-01T20:00,8.8,15.1,9.6,3.3,146.0
2026-04-01T21:00,9.3,15.4,10.1,3.0,141.0
2026-04-01T22:00,9.3,16.1,9.8,2.2,137.0
2026-04-01T23:00,9.4,17.1,9.3,1.6,134.0
2026-04-02T00:00,9.1,17.2,8.7,1.1,134.0
2026-04-02T01:00,8.7,16.8,7.9,0.7,136.0
2026-04-02T02:00,8.3,16.6,7.3,0.4,138.0
2026-04-02T03:00,8.1,17.1,7.2,0.3,140.0
2026-04-02T04:00,7.9,17.6,7.3,0.3,143.0
2026-04-02T05:00,8.4,18.7,5.4,0.4,146.0
2026-04-02T06:00,8.6,18.7,5.1,0.5,149.0
2026-04-02T07:00,8.4,17.7,4.5,0.7,151.0
2026-04-02T08:00,8.2,19.3,3.9,0.9,152.0
2026-04-02T09:00,9.8,26.1,3.0,1.1,149.0
2026-04-02T10:00,10.9,30.0,2.0,1.4,145.0
2026-04-02T11:00,10.5,28.3,1.2,1.6,142.0
2026-04-02T12:00,10.0,26.6,0.9,1.6,141.0
2026-04-02T13:00,9.5,24.6,0.8,1.6,141.0
2026-04-02T14:00,9.2,23.0,0.9,1.6,143.0
2026-04-02T15:00,9.0,20.7,0.9,1.6,147.0
2026-04-02T16:00,9.9,19.2,1.0,1.7,152.0
2026-04-02T17:00,10.9,22.7,2.4,2.6,155.0
2026-04-02T18:00,12.4,21.5,3.2,2.7,155.0
2026-04-02T19:00,13.9,22.1,4.4,2.8,152.0
2026-04-02T20:00,13.8,21.7,5.3,2.9,150.0
2026-04-02T21:00,13.6,21.6,5.7,3.0,148.0
2026-04-02T22:00,13.5,21.6,5.8,3.0,145.0
2026-04-02T23:00,13.9,21.9,6.2,2.9,143.0
2026-04-03T00:00,11.4,17.5,7.1,2.6,142.0
2026-04-03T01:00,13.3,21.2,8.2,2.2,141.0
2026-04-03T02:00,11.1,17.1,8.9,1.9,141.0
2026-04-03T03:00,10.8,15.6,9.1,1.7,143.0
2026-04-03T04:00,10.2,13.8,8.9,1.6,145.0
2026-04-03T05:00,5.1,7.3,7.1,1.6,147.0
2026-04-03T06:00,6.3,8.1,6.8,1.6,146.0
2026-04-03T07:00,6.5,8.1,6.4,1.5,145.0
2026-04-03T08:00,6.5,8.0,5.8,1.5,144.0
2026-04-03T09:00,6.0,7.7,4.8,1.5,146.0
2026-04-03T10:00,4.9,9.2,3.5,1.5,149.0
2026-04-03T11:00,5.5,12.6,2.6,1.5,151.0
2026-04-03T12:00,6.0,13.6,2.2,1.4,151.0
2026-04-03T13:00,6.4,14.4,2.0,1.4,149.0
2026-04-03T14:00,6.9,14.2,2.0,1.3,148.0
2026-04-03T15:00,8.1,14.6,2.1,1.3,149.0
2026-04-03T16:00,8.9,15.0,2.3,1.3,151.0
2026-04-03T17:00,12.5,21.0,2.7,0.8,151.0
2026-04-03T18:00,12.4,20.0,2.9,0.8,149.0
2026-04-03T19:00,10.9,17.7,3.2,0.8,145.0
2026-04-03T20:00,12.0,21.7,3.6,0.9,142.0
2026-04-03T21:00,11.9,21.4,4.2,1.0,141.0
2026-04-03T22:00,13.2,23.0,4.8,1.2,142.0
2026-04-03T23:00,14.9,24.8,5.3,1.3,142.0
2026-04-04T00:00,14.3,23.4,5.4,1.3,141.0
2026-04-04T01:00,9.8,15.8,5.3,1.2,139.0
2026-04-04T02:00,7.5,11.8,5.3,1.1,139.0
2026-04-04T03:00,6.7,9.9,5.5,1.0,142.0
2026-04-04T04:00,6.6,9.2,5.8,0.8,147.0
2026-04-04T05:00,4.5,6.5,3.6,0.8,151.0
2026-04-04T06:00,3.9,5.4,3.5,0.9,152.0
2026-04-04T07:00,4.0,5.6,3.4,1.1,151.0
2026-04-04T08:00,4.2,6.3,3.4,1.2,150.0
2026-04-04T09:00,4.3,6.7,3.5,1.4,148.0
2026-04-04T10:00,4.8,8.2,3.7,1.5,146.0
2026-04-04T11:00,6.1,9.8,3.7,1.6,145.0
2026-04-04T12:00,6.2,10.1,3.3,1.5,145.0
2026-04-04T13:00,5.6,9.1,2.6,1.3,146.0
2026-04-04T14:00,4.8,7.3,2.2,1.2,147.0
2026-04-04T15:00,4.0,5.9,1.9,1.1,149.0
2026-04-04T16:00,3.9,5.3,1.9,1.1,152.0
2026-04-04T17:00,7.8,11.8,2.8,1.3,155.0
2026-04-04T18:00,7.6,11.3,4.2,1.4,159.0
2026-04-04T19:00,8.6,12.0,6.2,1.6,164.0
2026-04-04T20:00,9.8,13.2,7.9,1.8,167.0
2026-04-04T21:00,10.7,14.2,9.1,2.0,167.0
2026-04-04T22:00,11.0,14.6,10.0,2.2,165.0
2026-04-04T23:00,11.4,14.9,10.7,2.2,162.0
2026-04-05T00:00,12.0,15.4,11.3,1.9,158.0
2026-04-05T01:00,12.4,15.5,11.8,1.5,153.0
2026-04-05T02:00,12.5,15.3,11.7,1.1,149.0
2026-04-05T03:00,12.3,14.6,11.0,0.8,147.0
2026-04-05T04:00,11.7,13.6,9.8,0.6,147.0
2026-04-05T05:00,8.2,10.0,7.0,0.7,148.0
2026-04-05T06:00,7.7,9.3,6.5,0.7,151.0
2026-04-05T07:00,7.6,9.0,5.8,0.7,155.0
2026-04-05T08:00,7.5,8.7,4.9,0.7,155.0
2026-04-05T09:00,6.8,8.1,3.6,0.8,147.0
2026-04-05T10:00,4.7,6.1,2.1,0.9,136.0
2026-04-05T11:00,3.8,5.0,1.0,0.9,127.0
2026-04-05T12:00,2.8,4.0,0.5,0.9,125.0
2026-04-05T13:00,2.2,3.4,0.4,0.8,126.0
2026-04-05T14:00,1.9,3.2,0.4,0.7,127.0
2026-04-05T15:00,1.8,3.2,0.2,0.6,128.0
2026-04-05T16:00,1.7,3.3,0.1,0.6,128.0
2026-04-05T17:00,2.9,5.9,0.8,0.6,130.0
2026-04-05T18:00,3.2,5.5,2.8,1.0,133.0
2026-04-05T19:00,4.0,6.2,5.5,1.5,137.0
2026-04-05T20:00,5.4,7.7,7.7,1.8,139.0
2026-04-05T21:00,6.5,8.8,9.1,1.8,138.0
2026-04-05T22:00,7.1,9.1,9.9,1.7,136.0
2026-04-05T23:00,6.9,8.7,10.2,1.5,133.0
2026-04-06T00:00,6.6,8.1,9.6,1.2,131.0
2026-04-06T01:00,6.4,8.0,8.5,0.8,128.0
2026-04-06T02:00,6.3,8.1,7.5,0.5,127.0
2026-04-06T03:00,6.5,8.3,6.9,0.4,128.0
2026-04-06T04:00,6.7,8.6,6.5,0.3,130.0
2026-04-06T05:00,7.9,10.2,6.6,0.7,131.0
2026-04-06T06:00,8.1,10.7,6.3,0.6,130.0
2026-04-06T07:00,8.5,10.9,5.8,0.4,128.0
2026-04-06T08:00,8.5,10.7,5.1,0.4,127.0
2026-04-06T09:00,7.5,12.7,3.8,0.6,128.0
2026-04-06T10:00,7.1,12.7,2.3,1.0,129.0
2026-04-06T11:00,6.9,12.5,1.2,1.3,131.0
2026-04-06T12:00,6.8,12.2,0.8,1.4,132.0
2026-04-06T13:00,6.8,11.9,0.9,1.4,132.0
2026-04-06T14:00,7.1,11.8,1.0,1.5,134.0
2026-04-06T15:00,7.4,11.8,1.1,1.6,139.0
2026-04-06T16:00,7.6,11.6,1.3,1.8,144.0
2026-04-06T17:00,13.2,18.9,2.4,2.3,148.0
2026-04-06T18:00,12.9,16.8,3.6,2.5,148.0
2026-04-06T19:00,13.6,16.2,5.4,2.8,145.0
2026-04-06T20:00,14.2,16.5,6.6,2.9,144.0
2026-04-06T21:00,14.5,17.1,7.0,2.9,145.0
2026-04-06T22:00,14.3,17.2,6.9,2.8,148.0
2026-04-06T23:00,14.9,18.4,6.6,2.5,149.0
2026-04-07T00:00,18.3,22.2,6.1,1.9,147.0
2026-04-07T01:00,18.3,22.1,5.5,1.1,144.0
2026-04-07T02:00,17.0,20.9,5.0,0.5,142.0
2026-04-07T03:00,15.2,19.0,4.9,0.3,143.0
2026-04-07T04:00,13.0,16.9,5.1,0.4,146.0
2026-04-07T05:00,8.0,11.1,3.5,0.4,148.0
2026-04-07T06:00,7.6,10.8,3.2,0.4,150.0
2026-04-07T07:00,6.5,9.5,2.8,0.5,152.0
2026-04-07T08:00,6.6,10.0,2.5,0.5,152.0
2026-04-07T09:00,5.4,7.9,2.2,0.5,149.0
2026-04-07T10:00,3.5,5.0,2.0,0.4,146.0
2026-04-07T11:00,3.2,4.4,1.9,0.4,143.0
2026-04-07T12:00,3.0,4.0,1.9,0.5,144.0
2026-04-07T13:00,3.3,4.5,1.9,0.6,146.0
2026-04-07T14:00,4.2,5.6,2.0,0.7,147.0
2026-04-07T15:00,3.6,5.3,2.0,0.7,147.0
2026-04-07T16:00,3.4,5.4,2.1,0.6,146.0
2026-04-07T17:00,5.4,8.9,2.2,0.7,145.0
2026-04-07T18:00,4.8,7.7,2.5,0.7,146.0
2026-04-07T19:00,4.7,7.3,2.9,0.8,147.0
2026-04-07T20:00,5.0,8.1,3.3,0.8,148.0
2026-04-07T21:00,5.1,8.4,3.5,0.8,148.0
2026-04-07T22:00,5.0,8.3,3.7,0.8,147.0
2026-04-07T23:00,5.1,8.5,3.8,0.8,146.0
2026-04-08T00:00,5.3,9.4,3.7,0.8,144.0
2026-04-08T01:00,5.5,9.9,3.5,0.8,142.0
2026-04-08T02:00,5.6,10.2,3.5,0.8,141.0
2026-04-08T03:00,6.0,10.8,3.8,0.8,142.0
2026-04-08T04:00,5.8,10.2,4.1,0.7,143.0
2026-04-08T05:00,5.3,8.8,3.3,0.5,145.0
2026-04-08T06:00,4.9,7.8,3.0,0.5,147.0
2026-04-08T07:00,3.9,6.3,2.6,0.6,150.0
2026-04-08T08:00,3.9,6.4,2.2,0.6,151.0
2026-04-08T09:00,4.0,6.9,1.7,0.6,151.0
2026-04-08T10:00,3.7,6.7,1.2,0.5,151.0
2026-04-08T11:00,3.3,6.3,0.8,0.5,149.0
2026-04-08T12:00,2.9,5.7,0.7,0.4,146.0
2026-04-08T13:00,2.7,5.3,0.7,0.4,142.0
2026-04-08T14:00,2.6,5.1,0.8,0.3,139.0
2026-04-08T15:00,2.7,5.4,0.8,0.3,139.0
2026-04-08T16:00,2.7,5.6,0.9,0.3,140.0
2026-04-08T17:00,3.6,7.5,1.4,0.4,143.0
2026-04-08T18:00,3.7,7.6,2.8,0.6,149.0
2026-04-08T19:00,4.4,8.2,4.7,0.8,156.0
2026-04-08T20:00,5.8,9.8,6.5,1.0,159.0
2026-04-08T21:00,6.8,11.1,7.9,1.2,155.0
2026-04-08T22:00,7.2,11.8,9.0,1.4,148.0
2026-04-08T23:00,7.4,12.1,9.8,1.5,143.0
2026-04-09T00:00,7.5,11.8,10.0,1.4,142.0
2026-04-09T01:00,7.5,11.4,9.8,1.1,144.0
2026-04-09T02:00,7.3,10.9,9.4,0.9,146.0
2026-04-09T03:00,6.9,10.3,8.9,0.7,150.0
2026-04-09T04:00,6.5,9.8,8.3,0.6,155.0
2026-04-09T05:00,6.1,9.3,9.4,0.9,159.0
2026-04-09T06:00,5.7,8.6,7.7,0.9,160.0
2026-04-09T07:00,5.4,8.0,5.3,0.8,160.0
2026-04-09T08:00,4.2,6.3,3.3,0.8,158.0
2026-04-09T09:00,2.7,5.9,2.0,0.8,155.0
2026-04-09T10:00,2.6,5.5,1.1,0.7,150.0
2026-04-09T11:00,2.2,4.9,0.5,0.7,147.0
2026-04-09T12:00,1.9,4.8,0.2,0.6,146.0
2026-04-09T13:00,1.7,4.5,0.3,0.5,146.0
2026-04-09T14:00,1.5,4.1,0.4,0.4,146.0
2026-04-09T15:00,1.4,3.9,0.2,0.4,146.0
2026-04-09T16:00,1.4,3.8,0.1,0.4,145.0
2026-04-09T17:00,1.9,3.7,0.8,0.4,146.0
2026-04-09T18:00,2.4,3.9,3.0,0.7,149.0
2026-04-09T19:00,3.6,5.3,6.2,1.1,153.0
2026-04-09T20:00,5.7,7.6,8.6,1.4,155.0
2026-04-09T21:00,7.1,9.1,9.7,1.6,153.0
2026-04-09T22:00,7.5,9.7,10.2,1.7,148.0
2026-04-09T23:00,7.5,9.4,10.4,1.7,144.0
2026-04-10T00:00,7.4,9.2,10.4,1.4,142.0
2026-04-10T01:00,7.3,9.2,10.2,1.0,141.0
2026-04-10T02:00,7.6,9.4,9.8,0.7,141.0
2026-04-10T03:00,7.9,9.8,9.3,0.5,145.0
2026-04-10T04:00,8.3,10.5,8.6,0.4,151.0
2026-04-10T05:00,8.1,10.7,6.2,0.6,154.0
2026-04-10T06:00,8.7,12.0,5.2,0.6,152.0
2026-04-10T07:00,9.1,12.3,3.8,0.6,147.0
2026-04-10T08:00,8.9,11.9,2.6,0.7,143.0
2026-04-10T09:00,8.3,13.6,1.8,0.8,140.0
2026-04-10T10:00,6.9,12.3,1.1,1.0,137.0
2026-04-10T11:00,6.0,11.1,0.7,1.1,136.0
2026-04-10T12:00,5.4,10.4,0.6,1.1,137.0
2026-04-10T13:00,5.3,10.1,0.7,1.1,139.0
2026-04-10T14:00,5.3,9.6,0.8,1.1,142.0
2026-04-10T15:00,5.3,9.1,0.8,1.1,145.0
2026-04-10T16:00,5.3,8.7,0.8,1.1,148.0
2026-04-10T17:00,4.9,8.8,1.5,1.3,151.0
2026-04-10T18:00,5.7,8.7,2.7,1.3,153.0
2026-04-10T19:00,7.0,10.5,4.4,1.3,153.0
2026-04-10T20:00,7.9,11.2,5.5,1.3,153.0
2026-04-10T21:00,8.1,11.6,5.5,1.2,151.0
2026-04-10T22:00,8.1,11.8,5.1,1.1,148.0
2026-04-10T23:00,8.3,12.2,4.8,1.0,146.0
2026-04-11T00:00,8.6,12.6,5.1,0.9,145.0
2026-04-11T01:00,8.8,12.8,5.7,0.8,144.0
2026-04-11T02:00,9.0,13.0,6.2,0.8,145.0
2026-04-11T03:00,9.1,13.3,6.8,0.8,148.0
2026-04-11T04:00,9.3,13.4,7.3,0.8,153.0
2026-04-11T05:00,10.3,13.5,7.7,0.6,156.0
2026-04-11T06:00,10.1,13.7,6.2,0.6,155.0
2026-04-11T07:00,9.5,13.5,4.0,0.6,152.0
2026-04-11T08:00,9.1,13.2,2.3,0.7,149.0
2026-04-11T09:00,7.2,12.1,1.4,0.8,147.0
2026-04-11T10:00,6.0,10.9,0.8,1.0,146.0
2026-04-11T11:00,5.1,10.1,0.5,1.1,145.0
2026-04-11T12:00,4.7,9.8,0.3,1.1,144.0
2026-04-11T13:00,4.6,10.1,0.4,1.0,143.0
2026-04-11T14:00,4.9,10.9,0.5,0.9,142.0
2026-04-11T15:00,7.1,14.4,0.5,0.9,141.0
2026-04-11T16:00,9.2,16.9,0.5,0.9,139.0
2026-04-11T17:00,11.0,22.6,1.1,0.7,139.0
2026-04-11T18:00,11.4,20.4,1.9,0.7,141.0
2026-04-11T19:00,12.6,19.8,3.0,0.6,145.0
2026-04-11T20:00,12.4,19.3,3.9,0.6,147.0
2026-04-11T21:00,12.6,19.7,4.4,0.6,145.0
2026-04-11T22:00,13.5,21.0,4.8,0.5,141.0
2026-04-11T23:00,14.0,21.4,4.9,0.5,138.0
2026-04-12T00:00,14.5,21.8,4.7,0.5,137.0
2026-04-12T01:00,14.8,22.3,4.3,0.4,137.0
2026-04-12T02:00,15.3,22.8,4.0,0.4,138.0
2026-04-12T03:00,15.5,23.3,4.1,0.4,142.0
2026-04-12T04:00,15.7,23.3,4.3,0.4,148.0
2026-04-12T05:00,13.5,19.6,4.1,0.4,152.0
2026-04-12T06:00,13.5,19.8,3.7,0.4,154.0
2026-04-12T07:00,13.4,19.6,3.0,0.5,155.0
2026-04-12T08:00,13.0,18.6,2.4,0.6,154.0
2026-04-12T09:00,10.7,21.7,1.7,0.8,150.0
2026-04-12T10:00,9.5,22.5,1.0,1.0,144.0
2026-04-12T11:00,9.1,23.0,0.5,1.1,140.0
2026-04-12T12:00,8.6,23.2,0.3,1.0,138.0
2026-04-12T13:00,8.6,23.9,0.4,0.9,138.0
2026-04-12T14:00,8.6,23.9,0.5,0.8,138.0
2026-04-12T15:00,8.6,23.8,0.4,0.8,139.0
2026-04-12T16:00,8.6,23.5,0.3,0.8,140.0
2026-04-12T17:00,13.2,35.6,0.8,0.8,141.0
2026-04-12T18:00,13.0,32.1,2.5,1.0,141.0
2026-04-12T19:00,15.4,32.1,4.9,1.3,141.0
2026-04-12T20:00,16.5,32.5,6.6,1.5,141.0
2026-04-12T21:00,16.9,31.2,7.2,1.5,141.0
2026-04-12T22:00,17.2,29.9,7.2,1.4,142.0
2026-04-12T23:00,17.2,28.7,7.0,1.2,142.0
2026-04-13T00:00,16.9,27.1,6.5,1.0,140.0
2026-04-13T01:00,16.2,25.2,5.8,0.8,138.0
2026-04-13T02:00,15.5,23.9,5.2,0.6,138.0
2026-04-13T03:00,15.0,23.6,4.8,0.6,141.0
2026-04-13T04:00,14.6,23.5,4.5,0.6,147.0
2026-04-13T05:00,13.9,22.2,4.3,0.6,150.0
2026-04-13T06:00,13.7,23.6,3.8,0.7,150.0
2026-04-13T07:00,13.1,22.6,3.2,0.8,148.0
2026-04-13T08:00,11.4,19.2,2.5,0.9,145.0
2026-04-13T09:00,9.4,23.8,1.8,1.0,141.0
2026-04-13T10:00,9.2,25.2,1.2,1.2,137.0
2026-04-13T11:00,9.0,24.7,0.7,1.2,135.0
2026-04-13T12:00,8.4,23.0,0.5,1.1,136.0
2026-04-13T13:00,7.8,21.2,0.4,0.9,138.0
2026-04-13T14:00,7.5,19.8,0.5,0.8,140.0
2026-04-13T15:00,7.3,18.9,0.5,0.7,142.0
2026-04-13T16:00,7.4,18.3,0.5,0.6,144.0
2026-04-13T17:00,6.1,13.6,1.3,0.8,145.0
2026-04-13T18:00,6.3,11.9,2.9,1.2,144.0
2026-04-13T19:00,7.0,11.9,5.2,1.8,142.0
2026-04-13T20:00,8.0,12.5,7.1,2.2,140.0
2026-04-13T21:00,8.7,13.1,8.3,2.1,140.0
2026-04-13T22:00,9.6,13.4,9.1,1.8,141.0
2026-04-13T23:00,10.0,13.5,9.5,1.5,141.0
2026-04-14T00:00,10.0,13.4,9.2,1.3,140.0
2026-04-14T01:00,9.9,13.5,8.5,1.1,140.0
2026-04-14T02:00,9.8,13.7,7.8,0.9,140.0
2026-04-14T03:00,9.9,13.9,7.5,0.8,143.0
2026-04-14T04:00,10.0,14.0,7.4,0.8,148.0
2026-04-14T05:00,9.8,12.5,7.9,1.1,151.0
2026-04-14T06:00,9.5,12.1,6.7,1.2,152.0
2026-04-14T07:00,9.1,11.2,4.9,1.3,151.0
2026-04-14T08:00,7.8,10.4,3.4,1.4,148.0
2026-04-14T09:00,7.7,13.2,2.4,1.6,143.0
2026-04-14T10:00,7.8,14.4,1.6,1.8,136.0
2026-04-14T11:00,8.0,15.1,1.0,1.8,131.0
2026-04-14T12:00,8.2,15.9,0.6,1.6,129.0
2026-04-14T13:00,8.0,15.8,0.5,1.3,129.0
2026-04-14T14:00,7.7,15.5,0.5,1.0,130.0
2026-04-14T15:00,7.1,14.7,0.5,0.9,131.0
2026-04-14T16:00,6.8,14.0,0.6,0.8,134.0
2026-04-14T17:00,6.6,15.0,1.4,0.7,135.0
2026-04-14T18:00,6.7,13.7,3.9,1.0,135.0
2026-04-14T19:00,7.7,14.7,7.3,1.4,135.0
2026-04-14T20:00,9.6,16.5,9.7,1.6,134.0
2026-04-14T21:00,11.0,17.5,10.2,1.6,134.0
2026-04-14T22:00,11.4,16.6,9.8,1.4,134.0
2026-04-14T23:00,10.9,15.0,8.9,1.2,133.0
2026-04-15T00:00,10.2,14.1,7.5,1.1,131.0
2026-04-15T01:00,9.5,13.3,5.7,1.0,128.0
2026-04-15T02:00,9.0,12.5,4.3,0.9,126.0
2026-04-15T03:00,8.6,12.0,3.5,0.9,127.0
2026-04-15T04:00,8.3,11.8,3.1,0.9,130.0
2026-04-15T05:00,10.2,14.9,4.8,1.0,133.0
2026-04-15T06:00,9.2,14.9,4.4,1.1,136.0
2026-04-15T07:00,7.7,14.5,3.8,1.2,140.0
2026-04-15T08:00,7.2,17.9,3.2,1.3,142.0
2026-04-15T09:00,7.4,19.8,2.6,1.4,141.0
2026-04-15T10:00,8.3,22.2,2.1,1.5,139.0
2026-04-15T11:00,10.1,25.8,1.6,1.5,138.0
2026-04-15T12:00,12.4,30.9,1.3,1.4,139.0
2026-04-15T13:00,13.7,33.9,1.2,1.1,142.0
2026-04-15T14:00,14.3,34.9,1.1,1.0,144.0
2026-04-15T15:00,14.4,35.3,1.0,1.0,144.0
2026-04-15T16:00,14.0,36.6,1.0,1.0,144.0
2026-04-15T17:00,16.5,43.2,2.7,0.7,146.0
2026-04-15T18:00,15.7,41.8,2.8,0.7,152.0
2026-04-15T19:00,15.1,41.6,3.0,0.8,160.0
2026-04-15T20:00,15.3,45.9,3.3,0.8,164.0
2026-04-15T21:00,14.0,43.3,3.6,0.8,162.0
2026-04-15T22:00,12.3,37.3,3.9,0.8,156.0
2026-04-15T23:00,11.1,33.5,4.3,0.8,150.0
2026-04-16T00:00,10.6,31.2,5.0,0.9,143.0
2026-04-16T01:00,10.4,29.4,5.8,0.9,135.0
2026-04-16T02:00,10.6,28.6,6.5,1.0,132.0
2026-04-16T03:00,10.9,28.6,7.2,1.0,137.0
2026-04-16T04:00,11.2,29.8,7.8,1.0,146.0
2026-04-16T05:00,17.5,41.9,9.8,1.1,151.0
2026-04-16T06:00,17.3,44.1,9.1,1.4,149.0
2026-04-16T07:00,16.3,41.9,8.2,1.8,144.0
2026-04-16T08:00,14.5,40.3,7.0,2.1,139.0
2026-04-16T09:00,13.1,40.9,5.5,2.1,136.0
2026-04-16T10:00,12.3,40.6,3.9,1.9,134.0
2026-04-16T11:00,12.1,40.3,2.6,1.7,133.0
2026-04-16T12:00,12.6,42.5,2.1,1.5,132.0
2026-04-16T13:00,12.8,42.0,1.9,1.2,132.0
2026-04-16T14:00,12.8,40.6,1.9,1.0,133.0
2026-04-16T15:00,12.2,36.2,1.8,1.0,135.0
2026-04-16T16:00,12.7,35.7,1.9,1.1,137.0
2026-04-16T17:00,19.6,54.9,1.5,1.3,140.0
2026-04-16T18:00,18.0,48.3,2.2,1.3,142.0
2026-04-16T19:00,17.5,43.1,3.2,1.2,145.0
2026-04-16T20:00,17.8,42.6,4.0,1.2,147.0
2026-04-16T21:00,16.8,39.2,4.6,1.1,149.0
2026-04-16T22:00,15.5,36.2,5.0,1.1,151.0
2026-04-16T23:00,15.0,39.5,5.3,1.0,152.0
2026-04-17T00:00,15.7,58.6,5.5,0.9,153.0
2026-04-17T01:00,17.1,81.0,5.5,0.9,153.0
2026-04-17T02:00,18.8,101.3,5.4,0.9,154.0
2026-04-17T03:00,20.4,118.3,5.2,1.0,157.0
2026-04-17T04:00,21.4,126.2,4.9,1.1,161.0
2026-04-17T05:00,20.9,111.1,4.4,1.1,163.0
2026-04-17T06:00,18.7,90.3,3.7,1.0,162.0
2026-04-17T07:00,15.7,64.0,2.8,0.9,160.0
2026-04-17T08:00,13.6,55.5,2.0,0.8,158.0
2026-04-17T09:00,12.1,46.0,1.4,0.8,158.0
2026-04-17T10:00,11.2,36.1,1.0,0.7,158.0
2026-04-17T11:00,12.0,36.9,0.7,0.7,158.0
2026-04-17T12:00,12.7,36.3,0.6,0.7,157.0
2026-04-17T13:00,12.2,33.3,0.6,0.6,156.0
2026-04-17T14:00,12.0,31.4,0.7,0.6,156.0
2026-04-17T15:00,10.8,27.9,0.7,0.6,157.0
2026-04-17T16:00,10.7,27.8,0.7,0.6,159.0
2026-04-17T17:00,13.9,46.0,1.2,0.4,162.0
2026-04-17T18:00,14.5,44.7,2.6,0.6,168.0
2026-04-17T19:00,15.4,43.1,4.6,0.8,176.0
2026-04-17T20:00,16.6,48.0,6.4,1.0,180.0
2026-04-17T21:00,17.2,51.6,7.6,1.2,177.0
2026-04-17T22:00,17.4,52.9,8.6,1.5,171.0
2026-04-17T23:00,17.1,50.6,9.3,1.6,165.0
2026-04-18T00:00,16.7,46.2,9.6,1.5,160.0
2026-04-18T01:00,16.2,44.4,9.5,1.4,156.0
2026-04-18T02:00,15.9,43.9,9.5,1.2,154.0
2026-04-18T03:00,15.5,42.1,9.8,1.0,157.0
2026-04-18T04:00,14.8,38.6,10.1,0.8,162.0
2026-04-18T05:00,14.6,30.0,11.0,0.5,165.0
2026-04-18T06:00,14.8,31.8,8.9,0.6,164.0
2026-04-18T07:00,15.3,33.9,6.0,0.7,162.0
2026-04-18T08:00,16.1,38.8,3.7,0.8,161.0
2026-04-18T09:00,16.8,45.1,2.5,1.0,165.0
2026-04-18T10:00,16.8,45.8,1.9,1.2,171.0
2026-04-18T11:00,15.8,41.8,1.4,1.3,175.0
2026-04-18T12:00,14.3,36.6,1.0,1.2,174.0
2026-04-18T13:00,13.5,32.9,0.8,1.0,170.0
2026-04-18T14:00,12.8,31.1,0.7,0.8,168.0
2026-04-18T15:00,12.2,29.1,0.6,0.8,168.0
2026-04-18T16:00,12.2,28.2,0.6,0.8,169.0
2026-04-18T17:00,14.8,31.4,1.4,1.7,172.0
2026-04-18T18:00,14.8,28.9,2.6,1.8,177.0
2026-04-18T19:00,14.8,25.3,4.3,1.9,184.0
2026-04-18T20:00,14.6,24.5,5.8,2.2,188.0
2026-04-18T21:00,14.3,23.9,7.1,2.7,187.0
2026-04-18T22:00,14.1,23.5,8.3,3.2,184.0
2026-04-18T23:00,14.1,23.5,9.1,3.8,179.0
2026-04-19T00:00,13.9,23.1,9.4,4.4,171.0
2026-04-19T01:00,13.6,22.8,9.3,4.9,160.0
2026-04-19T02:00,14.0,23.2,9.4,5.3,153.0
2026-04-19T03:00,14.5,24.0,10.0,5.5,152.0
2026-04-19T04:00,15.3,25.7,10.8,5.6,153.0
2026-04-19T05:00,17.8,29.6,10.2,3.4,154.0
2026-04-19T06:00,18.2,29.8,8.7,3.8,152.0
2026-04-19T07:00,18.5,29.7,6.6,4.3,150.0
2026-04-19T08:00,18.3,31.0,4.7,4.6,148.0
2026-04-19T09:00,16.3,29.2,3.4,4.4,148.0
2026-04-19T10:00,13.7,25.3,2.4,3.9,150.0
2026-04-19T11:00,10.0,19.4,1.6,3.4,150.0
2026-04-19T12:00,8.1,16.5,1.1,2.8,149.0
2026-04-19T13:00,7.0,15.4,0.8,2.1,146.0
2026-04-19T14:00,6.8,15.2,0.7,1.6,145.0
2026-04-19T15:00,7.0,15.4,0.5,1.4,145.0
2026-04-19T16:00,7.2,15.8,0.5,1.5,146.0
2026-04-19T17:00,9.5,21.7,1.0,1.4,147.0
2026-04-19T18:00,9.8,19.4,2.9,1.6,147.0
2026-04-19T19:00,12.1,20.5,5.6,1.9,147.0
2026-04-19T20:00,13.8,22.2,7.9,2.1,147.0
2026-04-19T21:00,14.8,23.3,9.6,2.1,146.0
2026-04-19T22:00,15.0,23.4,10.9,2.0,145.0
2026-04-19T23:00,14.4,21.2,11.2,1.8,144.0
2026-04-20T00:00,13.3,19.0,9.9,1.5,144.0
2026-04-20T01:00,12.6,18.5,7.6,1.1,144.0
2026-04-20T02:00,12.7,19.0,5.6,0.8,145.0
2026-04-20T03:00,13.5,20.8,4.3,0.8,148.0
2026-04-20T04:00,14.9,23.3,3.4,0.9,153.0
2026-04-20T05:00,13.2,19.6,3.5,1.2,155.0
2026-04-20T06:00,13.8,20.3,3.1,1.2,154.0
2026-04-20T07:00,14.3,21.4,2.5,1.3,150.0
2026-04-20T08:00,14.6,22.1,2.0,1.3,147.0
2026-04-20T09:00,13.4,22.9,1.5,1.3,144.0
2026-04-20T10:00,12.0,22.4,1.0,1.3,142.0
2026-04-20T11:00,11.2,21.5,0.6,1.2,140.0
2026-04-20T12:00,10.2,20.4,0.4,1.1,139.0
2026-04-20T13:00,9.3,19.0,0.4,0.9,138.0
2026-04-20T14:00,8.2,17.2,0.5,0.8,137.0
2026-04-20T15:00,7.4,15.7,0.4,0.7,137.0
2026-04-20T16:00,6.6,14.3,0.3,0.6,137.0
2026-04-20T17:00,4.4,8.4,1.1,0.6,138.0
2026-04-20T18:00,5.1,9.3,2.6,0.7,141.0
2026-04-20T19:00,5.8,9.7,4.6,0.8,144.0
2026-04-20T20:00,6.2,9.5,5.9,0.9,145.0
2026-04-20T21:00,6.1,9.0,5.7,0.9,142.0
2026-04-20T22:00,6.1,8.9,4.9,0.8,136.0
2026-04-20T23:00,6.0,8.8,4.1,0.8,132.0
2026-04-21T00:00,6.0,8.9,3.8,0.8,130.0
2026-04-21T01:00,6.0,8.9,3.6,0.8,129.0
2026-04-21T02:00,6.2,9.1,3.4,0.8,129.0
2026-04-21T03:00,6.2,9.1,3.1,0.8,131.0
2026-04-21T04:00,6.1,8.9,2.8,0.9,133.0
2026-04-21T05:00,6.0,13.8,3.1,1.0,135.0
2026-04-21T06:00,6.2,14.4,2.7,1.0,134.0
2026-04-21T07:00,6.0,13.6,2.0,0.9,132.0
2026-04-21T08:00,5.9,12.9,1.5,0.9,131.0
2026-04-21T09:00,6.0,14.3,1.2,0.9,130.0
2026-04-21T10:00,6.5,16.7,1.0,0.9,130.0
2026-04-21T11:00,6.9,19.0,0.8,0.9,130.0
2026-04-21T12:00,7.4,21.8,0.6,0.9,130.0
2026-04-21T13:00,7.8,25.0,0.5,0.9,129.0
2026-04-21T14:00,8.2,26.8,0.6,0.9,130.0
2026-04-21T15:00,8.9,29.3,0.8,0.9,133.0
2026-04-21T16:00,9.8,31.1,1.2,0.9,137.0
2026-04-21T17:00,10.1,31.5,3.2,0.9,140.0
2026-04-21T18:00,12.0,40.0,4.8,1.1,142.0
2026-04-21T19:00,13.4,44.9,6.9,1.3,142.0
2026-04-21T20:00,14.5,46.4,8.5,1.5,141.0
2026-04-21T21:00,14.3,43.1,9.1,1.5,135.0
2026-04-21T22:00,13.5,38.0,9.2,1.4,128.0
2026-04-21T23:00,12.6,34.2,9.0,1.4,122.0
2026-04-22T00:00,11.4,28.8,8.5,1.4,120.0
2026-04-22T01:00,11.1,27.0,7.7,1.5,121.0
2026-04-22T02:00,10.6,24.9,6.8,1.5,123.0
2026-04-22T03:00,9.9,22.5,5.9,1.4,126.0
2026-04-22T04:00,9.7,22.4,4.9,1.2,130.0
2026-04-22T05:00,7.5,16.5,3.3,1.4,134.0
2026-04-22T06:00,6.7,15.3,3.0,1.3,138.0
2026-04-22T07:00,6.5,15.2,2.6,1.1,142.0
2026-04-22T08:00,6.9,16.7,2.3,1.0,144.0
2026-04-22T09:00,8.6,22.6,2.1,1.0,141.0
2026-04-22T10:00,10.1,26.9,2.0,1.1,135.0
2026-04-22T11:00,12.2,34.1,1.9,1.2,131.0
2026-04-22T12:00,14.3,41.3,1.9,1.2,129.0
2026-04-22T13:00,16.5,47.5,2.0,1.1,129.0
2026-04-22T14:00,15.5,41.7,2.2,1.1,131.0
2026-04-22T15:00,15.1,38.8,2.5,1.1,136.0
2026-04-22T16:00,14.7,35.5,2.9,1.2,144.0
2026-04-22T17:00,12.1,31.1,2.4,1.2,151.0
2026-04-22T18:00,12.1,29.3,3.3,1.2,159.0
2026-04-22T19:00,11.3,24.5,4.6,1.2,167.0
2026-04-22T20:00,10.7,21.4,5.8,1.2,169.0
2026-04-22T21:00,10.3,20.0,6.8,1.1,161.0
2026-04-22T22:00,9.9,18.5,7.8,1.0,148.0
2026-04-22T23:00,9.5,17.5,8.7,0.9,137.0
2026-04-23T00:00,9.7,18.2,9.5,0.9,130.0
2026-04-23T01:00,10.0,19.0,10.2,0.9,125.0
2026-04-23T02:00,10.2,19.0,10.5,0.9,123.0
2026-04-23T03:00,10.4,19.8,10.3,0.7,125.0
2026-04-23T04:00,11.0,20.6,9.6,0.5,130.0
2026-04-23T05:00,11.3,21.1,8.4,1.0,135.0
2026-04-23T06:00,11.1,24.0,6.8,0.9,138.0
2026-04-23T07:00,11.4,26.0,4.6,0.9,140.0
2026-04-23T08:00,11.3,27.6,2.8,0.8,141.0
2026-04-23T09:00,11.4,27.0,1.9,0.7,139.0
2026-04-23T10:00,10.6,23.5,1.4,0.7,136.0
2026-04-23T11:00,8.5,19.5,1.0,0.6,134.0
2026-04-23T12:00,7.4,17.3,0.7,0.5,134.0
2026-04-23T13:00,6.4,15.3,0.5,0.4,134.0
2026-04-23T14:00,5.3,13.1,0.5,0.3,135.0
2026-04-23T15:00,4.5,11.5,0.4,0.3,135.0
2026-04-23T16:00,4.2,10.5,0.5,0.3,136.0
2026-04-23T17:00,4.9,12.0,1.0,0.3,138.0
2026-04-23T18:00,5.1,11.0,2.3,0.4,145.0
2026-04-23T19:00,6.5,12.1,4.2,0.6,154.0
2026-04-23T20:00,8.4,15.0,5.9,0.7,159.0
2026-04-23T21:00,9.5,16.9,7.4,0.8,156.0
2026-04-23T22:00,10.0,17.9,8.8,1.0,150.0
2026-04-23T23:00,10.2,17.7,9.9,1.0,144.0
2026-04-24T00:00,9.9,16.0,10.5,0.9,140.0
2026-04-24T01:00,9.3,14.3,10.7,0.7,136.0
2026-04-24T02:00,8.6,12.9,10.7,0.6,134.0
2026-04-24T03:00,7.9,11.6,10.5,0.5,136.0
2026-04-24T04:00,7.2,10.5,10.0,0.4,141.0
2026-04-24T05:00,7.7,11.1,9.8,0.6,144.0
2026-04-24T06:00,7.5,11.1,7.7,0.7,145.0
2026-04-24T07:00,6.9,9.9,4.8,0.8,145.0
2026-04-24T08:00,5.5,8.1,2.5,0.9,144.0
2026-04-24T09:00,4.5,8.6,1.4,1.0,141.0
2026-04-24T10:00,4.5,9.5,1.0,1.0,137.0
2026-04-24T11:00,4.2,9.4,0.7,1.0,134.0
2026-04-24T12:00,4.0,9.5,0.5,0.9,133.0
2026-04-24T13:00,3.8,9.3,0.4,0.8,133.0
2026-04-24T14:00,3.7,9.2,0.5,0.7,133.0
2026-04-24T15:00,3.6,9.2,0.4,0.6,134.0
2026-04-24T16:00,3.6,8.9,0.5,0.6,136.0
2026-04-24T17:00,4.0,10.2,1.0,0.5,138.0
2026-04-24T18:00,4.1,8.7,3.0,0.8,140.0
2026-04-24T19:00,4.9,9.5,5.7,1.1,142.0
2026-04-24T20:00,6.2,10.9,8.0,1.4,143.0
2026-04-24T21:00,6.7,11.4,9.4,1.5,141.0
2026-04-24T22:00,7.3,11.1,10.4,1.4,137.0
2026-04-24T23:00,7.5,10.4,10.9,1.3,134.0
2026-04-25T00:00,7.3,9.7,10.9,1.1,132.0
2026-04-25T01:00,7.0,9.3,10.6,0.9,130.0
2026-04-25T02:00,6.8,9.0,10.1,0.8,131.0
2026-04-25T03:00,6.5,8.7,9.7,0.8,135.0
2026-04-25T04:00,6.3,8.4,9.2,0.8,142.0
2026-04-25T05:00,6.4,8.1,7.5,0.7,146.0
2026-04-25T06:00,6.1,7.7,6.2,0.7,146.0
2026-04-25T07:00,5.3,7.0,4.3,0.7,144.0
2026-04-25T08:00,4.3,6.0,2.7,0.7,141.0
2026-04-25T09:00,3.7,6.7,1.7,0.7,137.0
2026-04-25T10:00,3.5,7.5,0.9,0.6,132.0
2026-04-25T11:00,3.2,7.6,0.4,0.6,129.0
2026-04-25T12:00,3.1,7.3,0.2,0.6,128.0
2026-04-25T13:00,3.0,7.1,0.3,0.5,128.0
2026-04-25T14:00,2.8,6.3,0.4,0.5,129.0
2026-04-25T15:00,2.8,6.1,0.3,0.5,131.0
2026-04-25T16:00,2.9,6.3,0.4,0.5,133.0
2026-04-25T17:00,2.5,5.2,0.9,0.8,135.0
2026-04-25T18:00,3.0,5.5,2.9,1.0,136.0
2026-04-25T19:00,3.8,6.4,5.8,1.2,136.0
2026-04-25T20:00,4.4,7.0,7.9,1.3,135.0
2026-04-25T21:00,5.2,7.5,8.7,1.3,134.0
2026-04-25T22:00,5.3,7.2,8.9,1.2,132.0
2026-04-25T23:00,5.0,6.6,8.6,1.1,131.0
2026-04-26T00:00,4.6,6.3,7.8,1.0,129.0
2026-04-26T01:00,4.6,6.3,6.6,0.9,128.0
2026-04-26T02:00,4.6,6.4,5.5,0.8,128.0
2026-04-26T03:00,4.7,6.7,4.9,0.8,130.0
2026-04-26T04:00,4.9,6.9,4.5,0.9,134.0
2026-04-26T05:00,5.4,7.1,4.6,0.9,137.0
2026-04-26T06:00,5.4,7.5,4.1,0.9,140.0
2026-04-26T07:00,5.1,7.1,3.4,1.0,143.0
2026-04-26T08:00,4.4,6.1,2.7,1.0,143.0
2026-04-26T09:00,4.5,7.3,2.0,1.0,140.0
2026-04-26T10:00,4.8,9.2,1.3,0.9,134.0
2026-04-26T11:00,5.2,10.5,0.8,0.9,130.0
2026-04-26T12:00,5.5,12.0,0.6,0.9,128.0
2026-04-26T13:00,5.6,13.0,0.5,0.8,128.0
2026-04-26T14:00,5.5,13.7,0.6,0.8,128.0
2026-04-26T15:00,5.3,13.3,0.6,0.8,130.0
2026-04-26T16:00,5.2,12.6,0.6,0.8,132.0
2026-04-26T17:00,7.8,22.2,1.5,1.5,134.0
2026-04-26T18:00,7.9,21.0,3.1,1.6,135.0
2026-04-26T19:00,8.5,20.6,5.2,1.8,135.0
2026-04-26T20:00,9.3,22.2,6.9,2.0,136.0
2026-04-26T21:00,9.8,23.3,7.6,2.2,138.0
2026-04-26T22:00,9.7,22.9,7.8,2.5,140.0
2026-04-26T23:00,9.3,21.9,7.9,2.7,141.0
2026-04-27T00:00,8.8,20.7,8.0,2.7,141.0
2026-04-27T01:00,8.5,19.5,8.0,2.7,141.0
2026-04-27T02:00,8.6,18.5,8.2,2.6,142.0
2026-04-27T03:00,9.3,18.3,9.3,2.4,145.0
2026-04-27T04:00,9.9,18.0,10.6,2.1,150.0
2026-04-27T05:00,12.2,21.9,12.3,1.7,154.0
2026-04-27T06:00,11.7,20.4,10.1,1.9,157.0
2026-04-27T07:00,10.8,17.8,7.1,2.1,160.0
2026-04-27T08:00,8.8,17.3,4.6,2.3,161.0
2026-04-27T09:00,8.1,17.3,3.0,2.4,159.0
2026-04-27T10:00,8.1,18.1,1.9,2.4,155.0
2026-04-27T11:00,8.1,18.9,1.2,2.5,152.0
2026-04-27T12:00,7.9,18.5,0.9,2.6,150.0
2026-04-27T13:00,8.4,18.4,0.9,2.8,149.0
2026-04-27T14:00,9.3,19.1,1.0,3.0,149.0
2026-04-27T15:00,10.3,20.1,1.0,3.3,150.0
2026-04-27T16:00,11.4,21.2,1.0,3.6,153.0
2026-04-27T17:00,7.5,14.6,1.8,3.4,157.0
2026-04-27T18:00,7.9,13.5,3.2,3.7,164.0
2026-04-27T19:00,8.8,12.2,5.1,4.1,173.0
2026-04-27T20:00,10.1,12.7,6.9,4.5,178.0
2026-04-27T21:00,10.7,12.9,8.3,4.8,175.0
2026-04-27T22:00,11.2,13.1,9.6,5.0,169.0
2026-04-27T23:00,11.6,13.5,10.3,5.0,163.0
2026-04-28T00:00,12.0,13.7,10.1,4.5,161.0
2026-04-28T01:00,12.3,13.8,9.4,3.7,160.0
2026-04-28T02:00,12.7,13.9,8.8,3.1,159.0
2026-04-28T03:00,12.8,14.0,8.6,2.7,155.0
2026-04-28T04:00,13.2,14.4,8.6,2.5,150.0
2026-04-28T05:00,12.8,14.9,8.8,2.0,148.0
2026-04-28T06:00,12.8,14.9,7.2,2.4,150.0
2026-04-28T07:00,12.5,14.3,4.9,3.1,154.0
2026-04-28T08:00,10.2,12.5,3.0,3.6,157.0
2026-04-28T09:00,7.1,10.1,1.9,4.1,158.0
2026-04-28T10:00,5.6,9.4,1.3,4.5,158.0
2026-04-28T11:00,5.3,10.7,0.8,4.6,157.0
2026-04-28T12:00,5.7,12.7,0.6,4.3,156.0
2026-04-28T13:00,6.3,14.4,0.5,3.7,155.0
2026-04-28T14:00,7.0,15.7,0.6,3.2,153.0
2026-04-28T15:00,7.9,16.7,0.6,2.8,151.0
2026-04-28T16:00,8.8,17.1,0.6,2.5,149.0
2026-04-28T17:00,8.9,21.3,1.6,2.8,148.0
2026-04-28T18:00,9.3,20.9,3.1,2.8,151.0
2026-04-28T19:00,11.3,22.4,5.3,2.7,156.0
2026-04-28T20:00,13.4,25.3,7.1,2.7,158.0
2026-04-28T21:00,14.3,26.9,8.3,2.7,155.0
2026-04-28T22:00,15.2,27.8,9.2,2.6,149.0
2026-04-28T23:00,15.9,27.9,9.6,2.5,146.0
2026-04-29T00:00,16.5,27.1,9.4,2.3,148.0
2026-04-29T01:00,16.6,26.0,8.7,2.0,152.0
2026-04-29T02:00,16.4,25.0,8.1,1.7,156.0
2026-04-29T03:00,16.2,23.7,8.0,1.4,161.0
2026-04-29T04:00,15.9,22.1,8.1,1.2,167.0
2026-04-29T05:00,12.4,17.6,6.3,1.3,169.0
2026-04-29T06:00,11.5,16.6,5.3,1.4,164.0
2026-04-29T07:00,10.5,14.7,3.8,1.5,156.0
2026-04-29T08:00,8.8,13.4,2.6,1.7,150.0
2026-04-29T09:00,6.0,12.5,1.7,1.9,149.0
2026-04-29T10:00,5.1,12.6,1.1,2.2,150.0
2026-04-29T11:00,5.3,13.5,0.6,2.4,151.0
2026-04-29T12:00,4.9,11.8,0.4,2.4,150.0
2026-04-29T13:00,4.8,11.0,0.4,2.2,149.0
2026-04-29T14:00,4.7,9.9,0.5,2.1,148.0
2026-04-29T15:00,5.3,10.4,0.4,2.0,148.0
2026-04-29T16:00,5.2,9.4,0.5,2.0,147.0
2026-04-29T17:00,13.5,28.3,1.2,1.9,148.0
2026-04-29T18:00,12.2,22.5,3.0,2.0,150.0
2026-04-29T19:00,19.4,34.6,5.5,2.0,153.0
2026-04-29T20:00,19.6,32.8,7.1,2.0,155.0
2026-04-29T21:00,20.0,31.1,6.9,1.8,154.0
2026-04-29T22:00,20.2,30.6,5.9,1.4,151.0
2026-04-29T23:00,21.5,32.1,5.0,1.1,148.0
2026-04-30T00:00,22.7,33.2,4.7,0.9,145.0
2026-04-30T01:00,23.6,34.2,4.6,0.9,143.0
2026-04-30T02:00,24.1,35.2,4.6,0.8,143.0
2026-04-30T03:00,24.3,35.9,4.7,0.7,148.0
2026-04-30T04:00,24.3,36.0,4.9,0.7,156.0
2026-04-30T05:00,24.3,35.2,5.9,0.7,161.0
2026-04-30T06:00,23.6,35.9,5.0,0.8,161.0
2026-04-30T07:00,21.9,34.1,3.8,0.8,159.0
2026-04-30T08:00,19.7,29.5,2.7,0.9,156.0
2026-04-30T09:00,16.9,33.1,1.8,1.0,152.0
2026-04-30T10:00,15.0,38.0,1.0,1.1,148.0
2026-04-30T11:00,15.0,39.7,0.5,1.1,145.0
2026-04-30T12:00,14.6,38.9,0.3,1.0,144.0
2026-04-30T13:00,14.0,37.7,0.3,0.9,145.0
2026-04-30T14:00,13.4,36.2,0.4,0.8,145.0
2026-04-30T15:00,13.1,35.3,0.5,0.7,144.0
2026-04-30T16:00,13.6,34.8,0.6,0.6,144.0
2026-04-30T17:00,10.8,24.4,1.3,0.7,144.0
2026-04-30T18:00,10.9,22.7,2.3,0.8,147.0
2026-04-30T19:00,12.8,24.3,3.7,0.9,150.0
2026-04-30T20:00,13.8,25.3,4.7,0.9,152.0
2026-04-30T21:00,14.4,26.0,5.0,0.9,150.0
2026-04-30T22:00,14.0,23.5,4.9,0.8,146.0
2026-04-30T23:00,13.6,21.7,4.7,0.7,143.0
2026-05-01T00:00,13.4,21.1,4.4,0.7,140.0
2026-05-01T01:00,13.3,20.7,4.0,0.6,137.0
2026-05-01T02:00,13.3,20.2,3.7,0.6,137.0
2026-05-01T03:00,13.2,20.0,3.7,0.6,140.0
2026-05-01T04:00,13.4,20.7,3.8,0.7,146.0
2026-05-01T05:00,11.1,15.7,4.1,0.7,150.0
2026-05-01T06:00,10.7,15.7,3.5,0.8,151.0
2026-05-01T07:00,10.1,14.6,2.7,0.8,149.0
2026-05-01T08:00,9.2,14.6,1.9,0.9,148.0
2026-05-01T09:00,8.9,16.9,1.3,1.0,146.0
2026-05-01T10:00,8.3,18.3,0.8,1.1,144.0
2026-05-01T11:00,7.1,16.8,0.5,1.1,143.0
2026-05-01T12:00,6.6,15.9,0.4,1.1,143.0
2026-05-01T13:00,6.4,15.3,0.4,1.0,143.0
2026-05-01T14:00,6.5,15.7,0.5,1.0,143.0
2026-05-01T15:00,6.3,15.4,0.4,1.0,143.0
2026-05-01T16:00,6.0,14.7,0.4,1.1,143.0
2026-05-01T17:00,8.0,18.5,1.5,1.0,143.0
2026-05-01T18:00,8.2,17.6,3.0,1.1,144.0
2026-05-01T19:00,8.9,18.7,5.0,1.2,146.0
2026-05-01T20:00,11.4,23.1,6.3,1.2,147.0
2026-05-01T21:00,11.8,21.2,6.3,1.1,147.0
2026-05-01T22:00,11.7,20.4,5.5,1.0,146.0
2026-05-01T23:00,12.1,21.5,4.9,0.9,144.0
2026-05-02T00:00,13.0,24.0,4.6,0.9,142.0
2026-05-02T01:00,14.0,27.6,4.4,0.8,139.0
2026-05-02T02:00,15.0,30.6,4.4,0.8,137.0
2026-05-02T03:00,15.3,31.1,4.7,0.7,138.0
2026-05-02T04:00,15.1,29.8,5.1,0.7,139.0
2026-05-02T05:00,12.8,27.1,5.9,0.7,140.0
2026-05-02T06:00,11.3,22.4,4.9,0.7,139.0
2026-05-02T07:00,9.4,19.3,3.6,0.6,137.0
2026-05-02T08:00,8.1,17.3,2.5,0.6,136.0
2026-05-02T09:00,8.0,17.3,1.9,0.5,136.0
2026-05-02T10:00,9.3,20.1,1.5,0.5,137.0
2026-05-02T11:00,9.8,21.4,1.2,0.4,137.0
2026-05-02T12:00,9.5,21.0,1.0,0.3,136.0
2026-05-02T13:00,9.7,21.3,0.8,0.3,136.0
2026-05-02T14:00,10.2,21.8,0.8,0.3,135.0
2026-05-02T15:00,10.7,22.0,0.7,0.4,134.0
2026-05-02T16:00,9.7,19.7,0.7,0.5,134.0
2026-05-02T17:00,16.5,37.1,0.8,0.5,135.0
2026-05-02T18:00,16.4,35.5,1.5,0.6,138.0
2026-05-02T19:00,17.7,32.5,2.5,0.7,142.0
2026-05-02T20:00,19.6,35.6,3.6,0.8,145.0
2026-05-02T21:00,22.7,43.3,4.6,0.9,144.0
2026-05-02T22:00,22.7,42.3,5.7,1.0,142.0
2026-05-02T23:00,23.2,41.6,6.8,1.1,139.0
2026-05-03T00:00,23.6,40.6,7.9,1.0,136.0
2026-05-03T01:00,23.7,41.0,8.9,0.9,134.0
2026-05-03T02:00,23.8,41.7,10.0,0.8,133.0
2026-05-03T03:00,23.8,43.0,11.5,0.8,136.0
2026-05-03T04:00,24.0,44.4,13.0,0.9,141.0
2026-05-03T05:00,23.8,48.2,14.2,1.1,145.0
2026-05-03T06:00,23.6,47.8,10.7,1.1,145.0
2026-05-03T07:00,23.1,43.3,6.0,1.0,144.0
2026-05-03T08:00,19.7,42.3,2.3,0.9,143.0
2026-05-03T09:00,16.0,36.3,0.9,0.8,142.0
2026-05-03T10:00,13.4,32.9,0.7,0.7,142.0
2026-05-03T11:00,12.7,31.9,0.6,0.6,141.0
2026-05-03T12:00,12.6,32.5,0.4,0.6,139.0
2026-05-03T13:00,12.7,32.8,0.4,0.7,137.0
2026-05-03T14:00,13.0,32.9,0.4,0.7,135.0
2026-05-03T15:00,13.1,32.1,0.4,0.7,133.0
2026-05-03T16:00,12.5,30.7,0.4,0.7,131.0
2026-05-03T17:00,20.3,47.3,0.9,0.9,132.0
2026-05-03T18:00,22.1,43.3,2.2,1.0,138.0
2026-05-03T19:00,23.3,41.4,3.9,1.2,147.0
2026-05-03T20:00,24.5,42.3,5.4,1.3,153.0
2026-05-03T21:00,25.4,44.2,6.3,1.3,152.0
2026-05-03T22:00,26.0,44.6,6.9,1.3,147.0
2026-05-03T23:00,25.6,44.8,7.5,1.2,142.0
2026-05-04T00:00,26.0,48.1,8.3,1.2,137.0
2026-05-04T01:00,26.4,49.7,9.1,1.1,133.0
2026-05-04T02:00,27.0,51.5,9.7,1.1,131.0
2026-05-04T03:00,27.6,53.4,10.3,1.0,134.0
2026-05-04T04:00,28.2,54.2,10.6,1.0,139.0
2026-05-04T05:00,26.8,48.3,8.3,0.9,143.0
2026-05-04T06:00,27.0,47.7,6.4,0.9,143.0
2026-05-04T07:00,26.5,42.7,3.8,0.9,141.0
2026-05-04T08:00,22.8,41.4,1.8,0.9,139.0
2026-05-04T09:00,16.7,31.1,0.9,0.8,137.0
2026-05-04T10:00,12.3,24.4,0.6,0.6,136.0
2026-05-04T11:00,10.0,21.1,0.4,0.5,134.0
2026-05-04T12:00,8.6,19.6,0.3,0.4,133.0
2026-05-04T13:00,7.7,18.9,0.3,0.3,132.0
2026-05-04T14:00,7.0,18.6,0.4,0.3,131.0
2026-05-04T15:00,6.7,18.6,0.3,0.3,130.0
2026-05-04T16:00,6.3,18.4,0.2,0.3,130.0
2026-05-04T17:00,9.9,28.6,0.6,0.3,132.0
2026-05-04T18:00,8.8,24.8,2.5,0.4,139.0
2026-05-04T19:00,9.7,23.4,5.3,0.6,148.0
2026-05-04T20:00,11.6,25.0,7.6,0.8,153.0
2026-05-04T21:00,12.5,25.7,9.2,1.0,148.0
2026-05-04T22:00,13.0,25.8,10.5,1.2,139.0
2026-05-04T23:00,13.3,25.0,11.3,1.2,132.0
2026-05-05T00:00,13.0,23.2,11.5,1.0,129.0
2026-05-05T01:00,12.3,20.8,11.2,0.6,129.0
2026-05-05T02:00,11.5,18.9,10.5,0.4,130.0
2026-05-05T03:00,11.0,18.5,9.1,0.4,135.0
2026-05-05T04:00,11.1,19.4,7.3,0.4,141.0
2026-05-05T05:00,11.1,19.1,5.9,0.7,145.0
2026-05-05T06:00,11.4,19.7,4.8,0.8,144.0
2026-05-05T07:00,11.4,18.7,3.4,0.9,142.0
2026-05-05T08:00,10.7,21.5,2.1,1.0,139.0
2026-05-05T09:00,10.2,26.1,1.3,0.9,137.0
2026-05-05T10:00,9.5,25.9,0.8,0.7,136.0
2026-05-05T11:00,8.2,22.7,0.4,0.5,135.0
2026-05-05T12:00,6.5,18.9,0.3,0.4,135.0
2026-05-05T13:00,5.7,16.6,0.3,0.4,135.0
2026-05-05T14:00,5.1,14.9,0.4,0.4,135.0
2026-05-05T15:00,4.7,13.6,0.2,0.3,135.0
2026-05-05T16:00,4.5,12.9,0.1,0.3,136.0
2026-05-05T17:00,4.3,13.3,0.6,0.3,137.0
2026-05-05T18:00,3.8,10.9,2.2,0.4,140.0
2026-05-05T19:00,4.0,10.1,4.5,0.6,143.0
2026-05-05T20:00,4.5,10.4,6.6,0.7,145.0
2026-05-05T21:00,4.6,10.2,8.3,0.7,143.0
2026-05-05T22:00,5.2,9.7,9.8,0.7,140.0
2026-05-05T23:00,5.8,9.6,10.7,0.7,137.0
2026-05-06T00:00,6.3,10.2,10.8,0.6,135.0
2026-05-06T01:00,7.0,11.1,10.4,0.5,134.0
2026-05-06T02:00,7.7,11.9,9.6,0.4,134.0
2026-05-06T03:00,8.5,13.0,8.4,0.4,138.0
2026-05-06T04:00,9.7,14.8,6.9,0.5,143.0
2026-05-06T05:00,8.2,12.6,6.3,0.6,147.0
2026-05-06T06:00,9.6,14.9,5.2,0.7,148.0
2026-05-06T07:00,10.6,16.2,3.8,0.7,148.0
2026-05-06T08:00,10.7,16.7,2.5,0.8,146.0
2026-05-06T09:00,11.8,23.4,1.7,0.9,141.0
2026-05-06T10:00,12.3,25.7,1.0,1.0,135.0
2026-05-06T11:00,11.8,25.1,0.6,1.0,130.0
2026-05-06T12:00,10.5,22.6,0.4,0.9,128.0
2026-05-06T13:00,9.0,19.5,0.3,0.8,127.0
2026-05-06T14:00,8.4,18.2,0.4,0.7,127.0
2026-05-06T15:00,8.2,17.9,0.4,0.6,128.0
2026-05-06T16:00,8.1,17.8,0.5,0.6,129.0
2026-05-06T17:00,2.4,7.7,0.8,0.6,131.0
2026-05-06T18:00,3.3,7.9,3.2,0.8,133.0
2026-05-06T19:00,4.2,8.6,6.4,1.1,136.0
2026-05-06T20:00,5.4,10.0,8.9,1.3,137.0
2026-05-06T21:00,6.0,11.0,10.0,1.3,135.0
2026-05-06T22:00,6.4,11.4,10.3,1.2,131.0
2026-05-06T23:00,6.2,10.7,10.1,1.1,128.0
2026-05-07T00:00,5.6,9.8,9.0,1.0,126.0
2026-05-07T01:00,5.0,9.5,7.4,0.8,124.0
2026-05-07T02:00,4.5,9.1,6.0,0.7,125.0
2026-05-07T03:00,4.1,8.6,5.3,0.7,130.0
2026-05-07T04:00,3.8,7.8,4.8,0.8,138.0
2026-05-07T05:00,3.6,7.1,4.8,0.7,143.0
2026-05-07T06:00,3.3,6.5,4.2,0.7,143.0
2026-05-07T07:00,3.0,6.1,3.2,0.7,141.0
2026-05-07T08:00,2.9,6.0,2.4,0.7,138.0
2026-05-07T09:00,4.0,12.6,1.7,0.7,134.0
2026-05-07T10:00,4.5,16.5,1.1,0.8,129.0
2026-05-07T11:00,4.8,18.3,0.6,0.8,126.0
2026-05-07T12:00,4.8,18.7,0.4,0.7,126.0
2026-05-07T13:00,4.8,19.0,0.4,0.6,127.0
2026-05-07T14:00,4.9,19.2,0.4,0.5,128.0
2026-05-07T15:00,5.0,19.2,0.3,0.5,128.0
2026-05-07T16:00,5.0,19.0,0.2,0.5,129.0
2026-05-07T17:00,6.1,20.2,1.4,0.8,130.0
2026-05-07T18:00,7.0,19.4,3.2,1.0,132.0
2026-05-07T19:00,8.1,21.8,5.7,1.3,135.0
2026-05-07T20:00,9.1,24.1,7.7,1.5,137.0
2026-05-07T21:00,9.3,24.6,8.8,1.5,136.0
2026-05-07T22:00,9.0,23.2,9.4,1.5,133.0
2026-05-07T23:00,8.3,19.2,9.8,1.4,131.0
2026-05-08T00:00,7.1,15.3,10.1,1.2,129.0
2026-05-08T01:00,6.2,13.2,10.3,1.0,128.0
2026-05-08T02:00,5.5,12.2,10.0,0.8,128.0
2026-05-08T03:00,5.0,11.6,9.2,0.8,130.0
2026-05-08T04:00,4.6,11.0,8.0,0.9,134.0
2026-05-08T05:00,4.4,10.2,6.0,0.9,136.0
2026-05-08T06:00,4.4,10.7,5.1,0.9,137.0
2026-05-08T07:00,4.3,10.3,3.8,1.0,136.0
2026-05-08T08:00,4.5,10.8,2.8,1.1,135.0
2026-05-08T09:00,5.1,14.2,2.3,1.2,132.0
2026-05-08T10:00,5.8,17.1,2.0,1.4,127.0
2026-05-08T11:00,6.5,19.1,1.8,1.5,124.0
2026-05-08T12:00,7.2,21.5,1.4,1.5,123.0
2026-05-08T13:00,7.7,24.2,1.1,1.3,123.0
2026-05-08T14:00,8.1,26.8,0.9,1.2,124.0
2026-05-08T15:00,8.4,31.1,0.7,1.1,127.0
2026-05-08T16:00,9.3,36.4,0.7,0.9,131.0
2026-05-08T17:00,12.0,49.2,1.2,0.7,133.0
2026-05-08T18:00,12.0,44.1,3.1,0.8,133.0
2026-05-08T19:00,12.9,45.5,5.8,1.0,131.0
2026-05-08T20:00,13.8,47.0,8.0,1.2,130.0
2026-05-08T21:00,14.3,48.2,9.1,1.3,129.0
2026-05-08T22:00,13.8,45.2,9.7,1.4,129.0
2026-05-08T23:00,12.7,35.7,9.9,1.4,128.0
2026-05-09T00:00,11.0,27.7,9.7,1.3,126.0
2026-05-09T01:00,9.7,23.2,9.1,1.0,125.0
2026-05-09T02:00,9.1,21.5,8.4,0.9,126.0
2026-05-09T03:00,8.5,19.7,7.6,0.9,133.0
2026-05-09T04:00,7.8,17.8,6.7,1.1,142.0
2026-05-09T05:00,8.9,24.3,7.7,0.6,148.0
2026-05-09T06:00,9.4,27.2,6.5,0.7,149.0
2026-05-09T07:00,9.8,27.2,4.9,0.9,146.0
2026-05-09T08:00,9.6,24.4,3.4,1.1,143.0
2026-05-09T09:00,11.4,37.4,2.3,1.2,140.0
2026-05-09T10:00,12.3,44.5,1.3,1.2,136.0
2026-05-09T11:00,12.7,45.2,0.7,1.2,133.0
2026-05-09T12:00,12.9,45.4,0.5,1.1,132.0
2026-05-09T13:00,13.1,45.2,0.6,1.0,133.0
2026-05-09T14:00,13.4,44.5,0.7,1.0,134.0
2026-05-09T15:00,13.9,43.9,0.8,1.0,136.0
2026-05-09T16:00,13.8,42.4,1.0,1.1,138.0
2026-05-09T17:00,14.1,37.0,1.7,1.5,140.0
2026-05-09T18:00,13.5,33.9,2.9,1.6,143.0
2026-05-09T19:00,13.8,33.2,4.4,1.7,146.0
2026-05-09T20:00,13.6,30.3,5.4,1.7,148.0
2026-05-09T21:00,13.0,26.7,5.1,1.7,147.0
2026-05-09T22:00,14.0,29.6,4.3,1.6,144.0
2026-05-09T23:00,16.0,37.1,3.9,1.5,143.0
2026-05-10T00:00,17.4,41.3,4.4,1.5,145.0
2026-05-10T01:00,18.3,45.8,5.3,1.5,149.0
2026-05-10T02:00,18.3,45.4,6.1,1.5,150.0
2026-05-10T03:00,17.9,43.0,6.8,1.3,147.0
2026-05-10T04:00,18.7,41.3,7.4,1.0,143.0
2026-05-10T05:00,12.0,31.0,3.8,0.9,139.0
2026-05-10T06:00,11.8,29.3,3.7,0.9,136.0
2026-05-10T07:00,10.0,24.5,3.6,1.0,134.0
2026-05-10T08:00,8.6,20.6,3.5,1.0,133.0
2026-05-10T09:00,8.2,19.1,3.6,1.0,133.0
2026-05-10T10:00,7.1,16.2,3.8,1.1,134.0
2026-05-10T11:00,6.9,14.8,3.7,1.1,135.0
2026-05-10T12:00,6.3,13.2,3.1,1.1,134.0
2026-05-10T13:00,5.9,12.7,2.3,1.0,133.0
2026-05-10T14:00,6.2,14.2,1.6,1.0,132.0
2026-05-10T15:00,6.9,15.0,1.3,1.0,132.0
2026-05-10T16:00,7.1,15.9,1.1,1.0,133.0
2026-05-10T17:00,8.1,18.3,1.3,1.0,136.0
2026-05-10T18:00,9.6,21.4,2.0,1.1,143.0
2026-05-10T19:00,10.7,21.8,2.9,1.2,151.0
2026-05-10T20:00,12.0,22.8,3.8,1.3,155.0
2026-05-10T21:00,12.5,23.5,4.5,1.3,150.0
2026-05-10T22:00,12.7,23.5,5.1,1.2,141.0
2026-05-10T23:00,12.9,23.5,5.3,1.1,135.0
2026-05-11T00:00,13.4,26.9,4.8,1.1,135.0
2026-05-11T01:00,12.4,26.0,4.0,1.1,139.0
2026-05-11T02:00,11.7,26.0,3.8,1.2,142.0
2026-05-11T03:00,11.8,27.1,5.2,1.3,145.0
2026-05-11T04:00,12.2,28.2,7.2,1.4,148.0
2026-05-11T05:00,18.8,44.0,9.5,0.7,150.0
2026-05-11T06:00,18.6,45.9,7.1,0.7,150.0
2026-05-11T07:00,17.3,44.5,3.9,0.7,148.0
2026-05-11T08:00,15.2,46.3,1.4,0.6,146.0
2026-05-11T09:00,12.1,39.1,0.5,0.5,144.0
2026-05-11T10:00,9.4,30.2,0.5,0.4,142.0
2026-05-11T11:00,7.6,24.2,0.5,0.3,141.0
2026-05-11T12:00,7.0,21.5,0.4,0.3,139.0
2026-05-11T13:00,6.6,19.3,0.4,0.3,138.0
2026-05-11T14:00,6.6,18.6,0.5,0.4,139.0
2026-05-11T15:00,6.8,18.2,0.5,0.5,143.0
2026-05-11T16:00,6.9,18.0,0.5,0.7,150.0
2026-05-11T17:00,6.6,17.1,0.8,0.9,156.0
2026-05-11T18:00,6.2,15.6,1.8,1.0,163.0
2026-05-11T19:00,6.0,13.8,3.3,1.1,170.0
2026-05-11T20:00,7.0,14.2,4.8,1.3,174.0
2026-05-11T21:00,7.7,15.0,6.2,1.5,172.0
2026-05-11T22:00,8.2,15.9,7.6,1.7,167.0
2026-05-11T23:00,8.6,16.7,8.7,1.9,162.0
2026-05-12T00:00,8.8,17.3,9.2,1.9,158.0
2026-05-12T01:00,8.9,17.6,9.3,1.9,155.0
2026-05-12T02:00,9.3,17.6,9.6,1.8,153.0
2026-05-12T03:00,9.8,17.3,10.7,1.5,154.0
2026-05-12T04:00,10.3,17.1,11.9,1.2,156.0
2026-05-12T05:00,10.4,18.4,10.1,1.2,157.0
2026-05-12T06:00,10.4,17.4,8.0,1.5,156.0
2026-05-12T07:00,10.0,14.5,5.2,2.0,154.0
2026-05-12T08:00,6.5,14.6,2.9,2.3,152.0
2026-05-12T09:00,5.5,14.2,1.9,2.5,151.0
2026-05-12T10:00,5.4,14.0,1.5,2.5,150.0
2026-05-12T11:00,5.6,14.0,1.2,2.5,150.0
2026-05-12T12:00,5.6,13.2,0.9,2.4,151.0
2026-05-12T13:00,5.6,12.5,0.8,2.2,152.0
2026-05-12T14:00,5.6,11.8,0.7,2.1,153.0
2026-05-12T15:00,5.6,10.7,0.6,2.1,153.0
2026-05-12T16:00,5.5,9.6,0.6,2.3,153.0
2026-05-12T17:00,5.3,8.5,1.0,2.4,153.0
2026-05-12T18:00,5.4,7.6,2.1,2.6,153.0
2026-05-12T19:00,5.6,7.1,3.7,2.7,153.0
2026-05-12T20:00,6.6,7.8,5.3,2.9,153.0
2026-05-12T21:00,7.6,8.8,6.9,3.1,153.0
2026-05-12T22:00,8.6,10.0,8.5,3.4,154.0
2026-05-12T23:00,9.5,11.2,9.8,3.3,153.0
2026-05-13T00:00,9.9,11.7,10.8,2.7,151.0
2026-05-13T01:00,9.9,11.5,11.4,1.8,147.0
2026-05-13T02:00,9.5,11.0,11.4,1.1,145.0
2026-05-13T03:00,9.2,10.7,10.3,0.7,144.0
2026-05-13T04:00,9.0,10.7,8.6,0.5,144.0
2026-05-13T05:00,9.5,10.8,10.7,1.1,145.0
2026-05-13T06:00,10.5,12.5,8.5,1.0,146.0
2026-05-13T07:00,11.5,14.0,5.5,1.0,147.0
2026-05-13T08:00,12.7,16.7,3.1,1.0,148.0
2026-05-13T09:00,12.1,16.8,1.9,1.2,147.0
2026-05-13T10:00,9.8,14.4,1.2,1.4,146.0
2026-05-13T11:00,8.9,13.4,0.8,1.6,145.0
2026-05-13T12:00,8.1,12.3,0.6,1.6,146.0
2026-05-13T13:00,7.8,11.8,0.6,1.6,148.0
2026-05-13T14:00,7.6,11.4,0.7,1.7,149.0
2026-05-13T15:00,7.6,11.1,0.6,1.9,148.0
2026-05-13T16:00,7.7,10.8,0.6,2.3,145.0
2026-05-13T17:00,7.1,8.8,1.2,2.7,144.0
2026-05-13T18:00,7.4,8.8,2.6,3.1,146.0
2026-05-13T19:00,7.8,9.0,4.6,3.7,149.0
2026-05-13T20:00,9.0,10.0,6.6,3.9,150.0
2026-05-13T21:00,9.7,10.9,8.6,3.6,147.0
2026-05-13T22:00,10.7,11.9,10.7,3.0,143.0
2026-05-13T23:00,10.9,12.0,12.1,2.4,139.0
2026-05-14T00:00,10.3,11.4,12.6,1.8,136.0
2026-05-14T01:00,9.4,10.4,12.4,1.1,133.0
2026-05-14T02:00,8.6,9.6,11.9,0.6,131.0
2026-05-14T03:00,7.8,8.8,11.3,0.4,131.0
2026-05-14T04:00,7.0,8.1,10.4,0.5,133.0
2026-05-14T05:00,6.7,7.8,7.7,0.6,135.0
2026-05-14T06:00,5.8,7.0,6.2,0.6,137.0
2026-05-14T07:00,4.3,5.2,4.0,0.5,140.0
2026-05-14T08:00,3.5,4.4,2.3,0.5,141.0
2026-05-14T09:00,3.3,4.8,1.5,0.6,139.0
2026-05-14T10:00,3.8,5.5,1.1,0.7,135.0
2026-05-14T11:00,4.3,6.2,0.8,0.9,133.0
2026-05-14T12:00,5.0,7.1,0.6,1.2,133.0
2026-05-14T13:00,5.6,7.9,0.6,1.5,134.0
2026-05-14T14:00,6.1,8.4,0.7,1.8,135.0
2026-05-14T15:00,6.4,8.8,0.6,2.1,135.0
2026-05-14T16:00,7.0,9.3,0.7,2.4,134.0
2026-05-14T17:00,3.0,3.0,1.3,2.5,134.0
2026-05-14T18:00,3.8,3.8,2.8,2.8,136.0
2026-05-14T19:00,4.5,4.5,5.0,3.3,139.0
2026-05-14T20:00,5.2,5.2,7.0,3.6,140.0
2026-05-14T21:00,5.8,5.8,8.7,3.6,139.0
2026-05-14T22:00,6.4,6.4,10.2,3.5,136.0
2026-05-14T23:00,7.0,7.0,11.3,3.2,134.0
2026-05-15T00:00,7.0,7.1,11.8,2.7,133.0
2026-05-15T01:00,6.5,6.7,12.0,2.0,133.0
2026-05-15T02:00,6.0,6.2,11.9,1.5,133.0
2026-05-15T03:00,5.6,5.8,11.9,1.2,133.0
2026-05-15T04:00,5.3,5.5,11.7,0.9,134.0
2026-05-15T05:00,4.2,4.3,10.3,1.1,134.0
2026-05-15T06:00,4.1,4.3,8.3,1.0,135.0
2026-05-15T07:00,3.1,3.4,5.4,1.0,136.0
2026-05-15T08:00,2.9,3.4,3.1,1.0,136.0
2026-05-15T09:00,3.0,3.8,1.9,1.2,135.0
2026-05-15T10:00,3.1,3.9,1.1,1.5,132.0
2026-05-15T11:00,3.5,4.5,0.7,1.7,131.0
2026-05-15T12:00,3.8,5.0,0.5,1.8,131.0
2026-05-15T13:00,4.0,5.3,0.6,1.8,132.0
2026-05-15T14:00,4.2,5.6,0.7,1.8,133.0
2026-05-15T15:00,4.5,5.9,0.7,1.9,134.0
2026-05-15T16:00,4.7,6.3,0.8,2.0,136.0
2026-05-15T17:00,2.3,2.3,1.4,2.6,138.0
2026-05-15T18:00,3.0,3.1,3.2,2.8,140.0
2026-05-15T19:00,3.8,3.9,5.8,3.2,142.0
2026-05-15T20:00,4.7,4.7,7.9,3.3,142.0
2026-05-15T21:00,5.0,5.0,9.2,3.1,138.0
2026-05-15T22:00,5.2,5.3,10.1,2.8,131.0
2026-05-15T23:00,5.0,5.2,10.7,2.4,127.0
2026-05-16T00:00,4.9,5.3,11.1,2.0,127.0
2026-05-16T01:00,4.8,5.3,11.2,1.7,129.0
2026-05-16T02:00,4.9,5.5,11.2,1.4,131.0
2026-05-16T03:00,5.0,5.6,11.3,1.2,133.0
2026-05-16T04:00,5.3,6.0,11.2,1.2,136.0
2026-05-16T05:00,5.5,6.2,11.1,1.1,137.0
2026-05-16T06:00,5.8,6.8,8.8,1.3,137.0
2026-05-16T07:00,5.6,6.8,5.7,1.6,135.0
2026-05-16T08:00,6.3,8.4,3.1,1.8,133.0
2026-05-16T09:00,6.8,9.5,1.8,1.8,129.0
2026-05-16T10:00,6.8,10.2,1.1,1.7,125.0
2026-05-16T11:00,6.4,10.7,0.6,1.5,122.0
2026-05-16T12:00,6.3,12.8,0.3,1.3,121.0
2026-05-16T13:00,7.4,18.4,0.3,1.1,121.0
2026-05-16T14:00,8.5,22.5,0.4,0.9,122.0
2026-05-16T15:00,8.8,24.2,0.5,0.8,123.0
2026-05-16T16:00,9.1,25.2,0.6,0.9,125.0
2026-05-16T17:00,7.5,20.1,1.2,0.8,127.0
2026-05-16T18:00,7.6,19.3,2.2,0.9,130.0
2026-05-16T19:00,7.9,19.2,3.5,0.9,134.0
2026-05-16T20:00,7.9,18.6,4.7,1.0,136.0
2026-05-16T21:00,7.4,16.1,5.5,1.0,136.0
2026-05-16T22:00,7.3,14.4,6.2,1.1,134.0
2026-05-16T23:00,7.2,12.7,6.6,1.1,132.0
2026-05-17T00:00,7.0,11.2,6.8,1.1,130.0
2026-05-17T01:00,7.2,10.7,6.8,1.0,128.0
2026-05-17T02:00,7.5,10.9,6.7,1.1,127.0
2026-05-17T03:00,8.3,11.6,6.5,1.3,127.0
2026-05-17T04:00,9.0,12.5,6.2,1.6,127.0
2026-05-17T05:00,8.1,12.3,5.1,1.3,127.0
2026-05-17T06:00,8.3,12.3,4.2,1.4,128.0
2026-05-17T07:00,8.2,12.0,3.0,1.5,129.0
2026-05-17T08:00,8.7,14.7,2.0,1.6,129.0
2026-05-17T09:00,8.7,16.2,1.4,1.7,128.0
2026-05-17T10:00,8.8,17.8,1.0,1.8,126.0
2026-05-17T11:00,8.8,19.5,0.7,1.8,125.0
2026-05-17T12:00,8.9,21.2,0.5,1.6,125.0
2026-05-17T13:00,8.9,22.0,0.5,1.4,125.0
2026-05-17T14:00,9.1,23.0,0.5,1.2,126.0
2026-05-17T15:00,9.3,23.9,0.5,1.1,126.0
2026-05-17T16:00,9.4,24.2,0.6,1.1,127.0
2026-05-17T17:00,7.5,19.2,1.0,1.1,128.0
2026-05-17T18:00,7.0,17.2,2.4,1.2,130.0
2026-05-17T19:00,6.9,15.9,4.4,1.3,132.0
2026-05-17T20:00,7.5,16.8,6.3,1.4,133.0
2026-05-17T21:00,8.1,17.7,8.0,1.4,131.0
2026-05-17T22:00,8.4,16.2,9.7,1.4,128.0
2026-05-17T23:00,8.7,14.5,10.6,1.4,125.0
2026-05-18T00:00,8.9,13.7,10.4,1.3,123.0
2026-05-18T01:00,9.1,13.6,9.6,1.1,122.0
2026-05-18T02:00,9.4,13.6,8.6,1.0,122.0
2026-05-18T03:00,9.7,14.3,7.8,1.0,124.0
2026-05-18T04:00,10.0,14.9,6.9,1.0,128.0
2026-05-18T05:00,9.3,13.6,9.0,0.8,131.0
2026-05-18T06:00,9.5,14.6,8.0,1.0,133.0
2026-05-18T07:00,10.2,17.0,6.5,1.3,133.0
2026-05-18T08:00,10.8,18.7,5.1,1.5,133.0
2026-05-18T09:00,11.3,22.4,3.7,1.5,131.0
2026-05-18T10:00,12.3,26.5,2.3,1.5,128.0
2026-05-18T11:00,14.2,33.8,1.3,1.4,126.0
2026-05-18T12:00,15.0,39.9,0.8,1.2,125.0
2026-05-18T13:00,14.1,40.3,0.6,1.0,125.0
2026-05-18T14:00,13.7,41.4,0.6,0.9,126.0
2026-05-18T15:00,13.6,41.8,0.6,0.8,128.0
2026-05-18T16:00,13.8,42.3,0.9,0.8,130.0
2026-05-18T17:00,12.3,33.1,1.2,1.2,133.0
2026-05-18T18:00,12.7,35.7,2.4,1.4,136.0
2026-05-18T19:00,12.8,31.1,3.9,1.7,140.0
2026-05-18T20:00,12.1,26.1,5.0,1.9,142.0
2026-05-18T21:00,14.6,34.9,5.0,1.8,141.0
2026-05-18T22:00,17.5,44.2,4.4,1.6,139.0
2026-05-18T23:00,17.8,43.8,4.0,1.4,137.0
2026-05-19T00:00,18.2,44.8,4.0,1.3,135.0
2026-05-19T01:00,18.7,46.0,4.2,1.1,134.0
2026-05-19T02:00,18.9,48.0,4.3,1.0,132.0
2026-05-19T03:00,17.8,48.4,4.2,0.9,129.0
2026-05-19T04:00,13.3,36.1,4.1,0.8,126.0
2026-05-19T05:00,15.9,36.3,8.9,1.5,125.0
2026-05-19T06:00,16.5,39.3,7.5,1.5,126.0
2026-05-19T07:00,16.7,41.1,5.5,1.4,129.0
2026-05-19T08:00,16.6,48.9,3.8,1.4,131.0
2026-05-19T09:00,16.2,56.0,2.5,1.4,130.0
2026-05-19T10:00,19.2,74.0,1.5,1.4,127.0
2026-05-19T11:00,20.3,79.9,0.7,1.4,125.0
2026-05-19T12:00,19.4,74.7,0.4,1.3,124.0
2026-05-19T13:00,16.4,62.2,0.4,1.1,124.0
2026-05-19T14:00,15.3,54.8,0.4,1.0,124.0
2026-05-19T15:00,16.3,54.6,0.2,1.0,124.0
2026-05-19T16:00,18.0,60.1,0.2,1.2,125.0
2026-05-19T17:00,12.9,38.4,1.1,1.4,126.0
2026-05-19T18:00,13.1,36.7,1.8,1.3,129.0
2026-05-19T19:00,12.7,31.0,2.8,1.2,133.0
2026-05-19T20:00,12.4,30.0,3.6,1.1,135.0
2026-05-19T21:00,12.5,31.8,3.9,1.0,132.0
2026-05-19T22:00,11.8,28.0,4.0,0.9,128.0
2026-05-19T23:00,11.3,25.4,4.3,0.9,124.0
2026-05-20T00:00,11.1,23.2,5.2,0.9,123.0
2026-05-20T01:00,10.9,21.7,6.4,1.0,122.0
2026-05-20T02:00,10.4,20.4,7.2,1.0,122.0
2026-05-20T03:00,9.6,18.6,7.3,1.0,121.0
2026-05-20T04:00,8.9,16.9,7.0,0.9,121.0
2026-05-20T05:00,8.8,14.6,7.1,1.0,121.0
2026-05-20T06:00,9.9,16.6,6.0,1.2,122.0
2026-05-20T07:00,12.5,23.2,4.4,1.6,125.0
2026-05-20T08:00,14.6,29.0,3.0,1.8,126.0
2026-05-20T09:00,16.4,35.9,2.0,1.8,126.0
2026-05-20T10:00,17.1,40.6,1.2,1.7,125.0
2026-05-20T11:00,17.1,43.1,0.7,1.6,124.0
2026-05-20T12:00,17.7,48.0,0.5,1.5,125.0
2026-05-20T13:00,18.2,51.5,0.4,1.4,126.0
2026-05-20T14:00,20.6,59.5,0.5,1.4,127.0
2026-05-20T15:00,18.7,52.2,0.4,1.4,127.0
2026-05-20T16:00,19.1,53.7,0.3,1.4,127.0
2026-05-20T17:00,15.6,47.1,0.9,1.3,127.0
2026-05-20T18:00,15.6,44.0,2.7,1.4,130.0
2026-05-20T19:00,16.0,41.9,5.2,1.7,133.0
2026-05-20T20:00,17.0,43.8,7.6,1.8,135.0
2026-05-20T21:00,17.2,42.8,9.8,1.9,134.0
2026-05-20T22:00,16.6,37.5,11.9,1.9,131.0
2026-05-20T23:00,15.6,32.1,13.2,1.8,128.0
2026-05-21T00:00,14.5,28.2,13.4,1.6,126.0
2026-05-21T01:00,13.4,24.2,12.8,1.4,125.0
2026-05-21T02:00,12.4,21.3,12.2,1.2,124.0
2026-05-21T03:00,11.5,19.0,11.9,1.1,124.0
2026-05-21T04:00,13.4,27.7,11.5,1.1,124.0
2026-05-21T05:00,13.7,26.2,8.0,1.6,126.0
2026-05-21T06:00,13.5,25.8,7.1,1.6,130.0
2026-05-21T07:00,13.1,25.2,5.8,1.6,135.0
2026-05-21T08:00,14.1,28.2,4.5,1.6,138.0
2026-05-21T09:00,14.9,31.1,3.3,1.5,138.0
2026-05-21T10:00,15.6,35.6,2.2,1.3,136.0
2026-05-21T11:00,15.8,37.5,1.4,1.2,135.0
2026-05-21T12:00,16.3,40.9,1.0,1.2,135.0
2026-05-21T13:00,16.9,44.8,1.0,1.2,135.0
2026-05-21T14:00,18.4,51.1,1.0,1.2,136.0
2026-05-21T15:00,19.1,52.6,0.9,1.1,137.0
2026-05-21T16:00,18.9,50.2,0.9,1.0,139.0
2026-05-21T17:00,14.6,36.6,1.7,1.1,141.0
2026-05-21T18:00,13.8,34.2,2.1,1.0,143.0
2026-05-21T19:00,14.3,35.6,2.8,0.9,144.0
2026-05-21T20:00,14.1,33.8,3.8,0.9,144.0
2026-05-21T21:00,13.8,32.2,5.4,0.9,141.0
2026-05-21T22:00,13.4,30.3,7.3,1.0,137.0
2026-05-21T23:00,13.1,29.4,8.8,1.1,134.0
2026-05-22T00:00,13.2,29.6,9.7,1.1,132.0
2026-05-22T01:00,13.5,32.4,10.3,1.0,130.0
2026-05-22T02:00,14.8,39.7,10.7,1.0,129.0
2026-05-22T03:00,15.6,44.2,11.1,1.0,128.0
2026-05-22T04:00,16.2,46.6,11.4,1.1,127.0
2026-05-22T05:00,14.3,38.6,10.7,1.1,126.0
2026-05-22T06:00,14.3,39.3,8.2,1.1,126.0
2026-05-22T07:00,15.6,44.1,4.8,1.0,127.0
2026-05-22T08:00,17.1,52.6,2.2,1.0,128.0
2026-05-22T09:00,16.2,48.5,1.2,0.9,128.0
2026-05-22T10:00,15.3,44.6,0.9,0.9,128.0
2026-05-22T11:00,14.7,42.8,0.8,0.8,128.0
2026-05-22T12:00,12.5,36.9,0.6,0.7,126.0
2026-05-22T13:00,10.8,31.3,0.5,0.5,124.0
2026-05-22T14:00,9.9,27.8,0.4,0.4,123.0
2026-05-22T15:00,9.1,24.4,0.3,0.4,123.0
2026-05-22T16:00,8.2,21.4,0.3,0.5,123.0
2026-05-22T17:00,14.0,36.9,0.7,0.5,124.0
2026-05-22T18:00,13.0,32.1,1.7,0.5,126.0
2026-05-22T19:00,12.7,30.0,3.1,0.5,129.0
2026-05-22T20:00,13.0,29.3,4.5,0.6,131.0
2026-05-22T21:00,13.0,28.8,5.8,0.7,130.0
2026-05-22T22:00,12.9,28.6,7.1,0.8,127.0
2026-05-22T23:00,13.1,28.9,8.2,0.9,124.0
2026-05-23T00:00,13.2,28.8,9.2,0.8,122.0
2026-05-23T01:00,13.0,27.2,10.0,0.7,121.0
2026-05-23T02:00,13.1,24.8,10.6,0.6,120.0
2026-05-23T03:00,13.2,22.8,11.0,0.5,119.0
2026-05-23T04:00,12.9,21.0,11.1,0.4,119.0
2026-05-23T05:00,12.2,19.7,11.5,0.5,119.0
2026-05-23T06:00,11.6,18.3,9.0,0.5,120.0
2026-05-23T07:00,10.1,15.5,5.5,0.6,121.0
2026-05-23T08:00,8.6,16.6,2.7,0.6,122.0
2026-05-23T09:00,8.2,16.8,1.4,0.6,122.0
2026-05-23T10:00,7.7,15.6,0.9,0.7,121.0
2026-05-23T11:00,7.0,14.0,0.6,0.7,121.0
2026-05-23T12:00,6.2,12.0,0.4,0.8,121.0
2026-05-23T13:00,5.5,10.1,0.4,0.9,121.0
2026-05-23T14:00,5.3,9.2,0.5,1.0,121.0
2026-05-23T15:00,5.3,9.0,0.6,1.1,122.0
2026-05-23T16:00,5.4,9.0,0.8,1.2,123.0
2026-05-23T17:00,5.2,7.3,1.5,1.5,124.0
2026-05-23T18:00,4.8,6.5,1.5,1.2,123.0
2026-05-23T19:00,4.7,6.2,1.5,0.7,122.0
2026-05-23T20:00,4.5,6.1,1.9,0.4,122.0
2026-05-23T21:00,4.6,6.2,3.0,0.4,125.0
2026-05-23T22:00,4.8,6.5,4.4,0.6,129.0
2026-05-23T23:00,5.3,6.9,6.0,0.7,132.0
2026-05-24T00:00,5.8,7.4,7.7,0.8,132.0
2026-05-24T01:00,6.2,7.9,9.5,0.8,131.0
2026-05-24T02:00,6.5,8.3,10.9,0.8,130.0
2026-05-24T03:00,6.8,8.6,12.1,0.8,128.0
2026-05-24T04:00,6.9,8.7,12.9,0.7,127.0
2026-05-24T05:00,7.7,11.5,7.9,0.7,125.0
2026-05-24T06:00,7.7,11.3,6.5,0.9,124.0
2026-05-24T07:00,7.2,10.5,4.5,1.1,123.0
2026-05-24T08:00,5.0,9.0,2.8,1.3,123.0
2026-05-24T09:00,3.9,7.4,1.8,1.3,123.0
2026-05-24T10:00,3.6,6.8,1.1,1.2,124.0
2026-05-24T11:00,3.5,6.9,0.7,1.1,124.0
2026-05-24T12:00,3.7,7.2,0.5,1.2,124.0
2026-05-24T13:00,4.0,8.0,0.6,1.3,123.0
2026-05-24T14:00,4.4,8.5,0.7,1.4,123.0
2026-05-24T15:00,4.6,9.5,0.7,1.3,124.0
2026-05-24T16:00,4.4,8.9,0.8,1.2,125.0
2026-05-24T17:00,12.9,25.7,1.1,1.4,127.0
2026-05-24T18:00,14.3,27.2,1.6,1.4,130.0
2026-05-24T19:00,14.5,26.4,2.3,1.5,133.0
2026-05-24T20:00,15.4,27.2,3.0,1.5,135.0
2026-05-24T21:00,16.5,28.9,3.5,1.5,136.0
2026-05-24T22:00,17.6,30.3,4.0,1.5,137.0
2026-05-24T23:00,18.6,32.0,4.9,1.5,136.0
2026-05-25T00:00,19.4,32.5,6.6,1.5,133.0
2026-05-25T01:00,19.6,31.8,8.7,1.4,128.0
2026-05-25T02:00,19.2,29.6,10.3,1.3,124.0
2026-05-25T03:00,18.5,27.5,11.3,1.1,121.0
2026-05-25T04:00,17.7,25.4,11.7,1.0,118.0
2026-05-25T05:00,17.2,23.5,10.3,0.9,116.0
2026-05-25T06:00,16.5,22.6,7.9,0.9,117.0
2026-05-25T07:00,15.9,23.2,4.5,1.0,119.0
2026-05-25T08:00,13.3,22.4,1.9,1.0,120.0
2026-05-25T09:00,10.9,19.3,0.8,0.9,120.0
2026-05-25T10:00,9.4,16.4,0.5,0.7,119.0
2026-05-25T11:00,8.4,14.2,0.4,0.5,119.0
2026-05-25T12:00,7.8,13.2,0.3,0.4,119.0
2026-05-25T13:00,7.3,12.4,0.3,0.4,120.0
2026-05-25T14:00,7.0,12.0,0.4,0.4,120.0
2026-05-25T15:00,6.8,11.6,0.2,0.4,120.0
2026-05-25T16:00,6.6,11.3,0.1,0.3,120.0
2026-05-25T17:00,6.7,11.3,0.6,0.4,121.0
2026-05-25T18:00,6.6,10.6,1.9,0.6,126.0
2026-05-25T19:00,7.1,10.8,3.8,0.9,132.0
2026-05-25T20:00,8.4,12.3,5.8,1.2,135.0
2026-05-25T21:00,9.9,13.7,8.2,1.3,132.0
2026-05-25T22:00,11.1,14.5,10.7,1.4,125.0
2026-05-25T23:00,11.4,14.5,12.0,1.4,120.0
2026-05-26T00:00,11.2,14.1,11.4,1.2,118.0
2026-05-26T01:00,10.9,13.6,9.6,1.0,118.0
2026-05-26T02:00,10.6,13.0,8.0,0.8,118.0
2026-05-26T03:00,10.2,12.5,7.0,0.7,117.0
2026-05-26T04:00,9.7,12.0,6.0,0.7,117.0
2026-05-26T05:00,9.6,11.8,6.3,0.7,117.0
2026-05-26T06:00,9.2,11.4,5.1,0.7,119.0
2026-05-26T07:00,7.9,9.9,3.5,0.7,121.0
2026-05-26T08:00,7.3,10.4,2.1,0.8,123.0
2026-05-26T09:00,7.4,11.7,1.3,1.0,123.0
2026-05-26T10:00,7.9,13.7,0.8,1.2,122.0
2026-05-26T11:00,7.8,14.7,0.5,1.3,121.0
2026-05-26T12:00,7.7,15.8,0.3,1.2,121.0
2026-05-26T13:00,7.3,17.4,0.3,1.1,121.0
2026-05-26T14:00,7.7,19.8,0.4,0.9,121.0
2026-05-26T15:00,8.3,22.4,0.4,0.8,122.0
2026-05-26T16:00,8.4,23.5,0.5,0.7,124.0
2026-05-26T17:00,6.6,21.2,0.6,0.7,125.0
2026-05-26T18:00,6.8,20.3,1.1,0.8,124.0
2026-05-26T19:00,7.1,19.2,1.7,0.8,123.0
2026-05-26T20:00,7.9,22.2,2.3,0.9,122.0
2026-05-26T21:00,11.5,34.0,2.8,0.9,121.0
2026-05-26T22:00,11.8,33.6,3.4,0.8,121.0
2026-05-26T23:00,10.8,27.8,3.7,0.8,120.0
2026-05-27T00:00,10.7,26.8,3.7,0.8,119.0
2026-05-27T01:00,9.5,22.4,3.6,0.8,119.0
2026-05-27T02:00,8.1,17.9,3.6,0.8,118.0
2026-05-27T03:00,7.1,14.9,4.0,0.8,117.0
2026-05-27T04:00,6.4,12.8,4.5,0.7,116.0
2026-05-27T05:00,4.9,9.9,4.7,0.7,116.0
2026-05-27T06:00,4.8,10.1,3.8,0.7,117.0
2026-05-27T07:00,4.9,10.9,2.4,0.7,119.0
2026-05-27T08:00,5.7,15.0,1.4,0.7,120.0
2026-05-27T09:00,6.1,18.6,0.9,0.6,120.0
2026-05-27T10:00,6.6,24.0,0.6,0.6,119.0
2026-05-27T11:00,7.0,26.5,0.5,0.5,119.0
2026-05-27T12:00,7.8,30.5,0.4,0.5,119.0
2026-05-27T13:00,6.8,24.7,0.5,0.5,120.0
2026-05-27T14:00,6.7,22.6,0.6,0.6,121.0
2026-05-27T15:00,7.5,25.2,0.7,0.7,121.0
2026-05-27T16:00,8.5,27.2,0.7,0.8,121.0
2026-05-27T17:00,6.6,14.8,0.9,1.0,122.0
2026-05-27T18:00,6.5,14.0,1.1,1.0,127.0
2026-05-27T19:00,7.0,15.3,1.4,0.9,133.0
2026-05-27T20:00,7.9,18.0,2.0,0.9,137.0
2026-05-27T21:00,8.0,17.5,3.2,0.9,136.0
2026-05-27T22:00,8.0,16.5,4.7,1.0,132.0
2026-05-27T23:00,7.7,15.3,6.0,1.0,128.0
2026-05-28T00:00,7.6,14.7,6.8,0.9,125.0
2026-05-28T01:00,7.8,14.4,7.3,0.8,123.0
2026-05-28T02:00,7.9,14.1,7.6,0.8,121.0
2026-05-28T03:00,7.6,14.1,7.8,0.8,120.0
2026-05-28T04:00,7.2,14.1,7.9,0.9,119.0
2026-05-28T05:00,8.3,24.2,5.9,0.7,119.0
2026-05-28T06:00,8.8,29.6,4.7,0.8,120.0
2026-05-28T07:00,9.5,33.8,3.1,0.9,121.0
2026-05-28T08:00,12.3,57.5,1.8,1.0,122.0
2026-05-28T09:00,11.2,56.2,1.1,0.9,120.0
2026-05-28T10:00,8.6,41.8,0.7,0.8,118.0
2026-05-28T11:00,6.1,27.2,0.4,0.7,116.0
2026-05-28T12:00,4.9,20.2,0.3,0.6,116.0
2026-05-28T13:00,4.5,16.9,0.3,0.6,116.0
2026-05-28T14:00,4.6,15.9,0.4,0.6,117.0
2026-05-28T15:00,4.9,16.2,0.3,0.7,117.0
2026-05-28T16:00,5.4,17.0,0.3,0.8,117.0
2026-05-28T17:00,7.3,21.7,0.6,0.8,119.0
2026-05-28T18:00,7.8,21.5,1.6,0.9,126.0
2026-05-28T19:00,8.2,20.7,3.1,1.1,134.0
2026-05-28T20:00,9.1,21.9,4.9,1.3,138.0
2026-05-28T21:00,9.8,23.1,7.3,1.4,133.0
2026-05-28T22:00,10.1,23.3,9.9,1.5,124.0
2026-05-28T23:00,9.8,20.5,11.6,1.5,117.0
2026-05-29T00:00,8.9,17.3,11.7,1.4,116.0
2026-05-29T01:00,8.4,16.0,10.8,1.2,117.0
2026-05-29T02:00,8.2,15.9,9.8,1.0,118.0
2026-05-29T03:00,8.2,16.5,9.0,0.9,118.0
2026-05-29T04:00,8.4,17.3,8.1,0.8,118.0
2026-05-29T05:00,8.4,17.5,8.5,0.9,118.0
2026-05-29T06:00,8.7,18.8,6.8,1.0,119.0
2026-05-29T07:00,9.2,21.1,4.4,1.1,120.0
2026-05-29T08:00,9.6,25.0,2.5,1.2,121.0
2026-05-29T09:00,9.4,25.6,1.5,1.2,120.0
2026-05-29T10:00,9.2,24.7,1.0,1.3,118.0
2026-05-29T11:00,8.9,22.9,0.7,1.3,117.0
2026-05-29T12:00,8.5,21.0,0.5,1.4,118.0
2026-05-29T13:00,8.2,19.6,0.5,1.5,119.0
2026-05-29T14:00,8.1,18.6,0.6,1.6,121.0
2026-05-29T15:00,8.0,17.9,0.5,1.7,123.0
2026-05-29T16:00,7.9,16.9,0.5,1.9,124.0
2026-05-29T17:00,3.6,8.4,1.0,2.0,127.0
2026-05-29T18:00,3.3,6.7,2.4,2.2,132.0
2026-05-29T19:00,3.7,6.5,4.3,2.5,137.0
2026-05-29T20:00,4.3,6.8,6.2,2.8,139.0
2026-05-29T21:00,4.7,7.2,8.0,3.0,134.0
2026-05-29T22:00,4.9,7.5,9.7,3.1,126.0
2026-05-29T23:00,5.0,7.7,11.1,3.0,120.0
2026-05-30T00:00,5.3,7.8,12.0,2.6,117.0
2026-05-30T01:00,5.4,7.9,12.6,2.1,116.0
2026-05-30T02:00,5.3,7.7,12.7,1.6,116.0
2026-05-30T03:00,5.3,7.7,12.5,1.2,116.0
2026-05-30T04:00,5.4,8.0,11.9,0.9,118.0
2026-05-30T05:00,5.1,8.0,9.9,1.3,119.0
2026-05-30T06:00,5.5,9.4,7.8,1.5,121.0
2026-05-30T07:00,6.0,10.5,4.9,1.7,123.0
2026-05-30T08:00,8.0,15.9,2.6,1.9,123.0
2026-05-30T09:00,7.9,17.0,1.5,1.9,121.0
2026-05-30T10:00,7.6,16.8,0.9,1.7,117.0
2026-05-30T11:00,7.3,16.4,0.6,1.6,115.0
2026-05-30T12:00,7.1,15.9,0.4,1.4,116.0
2026-05-30T13:00,6.8,15.3,0.4,1.3,117.0
2026-05-30T14:00,6.4,14.7,0.5,1.1,119.0
2026-05-30T15:00,6.2,14.0,0.3,1.0,119.0
2026-05-30T16:00,6.0,13.4,0.2,0.9,119.0
2026-05-30T17:00,6.9,15.1,0.8,1.0,120.0
2026-05-30T18:00,6.5,13.2,2.3,1.1,125.0
2026-05-30T19:00,6.7,12.3,4.4,1.2,133.0
2026-05-30T20:00,7.1,12.3,6.5,1.3,136.0
2026-05-30T21:00,7.5,12.7,8.7,1.4,132.0
2026-05-30T22:00,8.0,13.1,10.8,1.6,125.0
2026-05-30T23:00,8.4,12.7,12.2,1.6,119.0
2026-05-31T00:00,8.5,12.2,12.5,1.5,116.0
2026-05-31T01:00,8.2,11.6,12.0,1.2,115.0
2026-05-31T02:00,7.9,11.4,11.1,1.1,114.0
2026-05-31T03:00,7.7,11.6,9.9,1.1,114.0
2026-05-31T04:00,7.7,12.2,8.3,1.3,114.0
2026-05-31T05:00,7.2,11.2,9.5,1.2,115.0
2026-05-31T06:00,7.1,11.6,7.5,1.3,116.0
2026-05-31T07:00,6.8,11.0,4.6,1.5,117.0
2026-05-31T08:00,8.0,14.9,2.4,1.6,118.0
2026-05-31T09:00,8.1,15.9,1.3,1.6,117.0
2026-05-31T10:00,7.9,16.7,0.9,1.6,116.0
2026-05-31T11:00,7.6,17.0,0.6,1.6,115.0
2026-05-31T12:00,7.6,18.5,0.4,1.5,114.0
2026-05-31T13:00,8.0,21.1,0.4,1.4,113.0
2026-05-31T14:00,8.4,22.8,0.5,1.3,113.0
2026-05-31T15:00,8.6,23.4,0.5,1.3,113.0
2026-05-31T16:00,8.7,23.3,0.5,1.4,114.0
2026-05-31T17:00,2.1,5.5,1.1,1.8,115.0
2026-05-31T18:00,3.2,7.8,2.6,1.8,117.0
2026-05-31T19:00,3.7,7.2,4.8,1.9,119.0
2026-05-31T20:00,4.0,6.9,6.9,1.9,120.0
2026-05-31T21:00,4.6,7.8,9.0,1.9,120.0
2026-05-31T22:00,5.3,9.1,11.1,1.8,118.0
2026-05-31T23:00,5.6,9.5,12.2,1.8,117.0
2026-06-01T00:00,5.6,9.7,11.6,1.7,116.0
2026-06-01T01:00,5.5,9.9,10.1,1.6,115.0
2026-06-01T02:00,5.3,9.5,8.6,1.6,114.0
2026-06-01T03:00,4.8,8.3,7.6,1.7,113.0
2026-06-01T04:00,4.5,7.8,6.6,1.8,113.0
2026-06-01T05:00,5.0,8.3,6.4,1.6,113.0
2026-06-01T06:00,4.7,7.9,5.2,1.6,115.0
2026-06-01T07:00,4.7,8.2,3.6,1.7,117.0
2026-06-01T08:00,6.0,12.4,2.2,1.8,118.0
2026-06-01T09:00,7.6,19.8,1.4,1.9,117.0
2026-06-01T10:00,9.3,27.0,1.0,2.0,116.0
2026-06-01T11:00,10.7,32.7,0.7,2.1,115.0
2026-06-01T12:00,11.4,36.1,0.6,2.1,115.0
2026-06-01T13:00,11.2,37.1,0.7,2.1,115.0
2026-06-01T14:00,11.6,35.2,0.8,2.1,116.0
2026-06-01T15:00,12.0,33.8,0.7,2.3,119.0
2026-06-01T16:00,13.2,39.3,0.6,2.5,122.0
2026-06-01T17:00,20.6,67.5,1.0,2.2,125.0
2026-06-01T18:00,20.4,63.6,2.3,2.1,127.0
2026-06-01T19:00,20.3,60.8,4.2,2.1,130.0
2026-06-01T20:00,20.7,60.8,5.7,2.0,130.0
2026-06-01T21:00,21.3,62.4,6.5,2.0,128.0
2026-06-01T22:00,21.2,61.0,7.0,2.1,124.0
2026-06-01T23:00,21.3,60.1,7.8,2.1,121.0
2026-06-02T00:00,21.3,58.0,9.4,2.0,118.0
2026-06-02T01:00,20.6,50.6,11.2,1.7,116.0
2026-06-02T02:00,19.3,43.0,12.4,1.5,115.0
2026-06-02T03:00,17.9,36.9,12.7,1.3,115.0
2026-06-02T04:00,16.8,33.1,12.4,1.0,116.0
2026-06-02T05:00,16.4,31.4,11.9,1.0,117.0
2026-06-02T06:00,15.7,30.0,9.5,1.2,118.0
2026-06-02T07:00,15.4,30.7,6.1,1.5,119.0
2026-06-02T08:00,18.3,45.5,3.4,1.7,120.0
2026-06-02T09:00,19.4,53.1,2.0,1.8,120.0
2026-06-02T10:00,19.3,53.8,1.3,1.7,120.0
2026-06-02T11:00,19.2,53.0,0.8,1.7,120.0
2026-06-02T12:00,18.9,50.8,0.6,1.7,122.0
2026-06-02T13:00,18.5,47.4,0.6,1.6,124.0
2026-06-02T14:00,18.1,44.0,0.7,1.6,125.0
2026-06-02T15:00,18.0,41.2,0.8,1.7,124.0
2026-06-02T16:00,18.5,41.0,1.0,1.9,123.0
2026-06-02T17:00,22.2,52.7,1.3,2.6,123.0
2026-06-02T18:00,22.7,52.5,2.1,2.6,126.0
2026-06-02T19:00,22.8,50.1,3.3,2.5,131.0
2026-06-02T20:00,22.5,46.3,4.8,2.5,134.0
2026-06-02T21:00,23.3,48.5,6.8,2.5,135.0
2026-06-02T22:00,23.7,49.9,9.0,2.6,135.0
2026-06-02T23:00,23.2,47.7,11.0,2.5,133.0
2026-06-03T00:00,22.5,44.7,12.6,2.3,129.0
2026-06-03T01:00,21.9,42.1,13.8,2.0,122.0
2026-06-03T02:00,20.9,38.5,14.3,1.7,118.0
2026-06-03T03:00,19.3,35.6,13.8,1.5,116.0
2026-06-03T04:00,17.6,32.2,12.6,1.4,116.0
2026-06-03T05:00,27.0,60.5,14.0,2.9,117.0
2026-06-03T06:00,25.6,55.6,10.7,3.4,120.0
2026-06-03T07:00,22.7,47.3,6.1,4.2,123.0
2026-06-03T08:00,19.7,43.5,2.6,4.5,125.0
2026-06-03T09:00,17.0,37.6,1.2,4.1,123.0
2026-06-03T10:00,13.5,29.7,0.9,3.3,118.0
2026-06-03T11:00,10.4,23.0,0.8,2.6,115.0
2026-06-03T12:00,7.2,15.9,0.6,2.2,115.0
2026-06-03T13:00,5.6,11.9,0.6,1.9,117.0
2026-06-03T14:00,5.1,10.2,0.7,1.8,118.0
2026-06-03T15:00,5.1,9.9,0.6,1.9,119.0
2026-06-03T16:00,5.0,9.5,0.5,2.1,120.0
2026-06-03T17:00,2.6,4.3,1.0,2.3,120.0
2026-06-03T18:00,2.9,4.7,2.1,2.3,120.0
2026-06-03T19:00,3.6,5.5,3.7,2.4,119.0
2026-06-03T20:00,4.1,6.6,5.2,2.5,119.0
2026-06-03T21:00,4.7,7.9,6.6,2.6,119.0
2026-06-03T22:00,5.2,9.1,7.9,2.7,118.0
2026-06-03T23:00,5.8,10.2,9.1,2.8,118.0
2026-06-04T00:00,6.2,10.9,10.2,2.7,118.0
2026-06-04T01:00,6.2,11.1,11.3,2.6,119.0
2026-06-04T02:00,6.1,11.1,12.0,2.4,119.0
2026-06-04T03:00,5.9,10.8,12.5,2.2,119.0
2026-06-04T04:00,5.7,10.4,12.7,1.9,118.0
2026-06-04T05:00,7.3,12.7,16.3,2.7,118.0
2026-06-04T06:00,7.4,12.3,13.6,2.5,119.0
2026-06-04T07:00,7.1,11.6,9.8,2.2,120.0
2026-06-04T08:00,8.6,14.8,6.5,2.0,120.0
2026-06-04T09:00,9.8,17.1,4.3,1.9,119.0
2026-06-04T10:00,10.5,18.4,2.6,1.9,118.0
2026-06-04T11:00,10.9,19.3,1.4,1.9,117.0
2026-06-04T12:00,11.4,20.5,0.8,1.9,117.0
2026-06-04T13:00,11.6,21.2,0.8,1.9,118.0
2026-06-04T14:00,11.9,22.1,0.8,2.0,119.0
2026-06-04T15:00,11.9,21.8,0.7,2.1,119.0
2026-06-04T16:00,10.8,18.6,0.6,2.3,119.0
2026-06-04T17:00,17.2,34.2,1.0,2.2,120.0
2026-06-04T18:00,17.3,35.6,2.5,2.2,123.0
2026-06-04T19:00,17.6,36.6,4.6,2.3,127.0
2026-06-04T20:00,18.0,36.1,6.5,2.3,129.0
2026-06-04T21:00,18.6,38.2,8.0,2.4,129.0
2026-06-04T22:00,19.0,40.2,9.2,2.4,127.0
2026-06-04T23:00,19.2,41.6,10.0,2.4,126.0
2026-06-05T00:00,19.3,41.4,10.1,2.3,126.0
2026-06-05T01:00,19.2,39.6,9.7,2.2,126.0
2026-06-05T02:00,19.3,38.6,9.6,2.0,126.0
2026-06-05T03:00,19.2,37.3,10.4,1.8,126.0
2026-06-05T04:00,18.7,34.9,11.5,1.6,125.0
2026-06-05T05:00,20.4,39.1,12.1,1.7,125.0
2026-06-05T06:00,19.6,35.7,9.4,1.9,125.0
2026-06-05T07:00,19.9,38.3,5.7,2.1,126.0
2026-06-05T08:00,21.5,46.4,2.9,2.3,126.0
2026-06-05T09:00,21.9,48.9,1.8,2.4,125.0
2026-06-05T10:00,21.5,47.8,1.5,2.4,123.0
2026-06-05T11:00,20.7,44.2,1.3,2.6,122.0
2026-06-05T12:00,19.8,39.9,1.1,3.1,120.0
2026-06-05T13:00,19.1,37.8,1.0,3.7,119.0
2026-06-05T14:00,19.4,41.8,1.0,4.0,119.0
2026-06-05T15:00,19.7,49.2,0.8,3.8,122.0
2026-06-05T16:00,19.6,55.8,0.6,3.3,126.0
2026-06-05T17:00,24.1,76.1,1.0,2.1,128.0
2026-06-05T18:00,23.1,72.2,2.0,2.0,125.0
2026-06-05T19:00,22.6,67.3,3.5,2.0,120.0
2026-06-05T20:00,22.9,69.8,5.1,2.0,116.0
2026-06-05T21:00,24.3,71.9,7.1,2.2,115.0
2026-06-05T22:00,25.9,75.9,9.3,2.5,116.0
2026-06-05T23:00,27.2,78.7,10.8,2.7,117.0
2026-06-06T00:00,28.2,79.6,11.0,2.7,119.0
2026-06-06T01:00,29.0,79.4,10.6,2.6,122.0
2026-06-06T02:00,29.9,80.6,10.2,2.5,124.0
2026-06-06T03:00,30.6,80.6,10.5,2.3,126.0
2026-06-06T04:00,30.6,76.8,11.0,2.1,128.0
2026-06-06T05:00,26.2,47.4,10.7,1.4,129.0
2026-06-06T06:00,25.6,45.9,8.3,1.6,129.0
2026-06-06T07:00,26.0,47.8,4.9,1.8,128.0
2026-06-06T08:00,29.7,69.6,2.3,1.9,127.0
2026-06-06T09:00,30.7,79.2,1.2,1.9,125.0
2026-06-06T10:00,30.3,81.0,0.9,1.7,123.0
2026-06-06T11:00,30.7,83.1,0.7,1.7,121.0
2026-06-06T12:00,28.8,78.5,0.6,1.9,120.0
2026-06-06T13:00,27.6,76.8,0.6,2.2,119.0
2026-06-06T14:00,26.7,75.2,0.7,2.4,119.0
2026-06-06T15:00,24.6,72.2,0.6,2.6,120.0
2026-06-06T16:00,22.5,68.2,0.4,2.7,122.0
2026-06-06T17:00,19.2,58.0,0.9,2.1,124.0
2026-06-06T18:00,18.1,51.0,2.0,2.2,126.0
2026-06-06T19:00,16.8,44.9,3.6,2.4,128.0
2026-06-06T20:00,16.5,43.2,5.1,2.5,128.0
2026-06-06T21:00,16.6,42.5,6.4,2.7,126.0
2026-06-06T22:00,16.7,42.8,7.6,2.9,122.0
2026-06-06T23:00,17.1,44.2,8.9,2.9,120.0
2026-06-07T00:00,18.0,44.7,10.4,2.5,120.0
2026-06-07T01:00,18.4,41.1,11.9,2.0,121.0
2026-06-07T02:00,18.2,36.2,12.8,1.5,122.0
2026-06-07T03:00,18.1,32.7,12.9,1.2,122.0
2026-06-07T04:00,18.3,31.0,12.4,0.9,122.0
2026-06-07T05:00,17.1,28.2,12.2,0.9,122.0
2026-06-07T06:00,17.5,28.9,9.6,1.1,121.0
2026-06-07T07:00,19.7,35.0,6.0,1.4,120.0
2026-06-07T08:00,22.5,45.3,3.1,1.6,119.0
2026-06-07T09:00,22.2,50.9,1.7,1.6,118.0
2026-06-07T10:00,21.4,51.8,1.0,1.5,116.0
2026-06-07T11:00,20.0,49.9,0.6,1.4,115.0
2026-06-07T12:00,18.7,47.0,0.4,1.4,115.0
2026-06-07T13:00,17.2,42.5,0.4,1.4,114.0
2026-06-07T14:00,16.2,39.2,0.5,1.5,114.0
2026-06-07T15:00,15.4,35.9,0.4,1.6,113.0
2026-06-07T16:00,14.6,32.8,0.3,1.6,111.0
2026-06-07T17:00,8.1,16.7,0.9,1.7,111.0
2026-06-07T18:00,7.4,14.4,2.4,1.8,113.0
2026-06-07T19:00,7.3,13.2,4.5,2.0,116.0
2026-06-07T20:00,7.8,13.7,6.5,2.2,118.0
2026-06-07T21:00,8.5,15.0,8.1,2.3,116.0
2026-06-07T22:00,9.1,16.2,9.6,2.4,113.0
2026-06-07T23:00,9.5,16.8,10.8,2.4,110.0
2026-06-08T00:00,9.9,16.8,11.7,2.1,109.0
2026-06-08T01:00,10.4,17.3,12.4,1.7,110.0
2026-06-08T02:00,10.9,17.8,12.7,1.4,110.0
2026-06-08T03:00,11.4,18.0,12.6,1.1,110.0
2026-06-08T04:00,11.9,18.3,12.1,0.9,110.0
2026-06-08T05:00,13.0,20.7,11.3,1.2,111.0
2026-06-08T06:00,14.1,23.1,8.8,1.4,112.0
2026-06-08T07:00,15.8,26.7,5.4,1.7,114.0
2026-06-08T08:00,18.5,34.7,2.7,1.9,115.0
2026-06-08T09:00,19.3,38.5,1.4,1.9,114.0
2026-06-08T10:00,18.3,37.4,0.9,1.8,112.0
2026-06-08T11:00,16.2,33.4,0.6,1.6,111.0
2026-06-08T12:00,15.2,31.3,0.4,1.4,111.0
2026-06-08T13:00,14.1,29.0,0.4,1.2,111.0
2026-06-08T14:00,13.0,26.9,0.4,1.0,112.0
2026-06-08T15:00,12.3,25.4,0.3,0.8,113.0
2026-06-08T16:00,11.6,23.9,0.2,0.7,115.0
2026-06-08T17:00,12.1,24.4,1.0,0.8,118.0
2026-06-08T18:00,11.9,23.9,2.4,0.9,126.0
2026-06-08T19:00,11.9,22.6,4.3,1.0,136.0
2026-06-08T20:00,12.2,22.6,6.0,1.1,141.0
2026-06-08T21:00,12.4,23.5,7.3,1.2,137.0
2026-06-08T22:00,12.3,23.5,8.5,1.3,129.0
2026-06-08T23:00,11.9,23.2,9.4,1.3,122.0
2026-06-09T00:00,11.6,22.9,9.9,1.3,119.0
2026-06-09T01:00,11.4,22.6,10.2,1.2,117.0
2026-06-09T02:00,11.7,23.1,10.4,1.2,116.0
2026-06-09T03:00,12.0,23.6,10.9,1.3,117.0
2026-06-09T04:00,12.1,24.2,11.4,1.4,118.0
2026-06-09T05:00,13.4,26.1,9.3,1.4,119.0
2026-06-09T06:00,14.2,27.1,7.9,1.4,118.0
2026-06-09T07:00,13.7,24.6,5.8,1.3,117.0
2026-06-09T08:00,13.5,25.3,4.1,1.4,116.0
2026-06-09T09:00,13.7,28.5,2.9,1.6,116.0
2026-06-09T10:00,15.5,36.1,2.1,1.9,116.0
2026-06-09T11:00,17.8,43.9,1.4,2.1,116.0
2026-06-09T12:00,19.4,48.4,1.0,2.2,115.0
2026-06-09T13:00,20.1,49.7,0.8,2.2,114.0
2026-06-09T14:00,20.1,49.7,0.7,2.2,113.0
2026-06-09T15:00,19.2,47.6,0.5,2.2,112.0
2026-06-09T16:00,19.0,46.7,0.5,2.2,112.0
2026-06-09T17:00,22.9,57.5,0.8,1.4,113.0
2026-06-09T18:00,22.5,54.1,2.2,1.6,118.0
2026-06-09T19:00,23.1,54.6,4.2,1.8,124.0
2026-06-09T20:00,23.7,54.1,6.0,2.0,128.0
2026-06-09T21:00,24.5,56.2,7.4,2.2,126.0
2026-06-09T22:00,25.1,59.0,8.7,2.3,122.0
2026-06-09T23:00,25.1,59.8,9.9,2.3,119.0
2026-06-10T00:00,24.3,56.8,11.4,2.1,118.0
2026-06-10T01:00,22.6,50.2,12.8,1.8,118.0
2026-06-10T02:00,20.5,43.1,13.7,1.5,118.0
2026-06-10T03:00,19.0,37.5,14.0,1.2,116.0
2026-06-10T04:00,17.4,32.0,13.6,1.0,114.0
2026-06-10T05:00,19.6,38.1,13.1,1.3,113.0
2026-06-10T06:00,18.5,34.8,10.1,1.5,113.0
2026-06-10T07:00,18.3,34.0,5.8,1.7,114.0
2026-06-10T08:00,22.3,47.4,2.6,1.8,115.0
2026-06-10T09:00,22.2,47.6,1.3,1.8,118.0
2026-06-10T10:00,21.5,46.1,0.9,1.7,121.0
2026-06-10T11:00,19.4,41.3,0.8,1.6,123.0
2026-06-10T12:00,18.5,39.2,0.7,1.6,123.0
2026-06-10T13:00,19.4,43.7,0.7,1.5,121.0
2026-06-10T14:00,16.3,35.9,0.8,1.5,120.0
2026-06-10T15:00,16.6,37.1,0.7,1.4,119.0
2026-06-10T16:00,16.8,37.6,0.5,1.3,119.0
2026-06-10T17:00,34.6,76.4,0.9,2.8,121.0
2026-06-10T18:00,36.1,77.3,1.8,2.8,127.0
2026-06-10T19:00,35.7,76.4,3.1,2.7,134.0
2026-06-10T20:00,34.3,72.6,4.6,2.8,138.0
2026-06-10T21:00,35.5,75.4,6.4,3.0,134.0
2026-06-10T22:00,36.6,79.2,8.3,3.3,125.0
2026-06-10T23:00,36.4,79.6,9.6,3.5,119.0
2026-06-11T00:00,33.9,73.8,9.8,3.6,117.0
2026-06-11T01:00,31.5,68.9,9.3,3.6,117.0
2026-06-11T02:00,31.0,68.2,9.1,3.6,117.0
2026-06-11T03:00,31.5,69.8,9.8,3.6,117.0
2026-06-11T04:00,32.0,69.8,10.8,3.5,117.0
2026-06-11T05:00,29.4,59.0,12.9,2.6,117.0
2026-06-11T06:00,29.1,58.2,10.6,2.7,117.0
2026-06-11T07:00,27.5,53.3,7.5,2.9,117.0
2026-06-11T08:00,26.7,57.6,4.8,2.9,117.0
2026-06-11T09:00,24.4,55.8,3.1,2.7,116.0
2026-06-11T10:00,21.9,55.2,1.9,2.5,114.0
2026-06-11T11:00,18.6,54.5,1.0,2.2,113.0
2026-06-11T12:00,16.1,53.8,0.6,1.9,112.0
2026-06-11T13:00,14.6,51.5,0.6,1.6,110.0
2026-06-11T14:00,13.7,49.4,0.6,1.4,110.0
2026-06-11T15:00,12.7,45.2,0.5,1.3,111.0
2026-06-11T16:00,11.8,41.0,0.4,1.4,112.0
2026-06-11T17:00,8.6,26.3,0.8,1.4,114.0
2026-06-11T18:00,7.3,21.1,1.9,1.5,117.0
2026-06-11T19:00,6.6,17.9,3.5,1.7,120.0
2026-06-11T20:00,6.6,16.1,5.1,1.9,121.0
2026-06-11T21:00,7.2,16.9,6.8,2.2,118.0
2026-06-11T22:00,8.0,18.5,8.6,2.6,113.0
2026-06-11T23:00,8.7,19.6,9.9,2.8,109.0
2026-06-12T00:00,8.6,19.0,10.5,2.9,109.0
2026-06-12T01:00,7.8,16.6,10.8,2.9,111.0
2026-06-12T02:00,6.8,13.8,11.0,2.8,112.0
2026-06-12T03:00,5.8,11.1,11.7,2.6,112.0
2026-06-12T04:00,4.9,9.0,12.4,2.3,111.0
2026-06-12T05:00,6.1,11.4,12.5,1.9,111.0
2026-06-12T06:00,5.9,11.0,9.8,1.7,112.0
2026-06-12T07:00,5.3,9.3,6.1,1.4,113.0
2026-06-12T08:00,5.1,14.9,3.1,1.2,113.0
2026-06-12T09:00,5.4,21.1,1.7,1.0,111.0
2026-06-12T10:00,6.3,28.5,1.0,0.9,109.0
2026-06-12T11:00,6.8,29.8,0.6,0.8,107.0
2026-06-12T12:00,6.8,28.4,0.4,0.8,107.0
2026-06-12T13:00,6.7,26.4,0.5,0.9,107.0
2026-06-12T14:00,6.7,24.3,0.6,1.0,108.0
2026-06-12T15:00,6.7,22.8,0.5,1.2,108.0
2026-06-12T16:00,7.0,22.4,0.5,1.4,108.0
2026-06-12T17:00,6.1,17.3,0.9,1.2,110.0
2026-06-12T18:00,6.3,16.3,2.4,1.4,117.0
2026-06-12T19:00,6.8,16.0,4.6,1.6,126.0
2026-06-12T20:00,7.6,17.1,6.7,1.8,131.0
2026-06-12T21:00,8.4,19.0,8.6,2.0,126.0
2026-06-12T22:00,9.0,20.6,10.4,2.2,117.0
2026-06-12T23:00,9.4,21.8,11.8,2.3,110.0
2026-06-13T00:00,9.5,22.5,12.4,2.3,109.0
2026-06-13T01:00,9.5,22.2,12.5,2.2,109.0
2026-06-13T02:00,9.0,20.1,12.6,2.0,110.0
2026-06-13T03:00,8.1,17.0,13.3,1.7,109.0
2026-06-13T04:00,7.2,14.1,14.0,1.3,108.0
2026-06-13T05:00,6.7,12.0,13.6,1.2,107.0
2026-06-13T06:00,6.2,11.1,10.7,1.3,108.0
2026-06-13T07:00,6.2,11.9,6.7,1.5,111.0
2026-06-13T08:00,7.0,15.3,3.5,1.6,112.0
2026-06-13T09:00,7.3,18.2,1.9,1.6,112.0
2026-06-13T10:00,7.3,18.8,1.2,1.4,110.0
2026-06-13T11:00,7.2,18.6,0.7,1.3,109.0
2026-06-13T12:00,7.0,18.2,0.5,1.2,108.0
2026-06-13T13:00,6.9,17.8,0.5,1.1,108.0
2026-06-13T14:00,6.9,17.9,0.6,1.0,108.0
2026-06-13T15:00,6.7,17.8,0.5,0.9,108.0
2026-06-13T16:00,6.5,17.3,0.4,0.9,108.0
2026-06-13T17:00,5.9,15.5,0.8,1.0,109.0
2026-06-13T18:00,5.7,14.0,2.1,1.1,112.0
2026-06-13T19:00,5.7,12.4,3.9,1.2,117.0
2026-06-13T20:00,6.3,13.0,5.8,1.4,119.0
2026-06-13T21:00,7.2,14.5,7.6,1.6,116.0
2026-06-13T22:00,7.8,15.7,9.4,1.8,112.0
2026-06-13T23:00,8.1,16.2,10.9,1.9,108.0
2026-06-14T00:00,8.1,15.9,12.1,1.7,107.0
2026-06-14T01:00,7.9,14.8,13.0,1.4,107.0
2026-06-14T02:00,7.4,13.5,13.3,1.2,108.0
2026-06-14T03:00,6.9,11.9,12.8,1.0,109.0
2026-06-14T04:00,6.5,11.0,11.8,0.9,111.0
2026-06-14T05:00,5.1,8.6,12.0,1.0,112.0
2026-06-14T06:00,5.4,9.5,9.4,1.1,113.0
2026-06-14T07:00,6.8,13.2,5.8,1.2,114.0
2026-06-14T08:00,9.4,20.3,3.0,1.3,114.0
2026-06-14T09:00,9.7,22.2,1.6,1.2,114.0
2026-06-14T10:00,9.9,23.3,1.0,1.1,114.0
2026-06-14T11:00,9.4,22.7,0.6,1.0,113.0
2026-06-14T12:00,8.5,20.8,0.4,0.9,112.0
2026-06-14T13:00,7.4,18.2,0.3,0.8,110.0
2026-06-14T14:00,6.4,15.9,0.4,0.7,109.0
2026-06-14T15:00,5.5,13.7,0.3,0.7,108.0
2026-06-14T16:00,5.3,13.2,0.3,0.8,108.0
2026-06-14T17:00,10.1,26.7,0.7,1.0,110.0
2026-06-14T18:00,11.0,27.6,1.8,1.0,115.0
2026-06-14T19:00,10.8,25.1,3.3,1.1,122.0
2026-06-14T20:00,12.0,28.1,4.6,1.1,126.0
2026-06-14T21:00,13.2,30.9,5.6,1.1,123.0
2026-06-14T22:00,13.7,31.5,6.3,1.1,116.0
2026-06-14T23:00,13.1,28.1,7.0,1.1,111.0
2026-06-15T00:00,12.6,25.6,7.6,1.1,109.0
2026-06-15T01:00,12.3,24.2,8.1,1.0,109.0
2026-06-15T02:00,12.2,23.9,8.3,1.0,108.0
2026-06-15T03:00,12.4,23.8,8.1,0.9,107.0
2026-06-15T04:00,12.6,23.4,7.6,0.9,105.0
2026-06-15T05:00,9.5,16.7,7.0,0.9,105.0
2026-06-15T06:00,9.4,17.0,5.7,1.0,106.0
2026-06-15T07:00,9.5,17.4,3.8,1.2,109.0
2026-06-15T08:00,11.1,23.3,2.3,1.3,110.0
2026-06-15T09:00,11.8,27.4,1.5,1.3,109.0
2026-06-15T10:00,12.3,29.9,0.9,1.2,108.0
2026-06-15T11:00,12.4,30.9,0.6,1.1,107.0
2026-06-15T12:00,11.7,29.2,0.4,1.1,107.0
2026-06-15T13:00,10.9,27.1,0.4,1.0,107.0
2026-06-15T14:00,10.6,26.0,0.5,1.1,107.0
2026-06-15T15:00,10.7,25.3,0.5,1.3,108.0
2026-06-15T16:00,11.3,26.1,0.6,1.5,109.0
2026-06-15T17:00,15.9,33.6,1.2,1.6,112.0
2026-06-15T18:00,16.2,31.1,2.2,1.8,118.0
2026-06-15T19:00,16.5,30.3,3.6,2.0,125.0
2026-06-15T20:00,17.0,29.3,5.2,2.2,128.0
2026-06-15T21:00,17.5,30.5,7.1,2.2,125.0
2026-06-15T22:00,17.8,30.9,9.1,2.2,118.0
2026-06-15T23:00,17.8,29.8,10.7,2.1,112.0
2026-06-16T00:00,17.4,28.0,11.7,1.9,110.0
2026-06-16T01:00,16.8,26.8,12.2,1.8,109.0
2026-06-16T02:00,16.3,26.3,12.5,1.6,109.0
2026-06-16T03:00,15.9,26.3,12.6,1.5,109.0
2026-06-16T04:00,15.6,26.1,12.5,1.5,109.0
2026-06-16T05:00,15.8,26.9,13.0,1.6,109.0
2026-06-16T06:00,16.4,29.2,10.3,1.7,110.0
2026-06-16T07:00,15.9,26.8,6.6,1.8,111.0
2026-06-16T08:00,17.0,35.2,3.6,1.8,111.0
2026-06-16T09:00,17.9,40.4,2.1,1.7,111.0
2026-06-16T10:00,18.6,44.6,1.3,1.5,110.0
2026-06-16T11:00,18.7,45.9,0.8,1.4,109.0
2026-06-16T12:00,16.4,40.6,0.5,1.4,109.0
2026-06-16T13:00,14.3,35.2,0.5,1.4,109.0
2026-06-16T14:00,12.1,29.2,0.6,1.5,109.0
2026-06-16T15:00,9.2,21.8,0.6,1.5,108.0
2026-06-16T16:00,6.7,15.4,0.6,1.6,108.0
2026-06-16T17:00,8.4,19.6,1.0,1.6,109.0
2026-06-16T18:00,8.6,19.0,2.4,1.7,115.0
2026-06-16T19:00,9.1,17.6,4.4,1.8,122.0
2026-06-16T20:00,9.5,18.5,6.0,1.9,126.0
2026-06-16T21:00,9.6,19.3,6.8,2.0,123.0
2026-06-16T22:00,10.4,21.1,7.2,2.0,117.0
2026-06-16T23:00,11.3,22.8,7.8,2.1,112.0
2026-06-17T00:00,12.4,24.8,9.0,2.2,110.0
2026-06-17T01:00,13.0,25.8,10.5,2.4,109.0
2026-06-17T02:00,12.7,24.7,11.5,2.4,109.0
2026-06-17T03:00,11.9,21.1,12.1,2.2,109.0
2026-06-17T04:00,11.8,19.7,12.3,1.9,110.0
2026-06-17T05:00,13.2,20.5,14.2,2.2,111.0
2026-06-17T06:00,13.0,19.7,11.2,2.2,112.0
2026-06-17T07:00,12.7,19.7,7.0,2.2,113.0
2026-06-17T08:00,12.9,22.9,3.7,2.3,114.0
2026-06-17T09:00,12.8,23.7,2.1,2.5,114.0
2026-06-17T10:00,12.8,24.0,1.4,2.7,113.0
2026-06-17T11:00,12.7,24.3,1.0,2.8,113.0
2026-06-17T12:00,12.5,25.4,0.7,2.7,113.0
2026-06-17T13:00,12.7,26.8,0.7,2.5,113.0
2026-06-17T14:00,12.8,27.7,0.8,2.3,113.0
2026-06-17T15:00,12.5,27.0,0.8,2.1,112.0
2026-06-17T16:00,12.5,27.0,0.9,1.8,111.0
2026-06-17T17:00,13.2,31.3,1.0,1.2,111.0
2026-06-17T18:00,13.3,29.8,2.1,1.3,115.0
2026-06-17T19:00,13.8,30.4,3.8,1.4,122.0
2026-06-17T20:00,13.9,29.1,5.5,1.5,125.0
2026-06-17T21:00,14.2,29.5,7.4,1.7,123.0
2026-06-17T22:00,14.5,29.6,9.3,1.8,119.0
2026-06-17T23:00,14.2,28.4,10.9,1.9,115.0
2026-06-18T00:00,13.4,25.4,11.9,1.8,113.0
2026-06-18T01:00,12.2,21.2,12.5,1.5,112.0
2026-06-18T02:00,11.3,18.5,12.8,1.3,112.0
2026-06-18T03:00,10.6,17.0,12.9,1.1,112.0
2026-06-18T04:00,10.0,16.1,12.6,1.0,113.0
2026-06-18T05:00,9.5,14.2,11.8,1.1,113.0
2026-06-18T06:00,9.1,14.1,9.2,1.2,113.0
2026-06-18T07:00,8.7,14.0,5.6,1.3,112.0
2026-06-18T08:00,9.1,17.2,2.8,1.4,112.0
2026-06-18T09:00,8.3,17.6,1.8,1.6,112.0
2026-06-18T10:00,9.2,20.3,1.7,1.7,112.0
2026-06-18T11:00,10.0,21.1,1.6,1.8,112.0
2026-06-18T12:00,11.3,25.9,1.2,1.6,113.0
2026-06-18T13:00,11.9,29.2,0.8,1.3,115.0
2026-06-18T14:00,12.1,32.0,0.6,1.1,116.0
2026-06-18T15:00,13.2,37.0,0.5,1.1,115.0
2026-06-18T16:00,14.0,41.7,0.4,1.1,113.0
2026-06-18T17:00,14.5,44.2,0.9,1.2,113.0
2026-06-18T18:00,14.5,42.8,1.5,1.2,117.0
2026-06-18T19:00,14.3,39.3,2.5,1.3,123.0
2026-06-18T20:00,14.2,36.1,3.9,1.4,127.0
2026-06-18T21:00,14.6,36.4,6.1,1.5,128.0
2026-06-18T22:00,15.2,37.4,8.7,1.7,128.0
2026-06-18T23:00,15.9,39.0,10.9,1.8,126.0
2026-06-19T00:00,16.4,40.2,12.2,1.9,122.0
2026-06-19T01:00,16.6,41.4,13.0,1.9,118.0
2026-06-19T02:00,16.6,40.4,13.5,1.8,114.0
2026-06-19T03:00,15.9,36.6,13.9,1.6,113.0
2026-06-19T04:00,14.6,31.9,14.0,1.4,113.0
2026-06-19T05:00,12.9,27.0,13.3,1.3,114.0
2026-06-19T06:00,11.1,21.5,10.0,1.3,115.0
2026-06-19T07:00,10.9,23.7,5.5,1.3,116.0
2026-06-19T08:00,12.0,32.6,2.1,1.2,116.0
2026-06-19T09:00,11.2,29.9,0.8,1.0,115.0
2026-06-19T10:00,10.2,25.7,0.5,0.8,112.0
2026-06-19T11:00,8.9,21.7,0.5,0.7,111.0
2026-06-19T12:00,8.1,19.0,0.4,0.7,111.0
2026-06-19T13:00,7.7,17.1,0.6,0.7,112.0
2026-06-19T14:00,7.9,16.6,0.7,0.7,113.0
2026-06-19T15:00,8.2,16.5,0.7,0.7,112.0
2026-06-19T16:00,7.9,15.4,0.7,0.6,111.0
2026-06-19T17:00,9.0,17.9,0.8,1.0,111.0
2026-06-19T18:00,9.2,17.8,1.3,1.0,112.0
2026-06-19T19:00,9.3,16.4,2.0,1.0,115.0
2026-06-19T20:00,9.1,14.2,3.1,1.0,116.0
2026-06-19T21:00,8.8,13.4,4.8,1.1,116.0
2026-06-19T22:00,9.1,13.7,6.9,1.1,114.0
2026-06-19T23:00,9.5,14.1,8.9,1.2,113.0
2026-06-20T00:00,9.8,14.5,10.8,1.2,112.0
2026-06-20T01:00,10.1,14.8,12.7,1.2,110.0
2026-06-20T02:00,10.3,14.6,13.9,1.1,109.0
2026-06-20T03:00,10.2,14.0,14.6,1.0,108.0
2026-06-20T04:00,10.0,13.3,14.6,0.9,106.0
2026-06-20T05:00,9.7,12.1,14.5,0.7,106.0
2026-06-20T06:00,7.5,9.7,10.9,0.8,107.0
2026-06-20T07:00,6.9,10.4,5.9,1.0,109.0
2026-06-20T08:00,7.5,12.8,2.1,1.2,111.0
2026-06-20T09:00,8.4,15.0,0.7,1.3,112.0
2026-06-20T10:00,8.9,16.4,0.6,1.4,112.0
2026-06-20T11:00,9.1,16.6,0.6,1.4,112.0
2026-06-20T12:00,9.1,16.4,0.5,1.3,111.0
2026-06-20T13:00,8.8,15.4,0.5,1.2,109.0
2026-06-20T14:00,9.0,15.2,0.6,1.2,109.0
2026-06-20T15:00,9.7,16.0,0.6,1.4,113.0
2026-06-20T16:00,10.3,16.5,0.7,1.6,119.0
2026-06-20T17:00,15.0,25.1,1.0,1.9,124.0
2026-06-20T18:00,15.4,24.7,1.8,2.0,127.0
2026-06-20T19:00,15.9,24.7,3.0,2.0,129.0
2026-06-20T20:00,16.4,25.4,4.3,2.1,129.0
2026-06-20T21:00,16.9,26.3,5.8,2.2,125.0
2026-06-20T22:00,17.1,26.4,7.5,2.2,119.0
2026-06-20T23:00,18.2,27.9,9.0,2.2,115.0
2026-06-21T00:00,18.9,28.8,10.4,2.1,114.0
2026-06-21T01:00,19.3,28.5,11.7,2.1,114.0
2026-06-21T02:00,19.3,27.2,12.6,1.9,114.0
2026-06-21T03:00,18.6,25.1,13.4,1.6,112.0
2026-06-21T04:00,17.6,22.9,13.8,1.3,110.0
2026-06-21T05:00,17.3,21.5,13.7,1.1,109.0
2026-06-21T06:00,15.5,18.7,10.4,1.4,109.0
2026-06-21T07:00,14.7,19.8,5.9,1.7,110.0
2026-06-21T08:00,13.0,19.4,2.4,1.9,110.0
2026-06-21T09:00,10.7,16.7,1.0,1.7,110.0
2026-06-21T10:00,9.3,14.8,0.6,1.4,110.0
2026-06-21T11:00,8.6,13.7,0.5,1.2,110.0
2026-06-21T12:00,8.2,12.9,0.3,1.2,110.0
2026-06-21T13:00,8.3,12.8,0.4,1.3,110.0
2026-06-21T14:00,8.5,12.7,0.5,1.4,110.0
2026-06-21T15:00,8.6,12.6,0.5,1.5,111.0
2026-06-21T16:00,8.6,12.3,0.4,1.7,112.0
2026-06-21T17:00,10.2,14.6,1.0,1.8,113.0
2026-06-21T18:00,10.6,14.3,1.9,2.0,116.0
2026-06-21T19:00,11.0,14.7,3.2,2.2,119.0
2026-06-21T20:00,11.8,15.1,4.8,2.4,121.0
2026-06-21T21:00,12.5,15.9,6.9,2.6,120.0
2026-06-21T22:00,13.0,16.5,9.4,2.7,117.0
2026-06-21T23:00,13.1,16.6,11.4,2.7,115.0
2026-06-22T00:00,13.2,16.4,12.7,2.4,113.0
2026-06-22T01:00,12.6,15.1,13.5,2.0,111.0
2026-06-22T02:00,11.8,13.6,13.8,1.6,110.0
2026-06-22T03:00,11.3,12.9,13.5,1.4,109.0
2026-06-22T04:00,11.1,12.6,12.5,1.2,109.0
2026-06-22T05:00,9.9,11.2,8.1,1.1,109.0
2026-06-22T06:00,9.3,10.4,6.3,1.2,109.0
2026-06-22T07:00,9.1,10.5,3.9,1.4,110.0
2026-06-22T08:00,9.3,11.5,2.0,1.5,110.0
2026-06-22T09:00,9.6,12.2,1.1,1.4,111.0
2026-06-22T10:00,10.0,13.0,0.7,1.2,112.0
2026-06-22T11:00,10.4,13.6,0.5,1.0,112.0
2026-06-22T12:00,11.0,14.4,0.4,0.9,111.0
2026-06-22T13:00,11.1,14.4,0.4,0.9,110.0
2026-06-22T14:00,11.5,14.6,0.5,1.0,110.0
2026-06-22T15:00,11.7,14.7,0.5,1.2,111.0
2026-06-22T16:00,12.9,15.8,0.5,1.5,112.0
2026-06-22T17:00,11.9,14.3,0.9,1.8,114.0
2026-06-22T18:00,11.2,13.1,2.2,2.1,118.0
2026-06-22T19:00,11.3,12.9,4.0,2.4,123.0
2026-06-22T20:00,12.1,13.7,5.7,2.6,126.0
2026-06-22T21:00,13.6,15.3,7.3,2.5,126.0
2026-06-22T22:00,14.4,16.0,8.7,2.1,124.0
2026-06-22T23:00,14.9,16.4,9.2,1.8,121.0
2026-06-23T00:00,14.9,16.2,8.2,1.5,118.0
2026-06-23T01:00,14.5,15.8,6.2,1.2,115.0
2026-06-23T02:00,13.8,15.1,4.8,1.0,112.0
2026-06-23T03:00,13.0,14.1,4.5,0.8,111.0
2026-06-23T04:00,12.0,13.1,4.8,0.8,111.0
2026-06-23T05:00,9.7,10.5,4.9,0.8,111.0
2026-06-23T06:00,8.9,9.6,4.0,0.8,111.0
2026-06-23T07:00,8.9,9.9,2.8,0.9,112.0
2026-06-23T08:00,10.8,12.7,1.8,0.9,112.0
2026-06-23T09:00,11.1,13.2,1.2,0.9,111.0
2026-06-23T10:00,9.5,11.2,0.8,0.8,110.0
2026-06-23T11:00,7.9,9.4,0.5,0.8,109.0
2026-06-23T12:00,6.8,8.2,0.4,0.7,109.0
2026-06-23T13:00,6.4,7.8,0.4,0.7,109.0
2026-06-23T14:00,6.3,7.8,0.5,0.7,109.0
2026-06-23T15:00,6.6,8.1,0.4,0.8,109.0
2026-06-23T16:00,6.8,8.4,0.4,1.0,110.0
2026-06-23T17:00,0.1,0.1,0.7,0.9,112.0
2026-06-23T18:00,0.5,0.6,1.8,1.1,117.0
2026-06-23T19:00,1.0,1.1,3.3,1.4,122.0
2026-06-23T20:00,1.6,1.7,5.1,1.7,125.0
2026-06-23T21:00,2.4,2.5,7.3,1.9,123.0
2026-06-23T22:00,3.0,3.1,9.8,2.1,117.0
2026-06-23T23:00,3.4,3.5,11.7,2.2,113.0
2026-06-24T00:00,3.7,3.8,12.9,2.0,111.0
2026-06-24T01:00,3.7,3.9,13.5,1.7,111.0
2026-06-24T02:00,3.7,3.9,13.7,1.6,110.0
2026-06-24T03:00,3.6,3.8,13.4,1.8,109.0
2026-06-24T04:00,3.5,3.7,12.7,2.0,108.0
2026-06-24T05:00,4.0,4.3,12.0,2.2,108.0
2026-06-24T06:00,5.0,5.3,10.1,2.4,110.0
2026-06-24T07:00,6.0,6.6,7.4,2.8,112.0
2026-06-24T08:00,7.2,8.5,5.1,3.0,115.0
2026-06-24T09:00,7.8,9.7,3.5,3.0,118.0
2026-06-24T10:00,8.2,10.7,2.1,2.9,121.0
2026-06-24T11:00,8.4,11.8,1.2,2.8,122.0
2026-06-24T12:00,8.5,12.5,0.8,2.7,119.0
2026-06-24T13:00,8.7,13.0,0.7,2.5,114.0
2026-06-24T14:00,9.3,14.2,0.7,2.4,110.0
2026-06-24T15:00,10.2,16.1,0.5,2.3,108.0
2026-06-24T16:00,10.8,18.2,0.4,2.2,108.0
2026-06-24T17:00,11.4,20.5,0.8,2.1,109.0
2026-06-24T18:00,11.7,21.7,1.9,2.1,113.0
2026-06-24T19:00,12.0,21.7,3.3,2.2,118.0
2026-06-24T20:00,12.3,22.1,4.9,2.4,121.0
2026-06-24T21:00,12.6,22.3,6.5,2.6,119.0
2026-06-24T22:00,12.8,23.1,8.1,2.9,115.0
2026-06-24T23:00,12.8,23.3,9.5,3.1,112.0
2026-06-25T00:00,12.7,23.1,10.5,3.2,111.0
2026-06-25T01:00,12.6,22.2,11.2,3.1,110.0
2026-06-25T02:00,12.5,20.8,11.8,3.0,110.0
2026-06-25T03:00,12.3,20.1,12.7,2.8,110.0
2026-06-25T04:00,12.4,20.4,13.5,2.4,111.0
2026-06-25T05:00,12.9,20.5,13.1,2.2,112.0
2026-06-25T06:00,12.8,19.2,10.6,2.1,114.0
2026-06-25T07:00,11.8,16.8,6.9,2.2,117.0
2026-06-25T08:00,11.0,20.6,3.9,2.2,119.0
2026-06-25T09:00,10.6,20.7,2.3,2.2,119.0
2026-06-25T10:00,9.9,19.6,1.5,2.2,117.0
2026-06-25T11:00,9.5,19.3,0.9,2.1,116.0
2026-06-25T12:00,9.3,19.1,0.6,2.0,116.0
2026-06-25T13:00,9.0,18.4,0.5,1.8,116.0
2026-06-25T14:00,9.1,18.0,0.6,1.7,116.0
2026-06-25T15:00,9.2,17.9,0.5,1.7,115.0
2026-06-25T16:00,9.3,17.8,0.5,1.8,113.0
2026-06-25T17:00,3.2,4.2,1.0,1.9,114.0
2026-06-25T18:00,3.2,4.0,2.3,2.0,119.0
2026-06-25T19:00,3.5,4.0,4.1,2.2,126.0
2026-06-25T20:00,4.0,4.2,6.0,2.3,129.0
2026-06-25T21:00,4.3,4.3,7.9,2.4,126.0
2026-06-25T22:00,4.4,4.5,9.8,2.5,119.0
2026-06-25T23:00,4.9,5.2,11.3,2.4,114.0
2026-06-26T00:00,5.2,5.7,12.2,2.2,111.0
2026-06-26T01:00,5.5,6.3,12.8,1.8,110.0
2026-06-26T02:00,5.8,6.7,13.0,1.5,109.0
2026-06-26T03:00,6.1,7.1,13.2,1.2,110.0
2026-06-26T04:00,6.4,7.6,13.1,1.0,112.0
2026-06-26T05:00,6.5,7.4,12.8,1.2,114.0
2026-06-26T06:00,6.7,7.8,10.1,1.5,115.0
2026-06-26T07:00,7.4,9.1,6.4,1.8,117.0
2026-06-26T08:00,8.5,11.4,3.5,2.1,117.0
2026-06-26T09:00,8.2,11.4,2.1,2.2,116.0
2026-06-26T10:00,7.8,10.7,1.5,2.3,113.0
2026-06-26T11:00,7.5,10.3,1.1,2.3,112.0
2026-06-26T12:00,7.5,10.3,0.8,2.3,113.0
2026-06-26T13:00,7.8,10.7,0.7,2.2,114.0
2026-06-26T14:00,8.1,11.3,0.7,2.2,116.0
2026-06-26T15:00,8.5,12.5,0.6,2.2,117.0
2026-06-26T16:00,8.6,12.8,0.6,2.2,118.0
2026-06-26T17:00,15.1,21.7,1.4,2.8,119.0
2026-06-26T18:00,14.0,20.8,2.7,2.8,122.0
2026-06-26T19:00,13.5,19.6,4.6,2.9,126.0
2026-06-26T20:00,14.3,20.2,6.5,2.8,127.0
2026-06-26T21:00,14.9,20.4,8.4,2.5,124.0
2026-06-26T22:00,15.2,20.1,10.2,2.2,120.0
2026-06-26T23:00,15.2,19.2,11.2,1.9,116.0
2026-06-27T00:00,14.9,18.5,10.8,1.7,115.0
2026-06-27T01:00,14.8,18.5,9.5,1.7,114.0
2026-06-27T02:00,14.8,18.8,8.3,1.6,114.0
2026-06-27T03:00,15.0,19.2,7.5,1.6,114.0
2026-06-27T04:00,15.1,19.4,6.7,1.6,114.0
2026-06-27T05:00,13.2,17.0,11.1,1.4,114.0
2026-06-27T06:00,12.8,16.8,8.9,1.5,115.0
2026-06-27T07:00,12.9,17.5,5.9,1.7,116.0
2026-06-27T08:00,14.8,22.5,3.4,1.9,116.0
2026-06-27T09:00,13.9,24.3,2.1,2.1,116.0
2026-06-27T10:00,13.2,24.5,1.5,2.3,115.0
2026-06-27T11:00,12.6,24.0,1.0,2.4,114.0
2026-06-27T12:00,11.8,23.1,0.7,2.3,113.0
2026-06-27T13:00,11.1,22.5,0.6,2.1,113.0
2026-06-27T14:00,10.2,21.5,0.6,1.9,112.0
2026-06-27T15:00,10.5,24.2,0.5,1.8,111.0
2026-06-27T16:00,9.6,21.2,0.5,1.7,110.0
2026-06-27T17:00,12.4,29.6,0.8,1.5,111.0
2026-06-27T18:00,12.3,28.8,1.9,1.5,117.0
2026-06-27T19:00,12.1,27.1,3.4,1.5,125.0
2026-06-27T20:00,12.6,27.4,5.2,1.6,129.0
2026-06-27T21:00,13.2,28.4,7.5,1.7,127.0
2026-06-27T22:00,13.3,28.1,9.9,1.9,121.0
2026-06-27T23:00,12.8,24.9,11.5,1.9,116.0
2026-06-28T00:00,12.0,20.8,11.5,1.8,113.0
2026-06-28T01:00,11.3,18.1,10.7,1.6,111.0
2026-06-28T02:00,10.8,16.8,9.7,1.4,109.0
2026-06-28T03:00,10.8,16.2,8.9,1.3,108.0
2026-06-28T04:00,11.1,16.3,8.0,1.2,109.0
2026-06-28T05:00,11.9,16.9,6.2,1.2,109.0
2026-06-28T06:00,12.5,18.1,5.2,1.4,110.0
2026-06-28T07:00,13.6,20.1,3.7,1.6,111.0
2026-06-28T08:00,14.8,23.3,2.5,1.8,111.0
2026-06-28T09:00,15.0,24.8,1.7,1.8,110.0
2026-06-28T10:00,14.1,25.3,1.1,1.8,109.0
2026-06-28T11:00,13.5,27.7,0.7,1.7,108.0
2026-06-28T12:00,14.0,32.9,0.5,1.6,108.0
2026-06-28T13:00,15.1,39.7,0.4,1.4,108.0
2026-06-28T14:00,15.9,44.8,0.4,1.3,108.0
2026-06-28T15:00,14.8,44.1,0.4,1.2,107.0
2026-06-28T16:00,13.6,41.2,0.4,1.1,106.0
2026-06-28T17:00,12.5,37.6,0.8,1.1,106.0
2026-06-28T18:00,11.8,33.6,1.6,1.2,107.0
2026-06-28T19:00,11.6,30.7,2.6,1.3,108.0
2026-06-28T20:00,11.9,31.2,3.9,1.4,109.0
2026-06-28T21:00,12.3,31.5,5.7,1.4,109.0
2026-06-28T22:00,11.7,26.5,7.8,1.4,108.0
2026-06-28T23:00,10.4,21.0,9.1,1.4,108.0
2026-06-29T00:00,10.0,18.9,8.9,1.3,108.0
2026-06-29T01:00,9.7,18.0,7.8,1.3,108.0
2026-06-29T02:00,9.9,17.3,7.2,1.2,108.0
2026-06-29T03:00,10.3,17.0,7.7,1.1,107.0
2026-06-29T04:00,10.9,17.5,8.7,1.1,106.0
2026-06-29T05:00,13.1,26.8,9.1,1.7,106.0
2026-06-29T06:00,13.4,26.5,7.6,1.8,110.0
2026-06-29T07:00,12.0,20.7,5.5,1.9,116.0
2026-06-29T08:00,11.7,19.4,3.7,2.0,119.0
2026-06-29T09:00,12.3,21.0,2.5,2.0,118.0
2026-06-29T10:00,13.0,23.5,1.6,1.9,114.0
2026-06-29T11:00,13.8,26.4,1.0,1.8,111.0
2026-06-29T12:00,15.0,29.8,0.7,1.8,110.0
2026-06-29T13:00,16.1,32.7,0.7,1.8,110.0
2026-06-29T14:00,17.2,35.2,0.7,1.8,111.0
2026-06-29T15:00,18.0,36.9,0.6,1.9,112.0
2026-06-29T16:00,18.4,37.5,0.7,1.9,113.0
2026-06-29T17:00,19.1,41.0,1.1,2.1,115.0
2026-06-29T18:00,19.2,40.7,1.8,2.1,117.0
2026-06-29T19:00,18.6,38.2,2.8,2.2,120.0
2026-06-29T20:00,17.4,32.9,4.0,2.3,122.0
2026-06-29T21:00,17.2,31.8,5.6,2.5,123.0
2026-06-29T22:00,17.3,32.1,7.4,2.7,123.0
2026-06-29T23:00,17.3,32.5,9.0,2.9,122.0
2026-06-30T00:00,17.4,33.2,10.3,3.1,118.0
2026-06-30T01:00,17.6,33.9,11.5,3.3,113.0
2026-06-30T02:00,17.6,34.5,12.5,3.4,109.0
2026-06-30T03:00,17.9,35.6,13.9,3.5,107.0
2026-06-30T04:00,18.0,36.1,15.3,3.5,106.0
2026-06-30T05:00,14.7,26.2,14.4,2.4,106.0
2026-06-30T06:00,14.7,26.3,11.3,2.6,109.0
2026-06-30T07:00,14.3,26.8,7.0,2.8,113.0
2026-06-30T08:00,15.3,31.1,3.6,2.9,115.0
2026-06-30T09:00,16.2,34.6,2.0,2.6,114.0
2026-06-30T10:00,17.1,38.1,1.3,2.0,113.0
2026-06-30T11:00,19.7,46.9,0.8,1.6,111.0
2026-06-30T12:00,20.0,46.9,0.5,1.4,111.0
2026-06-30T13:00,19.7,45.3,0.5,1.4,111.0
2026-06-30T14:00,18.9,41.8,0.5,1.4,111.0
2026-06-30T15:00,18.0,39.0,0.4,1.5,111.0
2026-06-30T16:00,16.6,35.9,0.4,1.6,111.0
2026-06-30T17:00,27.0,61.5,0.8,1.6,111.0
2026-06-30T18:00,24.6,54.8,1.7,1.7,113.0
2026-06-30T19:00,23.4,54.0,3.1,1.7,115.0
2026-06-30T20:00,23.1,51.7,4.3,1.8,116.0
2026-06-30T21:00,23.0,51.0,5.2,1.8,116.0
2026-06-30T22:00,23.6,50.9,5.9,1.7,114.0
2026-06-30T23:00,24.8,52.2,6.7,1.7,113.0
2026-07-01T00:00,26.3,55.6,7.7,1.7,113.0
2026-07-01T01:00,27.0,57.6,8.7,1.7,112.0
2026-07-01T02:00,27.0,57.9,9.7,1.7,111.0
2026-07-01T03:00,26.9,58.2,11.0,1.8,108.0
2026-07-01T04:00,26.8,58.7,12.2,1.8,104.0
2026-07-01T05:00,27.4,60.8,11.6,1.5,102.0
2026-07-01T06:00,26.7,59.3,8.7,1.5,102.0
2026-07-01T07:00,25.6,57.4,4.8,1.5,104.0
2026-07-01T08:00,23.1,55.3,1.8,1.4,105.0
2026-07-01T09:00,18.8,46.6,0.7,1.3,106.0
2026-07-01T10:00,17.2,43.0,0.6,1.2,107.0
2026-07-01T11:00,16.6,41.3,0.6,1.1,107.0
2026-07-01T12:00,16.2,39.7,0.5,1.0,107.0
2026-07-01T13:00,15.8,37.7,0.5,1.0,107.0
2026-07-01T14:00,15.7,36.9,0.5,1.0,106.0
2026-07-01T15:00,15.4,37.0,0.4,1.1,104.0
2026-07-01T16:00,13.3,32.8,0.4,1.2,101.0
2026-07-01T17:00,13.8,36.0,0.8,1.2,100.0
2026-07-01T18:00,12.5,32.6,1.9,1.3,105.0
2026-07-01T19:00,12.1,30.0,3.6,1.4,112.0
2026-07-01T20:00,12.1,27.8,5.4,1.5,116.0
2026-07-01T21:00,12.8,29.0,7.5,1.7,113.0
2026-07-01T22:00,13.5,30.4,9.8,1.9,107.0
2026-07-01T23:00,14.0,31.2,11.4,2.0,102.0
2026-07-02T00:00,13.9,31.2,11.7,1.9,100.0
2026-07-02T01:00,13.7,30.5,11.4,1.8,99.0
2026-07-02T02:00,13.4,29.6,11.0,1.7,99.0
2026-07-02T03:00,13.5,29.9,11.0,1.6,98.0
2026-07-02T04:00,13.9,31.0,11.1,1.6,98.0
2026-07-02T05:00,14.0,30.3,12.9,3.4,99.0
2026-07-02T06:00,13.3,28.2,10.8,3.7,101.0
2026-07-02T07:00,11.2,22.6,7.9,4.0,105.0
2026-07-02T08:00,9.5,24.1,5.3,4.0,107.0
2026-07-02T09:00,9.1,27.2,3.5,3.4,107.0
2026-07-02T10:00,9.1,25.8,2.1,2.4,105.0
2026-07-02T11:00,8.5,19.7,1.2,1.7,104.0
2026-07-02T12:00,9.1,19.4,0.9,1.5,104.0
2026-07-02T13:00,10.6,25.3,1.0,1.5,104.0
2026-07-02T14:00,11.7,33.2,1.1,1.5,104.0
2026-07-02T15:00,12.4,36.0,0.9,1.2,104.0
2026-07-02T16:00,10.7,28.7,0.7,0.9,104.0
2026-07-02T17:00,12.1,37.4,0.6,0.5,105.0
2026-07-02T18:00,11.0,32.6,1.5,0.5,106.0
2026-07-02T19:00,10.6,30.3,2.9,0.6,107.0
2026-07-02T20:00,10.8,28.9,4.7,0.7,108.0
2026-07-02T21:00,11.4,29.6,7.2,0.9,107.0
2026-07-02T22:00,12.4,31.1,10.1,1.2,106.0
2026-07-02T23:00,13.0,32.5,12.4,1.4,104.0
2026-07-03T00:00,13.0,31.4,13.6,1.4,103.0
2026-07-03T01:00,12.6,30.4,14.2,1.2,102.0
2026-07-03T02:00,12.2,30.6,14.3,1.1,101.0
2026-07-03T03:00,12.0,32.2,14.2,1.0,100.0
2026-07-03T04:00,11.9,34.5,13.7,1.0,99.0
2026-07-03T05:00,13.8,38.3,15.2,1.3,99.0
2026-07-03T06:00,13.4,36.8,11.3,1.2,100.0
2026-07-03T07:00,12.3,34.8,6.0,1.2,101.0
2026-07-03T08:00,12.0,39.5,2.0,1.1,102.0
2026-07-03T09:00,12.3,42.6,0.6,1.1,102.0
2026-07-03T10:00,12.5,45.1,0.5,1.0,102.0
2026-07-03T11:00,12.7,46.6,0.6,1.0,102.0
2026-07-03T12:00,12.9,47.8,0.5,1.0,102.0
2026-07-03T13:00,13.6,51.2,0.5,1.0,103.0
2026-07-03T14:00,13.9,52.9,0.6,1.1,103.0
2026-07-03T15:00,14.6,55.3,0.6,1.2,103.0
2026-07-03T16:00,15.8,58.9,0.7,1.3,104.0
2026-07-03T17:00,17.3,62.6,1.1,1.4,105.0
2026-07-03T18:00,17.6,57.9,2.5,1.6,109.0
2026-07-03T19:00,18.2,54.4,4.5,1.9,114.0
2026-07-03T20:00,19.0,55.1,6.3,2.1,117.0
2026-07-03T21:00,19.9,55.9,8.1,2.3,118.0
2026-07-03T22:00,20.3,56.9,9.7,2.4,117.0
2026-07-03T23:00,19.9,56.2,10.4,2.4,115.0
2026-07-04T00:00,18.0,50.5,9.5,2.2,113.0
2026-07-04T01:00,16.1,46.3,7.7,1.8,110.0
2026-07-04T02:00,14.6,40.2,6.1,1.5,107.0
2026-07-04T03:00,12.4,35.0,5.4,1.3,105.0
2026-07-04T04:00,9.1,24.6,4.9,1.0,104.0
2026-07-04T05:00,5.3,12.1,2.8,1.0,103.0
2026-07-04T06:00,5.3,11.9,2.5,0.9,104.0
2026-07-04T07:00,5.6,13.0,2.0,0.9,105.0
2026-07-04T08:00,6.7,17.2,1.5,0.8,106.0
2026-07-04T09:00,8.1,21.8,1.1,0.8,106.0
2026-07-04T10:00,8.7,24.0,0.8,0.7,105.0
2026-07-04T11:00,8.7,24.7,0.5,0.7,104.0
2026-07-04T12:00,7.9,22.6,0.4,0.7,102.0
2026-07-04T13:00,7.3,19.5,0.4,0.7,101.0
2026-07-04T14:00,7.2,17.8,0.4,0.7,99.0
2026-07-04T15:00,7.1,17.1,0.4,0.7,98.0
2026-07-04T16:00,7.4,17.3,0.4,0.8,97.0
2026-07-04T17:00,9.7,22.6,0.7,0.9,97.0
2026-07-04T18:00,9.5,21.7,1.6,1.0,100.0
2026-07-04T19:00,9.2,19.3,2.9,1.0,105.0
2026-07-04T20:00,9.1,18.6,4.3,1.1,107.0
2026-07-04T21:00,8.9,17.9,5.8,1.2,105.0
2026-07-04T22:00,8.6,17.2,7.3,1.2,101.0
2026-07-04T23:00,8.2,15.3,8.7,1.2,98.0
2026-07-05T00:00,7.9,13.7,9.9,1.1,96.0
2026-07-05T01:00,7.7,12.7,10.9,1.1,94.0
2026-07-05T02:00,7.7,12.7,11.2,1.0,94.0
2026-07-05T03:00,7.9,13.5,10.6,1.0,95.0
2026-07-05T04:00,8.1,13.9,9.3,1.0,98.0
2026-07-05T05:00,8.1,14.1,9.6,1.1,100.0
2026-07-05T06:00,8.5,14.9,7.6,1.1,101.0
2026-07-05T07:00,9.7,18.8,4.9,1.1,102.0
2026-07-05T08:00,10.9,22.7,2.7,1.1,102.0
2026-07-05T09:00,10.9,23.9,1.6,1.2,101.0
2026-07-05T10:00,10.6,24.0,1.0,1.4,100.0
2026-07-05T11:00,9.6,22.4,0.7,1.5,99.0
2026-07-05T12:00,9.1,21.5,0.5,1.5,100.0
2026-07-05T13:00,8.8,21.1,0.5,1.5,102.0
2026-07-05T14:00,8.5,20.4,0.6,1.5,104.0
2026-07-05T15:00,8.0,19.0,0.5,1.5,105.0
2026-07-05T16:00,7.5,17.6,0.5,1.6,106.0
2026-07-05T17:00,3.0,5.4,1.1,1.7,108.0
2026-07-05T18:00,2.4,4.1,2.5,1.8,112.0
2026-07-05T19:00,2.6,3.8,4.4,1.9,116.0
2026-07-05T20:00,3.2,4.0,6.1,2.2,118.0
2026-07-05T21:00,3.7,4.5,7.2,2.6,115.0
2026-07-05T22:00,3.9,4.6,8.1,3.2,110.0
2026-07-05T23:00,3.9,4.5,8.8,3.6,106.0
2026-07-06T00:00,3.9,4.4,9.4,3.8,105.0
2026-07-06T01:00,4.0,4.5,9.8,3.8,106.0
2026-07-06T02:00,4.0,4.6,10.3,3.8,106.0
2026-07-06T03:00,4.0,4.7,11.3,3.6,105.0
2026-07-06T04:00,3.9,4.6,12.3,3.3,105.0
2026-07-06T05:00,4.2,4.5,13.1,3.2,105.0
2026-07-06T06:00,4.0,4.5,10.3,3.2,107.0
2026-07-06T07:00,3.9,4.3,6.5,3.3,109.0
2026-07-06T08:00,3.6,4.5,3.5,3.2,111.0
2026-07-06T09:00,3.7,5.2,2.1,2.9,112.0
2026-07-06T10:00,3.7,5.9,1.5,2.5,113.0
2026-07-06T11:00,4.0,6.5,1.1,2.3,114.0
2026-07-06T12:00,4.6,7.1,0.8,2.4,115.0
2026-07-06T13:00,5.1,7.8,0.8,2.6,115.0
2026-07-06T14:00,5.5,8.4,0.8,2.8,116.0
2026-07-06T15:00,5.7,8.7,0.6,2.7,118.0
2026-07-06T16:00,5.7,8.8,0.5,2.6,120.0
2026-07-06T17:00,4.5,6.7,1.1,2.0,122.0
2026-07-06T18:00,4.1,5.5,2.6,2.0,123.0
2026-07-06T19:00,4.4,5.3,4.7,2.0,123.0
2026-07-06T20:00,4.7,5.5,6.5,2.1,123.0
2026-07-06T21:00,4.8,5.5,7.8,2.3,121.0
2026-07-06T22:00,4.6,5.4,9.0,2.5,119.0
2026-07-06T23:00,4.4,5.2,9.7,2.6,117.0
2026-07-07T00:00,4.1,4.9,9.9,2.6,115.0
2026-07-07T01:00,3.8,4.7,9.8,2.6,113.0
2026-07-07T02:00,3.7,4.5,9.7,2.5,112.0
2026-07-07T03:00,3.6,4.4,10.1,2.3,112.0
2026-07-07T04:00,3.5,4.3,10.5,2.0,112.0
2026-07-07T05:00,3.9,4.6,12.6,2.3,113.0
2026-07-07T06:00,3.7,4.4,9.7,2.4,114.0
2026-07-07T07:00,3.6,4.3,5.8,2.5,114.0
2026-07-07T08:00,4.0,5.5,2.7,2.5,115.0
2026-07-07T09:00,4.2,6.0,1.5,2.3,116.0
2026-07-07T10:00,4.3,6.5,1.2,1.9,117.0
2026-07-07T11:00,5.0,7.9,1.0,1.7,117.0
2026-07-07T12:00,6.0,9.7,0.8,1.8,117.0
2026-07-07T13:00,6.9,10.9,0.8,2.1,116.0
2026-07-07T14:00,7.3,11.3,0.8,2.3,116.0
2026-07-07T15:00,7.4,11.4,0.7,2.4,116.0
2026-07-07T16:00,7.5,11.5,0.7,2.5,116.0
2026-07-07T17:00,8.6,14.7,1.0,2.1,116.0
2026-07-07T18:00,7.9,12.3,2.6,2.1,116.0
2026-07-07T19:00,8.2,11.7,4.7,2.2,115.0
2026-07-07T20:00,8.4,11.9,6.4,2.2,115.0
2026-07-07T21:00,8.5,12.2,7.1,2.2,115.0
2026-07-07T22:00,8.1,12.0,7.3,2.2,114.0
2026-07-07T23:00,7.5,11.4,7.4,2.2,114.0
2026-07-08T00:00,7.3,11.1,7.5,2.1,113.0
2026-07-08T01:00,7.3,10.8,7.5,1.9,112.0
2026-07-08T02:00,7.4,10.6,7.9,1.7,111.0
2026-07-08T03:00,7.5,10.2,9.6,1.5,111.0
2026-07-08T04:00,7.6,9.8,11.8,1.2,111.0
2026-07-08T05:00,7.2,8.9,12.0,1.2,111.0
2026-07-08T06:00,7.0,8.6,9.5,1.3,112.0
2026-07-08T07:00,6.9,8.7,6.0,1.5,114.0
2026-07-08T08:00,6.9,9.5,3.2,1.6,115.0
2026-07-08T09:00,6.5,10.0,1.8,1.7,115.0
2026-07-08T10:00,6.5,9.9,1.1,1.7,115.0
2026-07-08T11:00,6.5,9.8,0.7,1.8,114.0
2026-07-08T12:00,6.7,9.9,0.5,1.9,113.0
2026-07-08T13:00,7.3,10.4,0.7,2.1,112.0
2026-07-08T14:00,7.7,10.6,0.8,2.2,111.0
2026-07-08T15:00,7.5,10.0,0.7,2.3,111.0
2026-07-08T16:00,7.1,9.3,0.6,2.3,111.0
2026-07-08T17:00,10.2,14.3,1.2,1.9,113.0
2026-07-08T18:00,10.1,13.0,2.5,2.1,117.0
2026-07-08T19:00,10.3,12.6,4.4,2.5,121.0
2026-07-08T20:00,10.6,12.7,6.1,2.8,124.0
2026-07-08T21:00,10.6,12.9,7.2,3.0,122.0
2026-07-08T22:00,10.4,12.8,8.1,3.2,119.0
2026-07-08T23:00,10.2,12.7,8.9,3.3,116.0
2026-07-09T00:00,10.1,12.6,9.8,3.2,115.0
2026-07-09T01:00,10.2,12.7,10.8,2.9,115.0
2026-07-09T02:00,10.2,12.5,11.5,2.6,115.0
2026-07-09T03:00,10.1,12.1,12.3,2.2,114.0
2026-07-09T04:00,9.8,11.5,12.9,1.8,113.0
2026-07-09T05:00,9.5,10.9,13.0,1.8,113.0
2026-07-09T06:00,9.2,10.7,10.1,1.9,113.0
2026-07-09T07:00,9.1,10.8,6.1,2.0,114.0
2026-07-09T08:00,8.8,11.4,3.0,2.0,115.0
2026-07-09T09:00,7.7,10.5,1.6,1.9,116.0
2026-07-09T10:00,7.0,9.5,1.2,1.8,116.0
2026-07-09T11:00,6.7,8.9,0.9,1.7,117.0
2026-07-09T12:00,6.4,8.4,0.7,1.6,117.0
2026-07-09T13:00,6.0,7.8,0.7,1.6,116.0
2026-07-09T14:00,5.8,7.4,0.8,1.6,118.0
2026-07-09T15:00,5.8,7.5,0.7,1.6,123.0
2026-07-09T16:00,5.7,7.6,0.7,1.6,130.0
2026-07-09T17:00,3.8,4.9,1.1,1.7,136.0
2026-07-09T18:00,4.5,5.8,2.5,1.8,143.0
2026-07-09T19:00,5.8,7.0,4.5,1.8,149.0
2026-07-09T20:00,6.5,7.6,6.4,1.9,152.0
2026-07-09T21:00,6.7,8.0,7.9,2.0,148.0
2026-07-09T22:00,6.7,8.0,9.2,2.1,141.0
2026-07-09T23:00,6.5,7.8,10.4,2.1,135.0
2026-07-10T00:00,6.2,7.4,11.4,2.0,132.0
2026-07-10T01:00,5.9,7.0,12.2,1.8,130.0
2026-07-10T02:00,5.6,6.6,12.7,1.6,129.0
2026-07-10T03:00,5.3,6.2,13.0,1.4,129.0
2026-07-10T04:00,5.0,5.8,13.0,1.3,129.0
2026-07-10T05:00,5.0,5.9,12.0,1.4,128.0
2026-07-10T06:00,4.9,5.7,9.4,1.6,126.0
2026-07-10T07:00,5.0,5.9,5.8,1.8,123.0
2026-07-10T08:00,5.1,6.6,3.0,1.9,120.0
2026-07-10T09:00,4.5,6.3,1.7,1.9,118.0
2026-07-10T10:00,4.4,6.3,1.1,1.9,117.0
2026-07-10T11:00,4.6,6.6,0.8,1.8,117.0
2026-07-10T12:00,4.8,6.8,0.6,1.8,119.0
2026-07-10T13:00,5.0,6.9,0.7,1.7,121.0
2026-07-10T14:00,5.4,7.3,0.9,1.7,124.0
2026-07-10T15:00,5.9,7.8,0.9,1.8,126.0
2026-07-10T16:00,6.2,8.1,1.1,1.9,128.0
2026-07-10T17:00,5.7,6.9,1.4,1.8,130.0
2026-07-10T18:00,5.5,6.7,2.8,1.9,134.0
2026-07-10T19:00,5.6,6.5,4.8,2.0,137.0
2026-07-10T20:00,5.8,6.6,6.5,2.1,139.0
2026-07-10T21:00,5.7,6.4,7.7,2.3,137.0
2026-07-10T22:00,5.5,6.2,8.6,2.5,132.0
2026-07-10T23:00,5.5,6.2,9.4,2.6,128.0
2026-07-11T00:00,5.6,6.3,10.1,2.6,126.0
2026-07-11T01:00,5.5,6.3,10.6,2.6,124.0
2026-07-11T02:00,5.3,6.1,10.9,2.5,123.0
2026-07-11T03:00,5.0,5.8,11.1,2.4,123.0
2026-07-11T04:00,4.8,5.5,11.0,2.2,124.0
2026-07-11T05:00,5.3,5.9,12.6,2.4,125.0
2026-07-11T06:00,5.0,5.6,10.0,2.4,126.0
2026-07-11T07:00,4.8,5.4,6.4,2.4,128.0
2026-07-11T08:00,4.7,5.8,3.5,2.4,127.0
2026-07-11T09:00,4.7,6.3,2.1,2.2,123.0
2026-07-11T10:00,4.6,6.3,1.3,2.0,117.0
2026-07-11T11:00,4.4,6.0,0.9,1.8,112.0
2026-07-11T12:00,4.3,6.1,0.6,1.6,110.0
2026-07-11T13:00,4.4,6.2,0.6,1.4,109.0
2026-07-11T14:00,4.5,6.2,0.7,1.2,109.0
2026-07-11T15:00,4.5,6.3,0.7,1.1,108.0
2026-07-11T16:00,4.6,6.4,0.8,1.0,107.0
2026-07-11T17:00,11.8,16.6,1.5,1.3,107.0
2026-07-11T18:00,12.8,17.9,2.1,1.2,111.0
2026-07-11T19:00,12.3,16.4,2.8,1.1,116.0
2026-07-11T20:00,12.9,17.3,3.6,1.0,119.0
2026-07-11T21:00,13.9,18.7,4.3,1.0,117.0
2026-07-11T22:00,14.9,20.3,4.9,1.0,113.0
2026-07-11T23:00,15.4,21.0,5.5,1.0,110.0
2026-07-12T00:00,15.4,20.8,6.0,1.0,111.0
2026-07-12T01:00,14.8,19.6,6.4,0.9,114.0
2026-07-12T02:00,13.8,18.1,7.0,0.9,116.0
2026-07-12T03:00,13.0,16.7,8.3,0.8,117.0
2026-07-12T04:00,12.3,15.5,9.8,0.7,116.0
2026-07-12T05:00,13.7,16.7,7.5,1.0,116.0
2026-07-12T06:00,13.1,15.6,6.0,1.1,115.0
2026-07-12T07:00,11.9,14.3,3.8,1.2,114.0
2026-07-12T08:00,10.9,13.4,2.1,1.3,113.0
2026-07-12T09:00,9.3,11.6,1.3,1.3,112.0
2026-07-12T10:00,8.6,10.9,0.8,1.2,111.0
2026-07-12T11:00,8.7,11.0,0.6,1.2,110.0
2026-07-12T12:00,8.7,10.9,0.5,1.2,110.0
2026-07-12T13:00,8.5,10.4,0.6,1.2,110.0
2026-07-12T14:00,8.3,9.8,0.7,1.2,110.0
2026-07-12T15:00,8.9,10.4,0.8,1.3,110.0
2026-07-12T16:00,9.7,11.0,0.9,1.4,110.0
2026-07-12T17:00,20.8,25.8,1.3,1.7,111.0
2026-07-12T18:00,21.7,26.0,2.3,2.0,112.0
2026-07-12T19:00,23.0,27.0,3.6,2.3,114.0
2026-07-12T20:00,24.4,28.5,4.9,2.5,115.0
2026-07-12T21:00,24.6,28.3,6.0,2.4,115.0
2026-07-12T22:00,23.0,25.8,7.0,2.2,115.0
2026-07-12T23:00,20.7,22.9,7.5,1.9,115.0
2026-07-13T00:00,18.7,20.4,7.3,1.7,114.0
2026-07-13T01:00,17.3,18.7,6.6,1.4,112.0
2026-07-13T02:00,16.4,17.6,6.1,1.3,111.0
2026-07-13T03:00,15.7,16.9,6.0,1.3,110.0
2026-07-13T04:00,15.2,16.4,6.0,1.3,110.0
2026-07-13T05:00,12.3,13.2,6.8,1.2,110.0
2026-07-13T06:00,11.9,12.8,5.6,1.3,110.0
2026-07-13T07:00,12.1,13.3,3.8,1.4,110.0
2026-07-13T08:00,13.4,15.1,2.4,1.5,110.0
2026-07-13T09:00,12.3,14.2,1.5,1.5,110.0
2026-07-13T10:00,11.3,13.1,1.0,1.4,110.0
2026-07-13T11:00,10.4,11.9,0.6,1.4,111.0
2026-07-13T12:00,9.8,11.1,0.5,1.4,112.0
2026-07-13T13:00,9.1,10.1,0.6,1.4,114.0
2026-07-13T14:00,8.9,9.9,0.7,1.4,114.0
2026-07-13T15:00,8.6,9.3,0.7,1.4,112.0
2026-07-13T16:00,8.1,8.8,0.7,1.5,108.0
2026-07-13T17:00,7.7,8.4,1.3,2.0,106.0
2026-07-13T18:00,7.6,8.1,2.6,2.3,107.0
2026-07-13T19:00,8.0,8.5,4.3,2.6,110.0
2026-07-13T20:00,8.0,8.5,5.8,2.9,111.0
2026-07-13T21:00,8.1,8.7,6.6,2.9,110.0
2026-07-13T22:00,8.2,8.8,7.1,2.9,107.0
2026-07-13T23:00,8.4,9.1,7.6,2.7,105.0
2026-07-14T00:00,9.2,9.8,8.4,2.4,105.0
2026-07-14T01:00,10.0,10.6,9.2,2.1,105.0
2026-07-14T02:00,10.6,11.2,9.6,1.8,105.0
2026-07-14T03:00,11.1,11.7,9.5,1.6,105.0
2026-07-14T04:00,11.7,12.4,8.9,1.4,104.0
2026-07-14T05:00,11.8,12.4,8.4,1.4,104.0
2026-07-14T06:00,12.5,13.2,6.7,1.5,105.0
2026-07-14T07:00,13.0,13.9,4.4,1.5,106.0
2026-07-14T08:00,13.9,15.1,2.5,1.6,108.0
2026-07-14T09:00,13.0,14.3,1.5,1.6,109.0
2026-07-14T10:00,11.8,12.9,1.0,1.6,111.0
2026-07-14T11:00,10.7,11.7,0.7,1.6,112.0
2026-07-14T12:00,9.8,10.7,0.5,1.6,114.0
2026-07-14T13:00,9.2,10.0,0.6,1.7,116.0
2026-07-14T14:00,8.8,9.4,0.7,1.8,118.0
2026-07-14T15:00,8.8,9.3,0.7,2.0,120.0
2026-07-14T16:00,9.1,9.5,0.8,2.3,121.0
2026-07-14T17:00,8.5,9.2,1.8,2.8,122.0
2026-07-14T18:00,8.8,9.4,3.2,3.0,123.0
2026-07-14T19:00,8.9,9.5,5.0,3.2,123.0
2026-07-14T20:00,8.8,9.5,6.5,3.3,123.0
2026-07-14T21:00,9.1,9.8,7.1,3.4,122.0
2026-07-14T22:00,9.2,10.0,7.4,3.3,120.0
2026-07-14T23:00,9.6,10.4,7.6,3.2,118.0
2026-07-15T00:00,9.9,10.6,7.8,2.9,117.0
2026-07-15T01:00,9.7,10.2,8.0,2.4,116.0
2026-07-15T02:00,9.1,9.5,8.3,2.0,116.0
2026-07-15T03:00,8.1,8.4,9.3,1.7,116.0
2026-07-15T04:00,7.0,7.2,10.4,1.5,116.0
2026-07-15T05:00,7.4,7.6,9.6,1.7,116.0
2026-07-15T06:00,6.7,6.8,7.6,1.8,117.0
2026-07-15T07:00,6.0,6.2,4.7,1.9,119.0
2026-07-15T08:00,6.0,6.2,2.5,1.9,120.0
2026-07-15T09:00,6.4,6.8,1.4,1.8,121.0
2026-07-15T10:00,6.8,7.3,1.0,1.7,121.0
2026-07-15T11:00,6.8,7.4,0.7,1.6,121.0
2026-07-15T12:00,7.0,7.6,0.5,1.6,120.0
2026-07-15T13:00,7.1,7.7,0.6,1.6,117.0
2026-07-15T14:00,6.8,7.4,0.7,1.6,116.0
2026-07-15T15:00,6.4,7.1,0.7,1.7,116.0
2026-07-15T16:00,6.5,7.1,0.7,1.9,116.0
2026-07-15T17:00,7.3,7.5,1.4,2.1,118.0
2026-07-15T18:00,7.6,7.8,2.8,2.4,122.0
2026-07-15T19:00,7.9,8.1,4.8,2.8,127.0
2026-07-15T20:00,8.4,8.6,6.7,3.1,130.0
2026-07-15T21:00,8.8,8.9,8.2,3.2,129.0
2026-07-15T22:00,8.8,9.0,9.5,3.3,126.0
2026-07-15T23:00,8.6,8.8,10.5,3.2,123.0
2026-07-16T00:00,8.1,8.3,11.1,2.9,121.0
2026-07-16T01:00,7.6,7.8,11.3,2.4,120.0
2026-07-16T02:00,7.1,7.2,11.4,2.0,119.0
2026-07-16T03:00,6.7,6.9,11.7,1.7,117.0
2026-07-16T04:00,6.3,6.5,11.9,1.5,115.0
2026-07-16T05:00,6.5,6.6,10.1,1.6,114.0
2026-07-16T06:00,6.1,6.2,8.0,1.6,114.0
2026-07-16T07:00,5.7,5.8,5.1,1.7,116.0
2026-07-16T08:00,5.4,5.6,2.8,1.7,117.0
2026-07-16T09:00,5.4,5.6,1.7,1.7,118.0
2026-07-16T10:00,5.5,5.7,1.1,1.8,119.0
2026-07-16T11:00,5.4,5.6,0.8,1.8,119.0
2026-07-16T12:00,5.5,5.7,0.6,1.9,118.0
2026-07-16T13:00,5.4,5.6,0.7,1.9,117.0
2026-07-16T14:00,5.4,5.6,0.8,2.1,116.0
2026-07-16T15:00,5.7,5.9,0.8,2.4,115.0
2026-07-16T16:00,6.2,6.4,0.9,2.7,114.0
2026-07-16T17:00,4.0,4.1,1.5,2.8,115.0
2026-07-16T18:00,4.8,4.9,2.9,3.1,120.0
2026-07-16T19:00,5.6,5.7,4.8,3.5,126.0
2026-07-16T20:00,6.4,6.5,6.6,3.8,129.0
2026-07-16T21:00,6.7,6.7,7.9,3.9,126.0
2026-07-16T22:00,6.5,6.6,9.1,3.8,119.0
2026-07-16T23:00,6.2,6.3,10.0,3.6,115.0
2026-07-17T00:00,5.8,5.8,10.6,3.2,115.0
2026-07-17T01:00,5.3,5.3,11.0,2.6,117.0
2026-07-17T02:00,4.9,5.0,11.1,2.1,118.0
2026-07-17T03:00,4.9,4.9,10.9,1.8,117.0
2026-07-17T04:00,4.9,5.0,10.4,1.6,116.0
2026-07-17T05:00,4.8,4.9,10.0,1.3,115.0
2026-07-17T06:00,4.9,5.1,8.0,1.3,115.0
2026-07-17T07:00,5.2,5.3,5.2,1.4,115.0
2026-07-17T08:00,5.7,6.0,2.9,1.4,115.0
2026-07-17T09:00,5.6,5.9,1.8,1.4,114.0
2026-07-17T10:00,5.3,5.5,1.2,1.5,113.0
2026-07-17T11:00,5.1,5.4,0.9,1.6,113.0
2026-07-17T12:00,5.2,5.5,0.8,1.9,113.0
2026-07-17T13:00,5.4,5.7,0.8,2.3,114.0
2026-07-17T14:00,6.1,6.3,1.0,2.8,116.0
2026-07-17T15:00,7.1,7.3,1.0,3.4,120.0
2026-07-17T16:00,7.9,8.1,1.1,4.0,126.0
2026-07-17T17:00,13.2,13.2,1.7,4.1,131.0
2026-07-17T18:00,13.9,14.1,3.1,4.2,135.0
2026-07-17T19:00,14.8,15.0,5.1,4.2,138.0
2026-07-17T20:00,15.4,15.5,6.7,4.3,139.0
2026-07-17T21:00,15.2,15.4,7.5,4.3,136.0
2026-07-17T22:00,14.7,15.0,8.0,4.3,130.0
2026-07-17T23:00,14.1,14.5,8.3,4.2,125.0
2026-07-18T00:00,13.7,14.0,8.4,3.9,122.0
2026-07-18T01:00,13.3,13.7,8.4,3.6,120.0
2026-07-18T02:00,13.1,13.4,8.4,3.3,119.0
2026-07-18T03:00,12.8,13.2,8.8,3.1,118.0
2026-07-18T04:00,12.6,12.9,9.2,3.0,118.0
2026-07-18T05:00,9.1,9.3,8.5,2.8,118.0
2026-07-18T06:00,9.2,9.5,6.9,2.9,119.0
2026-07-18T07:00,9.6,9.8,4.8,3.0,121.0
2026-07-18T08:00,10.4,10.7,3.0,3.0,122.0
2026-07-18T09:00,10.6,11.1,2.0,3.0,122.0
2026-07-18T10:00,10.4,11.0,1.3,2.9,120.0
2026-07-18T11:00,9.8,10.3,0.9,2.8,119.0
2026-07-18T12:00,9.3,9.8,0.7,2.6,117.0
2026-07-18T13:00,8.9,9.5,0.8,2.5,115.0
2026-07-18T14:00,8.8,9.6,0.9,2.5,114.0
2026-07-18T15:00,9.1,10.0,0.9,2.9,116.0
2026-07-18T16:00,9.8,10.6,0.9,3.4,119.0
2026-07-18T17:00,17.2,18.5,1.8,3.9,122.0
2026-07-18T18:00,18.2,19.3,3.3,3.9,123.0
2026-07-18T19:00,19.3,20.3,5.3,4.0,124.0
2026-07-18T20:00,19.4,20.7,6.9,4.0,124.0
2026-07-18T21:00,19.0,20.3,7.7,4.1,124.0
2026-07-18T22:00,18.3,19.5,8.0,4.1,125.0
2026-07-18T23:00,17.5,18.7,8.2,4.1,124.0
2026-07-19T00:00,16.6,17.9,8.3,4.0,122.0
2026-07-19T01:00,15.6,16.8,8.2,3.9,119.0
2026-07-19T02:00,14.6,15.9,8.1,3.7,117.0
2026-07-19T03:00,13.9,15.2,8.3,3.6,117.0
2026-07-19T04:00,13.4,14.7,8.4,3.4,117.0
2026-07-19T05:00,14.3,15.3,6.8,3.1,118.0
2026-07-19T06:00,13.7,14.7,5.5,3.0,118.0
2026-07-19T07:00,13.1,14.0,3.7,2.9,118.0
2026-07-19T08:00,12.2,13.3,2.3,2.8,118.0
2026-07-19T09:00,11.1,12.5,1.6,2.7,116.0
2026-07-19T10:00,10.4,11.8,1.2,2.5,114.0
2026-07-19T11:00,9.8,11.4,1.0,2.5,113.0
2026-07-19T12:00,9.7,11.3,0.9,2.7,113.0
2026-07-19T13:00,10.3,12.0,1.0,3.0,114.0
2026-07-19T14:00,12.0,13.5,1.2,3.3,119.0
2026-07-19T15:00,13.5,15.0,1.3,3.6,135.0
2026-07-19T16:00,15.3,16.7,1.4,4.0,155.0
2026-07-19T17:00,11.5,13.0,1.6,3.5,165.0
2026-07-19T18:00,13.6,14.8,3.0,3.5,154.0
2026-07-19T19:00,14.8,15.8,4.9,3.5,133.0
2026-07-19T20:00,14.6,15.7,6.2,3.5,117.0
2026-07-19T21:00,13.2,14.5,6.2,3.4,112.0
2026-07-19T22:00,11.4,12.6,5.7,3.3,112.0
2026-07-19T23:00,10.0,11.3,5.4,3.2,114.0
2026-07-20T00:00,9.2,10.7,5.8,3.1,120.0
2026-07-20T01:00,8.9,10.5,6.6,2.9,129.0
2026-07-20T02:00,8.9,10.7,7.3,2.8,135.0
2026-07-20T03:00,9.3,11.0,8.2,2.7,136.0
2026-07-20T04:00,9.7,11.1,9.1,2.6,134.0
2026-07-20T05:00,10.8,12.1,8.9,2.5,131.0
2026-07-20T06:00,10.3,11.8,7.2,2.4,127.0
2026-07-20T07:00,9.7,11.3,4.8,2.4,122.0
2026-07-20T08:00,8.3,10.1,2.9,2.3,118.0
2026-07-20T09:00,6.4,8.2,2.0,2.3,116.0
2026-07-20T10:00,4.9,6.5,1.5,2.3,114.0
2026-07-20T11:00,4.1,5.6,1.2,2.4,113.0
2026-07-20T12:00,4.2,5.7,1.0,2.6,111.0
2026-07-20T13:00,4.9,6.6,1.0,2.8,110.0
2026-07-20T14:00,6.4,8.2,1.0,3.1,112.0
2026-07-20T15:00,8.1,10.0,1.0,3.5,119.0
2026-07-20T16:00,9.6,11.6,1.1,4.1,130.0
2026-07-20T17:00,11.9,17.6,1.6,3.8,136.0
2026-07-20T18:00,11.7,18.6,2.4,3.3,135.0
2026-07-20T19:00,11.1,18.3,3.6,2.7,131.0
2026-07-20T20:00,10.6,18.6,4.7,2.3,127.0
2026-07-20T21:00,10.6,18.5,5.6,2.3,125.0
2026-07-20T22:00,10.7,18.3,6.3,2.5,123.0
2026-07-20T23:00,11.0,18.0,7.0,2.6,122.0
2026-07-21T00:00,11.3,17.9,7.6,2.5,123.0
2026-07-21T01:00,11.6,18.3,8.2,2.4,126.0
2026-07-21T02:00,11.7,18.2,8.6,2.2,126.0
2026-07-21T03:00,11.8,18.2,9.1,2.0,123.0
2026-07-21T04:00,11.8,17.8,9.4,1.8,117.0
2026-07-21T05:00,12.0,16.5,7.7,1.5,112.0
2026-07-21T06:00,11.4,15.0,6.5,1.5,108.0
2026-07-21T07:00,10.6,13.4,4.7,1.4,104.0
2026-07-21T08:00,10.0,12.2,3.2,1.4,102.0
2026-07-21T09:00,9.8,12.0,2.2,1.5,101.0
2026-07-21T10:00,10.3,12.6,1.4,1.8,101.0
2026-07-21T11:00,11.2,13.5,0.9,1.9,102.0
2026-07-21T12:00,11.4,13.9,0.6,1.9,103.0
2026-07-21T13:00,10.1,13.8,0.6,1.9,104.0
2026-07-21T14:00,8.7,14.7,0.6,1.8,105.0
2026-07-21T15:00,7.7,18.2,0.5,1.7,105.0
2026-07-21T16:00,8.3,25.1,0.3,1.5,105.0
2026-07-21T17:00,8.0,32.9,0.7,1.2,105.0
2026-07-21T18:00,9.0,37.0,1.7,1.3,106.0
2026-07-21T19:00,10.0,40.0,3.1,1.3,108.0
2026-07-21T20:00,10.6,42.3,4.6,1.4,109.0
2026-07-21T21:00,11.0,42.8,6.4,1.4,109.0
2026-07-21T22:00,11.5,45.6,8.3,1.5,107.0
2026-07-21T23:00,12.2,51.1,9.8,1.5,106.0
2026-07-22T00:00,12.9,55.9,10.7,1.5,104.0
2026-07-22T01:00,13.4,58.6,11.2,1.6,101.0
2026-07-22T02:00,13.5,57.3,11.3,1.6,100.0
2026-07-22T03:00,13.0,50.9,11.0,1.6,100.0
2026-07-22T04:00,12.0,41.3,10.3,1.6,102.0
2026-07-22T05:00,11.1,35.6,8.0,1.5,103.0
2026-07-22T06:00,10.9,33.4,6.3,1.4,103.0
2026-07-22T07:00,10.0,28.8,4.0,1.2,103.0
2026-07-22T08:00,9.1,26.2,2.2,1.1,102.0
2026-07-22T09:00,8.2,23.5,1.3,1.0,101.0
2026-07-22T10:00,7.9,21.4,0.8,0.8,100.0
2026-07-22T11:00,7.7,19.6,0.5,0.7,99.0
2026-07-22T12:00,7.5,18.5,0.3,0.7,99.0
2026-07-22T13:00,7.1,17.1,0.4,0.7,100.0
2026-07-22T14:00,6.8,15.4,0.4,0.7,100.0
2026-07-22T15:00,6.6,14.2,0.3,0.7,100.0
2026-07-22T16:00,6.1,12.3,0.2,0.7,99.0
2026-07-22T17:00,8.6,15.0,0.6,0.6,100.0
2026-07-22T18:00,6.6,10.7,1.6,0.7,102.0
2026-07-22T19:00,5.9,9.5,3.0,0.8,105.0
2026-07-22T20:00,5.8,9.4,4.6,0.9,108.0
2026-07-22T21:00,6.3,9.7,6.5,1.0,111.0
2026-07-22T22:00,6.6,10.0,8.5,1.1,113.0
2026-07-22T23:00,6.9,10.7,10.0,1.2,113.0
2026-07-23T00:00,7.3,11.8,10.6,1.2,109.0
2026-07-23T01:00,7.7,13.8,10.8,1.2,102.0
2026-07-23T02:00,8.1,16.2,11.0,1.1,97.0
2026-07-23T03:00,8.3,17.6,12.0,1.0,96.0
2026-07-23T04:00,8.4,16.9,13.1,0.8,97.0
2026-07-23T05:00,9.1,14.6,10.6,1.1,98.0
2026-07-23T06:00,9.6,15.5,8.5,1.2,99.0
2026-07-23T07:00,11.3,19.7,5.5,1.3,101.0
2026-07-23T08:00,12.5,27.9,3.1,1.4,102.0
2026-07-23T09:00,14.0,35.5,1.8,1.3,102.0
2026-07-23T10:00,13.1,35.3,1.0,1.1,102.0
2026-07-23T11:00,12.0,36.1,0.5,0.9,102.0
2026-07-23T12:00,13.3,44.9,0.3,0.8,102.0
2026-07-23T13:00,13.6,47.3,0.3,0.8,103.0
2026-07-23T14:00,13.1,46.8,0.4,0.8,103.0
2026-07-23T15:00,12.8,46.6,0.3,0.8,103.0
2026-07-23T16:00,13.6,48.0,0.2,0.9,103.0
2026-07-23T17:00,15.5,45.2,0.8,1.1,104.0
2026-07-23T18:00,14.5,37.4,2.1,1.2,107.0
2026-07-23T19:00,13.9,32.4,3.9,1.2,111.0
2026-07-23T20:00,14.2,30.0,5.4,1.3,113.0
2026-07-23T21:00,14.6,30.5,6.3,1.4,112.0
2026-07-23T22:00,15.0,32.0,6.8,1.4,110.0
2026-07-23T23:00,15.2,33.6,7.3,1.5,108.0
2026-07-24T00:00,15.5,35.3,7.7,1.6,106.0
2026-07-24T01:00,15.8,37.1,8.0,1.6,105.0
2026-07-24T02:00,16.1,38.5,8.5,1.6,104.0
2026-07-24T03:00,16.2,39.1,9.6,1.5,104.0
2026-07-24T04:00,15.7,37.7,10.9,1.5,104.0
2026-07-24T05:00,13.2,25.9,11.1,0.9,105.0
2026-07-24T06:00,12.4,22.8,8.7,1.0,106.0
2026-07-24T07:00,13.0,26.1,5.3,1.2,107.0
2026-07-24T08:00,15.3,35.6,2.6,1.3,107.0
2026-07-24T09:00,15.4,37.8,1.4,1.4,107.0
2026-07-24T10:00,14.3,33.5,1.0,1.4,106.0
2026-07-24T11:00,13.8,31.2,0.7,1.4,106.0
2026-07-24T12:00,13.4,30.3,0.5,1.4,106.0
2026-07-24T13:00,12.7,28.5,0.5,1.5,106.0
2026-07-24T14:00,12.7,28.5,0.6,1.5,107.0
2026-07-24T15:00,12.7,28.6,0.5,1.5,108.0
2026-07-24T16:00,12.5,27.9,0.5,1.6,110.0
2026-07-24T17:00,9.7,21.7,0.9,1.7,112.0
2026-07-24T18:00,9.0,19.2,2.1,1.8,116.0
2026-07-24T19:00,8.7,17.2,3.7,2.0,120.0
2026-07-24T20:00,8.6,15.3,5.4,2.2,122.0
2026-07-24T21:00,8.5,14.8,6.9,2.5,121.0
2026-07-24T22:00,8.6,14.8,8.4,2.7,118.0
2026-07-24T23:00,8.6,14.7,9.7,2.9,115.0
2026-07-25T00:00,8.6,14.4,10.7,2.9,112.0
2026-07-25T01:00,8.6,13.9,11.4,2.7,108.0
2026-07-25T02:00,8.4,13.1,12.0,2.5,106.0
2026-07-25T03:00,8.1,12.3,12.9,2.2,106.0
2026-07-25T04:00,7.8,11.5,13.6,1.7,107.0
2026-07-25T05:00,8.0,10.7,14.3,1.4,108.0
2026-07-25T06:00,7.7,10.7,11.2,1.6,109.0
2026-07-25T07:00,7.6,10.7,6.9,2.0,111.0
2026-07-25T08:00,7.5,11.6,3.5,2.2,112.0
2026-07-25T09:00,7.0,10.5,2.0,2.2,112.0
2026-07-25T10:00,6.9,9.8,1.4,2.1,111.0
2026-07-25T11:00,6.9,9.8,1.0,2.0,110.0
2026-07-25T12:00,7.1,10.3,0.7,2.0,110.0
2026-07-25T13:00,7.5,12.3,0.7,2.0,110.0
2026-07-25T14:00,8.1,14.7,0.7,2.0,110.0
2026-07-25T15:00,8.5,16.1,0.6,2.0,111.0
2026-07-25T16:00,8.7,16.7,0.5,2.0,113.0
2026-07-25T17:00,6.7,11.3,0.9,2.1,115.0
2026-07-25T18:00,7.2,10.6,2.2,2.3,118.0
2026-07-25T19:00,7.9,10.3,4.1,2.6,121.0
2026-07-25T20:00,8.4,10.4,5.7,2.9,122.0
2026-07-25T21:00,8.6,10.5,6.8,3.1,120.0
2026-07-25T22:00,8.7,10.7,7.6,3.2,115.0
2026-07-25T23:00,8.7,10.8,8.4,3.3,112.0
2026-07-26T00:00,8.6,10.9,9.2,3.2,111.0
2026-07-26T01:00,8.5,10.8,10.0,3.1,110.0
2026-07-26T02:00,8.3,10.3,10.6,2.9,110.0
2026-07-26T03:00,7.9,9.7,11.3,2.6,110.0
2026-07-26T04:00,7.5,9.0,12.0,2.2,110.0
2026-07-26T05:00,8.3,9.6,12.2,2.6,110.0
2026-07-26T06:00,7.7,8.8,9.6,2.7,110.0
2026-07-26T07:00,7.3,8.1,6.1,2.7,111.0
2026-07-26T08:00,7.1,7.9,3.3,2.8,112.0
2026-07-26T09:00,6.9,7.8,2.0,2.9,113.0
2026-07-26T10:00,7.1,7.9,1.4,2.9,115.0
2026-07-26T11:00,7.4,8.3,1.0,2.9,116.0
2026-07-26T12:00,7.8,8.8,0.8,2.8,116.0
2026-07-26T13:00,8.0,9.2,0.8,2.7,115.0
2026-07-26T14:00,8.0,9.2,0.8,2.5,115.0
2026-07-26T15:00,7.8,9.4,0.7,2.4,115.0
2026-07-26T16:00,7.8,9.8,0.6,2.2,116.0
2026-07-26T17:00,3.5,5.9,1.1,1.9,117.0
2026-07-26T18:00,3.9,6.1,2.5,1.9,119.0
2026-07-26T19:00,4.5,6.4,4.4,1.9,121.0
2026-07-26T20:00,4.8,6.8,5.9,1.9,122.0
2026-07-26T21:00,4.6,6.7,6.6,2.0,120.0
2026-07-26T22:00,4.2,6.2,6.8,2.1,117.0
2026-07-26T23:00,3.9,5.7,7.1,2.1,115.0
2026-07-27T00:00,3.7,5.3,7.6,2.0,114.0
2026-07-27T01:00,3.6,4.9,8.1,1.9,114.0
2026-07-27T02:00,3.5,4.6,8.5,1.8,114.0
2026-07-27T03:00,3.5,4.5,8.8,1.7,114.0
2026-07-27T04:00,3.5,4.5,9.0,1.6,114.0
2026-07-27T05:00,3.8,4.7,9.3,1.7,114.0
2026-07-27T06:00,4.0,5.1,7.3,1.8,114.0
2026-07-27T07:00,4.3,5.3,4.6,2.0,114.0
2026-07-27T08:00,3.9,5.1,2.5,2.2,115.0
2026-07-27T09:00,3.5,4.5,1.6,2.4,116.0
2026-07-27T10:00,3.6,4.3,1.3,2.6,117.0
2026-07-27T11:00,3.8,4.5,1.1,2.7,118.0
2026-07-27T12:00,4.1,4.8,0.9,2.8,118.0
2026-07-27T13:00,4.5,5.3,0.9,2.9,118.0
2026-07-27T14:00,4.9,6.0,0.9,2.9,119.0
2026-07-27T15:00,5.4,6.5,0.8,3.0,121.0
2026-07-27T16:00,5.9,7.4,0.9,3.0,124.0
2026-07-27T17:00,12.0,17.8,1.3,2.6,127.0
2026-07-27T18:00,12.0,16.8,2.3,2.6,130.0
2026-07-27T19:00,11.9,15.8,3.6,2.5,133.0
2026-07-27T20:00,11.4,15.3,4.6,2.5,133.0
2026-07-27T21:00,10.5,14.0,4.8,2.5,129.0
2026-07-27T22:00,9.5,12.7,4.7,2.6,122.0
2026-07-27T23:00,8.8,11.8,4.8,2.6,117.0
2026-07-28T00:00,8.4,11.2,5.4,2.6,114.0
2026-07-28T01:00,8.1,10.7,6.3,2.5,113.0
2026-07-28T02:00,7.9,10.2,7.1,2.4,112.0
2026-07-28T03:00,7.8,9.8,7.9,2.3,111.0
2026-07-28T04:00,7.6,9.3,8.6,2.1,110.0
2026-07-28T05:00,8.1,9.9,7.9,2.1,110.0
2026-07-28T06:00,8.0,9.8,6.3,2.1,113.0
2026-07-28T07:00,7.8,9.5,4.0,2.2,116.0
2026-07-28T08:00,6.8,8.5,2.2,2.3,119.0
2026-07-28T09:00,5.8,7.2,1.5,2.6,119.0
2026-07-28T10:00,5.4,6.4,1.2,2.9,118.0
2026-07-28T11:00,5.4,6.2,1.1,3.2,117.0
2026-07-28T12:00,5.7,6.3,0.9,3.3,117.0
2026-07-28T13:00,6.0,6.5,0.8,3.4,117.0
2026-07-28T14:00,6.2,6.6,0.8,3.4,117.0
2026-07-28T15:00,6.5,6.9,0.7,3.4,117.0
2026-07-28T16:00,6.8,7.3,0.7,3.5,118.0
2026-07-28T17:00,5.5,6.4,1.3,2.8,119.0
2026-07-28T18:00,6.0,6.8,2.7,2.8,122.0
2026-07-28T19:00,6.5,7.3,4.6,2.8,125.0
2026-07-28T20:00,6.6,7.4,6.0,2.8,127.0
2026-07-28T21:00,6.1,7.0,6.3,2.8,126.0
2026-07-28T22:00,5.4,6.3,6.1,2.9,123.0
2026-07-28T23:00,4.7,5.5,6.0,2.9,120.0
2026-07-29T00:00,4.1,4.9,6.3,2.9,119.0
2026-07-29T01:00,3.7,4.4,6.7,2.8,119.0
2026-07-29T02:00,3.3,4.0,7.0,2.7,118.0
2026-07-29T03:00,3.1,3.8,7.2,2.7,116.0
2026-07-29T04:00,2.9,3.5,7.3,2.6,113.0
2026-07-29T05:00,3.7,4.2,7.7,2.6,112.0
2026-07-29T06:00,3.6,4.1,6.1,2.7,113.0
2026-07-29T07:00,3.4,3.9,4.0,2.9,116.0
2026-07-29T08:00,2.5,3.0,2.3,3.1,118.0
2026-07-29T09:00,2.4,2.9,1.6,3.3,119.0
2026-07-29T10:00,2.7,3.1,1.3,3.5,120.0
2026-07-29T11:00,3.4,3.7,1.2,3.7,121.0
2026-07-29T12:00,4.1,4.4,1.0,3.8,121.0
2026-07-29T13:00,4.7,5.1,0.9,3.8,121.0
2026-07-29T14:00,5.2,5.6,0.9,3.7,121.0
2026-07-29T15:00,5.5,6.0,0.7,3.6,121.0
2026-07-29T16:00,5.6,6.2,0.6,3.4,121.0
2026-07-29T17:00,4.6,5.8,1.1,3.1,122.0
2026-07-29T18:00,4.8,6.1,2.2,3.1,125.0
2026-07-29T19:00,4.9,6.2,3.8,3.1,129.0
2026-07-29T20:00,4.6,5.9,5.1,3.1,131.0
2026-07-29T21:00,4.3,5.6,5.8,3.2,130.0
2026-07-29T22:00,4.0,5.3,6.2,3.3,127.0
2026-07-29T23:00,3.7,5.0,6.7,3.3,125.0
2026-07-30T00:00,3.7,4.9,7.5,3.2,123.0
2026-07-30T01:00,3.6,4.7,8.3,3.1,121.0
2026-07-30T02:00,3.4,4.4,8.8,2.9,120.0
2026-07-30T03:00,3.1,4.0,9.1,2.8,120.0
2026-07-30T04:00,2.8,3.6,9.0,2.6,120.0
2026-07-30T05:00,3.0,3.8,8.3,2.7,120.0
2026-07-30T06:00,2.9,3.5,6.7,2.7,121.0
2026-07-30T07:00,2.8,3.3,4.4,2.7,122.0
2026-07-30T08:00,2.4,2.9,2.6,2.7,122.0
2026-07-30T09:00,2.9,3.3,1.7,2.9,121.0
2026-07-30T10:00,3.6,4.0,1.3,3.1,119.0
2026-07-30T11:00,4.3,4.7,1.0,3.3,117.0
2026-07-30T12:00,5.1,5.6,0.8,3.4,116.0
2026-07-30T13:00,5.9,6.6,0.8,3.5,116.0
2026-07-30T14:00,6.7,7.8,0.8,3.5,116.0
2026-07-30T15:00,7.4,9.1,0.7,3.5,116.0
2026-07-30T16:00,8.0,9.9,0.7,3.5,117.0
2026-07-30T17:00,5.7,6.4,1.1,3.2,118.0
2026-07-30T18:00,6.7,7.3,2.4,3.2,121.0
2026-07-30T19:00,7.6,8.1,4.2,3.1,124.0
2026-07-30T20:00,7.8,8.4,5.6,3.1,126.0
2026-07-30T21:00,7.6,8.2,6.0,3.1,125.0
2026-07-30T22:00,7.3,7.8,6.0,3.2,123.0
2026-07-30T23:00,7.1,7.5,6.1,3.2,121.0
2026-07-31T00:00,7.1,7.5,6.4,3.2,120.0
2026-07-31T01:00,7.2,7.5,6.7,3.1,120.0
2026-07-31T02:00,7.3,7.6,7.1,3.0,120.0
2026-07-31T03:00,7.5,7.7,7.7,2.9,120.0
2026-07-31T04:00,7.5,7.7,8.3,2.7,120.0
2026-07-31T05:00,8.3,8.4,7.8,2.6,120.0
2026-07-31T06:00,8.3,8.5,6.2,2.6,120.0
2026-07-31T07:00,8.3,8.5,4.0,2.6,121.0
2026-07-31T08:00,8.7,8.9,2.3,2.6,121.0
2026-07-31T09:00,9.2,9.4,1.5,2.6,121.0
2026-07-31T10:00,9.3,9.4,1.2,2.5,120.0
2026-07-31T11:00,9.2,9.3,1.0,2.6,119.0
2026-07-31T12:00,8.9,9.1,0.9,2.8,117.0
2026-07-31T13:00,9.1,9.3,0.9,3.1,116.0
2026-07-31T14:00,9.5,9.6,0.9,3.4,115.0
2026-07-31T15:00,9.9,10.0,0.8,3.7,117.0
2026-07-31T16:00,10.0,10.2,0.7,3.9,120.0
2026-07-31T17:00,6.3,6.5,1.1,3.7,123.0
2026-07-31T18:00,5.8,6.0,2.6,3.7,127.0
2026-07-31T19:00,5.8,6.0,4.6,3.8,131.0
2026-07-31T20:00,5.8,5.9,6.3,3.8,133.0
2026-07-31T21:00,5.6,5.8,7.1,3.8,130.0
2026-07-31T22:00,5.2,5.4,7.5,3.8,125.0
2026-07-31T23:00,4.9,5.1,7.9,3.8,120.0
2026-08-01T00:00,4.6,4.8,8.3,3.7,118.0
2026-08-01T01:00,4.5,4.7,8.8,3.5,117.0
2026-08-01T02:00,4.5,4.6,9.1,3.4,116.0
2026-08-01T03:00,4.4,4.6,9.6,3.3,115.0
2026-08-01T04:00,4.4,4.5,10.1,3.1,115.0
2026-08-01T05:00,4.5,4.6,10.2,3.3,116.0
2026-08-01T06:00,4.5,4.6,8.5,3.5,118.0
2026-08-01T07:00,4.5,4.6,6.1,3.8,121.0
2026-08-01T08:00,4.2,4.3,4.0,4.0,122.0
2026-08-01T09:00,3.8,3.9,2.7,3.9,121.0
2026-08-01T10:00,3.7,3.8,1.7,3.7,118.0
2026-08-01T11:00,3.9,4.0,1.0,3.6,117.0
2026-08-01T12:00,4.4,4.5,0.7,3.7,118.0
2026-08-01T13:00,5.1,5.2,0.8,4.0,119.0
2026-08-01T14:00,5.9,6.1,0.9,4.3,120.0
2026-08-01T15:00,7.0,7.2,0.8,4.7,119.0
2026-08-01T16:00,7.7,7.9,0.7,5.2,118.0
2026-08-01T17:00,5.3,5.4,1.0,4.6,118.0
2026-08-01T18:00,5.3,5.4,2.4,4.5,122.0
2026-08-01T19:00,5.6,5.7,4.3,4.3,127.0
2026-08-01T20:00,5.7,5.8,5.8,4.2,129.0
2026-08-01T21:00,5.6,5.6,6.4,4.2,125.0
2026-08-01T22:00,5.5,5.5,6.7,4.2,117.0
2026-08-01T23:00,5.4,5.5,6.8,4.1,111.0
2026-08-02T00:00,5.5,5.6,6.9,3.9,109.0
2026-08-02T01:00,5.7,5.8,6.9,3.6,110.0
2026-08-02T02:00,5.9,6.0,6.9,3.4,110.0
2026-08-02T03:00,6.0,6.1,7.1,3.2,110.0
2026-08-02T04:00,6.0,6.1,7.4,3.1,111.0
2026-08-02T05:00,5.0,5.1,8.8,3.3,111.0
2026-08-02T06:00,5.2,5.3,7.1,3.1,112.0
2026-08-02T07:00,5.4,5.5,4.8,2.8,112.0
2026-08-02T08:00,5.9,6.1,2.9,2.6,113.0
2026-08-02T09:00,6.0,6.1,1.9,2.6,114.0
2026-08-02T10:00,5.4,5.6,1.3,2.8,114.0
2026-08-02T11:00,5.3,5.4,0.9,3.0,115.0
2026-08-02T12:00,5.6,5.8,0.7,3.4,115.0
2026-08-02T13:00,6.2,6.3,0.8,3.9,115.0
2026-08-02T14:00,6.7,6.8,0.9,4.3,115.0
2026-08-02T15:00,7.2,7.4,0.8,4.4,116.0
2026-08-02T16:00,7.4,7.9,0.8,4.4,117.0
2026-08-02T17:00,6.3,6.9,1.0,3.8,118.0
2026-08-02T18:00,5.5,6.1,2.0,3.5,118.0
2026-08-02T19:00,4.9,5.6,3.4,3.2,118.0
2026-08-02T20:00,4.7,5.4,4.6,3.0,117.0
2026-08-02T21:00,4.6,5.6,5.5,3.1,117.0
2026-08-02T22:00,4.8,6.0,6.3,3.2,116.0
2026-08-02T23:00,5.0,6.3,7.0,3.4,115.0
2026-08-03T00:00,5.1,6.6,7.7,3.5,113.0
2026-08-03T01:00,5.1,6.7,8.4,3.5,111.0
2026-08-03T02:00,5.1,6.8,9.1,3.5,110.0
2026-08-03T03:00,5.0,6.9,10.2,3.6,109.0
2026-08-03T04:00,5.0,7.0,11.3,3.7,109.0
2026-08-03T05:00,5.1,7.3,12.1,3.7,109.0
2026-08-03T06:00,5.2,7.4,10.4,3.5,111.0
2026-08-03T07:00,5.1,7.0,8.1,3.2,115.0
2026-08-03T08:00,4.9,6.8,5.9,3.1,117.0
2026-08-03T09:00,5.0,7.0,4.1,3.2,116.0
2026-08-03T10:00,5.1,7.1,2.5,3.4,114.0
2026-08-03T11:00,4.9,6.8,1.4,3.6,112.0
2026-08-03T12:00,5.3,7.0,0.9,3.7,112.0
2026-08-03T13:00,6.7,8.4,0.9,3.7,114.0
2026-08-03T14:00,8.0,9.7,0.9,3.7,114.0
2026-08-03T15:00,8.8,10.5,0.7,3.5,112.0
2026-08-03T16:00,9.0,11.0,0.6,3.2,109.0
2026-08-03T17:00,5.4,7.1,0.9,2.7,107.0
2026-08-03T18:00,5.4,7.1,2.0,2.8,108.0
2026-08-03T19:00,5.5,7.7,3.6,3.0,111.0
2026-08-03T20:00,5.8,8.3,5.2,3.1,113.0
2026-08-03T21:00,6.4,9.3,7.0,3.3,112.0
2026-08-03T22:00,7.0,10.2,8.8,3.4,109.0
2026-08-03T23:00,7.4,10.6,10.0,3.4,107.0
2026-08-04T00:00,7.6,10.4,10.2,3.1,106.0
2026-08-04T01:00,7.7,9.9,9.7,2.7,105.0
2026-08-04T02:00,7.7,9.5,9.4,2.3,105.0
2026-08-04T03:00,7.7,9.4,9.7,2.2,105.0
2026-08-04T04:00,7.6,9.4,10.1,2.1,105.0
2026-08-04T05:00,9.4,15.8,11.2,2.7,105.0
2026-08-04T06:00,9.2,15.0,8.8,2.5,105.0
2026-08-04T07:00,8.6,12.9,5.4,2.1,105.0
2026-08-04T08:00,8.4,13.1,2.7,1.9,105.0
2026-08-04T09:00,8.0,14.1,1.5,1.9,103.0
2026-08-04T10:00,7.1,15.5,1.1,1.9,101.0
2026-08-04T11:00,7.3,18.3,0.8,1.9,100.0
2026-08-04T12:00,8.3,21.7,0.5,1.7,100.0
2026-08-04T13:00,8.8,24.4,0.4,1.5,101.0
2026-08-04T14:00,10.0,28.0,0.4,1.4,102.0
2026-08-04T15:00,10.9,28.7,0.3,1.4,102.0
2026-08-04T16:00,12.5,31.0,0.2,1.5,102.0
2026-08-04T17:00,14.3,36.0,0.6,1.7,102.0
2026-08-04T18:00,15.1,38.2,1.7,1.8,103.0
2026-08-04T19:00,15.7,39.9,3.3,1.9,105.0
2026-08-04T20:00,15.8,40.0,4.8,2.0,107.0
2026-08-04T21:00,16.0,41.0,6.0,2.0,108.0
2026-08-04T22:00,15.9,41.2,7.1,2.0,108.0
2026-08-04T23:00,15.6,40.9,7.9,1.9,108.0
2026-08-05T00:00,15.0,39.5,8.2,1.7,109.0
2026-08-05T01:00,14.1,36.4,8.2,1.5,110.0
2026-08-05T02:00,13.1,32.5,8.4,1.4,110.0
2026-08-05T03:00,12.5,29.6,9.2,1.4,109.0
2026-08-05T04:00,12.2,27.5,10.0,1.5,108.0
2026-08-05T05:00,13.0,29.6,11.4,1.6,108.0
2026-08-05T06:00,12.3,26.5,9.2,1.5,109.0
2026-08-05T07:00,11.0,21.1,6.1,1.4,110.0
2026-08-05T08:00,9.9,18.4,3.6,1.3,111.0
2026-08-05T09:00,8.8,16.9,2.2,1.2,111.0
2026-08-05T10:00,7.9,15.7,1.4,1.2,110.0
2026-08-05T11:00,7.4,15.9,0.8,1.2,109.0
2026-08-05T12:00,7.0,16.5,0.5,1.2,109.0
2026-08-05T13:00,7.2,18.7,0.5,1.2,109.0
2026-08-05T14:00,7.9,21.4,0.6,1.3,109.0
2026-08-05T15:00,8.2,22.2,0.5,1.4,109.0
2026-08-05T16:00,7.8,20.1,0.4,1.6,110.0
2026-08-05T17:00,5.6,18.5,0.8,1.7,112.0
2026-08-05T18:00,5.5,16.8,1.8,1.8,116.0
2026-08-05T19:00,5.7,15.1,3.3,1.9,120.0
2026-08-05T20:00,6.0,13.8,4.9,2.1,123.0
2026-08-05T21:00,6.6,14.4,6.5,2.4,124.0
2026-08-05T22:00,7.2,15.3,8.1,2.7,124.0
2026-08-05T23:00,7.7,16.1,9.5,3.0,122.0
2026-08-06T00:00,7.9,16.4,10.4,3.1,119.0
2026-08-06T01:00,8.0,16.4,11.1,3.1,114.0
2026-08-06T02:00,7.7,15.6,11.8,3.0,111.0
2026-08-06T03:00,7.0,13.8,13.0,2.6,109.0
2026-08-06T04:00,6.3,12.0,14.3,2.2,109.0
2026-08-06T05:00,6.7,13.1,13.2,2.8,109.0
2026-08-06T06:00,6.3,11.8,10.8,2.6,111.0
2026-08-06T07:00,6.0,10.0,7.5,2.3,113.0
2026-08-06T08:00,6.3,12.9,4.7,2.0,115.0
2026-08-06T09:00,6.3,14.7,3.0,1.9,116.0
2026-08-06T10:00,6.6,15.1,1.7,1.8,115.0
2026-08-06T11:00,6.8,15.3,0.9,1.8,115.0
2026-08-06T12:00,6.8,15.0,0.5,1.8,114.0
2026-08-06T13:00,6.9,14.6,0.6,1.8,113.0
2026-08-06T14:00,6.6,14.3,0.7,1.8,113.0
2026-08-06T15:00,6.7,14.4,0.6,1.9,114.0
2026-08-06T16:00,6.8,14.8,0.5,2.0,117.0
2026-08-06T17:00,2.6,5.4,0.9,2.2,119.0
2026-08-06T18:00,2.7,4.9,2.3,2.4,121.0
2026-08-06T19:00,3.1,5.0,4.3,2.8,124.0
2026-08-06T20:00,3.6,5.2,6.1,3.0,125.0
2026-08-06T21:00,3.9,5.6,7.4,3.1,124.0
2026-08-06T22:00,4.0,5.9,8.4,3.2,121.0
2026-08-06T23:00,3.8,5.8,9.1,3.1,118.0
2026-08-07T00:00,3.7,5.6,9.5,2.9,116.0
2026-08-07T01:00,3.6,5.5,9.6,2.6,113.0
2026-08-07T02:00,3.5,5.4,9.7,2.3,112.0
2026-08-07T03:00,3.5,5.3,10.0,2.1,112.0
2026-08-07T04:00,3.5,5.3,10.3,2.0,112.0
2026-08-07T05:00,3.6,5.3,10.1,2.1,113.0
2026-08-07T06:00,3.7,5.6,8.2,2.3,114.0
2026-08-07T07:00,3.8,5.5,5.6,2.6,116.0
2026-08-07T08:00,3.5,5.0,3.5,2.8,117.0
2026-08-07T09:00,3.5,4.9,2.3,2.9,117.0
2026-08-07T10:00,3.5,4.5,1.5,2.8,115.0
2026-08-07T11:00,3.6,4.3,1.0,2.8,114.0
2026-08-07T12:00,3.7,4.4,0.7,2.8,113.0
2026-08-07T13:00,3.9,4.8,0.7,2.7,112.0
2026-08-07T14:00,4.2,6.0,0.7,2.7,111.0
2026-08-07T15:00,4.6,7.5,0.6,2.7,111.0
2026-08-07T16:00,5.0,8.8,0.6,2.6,112.0
2026-08-07T17:00,9.2,16.2,0.9,2.3,114.0
2026-08-07T18:00,8.2,14.2,2.5,2.4,117.0
2026-08-07T19:00,8.2,13.4,4.8,2.4,121.0
2026-08-07T20:00,8.9,14.0,6.6,2.5,123.0
2026-08-07T21:00,9.5,15.1,7.6,2.5,121.0
2026-08-07T22:00,9.7,15.8,8.1,2.5,118.0
2026-08-07T23:00,9.8,16.2,8.6,2.4,115.0
2026-08-08T00:00,9.9,16.2,9.2,2.3,114.0
2026-08-08T01:00,9.9,16.1,9.6,2.1,115.0
2026-08-08T02:00,9.8,15.8,10.1,1.9,115.0
2026-08-08T03:00,9.5,15.1,10.8,1.7,114.0
2026-08-08T04:00,9.2,14.4,11.5,1.6,113.0
2026-08-08T05:00,8.7,11.9,11.9,1.6,113.0
2026-08-08T06:00,8.7,12.5,9.6,1.7,114.0
2026-08-08T07:00,8.6,12.1,6.5,1.9,116.0
2026-08-08T08:00,9.3,15.6,3.9,2.0,117.0
2026-08-08T09:00,8.8,16.0,2.4,2.0,116.0
2026-08-08T10:00,8.1,14.4,1.4,2.0,114.0
2026-08-08T11:00,7.6,13.1,0.7,2.0,112.0
2026-08-08T12:00,7.1,11.8,0.5,1.9,111.0
2026-08-08T13:00,6.7,10.9,0.6,1.8,111.0
2026-08-08T14:00,6.5,10.4,0.7,1.8,111.0
2026-08-08T15:00,6.3,10.4,0.6,1.9,109.0
2026-08-08T16:00,6.5,11.0,0.5,2.0,107.0
2026-08-08T17:00,10.8,21.0,1.0,1.8,107.0
2026-08-08T18:00,11.7,21.8,2.7,1.9,114.0
2026-08-08T19:00,12.5,22.5,5.0,2.1,123.0
2026-08-08T20:00,13.1,23.4,6.9,2.2,128.0
2026-08-08T21:00,13.6,24.3,7.7,2.2,125.0
2026-08-08T22:00,13.4,23.6,8.1,2.2,117.0
2026-08-08T23:00,12.9,21.3,8.5,2.1,111.0
2026-08-09T00:00,12.4,19.6,9.1,2.0,109.0
2026-08-09T01:00,12.1,18.6,9.7,1.8,109.0
2026-08-09T02:00,11.9,17.9,10.2,1.7,109.0
2026-08-09T03:00,11.7,17.5,10.7,1.6,108.0
2026-08-09T04:00,11.6,17.5,11.2,1.6,108.0
2026-08-09T05:00,9.5,13.9,11.1,1.6,108.0
2026-08-09T06:00,9.7,14.8,9.2,1.7,109.0
2026-08-09T07:00,9.7,14.8,6.4,1.8,110.0
2026-08-09T08:00,10.2,17.5,4.1,1.9,110.0
2026-08-09T09:00,10.3,19.7,2.6,1.8,109.0
2026-08-09T10:00,9.7,18.9,1.5,1.7,108.0
2026-08-09T11:00,9.1,17.3,0.7,1.6,107.0
2026-08-09T12:00,8.9,16.5,0.4,1.5,107.0
2026-08-09T13:00,8.9,16.3,0.5,1.4,107.0
2026-08-09T14:00,8.7,16.0,0.6,1.4,107.0
2026-08-09T15:00,8.5,15.5,0.4,1.4,107.0
2026-08-09T16:00,8.1,14.4,0.3,1.4,107.0
2026-08-09T17:00,11.2,19.6,0.9,1.5,107.0
2026-08-09T18:00,10.9,17.8,1.9,1.5,109.0
2026-08-09T19:00,10.8,17.2,3.2,1.6,112.0
2026-08-09T20:00,10.9,16.8,4.4,1.6,113.0
2026-08-09T21:00,11.1,17.4,5.0,1.6,112.0
2026-08-09T22:00,11.1,18.0,5.3,1.6,109.0
2026-08-09T23:00,11.1,18.5,6.1,1.6,107.0
2026-08-10T00:00,11.2,18.0,7.9,1.5,106.0
2026-08-10T01:00,11.1,16.8,10.0,1.4,105.0
2026-08-10T02:00,10.8,15.7,11.6,1.3,105.0
2026-08-10T03:00,10.4,14.7,12.3,1.2,105.0
2026-08-10T04:00,10.1,14.0,12.4,1.0,105.0
2026-08-10T05:00,9.0,12.7,10.2,1.1,106.0
2026-08-10T06:00,8.7,12.7,8.3,1.2,108.0
2026-08-10T07:00,8.6,12.5,5.6,1.4,110.0
2026-08-10T08:00,8.9,14.4,3.4,1.5,111.0
2026-08-10T09:00,9.3,16.5,2.1,1.5,109.0
2026-08-10T10:00,9.3,17.0,1.2,1.4,106.0
2026-08-10T11:00,9.1,16.7,0.6,1.3,104.0
2026-08-10T12:00,9.3,16.8,0.4,1.4,103.0
2026-08-10T13:00,9.4,16.7,0.5,1.5,104.0
2026-08-10T14:00,9.5,16.6,0.6,1.6,104.0
2026-08-10T15:00,8.8,15.5,0.5,1.6,104.0
2026-08-10T16:00,8.1,14.1,0.4,1.4,104.0
2026-08-10T17:00,9.2,17.3,0.8,1.3,104.0
2026-08-10T18:00,9.5,16.4,2.1,1.5,105.0
2026-08-10T19:00,9.9,15.7,3.9,1.7,106.0
2026-08-10T20:00,10.5,15.8,5.6,1.9,107.0
2026-08-10T21:00,11.1,16.6,7.3,2.1,107.0
2026-08-10T22:00,11.4,17.2,8.9,2.2,106.0
2026-08-10T23:00,11.3,17.1,10.0,2.2,105.0
2026-08-11T00:00,11.1,16.8,10.3,2.1,105.0
2026-08-11T01:00,10.7,16.5,10.2,1.9,104.0
2026-08-11T02:00,10.4,15.9,10.2,1.7,104.0
2026-08-11T03:00,10.2,14.8,10.8,1.5,104.0
2026-08-11T04:00,9.8,13.8,11.6,1.3,104.0
2026-08-11T05:00,8.7,12.3,12.4,1.1,105.0
2026-08-11T06:00,8.4,11.9,9.9,1.3,106.0
2026-08-11T07:00,8.4,12.6,6.5,1.5,108.0
2026-08-11T08:00,8.8,14.3,3.7,1.6,109.0
2026-08-11T09:00,8.6,13.9,2.1,1.6,108.0
2026-08-11T10:00,7.9,12.6,1.2,1.5,107.0
2026-08-11T11:00,7.8,11.9,0.6,1.4,106.0
2026-08-11T12:00,7.7,11.3,0.3,1.4,105.0
2026-08-11T13:00,7.7,11.2,0.4,1.5,105.0
2026-08-11T14:00,7.9,11.3,0.5,1.5,105.0
2026-08-11T15:00,8.0,11.3,0.4,1.5,105.0
2026-08-11T16:00,8.2,11.3,0.3,1.5,106.0
2026-08-11T17:00,7.9,10.5,0.9,1.7,108.0
2026-08-11T18:00,8.1,10.4,2.1,1.9,114.0
2026-08-11T19:00,8.8,10.7,3.8,2.1,121.0
2026-08-11T20:00,9.5,11.4,5.4,2.3,125.0
2026-08-11T21:00,10.3,12.7,6.8,2.4,122.0
2026-08-11T22:00,10.6,13.7,8.1,2.4,115.0
2026-08-11T23:00,10.7,14.6,8.9,2.4,110.0
2026-08-12T00:00,10.5,14.8,8.9,2.3,108.0
2026-08-12T01:00,10.4,15.4,8.5,2.1,107.0
2026-08-12T02:00,10.3,15.7,8.4,1.9,107.0
2026-08-12T03:00,10.2,15.5,9.2,1.7,106.0
2026-08-12T04:00,10.0,14.9,10.3,1.6,106.0
2026-08-12T05:00,7.7,10.2,12.3,1.5,106.0
2026-08-12T06:00,7.6,10.3,10.0,1.6,108.0
2026-08-12T07:00,8.1,11.2,6.9,1.8,111.0
2026-08-12T08:00,9.2,13.6,4.2,1.9,112.0
2026-08-12T09:00,9.7,14.4,2.6,1.9,111.0
2026-08-12T10:00,9.7,14.7,1.5,1.7,108.0
2026-08-12T11:00,9.3,13.4,0.8,1.7,107.0
2026-08-12T12:00,9.5,13.2,0.5,1.8,108.0
2026-08-12T13:00,9.7,13.3,0.7,2.1,110.0
2026-08-12T14:00,9.7,12.9,0.8,2.2,111.0
2026-08-12T15:00,9.1,11.8,0.7,2.2,111.0
2026-08-12T16:00,8.2,10.7,0.5,2.1,111.0
2026-08-12T17:00,10.8,13.8,1.1,2.2,112.0
2026-08-12T18:00,10.9,13.5,2.6,2.5,114.0
2026-08-12T19:00,11.6,13.8,4.8,2.9,117.0
2026-08-12T20:00,12.4,14.8,6.6,3.2,119.0
2026-08-12T21:00,13.1,16.0,7.8,3.4,117.0
2026-08-12T22:00,13.4,16.8,8.6,3.5,114.0
2026-08-12T23:00,13.5,17.3,9.1,3.4,112.0
2026-08-13T00:00,13.5,17.6,9.2,3.1,112.0
2026-08-13T01:00,13.6,18.2,9.0,2.7,112.0
2026-08-13T02:00,13.9,18.6,8.8,2.3,113.0
2026-08-13T03:00,13.8,18.4,9.0,2.0,114.0
2026-08-13T04:00,13.6,18.2,9.3,1.8,114.0
2026-08-13T05:00,12.5,15.9,8.7,1.5,115.0
2026-08-13T06:00,12.7,16.8,7.0,1.6,116.0
2026-08-13T07:00,13.1,17.6,4.5,1.6,118.0
2026-08-13T08:00,14.6,22.2,2.6,1.7,118.0
2026-08-13T09:00,14.0,22.6,1.6,1.7,117.0
2026-08-13T10:00,13.7,21.7,1.2,1.6,115.0
2026-08-13T11:00,12.7,18.6,0.9,1.6,113.0
2026-08-13T12:00,11.5,15.9,0.7,1.7,112.0
2026-08-13T13:00,9.8,13.1,0.7,1.8,111.0
2026-08-13T14:00,8.2,10.4,0.8,2.0,111.0
2026-08-13T15:00,7.0,8.5,0.7,2.2,111.0
2026-08-13T16:00,6.3,7.4,0.6,2.3,110.0
2026-08-13T17:00,6.0,7.2,1.0,2.3,111.0
2026-08-13T18:00,6.6,7.8,2.6,2.6,113.0
2026-08-13T19:00,7.3,8.4,4.9,3.0,116.0
2026-08-13T20:00,8.0,8.8,6.9,3.4,118.0
2026-08-13T21:00,8.4,9.2,8.2,3.8,117.0
2026-08-13T22:00,8.8,9.7,9.3,4.3,114.0
2026-08-13T23:00,9.1,10.1,10.1,4.5,112.0
2026-08-14T00:00,9.0,10.1,10.7,4.4,111.0
2026-08-14T01:00,8.6,9.8,11.1,4.1,110.0
2026-08-14T02:00,8.2,9.3,11.2,3.7,110.0
2026-08-14T03:00,7.7,8.6,11.0,3.3,110.0
2026-08-14T04:00,7.1,7.9,10.6,2.8,110.0
2026-08-14T05:00,5.0,5.2,9.6,2.9,110.0
2026-08-14T06:00,4.4,4.4,7.8,2.6,112.0
2026-08-14T07:00,3.8,3.9,5.3,2.3,114.0
2026-08-14T08:00,3.0,3.3,3.2,2.0,115.0
2026-08-14T09:00,2.4,3.0,2.1,1.8,114.0
2026-08-14T10:00,2.0,2.6,1.4,1.7,112.0
2026-08-14T11:00,1.8,2.4,1.0,1.7,110.0
2026-08-14T12:00,1.8,2.4,0.8,1.8,108.0
2026-08-14T13:00,2.2,2.8,0.8,2.0,105.0
2026-08-14T14:00,2.5,3.2,0.8,2.2,104.0
2026-08-14T15:00,2.8,3.6,0.7,2.4,106.0
2026-08-14T16:00,3.2,3.9,0.7,2.6,109.0
2026-08-14T17:00,8.1,8.8,1.0,2.5,111.0
2026-08-14T18:00,9.0,9.5,2.5,2.8,111.0
2026-08-14T19:00,10.0,10.3,4.6,3.2,111.0
2026-08-14T20:00,10.5,10.8,6.1,3.4,111.0
2026-08-14T21:00,10.3,10.5,6.4,3.4,114.0
2026-08-14T22:00,9.8,10.1,6.1,3.2,118.0
2026-08-14T23:00,9.4,9.7,5.8,3.0,120.0
2026-08-15T00:00,9.1,9.4,5.8,2.8,117.0
2026-08-15T01:00,8.7,9.1,5.8,2.6,113.0
2026-08-15T02:00,8.4,8.8,6.0,2.4,109.0
2026-08-15T03:00,8.1,8.5,6.7,2.2,106.0
2026-08-15T04:00,8.0,8.3,7.6,2.1,104.0
2026-08-15T05:00,10.4,10.7,8.9,2.6,107.0
2026-08-15T06:00,10.3,10.6,7.4,2.6,122.0
2026-08-15T07:00,10.1,10.3,5.4,2.6,144.0
2026-08-15T08:00,8.9,9.1,3.6,2.5,155.0
2026-08-15T09:00,7.3,7.7,2.4,2.2,147.0
2026-08-15T10:00,6.4,6.8,1.4,1.9,130.0
2026-08-15T11:00,6.0,6.4,0.8,1.6,117.0
2026-08-15T12:00,5.6,6.1,0.6,1.4,116.0
2026-08-15T13:00,5.2,5.7,0.7,1.3,119.0
2026-08-15T14:00,4.9,5.6,0.8,1.3,121.0
2026-08-15T15:00,5.0,5.7,0.8,1.5,116.0
2026-08-15T16:00,5.2,6.0,0.8,1.9,109.0
2026-08-15T17:00,4.1,4.7,1.1,1.8,114.0
2026-08-15T18:00,4.9,5.6,2.5,2.1,145.0
2026-08-15T19:00,5.9,6.8,4.4,2.4,188.0
2026-08-15T20:00,6.5,7.5,6.0,2.7,212.0
2026-08-15T21:00,7.1,8.3,6.8,2.8,197.0
2026-08-15T22:00,7.1,8.4,7.3,2.9,164.0
2026-08-15T23:00,6.9,8.2,7.6,2.8,139.0
2026-08-16T00:00,6.8,8.3,7.7,2.6,136.0
2026-08-16T01:00,6.7,8.6,7.7,2.3,141.0
2026-08-16T02:00,7.0,9.5,8.1,2.0,148.0
2026-08-16T03:00,7.5,10.6,9.4,1.9,155.0
2026-08-16T04:00,7.9,11.5,11.1,1.9,163.0
2026-08-16T05:00,9.1,14.3,12.2,2.5,168.0
2026-08-16T06:00,9.1,14.8,10.5,2.3,167.0
2026-08-16T07:00,9.0,13.8,8.2,2.1,163.0
2026-08-16T08:00,9.7,15.9,6.0,2.0,156.0
2026-08-16T09:00,9.9,17.1,4.2,2.0,145.0
2026-08-16T10:00,10.0,18.0,2.6,2.1,132.0
2026-08-16T11:00,10.0,18.7,1.4,2.2,123.0
2026-08-16T12:00,9.8,19.4,0.9,2.2,124.0
2026-08-16T13:00,9.6,20.5,0.8,2.2,129.0
2026-08-16T14:00,9.3,20.8,0.8,2.2,131.0
2026-08-16T15:00,8.6,19.7,0.6,2.1,125.0
2026-08-16T16:00,7.4,17.3,0.6,1.8,115.0
2026-08-16T17:00,4.2,8.3,0.9,1.5,111.0
2026-08-16T18:00,3.2,5.5,1.9,1.5,117.0
2026-08-16T19:00,3.3,4.5,3.2,1.6,127.0
2026-08-16T20:00,3.9,4.6,4.5,1.7,137.0
2026-08-16T21:00,4.5,4.9,5.6,1.9,143.0
2026-08-16T22:00,5.1,5.4,6.7,2.1,148.0
2026-08-16T23:00,5.6,5.8,7.6,2.3,154.0
2026-08-17T00:00,6.0,6.2,8.3,2.5,165.0
2026-08-17T01:00,6.2,6.5,8.8,2.7,178.0
2026-08-17T02:00,6.5,6.8,9.4,2.8,182.0
2026-08-17T03:00,6.7,6.9,10.5,2.8,169.0
2026-08-17T04:00,6.8,7.1,11.8,2.7,147.0
2026-08-17T05:00,5.5,5.7,12.3,2.5,130.0
2026-08-17T06:00,5.4,5.6,10.1,2.4,123.0
2026-08-17T07:00,5.2,5.7,7.1,2.2,121.0
2026-08-17T08:00,4.9,5.8,4.6,2.1,120.0
2026-08-17T09:00,4.6,5.4,3.0,2.1,118.0
2026-08-17T10:00,4.6,5.1,1.9,2.1,117.0
2026-08-17T11:00,4.7,5.0,1.1,2.2,116.0
2026-08-17T12:00,5.4,5.6,0.8,2.6,115.0
2026-08-17T13:00,6.3,6.6,1.0,3.1,113.0
2026-08-17T14:00,6.9,7.2,1.1,3.5,113.0
2026-08-17T15:00,7.2,7.6,1.0,3.6,114.0
2026-08-17T16:00,7.1,7.6,0.8,3.6,116.0
2026-08-17T17:00,3.8,3.9,1.1,2.9,118.0
2026-08-17T18:00,4.2,4.6,2.3,2.8,122.0
2026-08-17T19:00,4.6,5.2,4.0,2.8,126.0
2026-08-17T20:00,5.3,6.0,5.6,2.8,130.0
2026-08-17T21:00,5.8,6.8,6.8,3.0,133.0
2026-08-17T22:00,6.1,7.5,7.8,3.3,134.0
2026-08-17T23:00,6.3,7.8,8.6,3.5,134.0
2026-08-18T00:00,6.3,8.0,9.3,3.6,130.0
2026-08-18T01:00,6.3,8.1,9.8,3.7,124.0
2026-08-18T02:00,6.1,8.1,10.2,3.7,120.0
2026-08-18T03:00,5.9,8.1,10.7,3.7,120.0
2026-08-18T04:00,5.7,8.2,11.0,3.7,121.0
2026-08-18T05:00,5.6,7.7,11.1,3.7,122.0
2026-08-18T06:00,5.6,7.6,9.8,3.7,122.0
2026-08-18T07:00,5.6,7.4,7.9,3.6,122.0
2026-08-18T08:00,5.4,7.5,6.0,3.5,122.0
2026-08-18T09:00,5.2,8.8,4.2,3.3,122.0
2026-08-18T10:00,5.6,11.0,2.5,3.1,121.0
2026-08-18T11:00,6.3,14.1,1.3,2.9,120.0
2026-08-18T12:00,7.4,16.9,0.8,2.7,118.0
2026-08-18T13:00,8.4,19.0,0.8,2.5,116.0
2026-08-18T14:00,9.0,20.0,0.8,2.4,114.0
2026-08-18T15:00,9.2,20.3,0.6,2.3,114.0
2026-08-18T16:00,9.2,20.1,0.6,2.2,115.0
2026-08-18T17:00,7.8,17.0,0.9,1.8,116.0
2026-08-18T18:00,6.9,14.6,2.2,1.9,116.0
2026-08-18T19:00,6.8,13.8,4.1,2.1,117.0
2026-08-18T20:00,7.0,13.3,5.6,2.2,117.0
2026-08-18T21:00,6.8,13.3,6.4,2.3,117.0
2026-08-18T22:00,6.5,13.4,6.9,2.3,117.0
2026-08-18T23:00,6.3,13.3,7.4,2.3,117.0
2026-08-19T00:00,6.2,13.3,8.1,2.3,117.0
2026-08-19T01:00,6.2,13.2,8.9,2.4,116.0
2026-08-19T02:00,6.1,12.7,9.5,2.4,116.0
2026-08-19T03:00,5.9,11.6,9.9,2.4,116.0
2026-08-19T04:00,5.8,10.7,10.2,2.4,117.0
2026-08-19T05:00,6.4,11.1,11.2,2.8,117.0
2026-08-19T06:00,6.0,9.7,9.3,2.8,117.0
2026-08-19T07:00,5.6,7.9,6.5,2.9,117.0
2026-08-19T08:00,4.2,6.2,4.2,2.8,116.0
2026-08-19T09:00,3.3,6.0,2.7,2.4,115.0
2026-08-19T10:00,2.7,4.9,1.6,1.9,114.0
2026-08-19T11:00,2.3,4.3,0.8,1.5,113.0
2026-08-19T12:00,2.4,4.5,0.5,1.3,111.0
2026-08-19T13:00,2.5,4.7,0.6,1.2,108.0
2026-08-19T14:00,2.6,4.9,0.7,1.3,107.0
2026-08-19T15:00,3.2,6.2,0.6,1.5,108.0
2026-08-19T16:00,4.4,8.8,0.6,1.8,109.0
2026-08-19T17:00,9.9,18.5,1.3,2.2,113.0
2026-08-19T18:00,11.7,19.7,3.0,2.6,120.0
2026-08-19T19:00,13.4,20.3,5.3,3.1,128.0
2026-08-19T20:00,14.4,19.8,7.3,3.6,134.0
2026-08-19T21:00,15.5,20.6,8.4,4.2,135.0
2026-08-19T22:00,16.4,21.4,9.2,4.8,132.0
2026-08-19T23:00,16.8,21.6,9.7,5.3,128.0
2026-08-20T00:00,16.6,21.4,10.0,5.5,121.0
2026-08-20T01:00,16.4,21.1,10.2,5.6,112.0
2026-08-20T02:00,15.8,20.4,10.2,5.5,106.0
2026-08-20T03:00,14.9,19.4,10.4,5.2,104.0
2026-08-20T04:00,14.0,18.6,10.4,4.8,105.0
2026-08-20T05:00,11.4,16.6,9.2,4.3,106.0
2026-08-20T06:00,10.6,16.5,7.9,3.8,109.0
2026-08-20T07:00,10.0,15.8,6.1,3.2,112.0
2026-08-20T08:00,9.8,17.2,4.4,2.6,114.0
2026-08-20T09:00,9.2,18.6,3.0,2.2,111.0
2026-08-20T10:00,8.2,17.4,1.8,2.0,107.0
2026-08-20T11:00,7.8,16.2,1.0,1.9,106.0
2026-08-20T12:00,7.9,15.5,0.7,2.2,112.0
2026-08-20T13:00,8.3,14.8,0.9,2.8,122.0
2026-08-20T14:00,8.8,14.3,1.0,3.1,128.0
2026-08-20T15:00,8.6,13.3,0.9,3.0,126.0
2026-08-20T16:00,8.1,12.1,0.7,2.8,119.0
2026-08-20T17:00,3.8,4.8,1.0,2.3,114.0
2026-08-20T18:00,4.0,5.4,2.3,2.4,112.0
2026-08-20T19:00,4.8,6.2,4.1,2.5,110.0
2026-08-20T20:00,5.8,7.3,5.8,2.7,109.0
2026-08-20T21:00,6.3,7.9,7.2,3.1,108.0
2026-08-20T22:00,6.9,8.4,8.5,3.5,108.0
2026-08-20T23:00,7.3,8.7,9.6,3.8,108.0
2026-08-21T00:00,7.6,8.8,10.4,3.9,110.0
2026-08-21T01:00,7.2,8.3,10.9,3.9,113.0
2026-08-21T02:00,6.5,7.5,11.2,3.8,115.0
2026-08-21T03:00,5.7,6.7,11.2,3.5,114.0
2026-08-21T04:00,4.9,6.0,10.9,3.1,112.0
2026-08-21T05:00,4.3,5.2,10.1,2.7,111.0
2026-08-21T06:00,4.0,5.1,8.3,2.4,111.0
2026-08-21T07:00,3.8,5.0,5.9,2.0,112.0
2026-08-21T08:00,3.4,4.6,3.8,1.8,113.0
2026-08-21T09:00,2.6,3.8,2.6,2.0,113.0
2026-08-21T10:00,2.3,3.3,1.8,2.3,114.0
2026-08-21T11:00,2.4,3.2,1.2,2.6,114.0
2026-08-21T12:00,2.5,3.1,0.9,2.7,114.0
2026-08-21T13:00,2.6,3.3,0.8,2.7,113.0
2026-08-21T14:00,3.0,3.7,0.8,2.7,114.0
2026-08-21T15:00,3.6,4.2,0.7,2.8,118.0
2026-08-21T16:00,3.9,4.5,0.6,2.9,123.0
2026-08-21T17:00,2.4,2.4,0.9,2.3,125.0
2026-08-21T18:00,2.5,2.6,2.0,2.3,121.0
2026-08-21T19:00,2.9,3.0,3.6,2.3,114.0
2026-08-21T20:00,3.5,3.6,5.2,2.4,109.0
2026-08-21T21:00,4.1,4.2,6.7,2.7,108.0
2026-08-21T22:00,4.7,4.8,8.1,3.0,110.0
2026-08-21T23:00,5.0,5.1,9.2,3.2,110.0
2026-08-22T00:00,4.9,5.1,9.8,3.1,108.0
2026-08-22T01:00,4.6,4.7,10.1,2.8,105.0
2026-08-22T02:00,4.0,4.1,10.0,2.5,103.0
2026-08-22T03:00,3.5,3.6,9.5,2.3,104.0
2026-08-22T04:00,3.2,3.3,8.7,2.2,105.0
2026-08-22T05:00,2.8,2.8,7.9,2.0,107.0
2026-08-22T06:00,2.5,2.6,6.6,1.8,109.0
2026-08-22T07:00,2.5,3.1,4.7,1.4,111.0
2026-08-22T08:00,2.9,4.4,3.1,1.2,111.0
2026-08-22T09:00,3.3,5.4,2.1,1.1,109.0
2026-08-22T10:00,4.0,6.3,1.3,1.2,105.0
2026-08-22T11:00,4.6,6.9,0.8,1.2,103.0
2026-08-22T12:00,5.0,7.0,0.6,1.2,102.0
2026-08-22T13:00,5.1,6.7,0.6,1.3,103.0
2026-08-22T14:00,5.1,6.3,0.6,1.3,104.0
2026-08-22T15:00,5.2,6.0,0.5,1.3,106.0
2026-08-22T16:00,5.0,5.7,0.4,1.4,108.0
2026-08-22T17:00,8.4,8.7,0.7,1.4,110.0
2026-08-22T18:00,7.9,8.3,2.2,1.4,112.0
2026-08-22T19:00,8.0,8.4,4.2,1.5,115.0
2026-08-22T20:00,8.6,9.1,5.5,1.5,116.0
2026-08-22T21:00,8.8,9.8,5.5,1.5,114.0
2026-08-22T22:00,8.6,9.8,4.8,1.4,111.0
2026-08-22T23:00,8.0,9.7,4.3,1.3,109.0
2026-08-23T00:00,7.6,9.8,4.3,1.2,108.0
2026-08-23T01:00,7.5,10.2,4.5,1.2,109.0
2026-08-23T02:00,7.5,10.4,4.8,1.1,109.0
2026-08-23T03:00,7.4,10.4,5.5,1.1,110.0
2026-08-23T04:00,7.4,10.2,6.3,1.1,110.0
2026-08-23T05:00,8.5,11.3,7.3,1.1,111.0
2026-08-23T06:00,8.3,10.9,6.1,1.1,111.0
2026-08-23T07:00,7.9,10.1,4.3,1.1,111.0
2026-08-23T08:00,6.8,8.8,2.8,1.1,110.0
2026-08-23T09:00,5.2,7.3,1.8,0.9,107.0
2026-08-23T10:00,4.1,5.9,1.0,0.7,104.0
2026-08-23T11:00,3.5,5.5,0.5,0.6,102.0
2026-08-23T12:00,3.4,6.0,0.3,0.6,102.0
2026-08-23T13:00,3.6,6.8,0.4,0.6,103.0
2026-08-23T14:00,3.9,7.5,0.5,0.7,104.0
2026-08-23T15:00,4.3,8.0,0.4,0.8,104.0
2026-08-23T16:00,4.6,8.5,0.4,1.0,103.0
2026-08-23T17:00,3.0,5.8,0.7,0.9,104.0
2026-08-23T18:00,3.5,6.3,1.9,1.1,107.0
2026-08-23T19:00,4.4,7.1,3.6,1.5,112.0
2026-08-23T20:00,5.0,8.0,5.0,1.7,114.0
2026-08-23T21:00,5.3,8.4,5.8,1.8,113.0
2026-08-23T22:00,5.2,8.2,6.4,1.8,110.0
2026-08-23T23:00,4.8,7.5,6.9,1.7,107.0
2026-08-24T00:00,4.4,6.8,7.3,1.6,106.0
2026-08-24T01:00,4.1,6.1,7.6,1.4,105.0
2026-08-24T02:00,3.9,5.7,7.9,1.2,105.0
2026-08-24T03:00,3.7,5.4,8.4,1.1,104.0
2026-08-24T04:00,3.5,5.2,9.0,1.0,103.0
2026-08-24T05:00,3.8,5.3,9.8,1.1,103.0
2026-08-24T06:00,3.6,5.2,8.0,1.1,104.0
2026-08-24T07:00,3.5,4.8,5.6,1.1,106.0
2026-08-24T08:00,3.1,5.6,3.5,1.0,107.0
2026-08-24T09:00,3.3,7.1,2.1,0.9,106.0
2026-08-24T10:00,3.6,8.3,1.2,0.7,104.0
2026-08-24T11:00,3.9,9.1,0.5,0.6,103.0
2026-08-24T12:00,3.9,9.0,0.3,0.6,103.0
2026-08-24T13:00,3.9,8.0,0.4,0.7,103.0
2026-08-24T14:00,4.1,7.8,0.5,0.8,104.0
2026-08-24T15:00,4.4,8.7,0.5,1.0,105.0
2026-08-24T16:00,5.0,10.8,0.6,1.2,107.0
2026-08-24T17:00,8.1,22.5,0.9,1.4,109.0
2026-08-24T18:00,9.5,26.3,1.7,1.5,111.0
2026-08-24T19:00,10.5,27.5,2.8,1.7,114.0
2026-08-24T20:00,11.5,29.7,3.9,1.9,117.0
2026-08-24T21:00,11.6,29.2,5.1,2.1,123.0
2026-08-24T22:00,11.4,28.2,6.4,2.4,130.0
2026-08-24T23:00,11.2,27.9,7.3,2.5,134.0
2026-08-25T00:00,11.3,28.5,7.7,2.5,132.0
2026-08-25T01:00,11.4,29.4,7.9,2.3,126.0
2026-08-25T02:00,11.4,30.0,8.0,2.2,121.0
2026-08-25T03:00,11.4,30.3,8.4,2.1,117.0
2026-08-25T04:00,11.4,30.5,8.9,2.0,113.0
2026-08-25T05:00,9.4,25.5,8.1,1.3,111.0
2026-08-25T06:00,9.3,25.6,7.3,1.2,113.0
2026-08-25T07:00,9.1,23.3,6.1,1.1,117.0
2026-08-25T08:00,8.2,19.5,4.8,1.1,120.0
2026-08-25T09:00,6.9,16.9,3.4,1.2,120.0
2026-08-25T10:00,5.8,14.0,2.0,1.4,119.0
2026-08-25T11:00,4.5,10.5,1.0,1.6,118.0
2026-08-25T12:00,3.9,8.7,0.6,1.7,116.0
2026-08-25T13:00,3.5,7.5,0.6,1.7,114.0
2026-08-25T14:00,3.1,6.5,0.7,1.7,112.0
2026-08-25T15:00,2.9,5.6,0.6,1.8,111.0
2026-08-25T16:00,2.7,4.7,0.6,1.9,110.0
2026-08-25T17:00,1.7,3.4,0.9,2.1,110.0
2026-08-25T18:00,1.9,3.1,2.2,2.3,112.0
2026-08-25T19:00,2.5,3.3,4.1,2.6,115.0
2026-08-25T20:00,3.0,3.6,5.6,2.9,117.0
2026-08-25T21:00,3.1,3.6,6.4,3.0,117.0
2026-08-25T22:00,2.9,3.3,6.8,3.1,117.0
2026-08-25T23:00,2.8,3.2,7.2,3.1,117.0
2026-08-26T00:00,2.7,3.1,7.9,3.0,117.0
2026-08-26T01:00,2.8,3.1,8.6,2.8,118.0
2026-08-26T02:00,2.8,3.1,9.0,2.7,118.0
2026-08-26T03:00,2.7,3.0,9.2,2.6,117.0
2026-08-26T04:00,2.6,2.8,9.1,2.5,115.0
2026-08-26T05:00,4.1,4.2,9.5,2.8,115.0
2026-08-26T06:00,3.8,4.0,8.0,2.9,117.0
2026-08-26T07:00,3.7,3.8,5.9,3.0,120.0
2026-08-26T08:00,2.9,3.1,4.1,3.0,121.0
2026-08-26T09:00,2.2,2.8,2.8,2.9,120.0
2026-08-26T10:00,2.4,3.3,1.7,2.7,117.0
2026-08-26T11:00,2.8,3.7,0.9,2.5,115.0
2026-08-26T12:00,3.2,4.1,0.6,2.4,115.0
2026-08-26T13:00,3.4,4.5,0.7,2.4,116.0
2026-08-26T14:00,3.7,4.9,0.8,2.4,116.0
2026-08-26T15:00,4.2,5.4,0.7,2.4,115.0
2026-08-26T16:00,4.6,5.9,0.6,2.5,114.0
2026-08-26T17:00,0.3,0.6,1.1,2.6,115.0
2026-08-26T18:00,0.8,1.2,2.7,2.8,122.0
2026-08-26T19:00,1.9,2.3,5.0,3.0,131.0
2026-08-26T20:00,2.5,2.9,6.6,3.2,136.0
2026-08-26T21:00,2.4,2.8,7.0,3.2,133.0
2026-08-26T22:00,2.1,2.5,6.8,3.2,126.0
2026-08-26T23:00,2.0,2.4,6.8,3.1,120.0
2026-08-27T00:00,2.0,2.5,7.2,2.9,117.0
2026-08-27T01:00,2.1,2.5,7.8,2.6,116.0
2026-08-27T02:00,2.0,2.4,8.2,2.3,115.0
2026-08-27T03:00,1.9,2.3,8.4,2.1,115.0
2026-08-27T04:00,1.8,2.2,8.5,1.9,117.0
2026-08-27T05:00,2.3,2.6,10.2,2.0,118.0
2026-08-27T06:00,2.3,2.6,8.7,2.1,119.0
2026-08-27T07:00,2.2,2.5,6.7,2.2,121.0
2026-08-27T08:00,2.1,2.4,4.8,2.3,121.0
2026-08-27T09:00,2.0,2.7,3.3,2.3,120.0
2026-08-27T10:00,2.4,3.1,1.9,2.4,118.0
2026-08-27T11:00,2.6,3.3,0.9,2.4,117.0
2026-08-27T12:00,3.0,3.6,0.5,2.4,116.0
2026-08-27T13:00,3.3,3.9,0.6,2.4,116.0
2026-08-27T14:00,3.6,4.0,0.7,2.5,116.0
2026-08-27T15:00,3.9,4.2,0.6,2.6,116.0
2026-08-27T16:00,4.3,4.5,0.5,2.8,116.0
2026-08-27T17:00,4.7,4.9,1.1,3.0,118.0
2026-08-27T18:00,5.4,5.6,2.7,3.3,125.0
2026-08-27T19:00,6.6,6.8,5.0,3.6,135.0
2026-08-27T20:00,7.9,8.1,6.9,4.0,142.0
2026-08-27T21:00,9.0,9.2,8.1,4.5,143.0
2026-08-27T22:00,9.6,9.9,9.0,5.0,142.0
2026-08-27T23:00,10.1,10.4,9.6,5.4,140.0
2026-08-28T00:00,10.4,10.6,10.0,5.5,138.0
2026-08-28T01:00,10.2,10.5,10.1,5.4,134.0
2026-08-28T02:00,9.9,10.2,10.1,5.2,132.0
2026-08-28T03:00,9.4,9.7,10.0,4.9,131.0
2026-08-28T04:00,9.1,9.3,9.8,4.6,131.0
2026-08-28T05:00,11.8,11.8,10.1,4.6,131.0
2026-08-28T06:00,11.4,11.4,8.7,4.3,133.0
2026-08-28T07:00,11.0,11.1,6.7,3.9,136.0
2026-08-28T08:00,10.3,10.3,4.9,3.6,137.0
2026-08-28T09:00,9.6,9.7,3.5,3.4,134.0
2026-08-28T10:00,9.3,9.4,2.2,3.2,130.0
2026-08-28T11:00,9.1,9.2,1.3,3.1,126.0
2026-08-28T12:00,9.0,9.1,0.9,3.1,124.0
2026-08-28T13:00,9.1,9.2,0.9,3.2,122.0
2026-08-28T14:00,9.1,9.7,1.0,3.3,122.0
2026-08-28T15:00,9.0,10.3,0.9,3.3,124.0
2026-08-28T16:00,8.6,11.4,0.8,3.2,128.0
2026-08-28T17:00,6.5,12.8,1.0,2.3,131.0
2026-08-28T18:00,6.0,13.6,2.0,2.3,132.0
2026-08-28T19:00,6.3,14.4,3.4,2.2,133.0
2026-08-28T20:00,6.9,15.8,4.7,2.3,132.0
2026-08-28T21:00,7.5,17.3,5.8,2.5,130.0
2026-08-28T22:00,7.9,18.5,6.8,2.8,126.0
2026-08-28T23:00,8.3,19.4,7.6,3.1,124.0
2026-08-29T00:00,8.6,20.2,8.1,3.4,123.0
2026-08-29T01:00,8.8,20.7,8.4,3.6,123.0
2026-08-29T02:00,8.9,21.2,8.7,3.7,124.0
2026-08-29T03:00,9.1,21.7,9.3,3.6,125.0
2026-08-29T04:00,9.3,21.8,9.8,3.3,126.0
2026-08-29T05:00,9.5,21.5,10.1,3.2,127.0
2026-08-29T06:00,9.1,19.7,8.7,3.0,129.0
2026-08-29T07:00,8.4,17.7,6.7,2.8,130.0
2026-08-29T08:00,8.4,18.6,4.9,2.8,131.0
2026-08-29T09:00,9.0,20.1,3.5,3.1,131.0
2026-08-29T10:00,8.5,18.0,2.3,3.5,129.0
2026-08-29T11:00,7.5,15.0,1.5,3.8,128.0
2026-08-29T12:00,6.9,12.8,1.1,4.0,127.0
2026-08-29T13:00,7.1,13.1,1.1,4.2,125.0
2026-08-29T14:00,7.3,13.6,1.1,4.2,123.0
2026-08-29T15:00,7.2,13.2,0.9,3.9,120.0
2026-08-29T16:00,6.6,12.1,0.8,3.4,116.0
2026-08-29T17:00,4.8,7.2,1.0,2.2,115.0
2026-08-29T18:00,4.5,6.5,2.1,2.2,119.0
2026-08-29T19:00,4.7,6.4,3.7,2.1,126.0
2026-08-29T20:00,5.3,7.0,5.1,2.2,130.0
2026-08-29T21:00,5.8,7.7,6.2,2.5,129.0
2026-08-29T22:00,6.2,8.2,7.2,2.8,125.0
2026-08-29T23:00,6.5,8.5,8.0,3.1,121.0
2026-08-30T00:00,6.5,8.6,8.7,3.2,117.0
2026-08-30T01:00,6.5,8.5,9.3,3.2,113.0
2026-08-30T02:00,6.4,8.4,9.7,3.1,110.0
2026-08-30T03:00,6.3,8.1,10.1,3.0,110.0
2026-08-30T04:00,6.1,7.7,10.2,2.8,111.0
2026-08-30T05:00,6.5,8.3,9.6,2.3,112.0
2026-08-30T06:00,6.2,7.9,8.0,2.4,113.0
2026-08-30T07:00,5.9,7.3,5.8,2.6,113.0
2026-08-30T08:00,5.6,7.3,3.9,2.8,114.0
2026-08-30T09:00,5.2,7.1,2.6,3.0,114.0
2026-08-30T10:00,5.1,6.9,1.7,3.1,115.0
2026-08-30T11:00,5.0,6.7,1.0,3.2,115.0
2026-08-30T12:00,5.1,6.9,0.7,3.2,115.0
2026-08-30T13:00,5.6,7.9,0.8,3.2,115.0
2026-08-30T14:00,6.6,9.9,0.9,3.2,115.0
2026-08-30T15:00,8.0,12.9,0.8,3.2,114.0
2026-08-30T16:00,9.3,15.5,0.8,3.2,113.0
2026-08-30T17:00,9.9,16.2,1.1,2.5,114.0
2026-08-30T18:00,10.2,15.6,2.5,2.7,118.0
2026-08-30T19:00,10.9,15.8,4.4,3.0,124.0
2026-08-30T20:00,11.7,16.9,6.0,3.2,128.0
2026-08-30T21:00,11.9,17.5,6.9,3.3,127.0
2026-08-30T22:00,11.8,17.6,7.4,3.4,125.0
2026-08-30T23:00,11.3,17.3,7.8,3.4,123.0
2026-08-31T00:00,10.8,16.9,8.0,3.3,124.0
2026-08-31T01:00,10.4,16.3,8.0,3.2,126.0
2026-08-31T02:00,10.1,15.4,8.0,3.0,127.0
2026-08-31T03:00,9.7,14.4,8.1,2.8,125.0
2026-08-31T04:00,9.4,13.5,8.2,2.7,122.0
2026-08-31T05:00,8.6,12.2,8.1,2.3,120.0
2026-08-31T06:00,8.4,12.0,7.3,2.2,121.0
2026-08-31T07:00,8.1,11.8,6.2,2.1,122.0
2026-08-31T08:00,8.0,11.4,5.0,2.0,123.0
2026-08-31T09:00,6.9,11.7,3.6,2.0,121.0
2026-08-31T10:00,6.4,10.8,2.2,2.0,117.0
2026-08-31T11:00,6.6,10.7,1.1,2.0,115.0
2026-08-31T12:00,7.7,12.3,0.7,2.1,116.0
2026-08-31T13:00,9.2,14.9,0.8,2.2,118.0
2026-08-31T14:00,10.3,17.6,0.9,2.3,119.0
2026-08-31T15:00,10.4,18.7,0.8,2.2,119.0
2026-08-31T16:00,9.4,16.8,0.8,2.1,118.0
2026-08-31T17:00,4.5,7.7,0.9,1.6,118.0
2026-08-31T18:00,3.7,7.1,1.7,1.6,120.0
2026-08-31T19:00,3.3,5.6,2.7,1.7,123.0
2026-08-31T20:00,3.1,4.6,3.8,1.8,125.0
2026-08-31T21:00,3.1,4.2,4.7,2.0,125.0
2026-08-31T22:00,3.3,4.4,5.5,2.2,123.0
2026-08-31T23:00,3.7,4.7,6.4,2.4,122.0
2026-09-01T00:00,4.1,5.1,7.5,2.5,122.0
2026-09-01T01:00,4.4,5.4,8.7,2.7,121.0
2026-09-01T02:00,4.6,5.6,9.5,2.7,121.0
2026-09-01T03:00,4.6,5.7,9.9,2.6,120.0
2026-09-01T04:00,4.5,5.6,9.9,2.5,120.0
2026-09-01T05:00,3.4,3.9,9.3,2.4,120.0
2026-09-01T06:00,3.2,3.8,7.9,2.5,121.0
2026-09-01T07:00,2.9,3.5,6.0,2.7,123.0
2026-09-01T08:00,2.4,3.1,4.3,3.0,124.0
2026-09-01T09:00,2.2,3.2,3.3,3.5,122.0
2026-09-01T10:00,2.3,3.5,2.5,4.2,119.0
2026-09-01T11:00,2.6,4.0,2.0,4.8,117.0
2026-09-01T12:00,3.3,4.6,1.7,5.4,117.0
2026-09-01T13:00,4.5,5.8,1.6,6.0,117.0
2026-09-01T14:00,5.8,7.2,1.6,6.3,117.0
2026-09-01T15:00,6.9,8.5,1.5,6.2,116.0
2026-09-01T16:00,7.6,9.4,1.4,5.9,115.0
2026-09-01T17:00,0.4,0.4,1.5,4.9,115.0
2026-09-01T18:00,0.5,0.5,2.3,4.5,116.0
2026-09-01T19:00,0.9,0.9,3.5,3.8,117.0
2026-09-01T20:00,1.3,1.3,4.6,3.3,118.0
2026-09-01T21:00,1.5,1.5,5.5,3.0,117.0
2026-09-01T22:00,1.7,1.7,6.4,2.7,115.0
2026-09-01T23:00,1.9,1.9,7.1,2.5,114.0
2026-09-02T00:00,2.0,2.1,7.8,2.4,113.0
2026-09-02T01:00,2.0,2.1,8.4,2.3,113.0
2026-09-02T02:00,2.0,2.0,8.7,2.3,113.0
2026-09-02T03:00,2.0,2.0,8.6,2.3,113.0
2026-09-02T04:00,1.9,2.0,8.3,2.3,114.0
2026-09-02T05:00,1.9,1.9,8.9,2.8,115.0
2026-09-02T06:00,1.9,2.0,7.5,2.8,118.0
2026-09-02T07:00,1.8,1.9,5.6,2.7,121.0
2026-09-02T08:00,1.2,1.3,3.9,2.8,123.0
2026-09-02T09:00,0.9,0.9,2.8,3.0,121.0
2026-09-02T10:00,1.0,1.2,2.0,3.3,118.0
2026-09-02T11:00,1.3,1.6,1.4,3.5,115.0
2026-09-02T12:00,1.7,2.2,1.1,3.5,114.0
2026-09-02T13:00,2.1,2.7,1.0,3.4,114.0
2026-09-02T14:00,2.4,3.3,1.0,3.4,114.0
2026-09-02T15:00,2.7,3.7,1.0,3.5,113.0
2026-09-02T16:00,2.9,3.8,1.0,3.5,112.0
2026-09-02T17:00,1.5,3.0,1.2,3.3,113.0
2026-09-02T18:00,1.5,2.8,1.9,3.3,117.0
2026-09-02T19:00,1.5,2.3,3.0,3.3,122.0
2026-09-02T20:00,1.4,1.8,3.9,3.3,125.0
2026-09-02T21:00,1.3,1.6,4.5,3.4,124.0
2026-09-02T22:00,1.3,1.5,4.9,3.6,121.0
2026-09-02T23:00,1.4,1.5,5.4,3.6,117.0
2026-09-03T00:00,1.6,1.8,6.0,3.4,113.0
2026-09-03T01:00,1.8,2.1,6.7,3.2,108.0
2026-09-03T02:00,1.9,2.5,7.1,3.0,105.0
2026-09-03T03:00,1.9,2.8,7.2,3.0,106.0
2026-09-03T04:00,2.0,3.4,7.1,3.1,110.0
2026-09-03T05:00,1.7,2.4,7.9,2.7,113.0
2026-09-03T06:00,2.0,3.1,6.7,2.7,116.0
2026-09-03T07:00,2.3,3.7,4.9,2.7,118.0
2026-09-03T08:00,2.5,5.0,3.4,2.7,120.0
2026-09-03T09:00,2.3,5.2,2.4,2.8,120.0
2026-09-03T10:00,2.5,5.6,1.6,3.1,119.0
2026-09-03T11:00,2.5,5.3,1.0,3.2,118.0
2026-09-03T12:00,2.4,4.7,0.8,3.2,118.0
2026-09-03T13:00,2.6,4.8,0.8,3.2,117.0
2026-09-03T14:00,3.0,5.3,0.8,3.2,117.0
2026-09-03T15:00,3.4,6.2,0.7,3.3,116.0
2026-09-03T16:00,3.7,6.7,0.7,3.3,116.0
2026-09-03T17:00,2.6,6.3,0.9,3.2,117.0
2026-09-03T18:00,2.5,5.1,1.7,3.2,122.0
2026-09-03T19:00,2.9,4.7,2.8,3.3,129.0
2026-09-03T20:00,2.8,4.0,3.8,3.3,133.0
2026-09-03T21:00,2.6,3.5,4.3,3.4,132.0
2026-09-03T22:00,2.7,3.4,4.7,3.4,129.0
2026-09-03T23:00,2.9,3.6,5.2,3.4,126.0
2026-09-04T00:00,3.2,3.9,6.0,3.2,124.0
2026-09-04T01:00,3.3,4.0,7.0,3.0,122.0
2026-09-04T02:00,3.5,4.1,7.7,2.8,121.0
2026-09-04T03:00,3.5,4.2,8.1,2.7,120.0
2026-09-04T04:00,3.6,4.2,8.3,2.6,119.0
2026-09-04T05:00,3.4,3.8,7.1,2.7,119.0
2026-09-04T06:00,3.4,3.8,6.1,2.7,120.0
2026-09-04T07:00,3.6,4.0,4.8,2.6,121.0
2026-09-04T08:00,3.5,4.6,3.5,2.5,121.0
2026-09-04T09:00,4.0,7.9,2.4,2.4,120.0
2026-09-04T10:00,4.9,10.3,1.4,2.2,119.0
2026-09-04T11:00,5.4,11.7,0.7,2.1,117.0
2026-09-04T12:00,5.8,12.7,0.4,2.1,115.0
2026-09-04T13:00,6.1,13.8,0.4,2.1,114.0
2026-09-04T14:00,6.3,14.5,0.5,2.1,113.0
2026-09-04T15:00,6.4,14.5,0.5,2.2,113.0
2026-09-04T16:00,6.2,13.6,0.5,2.3,113.0
2026-09-04T17:00,14.6,36.1,0.6,1.3,114.0
2026-09-04T18:00,13.2,30.6,2.1,1.5,116.0
2026-09-04T19:00,13.0,27.9,4.3,1.8,118.0
2026-09-04T20:00,13.4,27.7,6.0,1.9,120.0
2026-09-04T21:00,13.8,27.6,7.0,1.8,121.0
2026-09-04T22:00,13.6,24.9,7.5,1.6,121.0
2026-09-04T23:00,13.6,22.9,7.7,1.4,121.0
2026-09-05T00:00,13.9,22.3,7.4,1.3,119.0
2026-09-05T01:00,14.3,22.0,6.7,1.2,117.0
2026-09-05T02:00,14.7,22.5,6.1,1.2,115.0
2026-09-05T03:00,15.2,23.2,5.6,1.2,114.0
2026-09-05T04:00,15.8,24.5,5.1,1.2,114.0
2026-09-05T05:00,12.8,19.1,5.6,1.0,115.0
2026-09-05T06:00,13.0,19.2,4.9,1.1,117.0
2026-09-05T07:00,12.3,18.6,3.9,1.3,120.0
2026-09-05T08:00,12.1,21.2,2.9,1.5,122.0
2026-09-05T09:00,11.8,23.9,2.0,1.6,122.0
2026-09-05T10:00,11.1,24.4,1.2,1.7,122.0
2026-09-05T11:00,10.3,23.5,0.6,1.7,121.0
2026-09-05T12:00,10.3,23.7,0.4,1.6,120.0
2026-09-05T13:00,8.8,20.3,0.4,1.5,119.0
2026-09-05T14:00,8.1,18.2,0.5,1.4,119.0
2026-09-05T15:00,7.8,17.1,0.4,1.5,120.0
2026-09-05T16:00,7.5,15.8,0.4,1.6,123.0
2026-09-05T17:00,5.0,8.8,0.9,2.1,125.0
2026-09-05T18:00,5.9,9.3,2.6,2.5,128.0
2026-09-05T19:00,7.6,10.9,4.8,3.1,130.0
2026-09-05T20:00,9.5,13.1,6.6,3.4,131.0
2026-09-05T21:00,10.4,14.1,7.4,3.2,129.0
2026-09-05T22:00,10.5,13.9,7.7,2.6,125.0
2026-09-05T23:00,10.1,13.5,7.6,2.1,121.0
2026-09-06T00:00,9.5,13.0,6.8,1.7,119.0
2026-09-06T01:00,9.0,12.7,5.6,1.3,117.0
2026-09-06T02:00,8.6,12.3,4.6,1.0,116.0
2026-09-06T03:00,8.4,11.8,4.2,0.9,115.0
2026-09-06T04:00,7.9,11.3,4.0,0.8,115.0
2026-09-06T05:00,7.4,10.5,5.2,0.7,115.0
2026-09-06T06:00,7.1,10.3,4.5,0.7,116.0
2026-09-06T07:00,6.7,9.4,3.6,0.8,117.0
2026-09-06T08:00,6.5,9.8,2.7,0.9,119.0
2026-09-06T09:00,6.3,10.5,2.0,1.2,120.0
2026-09-06T10:00,6.3,11.2,1.4,1.5,122.0
2026-09-06T11:00,6.6,11.7,0.9,1.8,123.0
2026-09-06T12:00,6.8,11.8,0.7,1.9,125.0
2026-09-06T13:00,6.7,11.6,0.6,2.0,126.0
2026-09-06T14:00,6.7,11.3,0.6,2.0,128.0
2026-09-06T15:00,6.7,11.1,0.5,2.0,130.0
2026-09-06T16:00,6.8,11.0,0.4,2.1,133.0
2026-09-06T17:00,4.5,5.3,1.0,3.0,135.0
2026-09-06T18:00,5.2,6.0,2.3,3.3,135.0
2026-09-06T19:00,6.5,7.1,4.2,3.8,135.0
2026-09-06T20:00,7.9,8.6,5.8,4.2,134.0
2026-09-06T21:00,9.0,9.7,7.0,4.5,132.0
2026-09-06T22:00,9.6,10.4,7.9,4.6,129.0
2026-09-06T23:00,9.7,10.4,8.5,4.6,127.0
2026-09-07T00:00,9.4,10.2,8.7,4.3,127.0
2026-09-07T01:00,9.1,9.8,8.6,3.8,127.0
2026-09-07T02:00,8.6,9.3,8.4,3.4,127.0
2026-09-07T03:00,8.1,8.8,8.1,3.2,126.0
2026-09-07T04:00,7.6,8.4,7.8,3.0,124.0
2026-09-07T05:00,8.4,9.1,8.0,2.7,124.0
2026-09-07T06:00,8.0,8.8,6.7,2.8,127.0
2026-09-07T07:00,7.7,8.5,4.9,3.0,131.0
2026-09-07T08:00,6.9,7.7,3.3,3.1,133.0
2026-09-07T09:00,6.3,7.3,2.3,3.2,131.0
2026-09-07T10:00,6.2,7.4,1.5,3.4,126.0
2026-09-07T11:00,6.5,7.6,1.0,3.5,122.0
2026-09-07T12:00,6.6,7.8,0.8,3.6,118.0
2026-09-07T13:00,6.5,8.0,0.8,3.6,114.0
2026-09-07T14:00,6.8,8.7,0.9,3.6,112.0
2026-09-07T15:00,7.1,9.0,0.8,3.6,112.0
2026-09-07T16:00,7.1,9.0,0.8,3.7,114.0
2026-09-07T17:00,9.6,13.6,1.2,3.0,117.0
2026-09-07T18:00,9.8,13.5,2.5,3.2,123.0
2026-09-07T19:00,10.6,13.8,4.2,3.5,130.0
2026-09-07T20:00,11.6,14.8,5.8,3.8,134.0
2026-09-07T21:00,12.4,15.8,7.0,4.0,133.0
2026-09-07T22:00,13.0,16.5,8.1,4.3,130.0
2026-09-07T23:00,13.0,16.5,8.8,4.2,127.0
2026-09-08T00:00,12.7,15.9,9.2,3.7,124.0
2026-09-08T01:00,12.0,14.7,9.2,2.9,121.0
2026-09-08T02:00,11.3,13.2,9.2,2.3,119.0
2026-09-08T03:00,10.4,12.1,9.2,1.9,118.0
2026-09-08T04:00,9.8,11.3,9.2,1.7,118.0
2026-09-08T05:00,10.2,11.9,8.9,1.8,119.0
2026-09-08T06:00,9.9,11.8,7.6,1.9,122.0
2026-09-08T07:00,9.7,11.7,5.8,2.1,126.0
2026-09-08T08:00,9.6,12.4,4.1,2.2,128.0
2026-09-08T09:00,9.7,13.6,2.7,2.4,127.0
2026-09-08T10:00,9.8,14.2,1.5,2.5,124.0
2026-09-08T11:00,9.8,14.2,0.7,2.6,121.0
2026-09-08T12:00,9.7,14.3,0.4,2.6,119.0
2026-09-08T13:00,9.6,14.4,0.5,2.5,118.0
2026-09-08T14:00,9.4,14.5,0.6,2.4,117.0
2026-09-08T15:00,9.5,15.1,0.5,2.3,117.0
2026-09-08T16:00,9.6,15.4,0.4,2.3,117.0
2026-09-08T17:00,9.8,14.6,1.0,2.7,118.0
2026-09-08T18:00,9.9,13.7,2.3,2.9,121.0
2026-09-08T19:00,10.6,13.7,4.1,3.3,125.0
2026-09-08T20:00,11.4,14.6,5.7,3.6,127.0
2026-09-08T21:00,12.0,15.4,6.9,3.9,126.0
2026-09-08T22:00,12.6,15.9,7.9,4.1,124.0
2026-09-08T23:00,12.8,16.0,8.6,4.1,122.0
2026-09-09T00:00,12.7,15.8,9.0,3.8,122.0
2026-09-09T01:00,12.5,15.1,9.1,3.2,123.0
2026-09-09T02:00,12.0,14.2,9.1,2.7,124.0
2026-09-09T03:00,11.5,13.2,9.1,2.3,123.0
2026-09-09T04:00,10.9,12.4,8.9,2.0,121.0
2026-09-09T05:00,10.9,12.0,9.0,2.1,121.0
2026-09-09T06:00,10.4,11.5,7.7,2.2,124.0
2026-09-09T07:00,9.9,11.0,6.0,2.3,128.0
2026-09-09T08:00,9.4,10.7,4.3,2.4,130.0
2026-09-09T09:00,9.0,11.1,2.9,2.6,129.0
2026-09-09T10:00,8.7,11.5,1.6,2.8,126.0
2026-09-09T11:00,8.9,12.3,0.7,2.9,124.0
2026-09-09T12:00,8.9,12.5,0.4,2.9,123.0
2026-09-09T13:00,8.9,12.4,0.5,2.8,124.0
2026-09-09T14:00,8.9,12.6,0.7,2.8,124.0
2026-09-09T15:00,9.0,12.7,0.7,2.9,124.0
2026-09-09T16:00,9.1,12.7,0.8,3.0,125.0
2026-09-09T17:00,12.8,17.9,1.3,3.0,126.0
2026-09-09T18:00,12.8,17.3,2.8,3.2,129.0
2026-09-09T19:00,13.3,17.3,4.9,3.5,134.0
2026-09-09T20:00,14.2,18.5,6.6,3.8,137.0
2026-09-09T21:00,14.8,19.3,7.4,4.0,138.0
2026-09-09T22:00,15.0,19.7,7.8,4.1,139.0
2026-09-09T23:00,15.1,19.8,7.9,4.0,137.0
2026-09-10T00:00,15.1,19.8,7.8,3.7,133.0
2026-09-10T01:00,15.1,19.3,7.5,3.3,127.0
2026-09-10T02:00,14.8,18.7,7.2,2.9,122.0
2026-09-10T03:00,14.5,18.0,7.2,2.6,119.0
2026-09-10T04:00,14.2,17.5,7.2,2.4,118.0
2026-09-10T05:00,14.3,17.0,8.4,2.4,118.0
2026-09-10T06:00,13.8,16.5,7.4,2.4,120.0
2026-09-10T07:00,13.4,16.1,5.9,2.4,124.0
2026-09-10T08:00,13.1,15.8,4.5,2.5,126.0
2026-09-10T09:00,11.9,15.0,3.1,2.8,125.0
2026-09-10T10:00,11.3,15.2,1.8,3.2,123.0
2026-09-10T11:00,10.9,14.6,0.8,3.5,122.0
2026-09-10T12:00,10.6,13.9,0.5,3.6,122.0
2026-09-10T13:00,10.2,13.3,0.6,3.5,122.0
2026-09-10T14:00,9.8,12.8,0.8,3.5,123.0
2026-09-10T15:00,9.6,12.6,0.9,3.5,123.0
2026-09-10T16:00,9.6,12.5,1.0,3.6,123.0
2026-09-10T17:00,4.5,6.9,1.4,3.6,124.0
2026-09-10T18:00,4.0,6.7,2.8,3.7,126.0
2026-09-10T19:00,4.5,7.1,4.7,3.9,128.0
2026-09-10T20:00,5.2,8.1,6.2,4.1,130.0
2026-09-10T21:00,5.6,8.9,6.7,4.3,131.0
2026-09-10T22:00,5.7,9.5,6.8,4.5,131.0
2026-09-10T23:00,5.7,10.0,6.8,4.5,132.0
2026-09-11T00:00,5.6,10.2,6.8,4.3,133.0
2026-09-11T01:00,5.4,9.8,6.7,4.0,135.0
2026-09-11T02:00,5.2,9.1,6.6,3.7,135.0
2026-09-11T03:00,4.9,8.5,6.4,3.5,133.0
2026-09-11T04:00,4.7,8.1,6.3,3.3,129.0
2026-09-11T05:00,4.1,6.6,7.0,3.2,127.0
2026-09-11T06:00,4.1,6.4,6.9,3.0,129.0
2026-09-11T07:00,4.1,6.2,6.8,2.8,132.0
2026-09-11T08:00,4.2,5.9,6.1,2.7,133.0
2026-09-11T09:00,4.3,9.2,4.5,2.7,131.0
2026-09-11T10:00,4.2,10.9,2.4,2.9,127.0
2026-09-11T11:00,4.7,12.4,0.9,3.0,124.0
2026-09-11T12:00,5.2,13.8,0.5,3.0,121.0
2026-09-11T13:00,6.0,15.8,0.6,3.1,119.0
2026-09-11T14:00,8.2,21.2,0.8,3.1,119.0
2026-09-11T15:00,10.3,25.5,0.9,3.2,124.0
2026-09-11T16:00,11.1,26.2,1.0,3.4,132.0
2026-09-11T17:00,12.6,27.6,1.2,2.9,138.0
2026-09-11T18:00,12.1,25.4,2.2,3.0,140.0
2026-09-11T19:00,12.4,24.4,3.7,3.1,140.0
2026-09-11T20:00,12.9,24.3,5.0,3.2,139.0
2026-09-11T21:00,13.1,23.7,6.0,3.4,136.0
2026-09-11T22:00,13.1,22.7,6.9,3.6,131.0
2026-09-11T23:00,13.5,22.7,7.7,3.8,127.0
2026-09-12T00:00,13.9,23.1,8.4,3.8,125.0
2026-09-12T01:00,14.2,23.3,9.1,3.8,124.0
2026-09-12T02:00,14.3,22.8,9.4,3.7,124.0
2026-09-12T03:00,14.0,21.4,9.5,3.5,126.0
2026-09-12T04:00,13.5,19.8,9.2,3.2,130.0
2026-09-12T05:00,13.4,18.6,8.6,2.7,132.0
2026-09-12T06:00,13.2,18.3,7.3,2.6,130.0
2026-09-12T07:00,12.9,17.8,5.5,2.4,127.0
2026-09-12T08:00,12.0,16.9,4.0,2.4,125.0
2026-09-12T09:00,11.2,17.0,3.0,2.7,125.0
2026-09-12T10:00,11.4,18.2,2.3,3.1,127.0
2026-09-12T11:00,11.9,19.3,1.7,3.3,128.0
2026-09-12T12:00,12.0,19.8,1.3,3.2,128.0
2026-09-12T13:00,11.8,19.6,1.1,3.0,128.0
2026-09-12T14:00,11.4,18.8,1.0,2.8,128.0
2026-09-12T15:00,10.9,17.8,0.9,2.7,126.0
2026-09-12T16:00,10.1,16.6,0.9,2.6,124.0
2026-09-12T17:00,4.2,5.7,1.2,2.4,125.0
2026-09-12T18:00,4.2,6.0,2.2,2.4,131.0
2026-09-12T19:00,4.8,6.2,3.6,2.4,140.0
2026-09-12T20:00,5.3,6.7,4.9,2.4,146.0
2026-09-12T21:00,5.8,7.8,5.8,2.6,149.0
2026-09-12T22:00,6.5,9.7,6.6,2.8,149.0
2026-09-12T23:00,7.2,11.6,7.2,2.9,147.0
2026-09-13T00:00,7.7,12.3,7.8,2.9,141.0
2026-09-13T01:00,7.9,12.3,8.2,2.9,134.0
2026-09-13T02:00,8.0,12.2,8.5,2.8,128.0
2026-09-13T03:00,8.1,12.2,8.8,2.7,126.0
2026-09-13T04:00,8.2,12.3,8.9,2.6,126.0
2026-09-13T05:00,8.1,11.1,9.6,2.6,127.0
2026-09-13T06:00,8.2,10.8,8.1,2.5,128.0
2026-09-13T07:00,7.7,10.5,6.1,2.4,130.0
2026-09-13T08:00,7.3,12.8,4.3,2.4,130.0
2026-09-13T09:00,8.3,17.3,3.2,2.8,128.0
2026-09-13T10:00,9.2,19.9,2.4,3.3,126.0
2026-09-13T11:00,10.2,22.4,1.8,3.8,124.0
2026-09-13T12:00,11.1,24.6,1.4,4.1,124.0
2026-09-13T13:00,11.8,25.6,1.3,4.3,125.0
2026-09-13T14:00,12.0,25.6,1.2,4.5,127.0
2026-09-13T15:00,12.0,25.3,1.1,4.6,129.0
2026-09-13T16:00,11.8,24.8,1.1,4.7,131.0
2026-09-13T17:00,10.2,20.4,1.4,4.4,133.0
2026-09-13T18:00,9.1,18.0,2.3,4.2,135.0
2026-09-13T19:00,9.0,16.5,3.7,3.8,137.0
2026-09-13T20:00,9.6,17.5,4.8,3.5,138.0
2026-09-13T21:00,10.0,18.3,5.5,3.3,136.0
2026-09-13T22:00,10.3,18.7,6.1,3.2,133.0
2026-09-13T23:00,10.7,19.6,6.5,3.0,131.0
2026-09-14T00:00,11.1,20.6,6.9,2.8,130.0
2026-09-14T01:00,11.4,20.7,7.1,2.6,129.0
2026-09-14T02:00,11.2,20.0,7.2,2.4,129.0
2026-09-14T03:00,10.8,19.0,7.1,2.3,129.0
2026-09-14T04:00,10.4,18.3,6.7,2.2,129.0
2026-09-14T05:00,10.1,17.9,6.4,2.4,130.0
2026-09-14T06:00,9.8,17.2,5.7,2.4,132.0
2026-09-14T07:00,9.3,15.7,4.6,2.5,134.0
2026-09-14T08:00,7.7,12.7,3.6,2.6,133.0
2026-09-14T09:00,6.7,12.8,2.7,2.7,127.0
2026-09-14T10:00,5.9,11.7,1.8,2.8,118.0
2026-09-14T11:00,5.6,11.1,1.2,2.9,112.0
2026-09-14T12:00,5.3,10.4,0.9,3.0,112.0
2026-09-14T13:00,5.0,9.6,0.9,3.1,114.0
2026-09-14T14:00,4.9,8.8,1.0,3.2,117.0
2026-09-14T15:00,5.1,8.5,1.0,3.5,118.0
2026-09-14T16:00,5.5,8.4,1.1,3.8,119.0
2026-09-14T17:00,9.1,15.8,1.6,3.8,121.0
2026-09-14T18:00,9.2,15.1,2.7,4.0,123.0
2026-09-14T19:00,9.8,15.0,4.3,4.2,126.0
2026-09-14T20:00,10.2,15.9,5.5,4.3,128.0
2026-09-14T21:00,10.2,16.5,6.0,4.4,128.0
2026-09-14T22:00,10.2,16.8,6.1,4.3,128.0
2026-09-14T23:00,10.3,17.2,6.2,4.2,127.0
2026-09-15T00:00,10.6,17.3,6.5,3.9,126.0
2026-09-15T01:00,10.7,16.8,6.8,3.4,125.0
2026-09-15T02:00,10.7,16.1,7.0,3.0,124.0
2026-09-15T03:00,10.6,15.7,7.0,2.8,121.0
2026-09-15T04:00,10.4,15.4,6.9,2.7,118.0
2026-09-15T05:00,10.0,14.3,7.2,2.6,118.0
2026-09-15T06:00,9.7,13.8,6.2,2.7,123.0
2026-09-15T07:00,9.5,13.3,4.9,2.9,131.0
2026-09-15T08:00,9.0,13.2,3.6,3.1,135.0
2026-09-15T09:00,7.6,13.2,2.5,3.3,132.0
2026-09-15T10:00,7.1,12.7,1.6,3.5,126.0
2026-09-15T11:00,6.8,11.6,0.9,3.7,121.0
2026-09-15T12:00,6.5,10.9,0.7,3.8,120.0
2026-09-15T13:00,6.7,10.6,0.7,3.8,121.0
2026-09-15T14:00,7.1,10.8,0.9,3.9,123.0
2026-09-15T15:00,7.8,11.4,1.0,4.2,125.0
2026-09-15T16:00,8.8,12.3,1.2,4.7,129.0
2026-09-15T17:00,11.2,15.1,1.8,5.7,131.0
2026-09-15T18:00,11.4,14.8,3.0,5.9,132.0
2026-09-15T19:00,11.9,14.8,4.7,6.1,132.0
2026-09-15T20:00,12.3,15.3,6.1,6.2,133.0
2026-09-15T21:00,12.3,15.4,6.9,6.0,134.0
2026-09-15T22:00,12.6,15.8,7.3,5.7,135.0
2026-09-15T23:00,13.1,16.2,7.4,5.3,136.0
2026-09-16T00:00,13.0,15.9,7.0,4.7,135.0
2026-09-16T01:00,12.5,15.3,6.3,4.0,133.0
2026-09-16T02:00,11.9,14.8,5.7,3.5,132.0
2026-09-16T03:00,11.4,14.4,5.3,3.3,132.0
2026-09-16T04:00,10.8,13.7,4.9,3.2,133.0
2026-09-16T05:00,10.2,12.7,5.8,3.2,134.0
2026-09-16T06:00,9.6,12.0,5.0,3.1,137.0
2026-09-16T07:00,8.9,11.2,4.0,3.0,142.0
2026-09-16T08:00,7.6,9.6,3.0,3.0,143.0
2026-09-16T09:00,5.9,7.9,2.3,3.2,139.0
2026-09-16T10:00,4.6,6.3,1.7,3.5,132.0
2026-09-16T11:00,4.3,5.7,1.3,3.8,126.0
2026-09-16T12:00,4.4,5.7,1.1,4.2,121.0
2026-09-16T13:00,4.9,6.4,1.1,4.5,117.0
2026-09-16T14:00,5.8,7.7,1.1,4.8,116.0
2026-09-16T15:00,6.8,8.8,1.1,4.9,120.0
2026-09-16T16:00,7.3,9.1,1.2,4.8,128.0
2026-09-16T17:00,10.6,11.9,1.4,3.6,134.0
2026-09-16T18:00,9.9,10.8,2.4,3.4,137.0
2026-09-16T19:00,10.5,11.7,3.7,3.1,139.0
2026-09-16T20:00,12.0,13.7,4.5,2.8,139.0
2026-09-16T21:00,13.0,15.3,4.3,2.5,138.0
2026-09-16T22:00,13.5,16.2,3.5,2.2,136.0
2026-09-16T23:00,13.4,16.5,3.1,2.0,134.0
2026-09-17T00:00,13.0,16.2,3.3,1.8,132.0
2026-09-17T01:00,12.5,15.7,3.8,1.6,131.0
2026-09-17T02:00,12.0,15.0,4.3,1.5,128.0
2026-09-17T03:00,11.4,14.1,4.8,1.4,123.0
2026-09-17T04:00,10.8,13.3,5.2,1.3,117.0
2026-09-17T05:00,10.9,13.6,4.8,1.3,113.0
2026-09-17T06:00,10.3,13.0,4.3,1.3,115.0
2026-09-17T07:00,9.7,12.3,3.6,1.3,119.0
2026-09-17T08:00,8.9,11.1,2.9,1.4,122.0
2026-09-17T09:00,6.5,8.5,2.2,1.6,121.0
2026-09-17T10:00,5.3,6.8,1.4,1.8,118.0
2026-09-17T11:00,4.7,5.8,0.9,2.0,116.0
2026-09-17T12:00,4.1,4.9,0.6,2.0,115.0
2026-09-17T13:00,3.6,4.3,0.6,1.9,114.0
2026-09-17T14:00,3.4,4.0,0.6,1.9,113.0
2026-09-17T15:00,3.3,4.0,0.5,1.9,112.0
2026-09-17T16:00,3.4,4.2,0.5,1.9,112.0
2026-09-17T17:00,2.1,3.3,1.0,1.8,113.0
2026-09-17T18:00,2.2,3.2,2.4,2.0,118.0
2026-09-17T19:00,3.1,3.8,4.3,2.3,124.0
2026-09-17T20:00,3.8,4.5,5.8,2.5,127.0
2026-09-17T21:00,4.1,4.8,6.3,2.6,125.0
2026-09-17T22:00,4.0,4.7,6.3,2.6,121.0
2026-09-17T23:00,3.7,4.3,6.2,2.5,117.0
2026-09-18T00:00,3.5,4.0,6.2,2.3,116.0
2026-09-18T01:00,3.2,3.6,6.2,2.1,116.0
2026-09-18T02:00,3.0,3.3,6.3,1.9,116.0
2026-09-18T03:00,2.8,3.0,6.7,1.7,116.0
2026-09-18T04:00,2.7,2.8,7.3,1.5,117.0
2026-09-18T05:00,2.8,3.0,8.5,1.6,119.0
2026-09-18T06:00,2.8,3.0,7.7,1.6,123.0
2026-09-18T07:00,2.8,3.0,6.5,1.7,127.0
2026-09-18T08:00,2.5,2.7,5.2,1.7,129.0
2026-09-18T09:00,1.8,2.6,3.6,1.7,125.0
2026-09-18T10:00,1.7,3.0,1.9,1.6,118.0
2026-09-18T11:00,2.0,3.8,0.6,1.5,113.0
2026-09-18T12:00,2.4,4.6,0.2,1.4,112.0
2026-09-18T13:00,2.8,5.5,0.3,1.4,114.0
2026-09-18T14:00,3.1,6.0,0.4,1.4,115.0
2026-09-18T15:00,3.3,6.5,0.3,1.4,114.0
2026-09-18T16:00,3.5,6.7,0.3,1.5,113.0
2026-09-18T17:00,1.2,2.5,0.9,1.6,115.0
2026-09-18T18:00,1.1,1.6,2.4,1.9,123.0
2026-09-18T19:00,2.1,2.3,4.4,2.3,133.0
2026-09-18T20:00,3.2,3.4,6.0,2.6,139.0
2026-09-18T21:00,3.8,4.2,6.6,2.7,136.0
2026-09-18T22:00,4.0,4.5,6.7,2.7,128.0
2026-09-18T23:00,4.0,4.7,6.8,2.6,122.0
2026-09-19T00:00,3.9,4.8,7.2,2.4,119.0
2026-09-19T01:00,3.8,4.7,7.6,2.0,116.0
2026-09-19T02:00,3.5,4.4,7.9,1.7,115.0
2026-09-19T03:00,3.2,4.0,8.1,1.5,115.0
2026-09-19T04:00,3.0,3.6,8.1,1.2,115.0
2026-09-19T05:00,1.9,2.0,9.0,1.2,117.0
2026-09-19T06:00,2.0,2.4,7.8,1.4,121.0
2026-09-19T07:00,2.4,3.0,6.0,1.7,125.0
2026-09-19T08:00,3.2,4.3,4.4,1.9,127.0
2026-09-19T09:00,4.9,7.8,3.0,2.0,123.0
2026-09-19T10:00,4.6,8.0,1.6,2.0,116.0
2026-09-19T11:00,4.4,7.7,0.7,2.0,112.0
2026-09-19T12:00,4.0,7.2,0.3,1.9,113.0
2026-09-19T13:00,3.8,7.0,0.3,1.7,116.0
2026-09-19T14:00,3.6,6.9,0.4,1.5,119.0
2026-09-19T15:00,3.4,6.7,0.3,1.3,119.0
2026-09-19T16:00,3.2,6.4,0.3,1.2,119.0
2026-09-19T17:00,5.5,11.3,1.0,1.3,118.0
2026-09-19T18:00,6.0,11.0,2.5,1.6,118.0
2026-09-19T19:00,7.5,12.0,4.7,2.0,117.0
2026-09-19T20:00,8.6,13.5,6.2,2.3,117.0
2026-09-19T21:00,9.0,14.3,6.6,2.3,118.0
2026-09-19T22:00,8.9,14.3,6.4,2.2,119.0
2026-09-19T23:00,8.6,13.6,6.3,2.1,120.0
2026-09-20T00:00,8.1,12.4,6.4,1.9,119.0
2026-09-20T01:00,7.8,11.6,6.4,1.7,117.0
2026-09-20T02:00,7.6,11.2,6.5,1.5,116.0
2026-09-20T03:00,7.4,11.0,6.7,1.4,115.0
2026-09-20T04:00,7.3,10.7,6.9,1.3,114.0
2026-09-20T05:00,7.4,11.5,5.8,1.3,114.0
2026-09-20T06:00,7.3,11.5,5.3,1.3,116.0
2026-09-20T07:00,7.5,11.4,4.5,1.3,119.0
2026-09-20T08:00,7.6,10.9,3.7,1.3,123.0
2026-09-20T09:00,7.9,13.0,2.7,1.5,128.0
2026-09-20T10:00,8.2,13.5,1.7,1.7,133.0
2026-09-20T11:00,8.3,13.1,0.9,1.9,135.0
2026-09-20T12:00,7.9,12.2,0.6,2.0,133.0
2026-09-20T13:00,6.9,10.6,0.6,2.1,128.0
2026-09-20T14:00,5.7,8.7,0.6,2.1,123.0
2026-09-20T15:00,4.8,7.4,0.5,2.1,118.0
2026-09-20T16:00,4.4,6.9,0.5,2.0,113.0
2026-09-20T17:00,6.6,12.5,0.8,1.6,110.0
2026-09-20T18:00,6.2,11.9,1.7,1.6,111.0
2026-09-20T19:00,6.5,12.2,3.0,1.6,115.0
2026-09-20T20:00,6.7,12.8,4.2,1.7,118.0
2026-09-20T21:00,7.1,13.7,5.2,1.9,120.0
2026-09-20T22:00,7.7,14.4,6.1,2.3,121.0
2026-09-20T23:00,8.2,15.1,6.8,2.5,121.0
2026-09-21T00:00,8.6,15.5,7.4,2.6,118.0
2026-09-21T01:00,9.0,15.9,7.8,2.6,114.0
2026-09-21T02:00,9.3,16.2,8.1,2.6,111.0
2026-09-21T03:00,9.4,16.6,8.2,2.5,112.0
2026-09-21T04:00,9.4,16.8,8.2,2.4,114.0
2026-09-21T05:00,9.2,17.2,7.6,2.1,116.0
2026-09-21T06:00,8.8,16.6,6.9,1.9,118.0
2026-09-21T07:00,8.5,15.7,5.9,1.7,120.0
2026-09-21T08:00,7.4,13.2,4.8,1.5,121.0
2026-09-21T09:00,6.6,14.1,3.4,1.6,119.0
2026-09-21T10:00,6.5,15.1,2.0,1.7,116.0
2026-09-21T11:00,5.6,13.9,0.9,1.8,114.0
2026-09-21T12:00,5.3,13.2,0.5,1.8,113.0
2026-09-21T13:00,5.0,12.1,0.5,1.6,114.0
2026-09-21T14:00,4.5,10.6,0.6,1.6,115.0
2026-09-21T15:00,4.0,9.0,0.6,1.6,118.0
2026-09-21T16:00,3.7,7.7,0.6,1.7,122.0
2026-09-21T17:00,1.1,1.1,1.1,1.7,125.0
2026-09-21T18:00,2.0,2.0,2.5,2.0,127.0
2026-09-21T19:00,3.3,3.3,4.5,2.4,129.0
2026-09-21T20:00,4.0,4.0,5.9,2.7,130.0
2026-09-21T21:00,4.2,4.2,6.2,2.8,129.0
2026-09-21T22:00,4.1,4.2,6.0,2.7,127.0
2026-09-21T23:00,4.1,4.2,5.9,2.6,125.0
2026-09-22T00:00,4.0,4.1,6.0,2.3,121.0
2026-09-22T01:00,3.8,3.9,6.2,1.9,117.0
2026-09-22T02:00,3.6,3.7,6.4,1.5,114.0
2026-09-22T03:00,3.3,3.3,6.5,1.3,113.0
2026-09-22T04:00,3.0,3.1,6.6,1.2,112.0
2026-09-22T05:00,3.2,3.2,6.2,1.5,113.0
2026-09-22T06:00,2.9,3.1,5.9,1.4,115.0
2026-09-22T07:00,2.8,3.1,5.5,1.4,117.0
2026-09-22T08:00,2.8,3.0,4.8,1.4,119.0
2026-09-22T09:00,2.0,3.8,3.5,1.6,118.0
2026-09-22T10:00,2.3,5.7,1.9,1.8,117.0
2026-09-22T11:00,3.1,8.4,0.7,2.0,116.0
2026-09-22T12:00,3.8,10.6,0.4,2.2,117.0
2026-09-22T13:00,4.1,12.3,0.4,2.3,118.0
2026-09-22T14:00,4.7,14.3,0.6,2.4,120.0
2026-09-22T15:00,5.1,15.5,0.6,2.5,121.0
2026-09-22T16:00,5.2,14.9,0.6,2.6,122.0
2026-09-22T17:00,4.7,9.6,1.2,3.1,124.0
2026-09-22T18:00,5.0,7.9,2.5,3.4,127.0
2026-09-22T19:00,6.3,8.5,4.2,3.9,131.0
2026-09-22T20:00,6.9,8.9,5.4,4.3,132.0
2026-09-22T21:00,6.8,8.7,5.4,4.5,129.0
2026-09-22T22:00,6.3,7.9,4.8,4.6,123.0
2026-09-22T23:00,5.8,7.2,4.4,4.6,118.0
2026-09-23T00:00,5.9,7.1,4.7,4.4,115.0
2026-09-23T01:00,6.0,7.1,5.1,4.2,113.0
2026-09-23T02:00,6.2,7.1,5.5,3.9,111.0
2026-09-23T03:00,6.1,6.9,5.6,3.6,110.0
2026-09-23T04:00,5.9,6.7,5.7,3.4,110.0
2026-09-23T05:00,5.4,6.6,5.8,3.1,111.0
2026-09-23T06:00,5.2,6.8,5.8,2.9,115.0
2026-09-23T07:00,5.2,7.0,5.8,2.6,121.0
2026-09-23T08:00,5.1,7.0,5.3,2.3,124.0
2026-09-23T09:00,4.9,9.0,3.9,2.1,123.0
2026-09-23T10:00,4.7,10.8,2.1,1.9,120.0
2026-09-23T11:00,5.7,14.7,0.7,1.8,117.0
2026-09-23T12:00,6.3,15.9,0.3,1.8,114.0
2026-09-23T13:00,6.8,17.2,0.4,1.8,111.0
2026-09-23T14:00,7.1,17.9,0.6,1.9,111.0
2026-09-23T15:00,7.1,17.5,0.6,2.1,116.0
2026-09-23T16:00,7.1,16.7,0.7,2.4,123.0
2026-09-23T17:00,7.8,15.0,1.8,3.1,130.0
2026-09-23T18:00,9.1,15.3,3.4,3.5,135.0
2026-09-23T19:00,10.8,16.2,5.5,4.0,139.0
2026-09-23T20:00,12.0,17.5,7.2,4.5,140.0
2026-09-23T21:00,12.7,18.6,7.9,5.0,138.0
2026-09-23T22:00,13.0,19.3,8.0,5.6,134.0
2026-09-23T23:00,13.3,19.8,8.1,5.8,129.0
2026-09-24T00:00,13.4,20.1,8.3,5.5,124.0
2026-09-24T01:00,13.3,19.7,8.4,4.8,118.0
2026-09-24T02:00,12.9,18.2,8.3,4.2,114.0
2026-09-24T03:00,11.6,15.8,7.8,3.6,112.0
2026-09-24T04:00,10.4,14.5,6.9,3.0,111.0
2026-09-24T05:00,7.2,11.6,6.3,2.7,112.0
2026-09-24T06:00,7.3,13.4,5.4,2.8,116.0
2026-09-24T07:00,7.0,12.7,4.1,2.9,121.0
2026-09-24T08:00,5.9,10.2,3.0,3.1,124.0
2026-09-24T09:00,4.8,8.6,2.2,3.3,123.0
2026-09-24T10:00,4.5,8.0,1.6,3.6,119.0
2026-09-24T11:00,4.3,7.3,1.1,3.8,116.0
2026-09-24T12:00,4.3,6.9,0.8,3.9,115.0
2026-09-24T13:00,4.4,7.0,0.7,3.9,115.0
2026-09-24T14:00,4.6,7.3,0.7,3.9,115.0
2026-09-24T15:00,4.8,7.6,0.6,4.0,114.0
2026-09-24T16:00,5.0,7.9,0.6,4.1,114.0
2026-09-24T17:00,9.5,16.7,0.7,2.5,115.0
2026-09-24T18:00,9.9,15.9,2.0,2.7,119.0
2026-09-24T19:00,10.7,15.9,3.7,3.1,124.0
2026-09-24T20:00,11.3,16.5,5.2,3.2,127.0
2026-09-24T21:00,11.4,16.5,6.0,3.0,127.0
2026-09-24T22:00,11.4,15.8,6.6,2.5,126.0
2026-09-24T23:00,11.2,14.8,6.8,2.1,125.0
2026-09-25T00:00,11.0,14.1,6.7,1.7,123.0
2026-09-25T01:00,10.8,13.8,6.4,1.2,121.0
2026-09-25T02:00,10.6,13.4,6.0,0.9,120.0
2026-09-25T03:00,10.4,13.0,5.6,0.8,122.0
2026-09-25T04:00,10.3,12.9,5.2,0.9,126.0
2026-09-25T05:00,9.2,11.2,3.7,1.2,129.0
2026-09-25T06:00,9.1,11.1,3.5,1.2,131.0
2026-09-25T07:00,8.7,10.6,3.1,1.3,133.0
2026-09-25T08:00,7.7,9.8,2.7,1.4,134.0
2026-09-25T09:00,6.8,9.8,2.1,1.5,132.0
2026-09-25T10:00,6.3,9.4,1.3,1.7,129.0
2026-09-25T11:00,6.1,9.1,0.8,1.8,127.0
2026-09-25T12:00,6.0,8.8,0.6,1.8,130.0
2026-09-25T13:00,6.1,8.9,0.5,1.7,135.0
2026-09-25T14:00,6.2,9.1,0.5,1.7,137.0
2026-09-25T15:00,6.3,9.2,0.5,1.7,131.0
2026-09-25T16:00,6.2,9.1,0.5,1.8,123.0
2026-09-25T17:00,8.1,11.9,0.9,1.8,117.0
2026-09-25T18:00,8.7,11.8,1.1,1.7,118.0
2026-09-25T19:00,7.7,10.3,1.4,1.5,122.0
2026-09-25T20:00,6.4,9.0,1.9,1.4,126.0
2026-09-25T21:00,5.8,8.4,2.7,1.4,128.0
2026-09-25T22:00,5.9,8.4,3.8,1.5,129.0
2026-09-25T23:00,6.2,8.8,4.9,1.6,128.0
2026-09-26T00:00,6.9,9.5,6.1,1.5,121.0
2026-09-26T01:00,7.5,9.9,7.4,1.4,112.0
2026-09-26T02:00,7.8,9.8,8.3,1.3,105.0
2026-09-26T03:00,7.7,9.5,8.8,1.2,102.0
2026-09-26T04:00,7.4,9.1,9.0,1.0,101.0
2026-09-26T05:00,7.0,8.1,9.3,0.9,103.0
2026-09-26T06:00,6.8,8.3,8.1,1.0,111.0
2026-09-26T07:00,6.7,8.3,6.4,1.1,121.0
2026-09-26T08:00,5.8,8.0,4.8,1.3,127.0
2026-09-26T09:00,5.6,9.9,3.2,1.5,123.0
2026-09-26T10:00,5.3,9.8,1.7,1.8,115.0
2026-09-26T11:00,5.1,8.7,0.6,2.0,109.0
2026-09-26T12:00,4.4,7.3,0.2,2.1,109.0
2026-09-26T13:00,3.9,6.7,0.3,2.2,111.0
2026-09-26T14:00,3.5,6.0,0.4,2.2,113.0
2026-09-26T15:00,3.4,5.5,0.3,2.1,112.0
2026-09-26T16:00,3.6,5.4,0.3,2.0,111.0
2026-09-26T17:00,1.0,1.7,0.7,2.0,112.0
2026-09-26T18:00,1.6,2.2,1.8,2.0,119.0
2026-09-26T19:00,2.6,3.1,3.3,2.1,128.0
2026-09-26T20:00,3.6,4.0,4.6,2.2,135.0
2026-09-26T21:00,4.2,4.5,5.4,2.4,136.0
2026-09-26T22:00,4.5,4.8,6.0,2.6,133.0
2026-09-26T23:00,4.9,5.1,6.4,2.7,131.0
2026-09-27T00:00,5.2,5.4,6.7,2.8,130.0
2026-09-27T01:00,5.4,5.6,7.0,2.8,130.0
2026-09-27T02:00,5.6,5.7,7.1,2.8,129.0
2026-09-27T03:00,5.7,5.8,7.3,2.8,127.0
2026-09-27T04:00,5.7,5.7,7.3,2.7,125.0
2026-09-27T05:00,7.1,7.2,7.5,2.8,124.0
2026-09-27T06:00,7.4,7.5,6.8,2.7,127.0
2026-09-27T07:00,7.6,7.7,5.9,2.7,132.0
2026-09-27T08:00,4.9,5.0,4.8,2.5,133.0
2026-09-27T09:00,3.1,3.3,3.4,2.2,128.0
2026-09-27T10:00,4.2,4.5,1.9,1.9,120.0
2026-09-27T11:00,5.3,5.7,0.8,1.6,114.0
2026-09-27T12:00,5.9,6.4,0.4,1.5,114.0
2026-09-27T13:00,6.1,6.9,0.4,1.6,116.0
2026-09-27T14:00,6.1,7.3,0.5,1.6,118.0
2026-09-27T15:00,6.2,7.7,0.4,1.6,117.0
2026-09-27T16:00,6.2,7.9,0.5,1.7,116.0
2026-09-27T17:00,2.4,3.4,0.7,1.5,116.0
2026-09-27T18:00,2.8,3.4,1.7,1.6,120.0
2026-09-27T19:00,3.6,4.0,3.2,1.8,125.0
2026-09-27T20:00,4.2,4.6,4.4,1.9,128.0
2026-09-27T21:00,4.8,5.2,5.1,2.0,127.0
2026-09-27T22:00,5.2,5.6,5.6,2.1,123.0
2026-09-27T23:00,5.3,5.7,5.8,2.1,120.0
2026-09-28T00:00,5.2,5.7,5.6,2.0,118.0
2026-09-28T01:00,5.0,5.5,5.1,1.8,117.0
2026-09-28T02:00,5.1,5.6,4.7,1.7,116.0
2026-09-28T03:00,5.2,5.7,4.7,1.6,115.0
2026-09-28T04:00,5.2,5.7,4.8,1.5,114.0
2026-09-28T05:00,6.5,7.1,6.6,1.8,114.0
2026-09-28T06:00,6.4,7.0,6.4,1.8,118.0
2026-09-28T07:00,6.4,7.0,6.0,1.8,123.0
2026-09-28T08:00,5.3,5.7,5.4,1.9,126.0
2026-09-28T09:00,3.4,3.7,4.2,2.2,124.0
2026-09-28T10:00,3.3,3.6,2.8,2.5,119.0
2026-09-28T11:00,3.3,3.8,1.7,2.7,116.0
2026-09-28T12:00,3.6,4.5,1.1,2.6,116.0
2026-09-28T13:00,3.9,5.4,0.9,2.3,117.0
2026-09-28T14:00,4.1,6.1,0.8,2.2,120.0
2026-09-28T15:00,4.4,6.4,0.7,2.3,125.0
2026-09-28T16:00,4.6,6.6,0.8,2.4,131.0
2026-09-28T17:00,8.7,11.1,1.8,3.5,135.0
2026-09-28T18:00,8.3,10.0,2.8,3.6,137.0
2026-09-28T19:00,8.8,10.1,4.3,3.7,138.0
2026-09-28T20:00,9.1,10.4,5.6,3.8,137.0
2026-09-28T21:00,9.4,10.9,6.6,3.9,135.0
2026-09-28T22:00,10.0,11.6,7.4,3.9,131.0
2026-09-28T23:00,10.8,12.3,8.0,3.8,126.0
2026-09-29T00:00,11.3,12.6,8.4,3.5,119.0
2026-09-29T01:00,11.5,12.8,8.6,3.1,110.0
2026-09-29T02:00,11.5,12.7,8.5,2.7,105.0
2026-09-29T03:00,11.1,12.3,8.1,2.4,105.0
2026-09-29T04:00,10.7,11.8,7.5,2.0,108.0
2026-09-29T05:00,8.3,9.2,7.3,2.0,112.0
2026-09-29T06:00,8.3,9.4,6.2,2.0,117.0
2026-09-29T07:00,8.3,9.6,4.6,2.1,123.0
2026-09-29T08:00,7.3,8.8,3.3,2.3,127.0
2026-09-29T09:00,6.4,8.0,2.4,2.7,125.0
2026-09-29T10:00,6.3,7.6,1.6,3.1,121.0
2026-09-29T11:00,6.4,7.8,1.1,3.4,118.0
2026-09-29T12:00,6.6,8.3,0.8,3.4,117.0
2026-09-29T13:00,6.7,8.7,0.8,3.3,118.0
2026-09-29T14:00,6.9,9.1,0.9,3.3,119.0
2026-09-29T15:00,7.3,9.7,0.9,3.5,121.0
2026-09-29T16:00,7.8,10.2,1.0,3.8,123.0
2026-09-29T17:00,6.1,7.7,1.7,3.7,128.0
2026-09-29T18:00,6.8,8.3,3.2,3.9,137.0
2026-09-29T19:00,8.0,9.4,5.3,4.2,148.0
2026-09-29T20:00,9.4,10.8,7.1,4.5,154.0
2026-09-29T21:00,10.5,12.0,8.3,4.9,150.0
2026-09-29T22:00,11.4,13.1,9.2,5.4,142.0
2026-09-29T23:00,12.2,13.8,9.9,5.5,134.0
2026-09-30T00:00,12.8,14.3,10.3,5.0,129.0
2026-09-30T01:00,12.8,14.1,10.4,4.1,124.0
2026-09-30T02:00,12.4,13.5,10.4,3.3,121.0
2026-09-30T03:00,11.7,12.7,10.4,2.7,120.0
2026-09-30T04:00,10.9,11.8,10.3,2.3,120.0
2026-09-30T05:00,7.3,8.0,7.3,2.1,122.0
2026-09-30T06:00,6.9,7.7,6.5,2.2,126.0
2026-09-30T07:00,6.7,7.3,5.5,2.3,130.0
2026-09-30T08:00,6.3,6.9,4.5,2.5,132.0
2026-09-30T09:00,6.2,7.0,3.7,2.9,129.0
2026-09-30T10:00,5.7,6.9,3.0,3.3,122.0
2026-09-30T11:00,6.2,7.5,2.4,3.6,117.0
2026-09-30T12:00,6.0,8.0,1.9,3.6,114.0
2026-09-30T13:00,5.8,8.4,1.4,3.4,112.0
2026-09-30T14:00,5.9,9.0,1.2,3.2,111.0
2026-09-30T15:00,6.0,9.5,1.2,3.2,113.0
2026-09-30T16:00,6.2,10.2,1.5,3.2,117.0
2026-09-30T17:00,14.5,28.3,2.2,2.8,120.0
2026-09-30T18:00,16.1,27.9,3.0,2.8,122.0
2026-09-30T19:00,17.5,31.3,4.1,2.9,124.0
2026-09-30T20:00,17.2,29.3,5.0,2.8,125.0
2026-09-30T21:00,16.5,28.2,5.3,2.6,123.0
2026-09-30T22:00,15.3,25.6,5.3,2.3,120.0
2026-09-30T23:00,14.4,23.1,5.3,2.1,118.0
2026-10-01T00:00,13.9,21.5,5.5,2.0,118.0
2026-10-01T01:00,13.2,20.0,5.8,2.1,118.0
2026-10-01T02:00,12.5,18.7,6.1,2.1,118.0
2026-10-01T03:00,12.4,18.1,6.5,2.1,117.0
2026-10-01T04:00,12.6,18.2,7.0,2.1,116.0
2026-10-01T05:00,12.5,18.2,7.4,1.9,116.0
2026-10-01T06:00,12.5,18.9,6.4,1.9,118.0
2026-10-01T07:00,11.9,20.1,5.0,2.0,121.0
2026-10-01T08:00,11.6,20.2,3.6,2.0,123.0
2026-10-01T09:00,11.8,24.3,2.4,1.9,122.0
2026-10-01T10:00,12.4,29.0,1.3,1.8,120.0
2026-10-01T11:00,13.2,32.9,0.5,1.7,119.0
2026-10-01T12:00,14.1,36.3,0.3,1.6,119.0
2026-10-01T13:00,14.3,36.6,0.3,1.5,121.0
2026-10-01T14:00,13.7,33.6,0.5,1.5,122.0
2026-10-01T15:00,13.4,31.8,0.6,1.6,122.0
2026-10-01T16:00,14.1,32.7,0.7,1.7,123.0
2026-10-01T17:00,14.6,33.5,1.0,1.8,126.0
2026-10-01T18:00,14.0,29.7,1.4,1.7,134.0
2026-10-01T19:00,14.2,29.5,2.0,1.6,145.0
2026-10-01T20:00,13.9,27.4,2.6,1.5,151.0
2026-10-01T21:00,13.6,26.6,3.3,1.5,148.0
2026-10-01T22:00,13.9,26.3,4.0,1.6,140.0
2026-10-01T23:00,14.9,28.8,4.7,1.7,133.0
