vaqt,pm2_5_ug_m3,pm10_ug_m3,no2_ug_m3,so2_ug_m3,co_ug_m3
2026-04-04T00:00,14.3,23.4,5.4,1.3,141.0
2026-04-04T01:00,9.8,15.8,5.3,1.2,139.0
2026-04-04T02:00,7.5,11.8,5.3,1.1,139.0
2026-04-04T03:00,6.7,9.9,5.5,1.0,142.0
2026-04-04T04:00,6.6,9.2,5.8,0.8,147.0
2026-04-04T05:00,4.5,6.5,3.6,0.8,151.0
2026-04-04T06:00,3.9,5.4,3.5,0.9,152.0
2026-04-04T07:00,4.0,5.6,3.4,1.1,151.0
2026-04-04T08:00,4.2,6.3,3.4,1.2,150.0
2026-04-04T09:00,4.3,6.7,3.5,1.4,148.0
2026-04-04T10:00,4.8,8.2,3.7,1.5,146.0
2026-04-04T11:00,6.1,9.8,3.7,1.6,145.0
2026-04-04T12:00,6.2,10.1,3.3,1.5,145.0
2026-04-04T13:00,5.6,9.1,2.6,1.3,146.0
2026-04-04T14:00,4.8,7.3,2.2,1.2,147.0
2026-04-04T15:00,4.0,5.9,1.9,1.1,149.0
2026-04-04T16:00,3.9,5.3,1.9,1.1,152.0
2026-04-04T17:00,7.8,11.8,2.8,1.3,155.0
2026-04-04T18:00,7.6,11.3,4.2,1.4,159.0
2026-04-04T19:00,8.6,12.0,6.2,1.6,164.0
2026-04-04T20:00,9.8,13.2,7.9,1.8,167.0
2026-04-04T21:00,10.7,14.2,9.1,2.0,167.0
2026-04-04T22:00,11.0,14.6,10.0,2.2,165.0
2026-04-04T23:00,11.4,14.9,10.7,2.2,162.0
2026-04-05T00:00,12.0,15.4,11.3,1.9,158.0
2026-04-05T01:00,12.4,15.5,11.8,1.5,153.0
2026-04-05T02:00,12.5,15.3,11.7,1.1,149.0
2026-04-05T03:00,12.3,14.6,11.0,0.8,147.0
2026-04-05T04:00,11.7,13.6,9.8,0.6,147.0
2026-04-05T05:00,8.2,10.0,7.0,0.7,148.0
2026-04-05T06:00,7.7,9.3,6.5,0.7,151.0
2026-04-05T07:00,7.6,9.0,5.8,0.7,155.0
2026-04-05T08:00,7.5,8.7,4.9,0.7,155.0
2026-04-05T09:00,6.8,8.1,3.6,0.8,147.0
2026-04-05T10:00,4.7,6.1,2.1,0.9,136.0
2026-04-05T11:00,3.8,5.0,1.0,0.9,127.0
2026-04-05T12:00,2.8,4.0,0.5,0.9,125.0
2026-04-05T13:00,2.2,3.4,0.4,0.8,126.0
2026-04-05T14:00,1.9,3.2,0.4,0.7,127.0
2026-04-05T15:00,1.8,3.2,0.2,0.6,128.0
2026-04-05T16:00,1.7,3.3,0.1,0.6,128.0
2026-04-05T17:00,2.9,5.9,0.8,0.6,130.0
2026-04-05T18:00,3.2,5.5,2.8,1.0,133.0
2026-04-05T19:00,4.0,6.2,5.5,1.5,137.0
2026-04-05T20:00,5.4,7.7,7.7,1.8,139.0
2026-04-05T21:00,6.5,8.8,9.1,1.8,138.0
2026-04-05T22:00,7.1,9.1,9.9,1.7,136.0
2026-04-05T23:00,6.9,8.7,10.2,1.5,133.0
2026-04-06T00:00,6.6,8.1,9.6,1.2,131.0
2026-04-06T01:00,6.4,8.0,8.5,0.8,128.0
2026-04-06T02:00,6.3,8.1,7.5,0.5,127.0
2026-04-06T03:00,6.5,8.3,6.9,0.4,128.0
2026-04-06T04:00,6.7,8.6,6.5,0.3,130.0
2026-04-06T05:00,7.9,10.2,6.6,0.7,131.0
2026-04-06T06:00,8.1,10.7,6.3,0.6,130.0
2026-04-06T07:00,8.5,10.9,5.8,0.4,128.0
2026-04-06T08:00,8.5,10.7,5.1,0.4,127.0
2026-04-06T09:00,7.5,12.7,3.8,0.6,128.0
2026-04-06T10:00,7.1,12.7,2.3,1.0,129.0
2026-04-06T11:00,6.9,12.5,1.2,1.3,131.0
2026-04-06T12:00,6.8,12.2,0.8,1.4,132.0
2026-04-06T13:00,6.8,11.9,0.9,1.4,132.0
2026-04-06T14:00,7.1,11.8,1.0,1.5,134.0
2026-04-06T15:00,7.4,11.8,1.1,1.6,139.0
2026-04-06T16:00,7.6,11.6,1.3,1.8,144.0
2026-04-06T17:00,13.2,18.9,2.4,2.3,148.0
2026-04-06T18:00,12.9,16.8,3.6,2.5,148.0
2026-04-06T19:00,13.6,16.2,5.4,2.8,145.0
2026-04-06T20:00,14.2,16.5,6.6,2.9,144.0
2026-04-06T21:00,14.5,17.1,7.0,2.9,145.0
2026-04-06T22:00,14.3,17.2,6.9,2.8,148.0
2026-04-06T23:00,14.9,18.4,6.6,2.5,149.0
2026-04-07T00:00,18.3,22.2,6.1,1.9,147.0
2026-04-07T01:00,18.3,22.1,5.5,1.1,144.0
2026-04-07T02:00,17.0,20.9,5.0,0.5,142.0
2026-04-07T03:00,15.2,19.0,4.9,0.3,143.0
2026-04-07T04:00,13.0,16.9,5.1,0.4,146.0
2026-04-07T05:00,8.0,11.1,3.5,0.4,148.0
2026-04-07T06:00,7.6,10.8,3.2,0.4,150.0
2026-04-07T07:00,6.5,9.5,2.8,0.5,152.0
2026-04-07T08:00,6.6,10.0,2.5,0.5,152.0
2026-04-07T09:00,5.4,7.9,2.2,0.5,149.0
2026-04-07T10:00,3.5,5.0,2.0,0.4,146.0
2026-04-07T11:00,3.2,4.4,1.9,0.4,143.0
2026-04-07T12:00,3.0,4.0,1.9,0.5,144.0
2026-04-07T13:00,3.3,4.5,1.9,0.6,146.0
2026-04-07T14:00,4.2,5.6,2.0,0.7,147.0
2026-04-07T15:00,3.6,5.3,2.0,0.7,147.0
2026-04-07T16:00,3.4,5.4,2.1,0.6,146.0
2026-04-07T17:00,5.4,8.9,2.2,0.7,145.0
2026-04-07T18:00,4.8,7.7,2.5,0.7,146.0
2026-04-07T19:00,4.7,7.3,2.9,0.8,147.0
2026-04-07T20:00,5.0,8.1,3.3,0.8,148.0
2026-04-07T21:00,5.1,8.4,3.5,0.8,148.0
2026-04-07T22:00,5.0,8.3,3.7,0.8,147.0
2026-04-07T23:00,5.1,8.5,3.8,0.8,146.0
2026-04-08T00:00,5.3,9.4,3.7,0.8,144.0
2026-04-08T01:00,5.5,9.9,3.5,0.8,142.0
2026-04-08T02:00,5.6,10.2,3.5,0.8,141.0
2026-04-08T03:00,6.0,10.8,3.8,0.8,142.0
2026-04-08T04:00,5.8,10.2,4.1,0.7,143.0
2026-04-08T05:00,5.3,8.8,3.3,0.5,145.0
2026-04-08T06:00,4.9,7.8,3.0,0.5,147.0
2026-04-08T07:00,3.9,6.3,2.6,0.6,150.0
2026-04-08T08:00,3.9,6.4,2.2,0.6,151.0
2026-04-08T09:00,4.0,6.9,1.7,0.6,151.0
2026-04-08T10:00,3.7,6.7,1.2,0.5,151.0
2026-04-08T11:00,3.3,6.3,0.8,0.5,149.0
2026-04-08T12:00,2.9,5.7,0.7,0.4,146.0
2026-04-08T13:00,2.7,5.3,0.7,0.4,142.0
2026-04-08T14:00,2.6,5.1,0.8,0.3,139.0
2026-04-08T15:00,2.7,5.4,0.8,0.3,139.0
2026-04-08T16:00,2.7,5.6,0.9,0.3,140.0
2026-04-08T17:00,3.6,7.5,1.4,0.4,143.0
2026-04-08T18:00,3.7,7.6,2.8,0.6,149.0
2026-04-08T19:00,4.4,8.2,4.7,0.8,156.0
2026-04-08T20:00,5.8,9.8,6.5,1.0,159.0
2026-04-08T21:00,6.8,11.1,7.9,1.2,155.0
2026-04-08T22:00,7.2,11.8,9.0,1.4,148.0
2026-04-08T23:00,7.4,12.1,9.8,1.5,143.0
2026-04-09T00:00,7.5,11.8,10.0,1.4,142.0
2026-04-09T01:00,7.5,11.4,9.8,1.1,144.0
2026-04-09T02:00,7.3,10.9,9.4,0.9,146.0
2026-04-09T03:00,6.9,10.3,8.9,0.7,150.0
2026-04-09T04:00,6.5,9.8,8.3,0.6,155.0
2026-04-09T05:00,6.1,9.3,9.4,0.9,159.0
2026-04-09T06:00,5.7,8.6,7.7,0.9,160.0
2026-04-09T07:00,5.4,8.0,5.3,0.8,160.0
2026-04-09T08:00,4.2,6.3,3.3,0.8,158.0
2026-04-09T09:00,2.7,5.9,2.0,0.8,155.0
2026-04-09T10:00,2.6,5.5,1.1,0.7,150.0
2026-04-09T11:00,2.2,4.9,0.5,0.7,147.0
2026-04-09T12:00,1.9,4.8,0.2,0.6,146.0
2026-04-09T13:00,1.7,4.5,0.3,0.5,146.0
2026-04-09T14:00,1.5,4.1,0.4,0.4,146.0
2026-04-09T15:00,1.4,3.9,0.2,0.4,146.0
2026-04-09T16:00,1.4,3.8,0.1,0.4,145.0
2026-04-09T17:00,1.9,3.7,0.8,0.4,146.0
2026-04-09T18:00,2.4,3.9,3.0,0.7,149.0
2026-04-09T19:00,3.6,5.3,6.2,1.1,153.0
2026-04-09T20:00,5.7,7.6,8.6,1.4,155.0
2026-04-09T21:00,7.1,9.1,9.7,1.6,153.0
2026-04-09T22:00,7.5,9.7,10.2,1.7,148.0
2026-04-09T23:00,7.5,9.4,10.4,1.7,144.0
2026-04-10T00:00,7.4,9.2,10.4,1.4,142.0
2026-04-10T01:00,7.3,9.2,10.2,1.0,141.0
2026-04-10T02:00,7.6,9.4,9.8,0.7,141.0
2026-04-10T03:00,7.9,9.8,9.3,0.5,145.0
2026-04-10T04:00,8.3,10.5,8.6,0.4,151.0
2026-04-10T05:00,8.1,10.7,6.2,0.6,154.0
2026-04-10T06:00,8.7,12.0,5.2,0.6,152.0
2026-04-10T07:00,9.1,12.3,3.8,0.6,147.0
2026-04-10T08:00,8.9,11.9,2.6,0.7,143.0
2026-04-10T09:00,8.3,13.6,1.8,0.8,140.0
2026-04-10T10:00,6.9,12.3,1.1,1.0,137.0
2026-04-10T11:00,6.0,11.1,0.7,1.1,136.0
2026-04-10T12:00,5.4,10.4,0.6,1.1,137.0
2026-04-10T13:00,5.3,10.1,0.7,1.1,139.0
2026-04-10T14:00,5.3,9.6,0.8,1.1,142.0
2026-04-10T15:00,5.3,9.1,0.8,1.1,145.0
2026-04-10T16:00,5.3,8.7,0.8,1.1,148.0
2026-04-10T17:00,4.9,8.8,1.5,1.3,151.0
2026-04-10T18:00,5.7,8.7,2.7,1.3,153.0
2026-04-10T19:00,7.0,10.5,4.4,1.3,153.0
2026-04-10T20:00,7.9,11.2,5.5,1.3,153.0
2026-04-10T21:00,8.1,11.6,5.5,1.2,151.0
2026-04-10T22:00,8.1,11.8,5.1,1.1,148.0
2026-04-10T23:00,8.3,12.2,4.8,1.0,146.0
2026-04-11T00:00,8.6,12.6,5.1,0.9,145.0
2026-04-11T01:00,8.8,12.8,5.7,0.8,144.0
2026-04-11T02:00,9.0,13.0,6.2,0.8,145.0
2026-04-11T03:00,9.1,13.3,6.8,0.8,148.0
2026-04-11T04:00,9.3,13.4,7.3,0.8,153.0
2026-04-11T05:00,10.3,13.5,7.7,0.6,156.0
2026-04-11T06:00,10.1,13.7,6.2,0.6,155.0
2026-04-11T07:00,9.5,13.5,4.0,0.6,152.0
2026-04-11T08:00,9.1,13.2,2.3,0.7,149.0
2026-04-11T09:00,7.2,12.1,1.4,0.8,147.0
2026-04-11T10:00,6.0,10.9,0.8,1.0,146.0
2026-04-11T11:00,5.1,10.1,0.5,1.1,145.0
2026-04-11T12:00,4.7,9.8,0.3,1.1,144.0
2026-04-11T13:00,4.6,10.1,0.4,1.0,143.0
2026-04-11T14:00,4.9,10.9,0.5,0.9,142.0
2026-04-11T15:00,7.1,14.4,0.5,0.9,141.0
2026-04-11T16:00,9.2,16.9,0.5,0.9,139.0
2026-04-11T17:00,11.0,22.6,1.1,0.7,139.0
2026-04-11T18:00,11.4,20.4,1.9,0.7,141.0
2026-04-11T19:00,12.6,19.8,3.0,0.6,145.0
2026-04-11T20:00,12.4,19.3,3.9,0.6,147.0
2026-04-11T21:00,12.6,19.7,4.4,0.6,145.0
2026-04-11T22:00,13.5,21.0,4.8,0.5,141.0
2026-04-11T23:00,14.0,21.4,4.9,0.5,138.0
2026-04-12T00:00,14.5,21.8,4.7,0.5,137.0
2026-04-12T01:00,14.8,22.3,4.3,0.4,137.0
2026-04-12T02:00,15.3,22.8,4.0,0.4,138.0
2026-04-12T03:00,15.5,23.3,4.1,0.4,142.0
2026-04-12T04:00,15.7,23.3,4.3,0.4,148.0
2026-04-12T05:00,13.5,19.6,4.1,0.4,152.0
2026-04-12T06:00,13.5,19.8,3.7,0.4,154.0
2026-04-12T07:00,13.4,19.6,3.0,0.5,155.0
2026-04-12T08:00,13.0,18.6,2.4,0.6,154.0
2026-04-12T09:00,10.7,21.7,1.7,0.8,150.0
2026-04-12T10:00,9.5,22.5,1.0,1.0,144.0
2026-04-12T11:00,9.1,23.0,0.5,1.1,140.0
2026-04-12T12:00,8.6,23.2,0.3,1.0,138.0
2026-04-12T13:00,8.6,23.9,0.4,0.9,138.0
2026-04-12T14:00,8.6,23.9,0.5,0.8,138.0
2026-04-12T15:00,8.6,23.8,0.4,0.8,139.0
2026-04-12T16:00,8.6,23.5,0.3,0.8,140.0
2026-04-12T17:00,13.2,35.6,0.8,0.8,141.0
2026-04-12T18:00,13.0,32.1,2.5,1.0,141.0
2026-04-12T19:00,15.4,32.1,4.9,1.3,141.0
2026-04-12T20:00,16.5,32.5,6.6,1.5,141.0
2026-04-12T21:00,16.9,31.2,7.2,1.5,141.0
2026-04-12T22:00,17.2,29.9,7.2,1.4,142.0
2026-04-12T23:00,17.2,28.7,7.0,1.2,142.0
2026-04-13T00:00,16.9,27.1,6.5,1.0,140.0
2026-04-13T01:00,16.2,25.2,5.8,0.8,138.0
2026-04-13T02:00,15.5,23.9,5.2,0.6,138.0
2026-04-13T03:00,15.0,23.6,4.8,0.6,141.0
2026-04-13T04:00,14.6,23.5,4.5,0.6,147.0
2026-04-13T05:00,13.9,22.2,4.3,0.6,150.0
2026-04-13T06:00,13.7,23.6,3.8,0.7,150.0
2026-04-13T07:00,13.1,22.6,3.2,0.8,148.0
2026-04-13T08:00,11.4,19.2,2.5,0.9,145.0
2026-04-13T09:00,9.4,23.8,1.8,1.0,141.0
2026-04-13T10:00,9.2,25.2,1.2,1.2,137.0
2026-04-13T11:00,9.0,24.7,0.7,1.2,135.0
2026-04-13T12:00,8.4,23.0,0.5,1.1,136.0
2026-04-13T13:00,7.8,21.2,0.4,0.9,138.0
2026-04-13T14:00,7.5,19.8,0.5,0.8,140.0
2026-04-13T15:00,7.3,18.9,0.5,0.7,142.0
2026-04-13T16:00,7.4,18.3,0.5,0.6,144.0
2026-04-13T17:00,6.1,13.6,1.3,0.8,145.0
2026-04-13T18:00,6.3,11.9,2.9,1.2,144.0
2026-04-13T19:00,7.0,11.9,5.2,1.8,142.0
2026-04-13T20:00,8.0,12.5,7.1,2.2,140.0
2026-04-13T21:00,8.7,13.1,8.3,2.1,140.0
2026-04-13T22:00,9.6,13.4,9.1,1.8,141.0
2026-04-13T23:00,10.0,13.5,9.5,1.5,141.0
2026-04-14T00:00,10.0,13.4,9.2,1.3,140.0
2026-04-14T01:00,9.9,13.5,8.5,1.1,140.0
2026-04-14T02:00,9.8,13.7,7.8,0.9,140.0
2026-04-14T03:00,9.9,13.9,7.5,0.8,143.0
2026-04-14T04:00,10.0,14.0,7.4,0.8,148.0
2026-04-14T05:00,9.8,12.5,7.9,1.1,151.0
2026-04-14T06:00,9.5,12.1,6.7,1.2,152.0
2026-04-14T07:00,9.1,11.2,4.9,1.3,151.0
2026-04-14T08:00,7.8,10.4,3.4,1.4,148.0
2026-04-14T09:00,7.7,13.2,2.4,1.6,143.0
2026-04-14T10:00,7.8,14.4,1.6,1.8,136.0
2026-04-14T11:00,8.0,15.1,1.0,1.8,131.0
2026-04-14T12:00,8.2,15.9,0.6,1.6,129.0
2026-04-14T13:00,8.0,15.8,0.5,1.3,129.0
2026-04-14T14:00,7.7,15.5,0.5,1.0,130.0
2026-04-14T15:00,7.1,14.7,0.5,0.9,131.0
2026-04-14T16:00,6.8,14.0,0.6,0.8,134.0
2026-04-14T17:00,6.6,15.0,1.4,0.7,135.0
2026-04-14T18:00,6.7,13.7,3.9,1.0,135.0
2026-04-14T19:00,7.7,14.7,7.3,1.4,135.0
2026-04-14T20:00,9.6,16.5,9.7,1.6,134.0
2026-04-14T21:00,11.0,17.5,10.2,1.6,134.0
2026-04-14T22:00,11.4,16.6,9.8,1.4,134.0
2026-04-14T23:00,10.9,15.0,8.9,1.2,133.0
2026-04-15T00:00,10.2,14.1,7.5,1.1,131.0
2026-04-15T01:00,9.5,13.3,5.7,1.0,128.0
2026-04-15T02:00,9.0,12.5,4.3,0.9,126.0
2026-04-15T03:00,8.6,12.0,3.5,0.9,127.0
2026-04-15T04:00,8.3,11.8,3.1,0.9,130.0
2026-04-15T05:00,10.2,14.9,4.8,1.0,133.0
2026-04-15T06:00,9.2,14.9,4.4,1.1,136.0
2026-04-15T07:00,7.7,14.5,3.8,1.2,140.0
2026-04-15T08:00,7.2,17.9,3.2,1.3,142.0
2026-04-15T09:00,7.4,19.8,2.6,1.4,141.0
2026-04-15T10:00,8.3,22.2,2.1,1.5,139.0
2026-04-15T11:00,10.1,25.8,1.6,1.5,138.0
2026-04-15T12:00,12.4,30.9,1.3,1.4,139.0
2026-04-15T13:00,13.7,33.9,1.2,1.1,142.0
2026-04-15T14:00,14.3,34.9,1.1,1.0,144.0
2026-04-15T15:00,14.4,35.3,1.0,1.0,144.0
2026-04-15T16:00,14.0,36.6,1.0,1.0,144.0
2026-04-15T17:00,16.5,43.2,2.7,0.7,146.0
2026-04-15T18:00,15.7,41.8,2.8,0.7,152.0
2026-04-15T19:00,15.1,41.6,3.0,0.8,160.0
2026-04-15T20:00,15.3,45.9,3.3,0.8,164.0
2026-04-15T21:00,14.0,43.3,3.6,0.8,162.0
2026-04-15T22:00,12.3,37.3,3.9,0.8,156.0
2026-04-15T23:00,11.1,33.5,4.3,0.8,150.0
2026-04-16T00:00,10.6,31.2,5.0,0.9,143.0
2026-04-16T01:00,10.4,29.4,5.8,0.9,135.0
2026-04-16T02:00,10.6,28.6,6.5,1.0,132.0
2026-04-16T03:00,10.9,28.6,7.2,1.0,137.0
2026-04-16T04:00,11.2,29.8,7.8,1.0,146.0
2026-04-16T05:00,17.5,41.9,9.8,1.1,151.0
2026-04-16T06:00,17.3,44.1,9.1,1.4,149.0
2026-04-16T07:00,16.3,41.9,8.2,1.8,144.0
2026-04-16T08:00,14.5,40.3,7.0,2.1,139.0
2026-04-16T09:00,13.1,40.9,5.5,2.1,136.0
2026-04-16T10:00,12.3,40.6,3.9,1.9,134.0
2026-04-16T11:00,12.1,40.3,2.6,1.7,133.0
2026-04-16T12:00,12.6,42.5,2.1,1.5,132.0
2026-04-16T13:00,12.8,42.0,1.9,1.2,132.0
2026-04-16T14:00,12.8,40.6,1.9,1.0,133.0
2026-04-16T15:00,12.2,36.2,1.8,1.0,135.0
2026-04-16T16:00,12.7,35.7,1.9,1.1,137.0
2026-04-16T17:00,19.6,54.9,1.5,1.3,140.0
2026-04-16T18:00,18.0,48.3,2.2,1.3,142.0
2026-04-16T19:00,17.5,43.1,3.2,1.2,145.0
2026-04-16T20:00,17.8,42.6,4.0,1.2,147.0
2026-04-16T21:00,16.8,39.2,4.6,1.1,149.0
2026-04-16T22:00,15.5,36.2,5.0,1.1,151.0
2026-04-16T23:00,15.0,39.5,5.3,1.0,152.0
2026-04-17T00:00,15.7,58.6,5.5,0.9,153.0
2026-04-17T01:00,17.1,81.0,5.5,0.9,153.0
2026-04-17T02:00,18.8,101.3,5.4,0.9,154.0
2026-04-17T03:00,20.4,118.3,5.2,1.0,157.0
2026-04-17T04:00,21.4,126.2,4.9,1.1,161.0
2026-04-17T05:00,20.9,111.1,4.4,1.1,163.0
2026-04-17T06:00,18.7,90.3,3.7,1.0,162.0
2026-04-17T07:00,15.7,64.0,2.8,0.9,160.0
2026-04-17T08:00,13.6,55.5,2.0,0.8,158.0
2026-04-17T09:00,12.1,46.0,1.4,0.8,158.0
2026-04-17T10:00,11.2,36.1,1.0,0.7,158.0
2026-04-17T11:00,12.0,36.9,0.7,0.7,158.0
2026-04-17T12:00,12.7,36.3,0.6,0.7,157.0
2026-04-17T13:00,12.2,33.3,0.6,0.6,156.0
2026-04-17T14:00,12.0,31.4,0.7,0.6,156.0
2026-04-17T15:00,10.8,27.9,0.7,0.6,157.0
2026-04-17T16:00,10.7,27.8,0.7,0.6,159.0
2026-04-17T17:00,13.9,46.0,1.2,0.4,162.0
2026-04-17T18:00,14.5,44.7,2.6,0.6,168.0
2026-04-17T19:00,15.4,43.1,4.6,0.8,176.0
2026-04-17T20:00,16.6,48.0,6.4,1.0,180.0
2026-04-17T21:00,17.2,51.6,7.6,1.2,177.0
2026-04-17T22:00,17.4,52.9,8.6,1.5,171.0
2026-04-17T23:00,17.1,50.6,9.3,1.6,165.0
2026-04-18T00:00,16.7,46.2,9.6,1.5,160.0
2026-04-18T01:00,16.2,44.4,9.5,1.4,156.0
2026-04-18T02:00,15.9,43.9,9.5,1.2,154.0
2026-04-18T03:00,15.5,42.1,9.8,1.0,157.0
2026-04-18T04:00,14.8,38.6,10.1,0.8,162.0
2026-04-18T05:00,14.6,30.0,11.0,0.5,165.0
2026-04-18T06:00,14.8,31.8,8.9,0.6,164.0
2026-04-18T07:00,15.3,33.9,6.0,0.7,162.0
2026-04-18T08:00,16.1,38.8,3.7,0.8,161.0
2026-04-18T09:00,16.8,45.1,2.5,1.0,165.0
2026-04-18T10:00,16.8,45.8,1.9,1.2,171.0
2026-04-18T11:00,15.8,41.8,1.4,1.3,175.0
2026-04-18T12:00,14.3,36.6,1.0,1.2,174.0
2026-04-18T13:00,13.5,32.9,0.8,1.0,170.0
2026-04-18T14:00,12.8,31.1,0.7,0.8,168.0
2026-04-18T15:00,12.2,29.1,0.6,0.8,168.0
2026-04-18T16:00,12.2,28.2,0.6,0.8,169.0
2026-04-18T17:00,14.8,31.4,1.4,1.7,172.0
2026-04-18T18:00,14.8,28.9,2.6,1.8,177.0
2026-04-18T19:00,14.8,25.3,4.3,1.9,184.0
2026-04-18T20:00,14.6,24.5,5.8,2.2,188.0
2026-04-18T21:00,14.3,23.9,7.1,2.7,187.0
2026-04-18T22:00,14.1,23.5,8.3,3.2,184.0
2026-04-18T23:00,14.1,23.5,9.1,3.8,179.0
2026-04-19T00:00,13.9,23.1,9.4,4.4,171.0
2026-04-19T01:00,13.6,22.8,9.3,4.9,160.0
2026-04-19T02:00,14.0,23.2,9.4,5.3,153.0
2026-04-19T03:00,14.5,24.0,10.0,5.5,152.0
2026-04-19T04:00,15.3,25.7,10.8,5.6,153.0
2026-04-19T05:00,17.8,29.6,10.2,3.4,154.0
2026-04-19T06:00,18.2,29.8,8.7,3.8,152.0
2026-04-19T07:00,18.5,29.7,6.6,4.3,150.0
2026-04-19T08:00,18.3,31.0,4.7,4.6,148.0
2026-04-19T09:00,16.3,29.2,3.4,4.4,148.0
2026-04-19T10:00,13.7,25.3,2.4,3.9,150.0
2026-04-19T11:00,10.0,19.4,1.6,3.4,150.0
2026-04-19T12:00,8.1,16.5,1.1,2.8,149.0
2026-04-19T13:00,7.0,15.4,0.8,2.1,146.0
2026-04-19T14:00,6.8,15.2,0.7,1.6,145.0
2026-04-19T15:00,7.0,15.4,0.5,1.4,145.0
2026-04-19T16:00,7.2,15.8,0.5,1.5,146.0
2026-04-19T17:00,9.5,21.7,1.0,1.4,147.0
2026-04-19T18:00,9.8,19.4,2.9,1.6,147.0
2026-04-19T19:00,12.1,20.5,5.6,1.9,147.0
2026-04-19T20:00,13.8,22.2,7.9,2.1,147.0
2026-04-19T21:00,14.8,23.3,9.6,2.1,146.0
2026-04-19T22:00,15.0,23.4,10.9,2.0,145.0
2026-04-19T23:00,14.4,21.2,11.2,1.8,144.0
2026-04-20T00:00,13.3,19.0,9.9,1.5,144.0
2026-04-20T01:00,12.6,18.5,7.6,1.1,144.0
2026-04-20T02:00,12.7,19.0,5.6,0.8,145.0
2026-04-20T03:00,13.5,20.8,4.3,0.8,148.0
2026-04-20T04:00,14.9,23.3,3.4,0.9,153.0
2026-04-20T05:00,13.2,19.6,3.5,1.2,155.0
2026-04-20T06:00,13.8,20.3,3.1,1.2,154.0
2026-04-20T07:00,14.3,21.4,2.5,1.3,150.0
2026-04-20T08:00,14.6,22.1,2.0,1.3,147.0
2026-04-20T09:00,13.4,22.9,1.5,1.3,144.0
2026-04-20T10:00,12.0,22.4,1.0,1.3,142.0
2026-04-20T11:00,11.2,21.5,0.6,1.2,140.0
2026-04-20T12:00,10.2,20.4,0.4,1.1,139.0
2026-04-20T13:00,9.3,19.0,0.4,0.9,138.0
2026-04-20T14:00,8.2,17.2,0.5,0.8,137.0
2026-04-20T15:00,7.4,15.7,0.4,0.7,137.0
2026-04-20T16:00,6.6,14.3,0.3,0.6,137.0
2026-04-20T17:00,4.4,8.4,1.1,0.6,138.0
2026-04-20T18:00,5.1,9.3,2.6,0.7,141.0
2026-04-20T19:00,5.8,9.7,4.6,0.8,144.0
2026-04-20T20:00,6.2,9.5,5.9,0.9,145.0
2026-04-20T21:00,6.1,9.0,5.7,0.9,142.0
2026-04-20T22:00,6.1,8.9,4.9,0.8,136.0
2026-04-20T23:00,6.0,8.8,4.1,0.8,132.0
2026-04-21T00:00,6.0,8.9,3.8,0.8,130.0
2026-04-21T01:00,6.0,8.9,3.6,0.8,129.0
2026-04-21T02:00,6.2,9.1,3.4,0.8,129.0
2026-04-21T03:00,6.2,9.1,3.1,0.8,131.0
2026-04-21T04:00,6.1,8.9,2.8,0.9,133.0
2026-04-21T05:00,6.0,13.8,3.1,1.0,135.0
2026-04-21T06:00,6.2,14.4,2.7,1.0,134.0
2026-04-21T07:00,6.0,13.6,2.0,0.9,132.0
2026-04-21T08:00,5.9,12.9,1.5,0.9,131.0
2026-04-21T09:00,6.0,14.3,1.2,0.9,130.0
2026-04-21T10:00,6.5,16.7,1.0,0.9,130.0
2026-04-21T11:00,6.9,19.0,0.8,0.9,130.0
2026-04-21T12:00,7.4,21.8,0.6,0.9,130.0
2026-04-21T13:00,7.8,25.0,0.5,0.9,129.0
2026-04-21T14:00,8.2,26.8,0.6,0.9,130.0
2026-04-21T15:00,8.9,29.3,0.8,0.9,133.0
2026-04-21T16:00,9.8,31.1,1.2,0.9,137.0
2026-04-21T17:00,10.1,31.5,3.2,0.9,140.0
2026-04-21T18:00,12.0,40.0,4.8,1.1,142.0
2026-04-21T19:00,13.4,44.9,6.9,1.3,142.0
2026-04-21T20:00,14.5,46.4,8.5,1.5,141.0
2026-04-21T21:00,14.3,43.1,9.1,1.5,135.0
2026-04-21T22:00,13.5,38.0,9.2,1.4,128.0
2026-04-21T23:00,12.6,34.2,9.0,1.4,122.0
2026-04-22T00:00,11.4,28.8,8.5,1.4,120.0
2026-04-22T01:00,11.1,27.0,7.7,1.5,121.0
2026-04-22T02:00,10.6,24.9,6.8,1.5,123.0
2026-04-22T03:00,9.9,22.5,5.9,1.4,126.0
2026-04-22T04:00,9.7,22.4,4.9,1.2,130.0
2026-04-22T05:00,7.5,16.5,3.3,1.4,134.0
2026-04-22T06:00,6.7,15.3,3.0,1.3,138.0
2026-04-22T07:00,6.5,15.2,2.6,1.1,142.0
2026-04-22T08:00,6.9,16.7,2.3,1.0,144.0
2026-04-22T09:00,8.6,22.6,2.1,1.0,141.0
2026-04-22T10:00,10.1,26.9,2.0,1.1,135.0
2026-04-22T11:00,12.2,34.1,1.9,1.2,131.0
2026-04-22T12:00,14.3,41.3,1.9,1.2,129.0
2026-04-22T13:00,16.5,47.5,2.0,1.1,129.0
2026-04-22T14:00,15.5,41.7,2.2,1.1,131.0
2026-04-22T15:00,15.1,38.8,2.5,1.1,136.0
2026-04-22T16:00,14.7,35.5,2.9,1.2,144.0
2026-04-22T17:00,12.1,31.1,2.4,1.2,151.0
2026-04-22T18:00,12.1,29.3,3.3,1.2,159.0
2026-04-22T19:00,11.3,24.5,4.6,1.2,167.0
2026-04-22T20:00,10.7,21.4,5.8,1.2,169.0
2026-04-22T21:00,10.3,20.0,6.8,1.1,161.0
2026-04-22T22:00,9.9,18.5,7.8,1.0,148.0
2026-04-22T23:00,9.5,17.5,8.7,0.9,137.0
2026-04-23T00:00,9.7,18.2,9.5,0.9,130.0
2026-04-23T01:00,10.0,19.0,10.2,0.9,125.0
2026-04-23T02:00,10.2,19.0,10.5,0.9,123.0
2026-04-23T03:00,10.4,19.8,10.3,0.7,125.0
2026-04-23T04:00,11.0,20.6,9.6,0.5,130.0
2026-04-23T05:00,11.3,21.1,8.4,1.0,135.0
2026-04-23T06:00,11.1,24.0,6.8,0.9,138.0
2026-04-23T07:00,11.4,26.0,4.6,0.9,140.0
2026-04-23T08:00,11.3,27.6,2.8,0.8,141.0
2026-04-23T09:00,11.4,27.0,1.9,0.7,139.0
2026-04-23T10:00,10.6,23.5,1.4,0.7,136.0
2026-04-23T11:00,8.5,19.5,1.0,0.6,134.0
2026-04-23T12:00,7.4,17.3,0.7,0.5,134.0
2026-04-23T13:00,6.4,15.3,0.5,0.4,134.0
2026-04-23T14:00,5.3,13.1,0.5,0.3,135.0
2026-04-23T15:00,4.5,11.5,0.4,0.3,135.0
2026-04-23T16:00,4.2,10.5,0.5,0.3,136.0
2026-04-23T17:00,4.9,12.0,1.0,0.3,138.0
2026-04-23T18:00,5.1,11.0,2.3,0.4,145.0
2026-04-23T19:00,6.5,12.1,4.2,0.6,154.0
2026-04-23T20:00,8.4,15.0,5.9,0.7,159.0
2026-04-23T21:00,9.5,16.9,7.4,0.8,156.0
2026-04-23T22:00,10.0,17.9,8.8,1.0,150.0
2026-04-23T23:00,10.2,17.7,9.9,1.0,144.0
2026-04-24T00:00,9.9,16.0,10.5,0.9,140.0
2026-04-24T01:00,9.3,14.3,10.7,0.7,136.0
2026-04-24T02:00,8.6,12.9,10.7,0.6,134.0
2026-04-24T03:00,7.9,11.6,10.5,0.5,136.0
2026-04-24T04:00,7.2,10.5,10.0,0.4,141.0
2026-04-24T05:00,7.7,11.1,9.8,0.6,144.0
2026-04-24T06:00,7.5,11.1,7.7,0.7,145.0
2026-04-24T07:00,6.9,9.9,4.8,0.8,145.0
2026-04-24T08:00,5.5,8.1,2.5,0.9,144.0
2026-04-24T09:00,4.5,8.6,1.4,1.0,141.0
2026-04-24T10:00,4.5,9.5,1.0,1.0,137.0
2026-04-24T11:00,4.2,9.4,0.7,1.0,134.0
2026-04-24T12:00,4.0,9.5,0.5,0.9,133.0
2026-04-24T13:00,3.8,9.3,0.4,0.8,133.0
2026-04-24T14:00,3.7,9.2,0.5,0.7,133.0
2026-04-24T15:00,3.6,9.2,0.4,0.6,134.0
2026-04-24T16:00,3.6,8.9,0.5,0.6,136.0
2026-04-24T17:00,4.0,10.2,1.0,0.5,138.0
2026-04-24T18:00,4.1,8.7,3.0,0.8,140.0
2026-04-24T19:00,4.9,9.5,5.7,1.1,142.0
2026-04-24T20:00,6.2,10.9,8.0,1.4,143.0
2026-04-24T21:00,6.7,11.4,9.4,1.5,141.0
2026-04-24T22:00,7.3,11.1,10.4,1.4,137.0
2026-04-24T23:00,7.5,10.4,10.9,1.3,134.0
2026-04-25T00:00,7.3,9.7,10.9,1.1,132.0
2026-04-25T01:00,7.0,9.3,10.6,0.9,130.0
2026-04-25T02:00,6.8,9.0,10.1,0.8,131.0
2026-04-25T03:00,6.5,8.7,9.7,0.8,135.0
2026-04-25T04:00,6.3,8.4,9.2,0.8,142.0
2026-04-25T05:00,6.4,8.1,7.5,0.7,146.0
2026-04-25T06:00,6.1,7.7,6.2,0.7,146.0
2026-04-25T07:00,5.3,7.0,4.3,0.7,144.0
2026-04-25T08:00,4.3,6.0,2.7,0.7,141.0
2026-04-25T09:00,3.7,6.7,1.7,0.7,137.0
2026-04-25T10:00,3.5,7.5,0.9,0.6,132.0
2026-04-25T11:00,3.2,7.6,0.4,0.6,129.0
2026-04-25T12:00,3.1,7.3,0.2,0.6,128.0
2026-04-25T13:00,3.0,7.1,0.3,0.5,128.0
2026-04-25T14:00,2.8,6.3,0.4,0.5,129.0
2026-04-25T15:00,2.8,6.1,0.3,0.5,131.0
2026-04-25T16:00,2.9,6.3,0.4,0.5,133.0
2026-04-25T17:00,2.5,5.2,0.9,0.8,135.0
2026-04-25T18:00,3.0,5.5,2.9,1.0,136.0
2026-04-25T19:00,3.8,6.4,5.8,1.2,136.0
2026-04-25T20:00,4.4,7.0,7.9,1.3,135.0
2026-04-25T21:00,5.2,7.5,8.7,1.3,134.0
2026-04-25T22:00,5.3,7.2,8.9,1.2,132.0
2026-04-25T23:00,5.0,6.6,8.6,1.1,131.0
2026-04-26T00:00,4.6,6.3,7.8,1.0,129.0
2026-04-26T01:00,4.6,6.3,6.6,0.9,128.0
2026-04-26T02:00,4.6,6.4,5.5,0.8,128.0
2026-04-26T03:00,4.7,6.7,4.9,0.8,130.0
2026-04-26T04:00,4.9,6.9,4.5,0.9,134.0
2026-04-26T05:00,5.4,7.1,4.6,0.9,137.0
2026-04-26T06:00,5.4,7.5,4.1,0.9,140.0
2026-04-26T07:00,5.1,7.1,3.4,1.0,143.0
2026-04-26T08:00,4.4,6.1,2.7,1.0,143.0
2026-04-26T09:00,4.5,7.3,2.0,1.0,140.0
2026-04-26T10:00,4.8,9.2,1.3,0.9,134.0
2026-04-26T11:00,5.2,10.5,0.8,0.9,130.0
2026-04-26T12:00,5.5,12.0,0.6,0.9,128.0
2026-04-26T13:00,5.6,13.0,0.5,0.8,128.0
2026-04-26T14:00,5.5,13.7,0.6,0.8,128.0
2026-04-26T15:00,5.3,13.3,0.6,0.8,130.0
2026-04-26T16:00,5.2,12.6,0.6,0.8,132.0
2026-04-26T17:00,7.8,22.2,1.5,1.5,134.0
2026-04-26T18:00,7.9,21.0,3.1,1.6,135.0
2026-04-26T19:00,8.5,20.6,5.2,1.8,135.0
2026-04-26T20:00,9.3,22.2,6.9,2.0,136.0
2026-04-26T21:00,9.8,23.3,7.6,2.2,138.0
2026-04-26T22:00,9.7,22.9,7.8,2.5,140.0
2026-04-26T23:00,9.3,21.9,7.9,2.7,141.0
2026-04-27T00:00,8.8,20.7,8.0,2.7,141.0
2026-04-27T01:00,8.5,19.5,8.0,2.7,141.0
2026-04-27T02:00,8.6,18.5,8.2,2.6,142.0
2026-04-27T03:00,9.3,18.3,9.3,2.4,145.0
2026-04-27T04:00,9.9,18.0,10.6,2.1,150.0
2026-04-27T05:00,12.2,21.9,12.3,1.7,154.0
2026-04-27T06:00,11.7,20.4,10.1,1.9,157.0
2026-04-27T07:00,10.8,17.8,7.1,2.1,160.0
2026-04-27T08:00,8.8,17.3,4.6,2.3,161.0
2026-04-27T09:00,8.1,17.3,3.0,2.4,159.0
2026-04-27T10:00,8.1,18.1,1.9,2.4,155.0
2026-04-27T11:00,8.1,18.9,1.2,2.5,152.0
2026-04-27T12:00,7.9,18.5,0.9,2.6,150.0
2026-04-27T13:00,8.4,18.4,0.9,2.8,149.0
2026-04-27T14:00,9.3,19.1,1.0,3.0,149.0
2026-04-27T15:00,10.3,20.1,1.0,3.3,150.0
2026-04-27T16:00,11.4,21.2,1.0,3.6,153.0
2026-04-27T17:00,7.5,14.6,1.8,3.4,157.0
2026-04-27T18:00,7.9,13.5,3.2,3.7,164.0
2026-04-27T19:00,8.8,12.2,5.1,4.1,173.0
2026-04-27T20:00,10.1,12.7,6.9,4.5,178.0
2026-04-27T21:00,10.7,12.9,8.3,4.8,175.0
2026-04-27T22:00,11.2,13.1,9.6,5.0,169.0
2026-04-27T23:00,11.6,13.5,10.3,5.0,163.0
2026-04-28T00:00,12.0,13.7,10.1,4.5,161.0
2026-04-28T01:00,12.3,13.8,9.4,3.7,160.0
2026-04-28T02:00,12.7,13.9,8.8,3.1,159.0
2026-04-28T03:00,12.8,14.0,8.6,2.7,155.0
2026-04-28T04:00,13.2,14.4,8.6,2.5,150.0
2026-04-28T05:00,12.8,14.9,8.8,2.0,148.0
2026-04-28T06:00,12.8,14.9,7.2,2.4,150.0
2026-04-28T07:00,12.5,14.3,4.9,3.1,154.0
2026-04-28T08:00,10.2,12.5,3.0,3.6,157.0
2026-04-28T09:00,7.1,10.1,1.9,4.1,158.0
2026-04-28T10:00,5.6,9.4,1.3,4.5,158.0
2026-04-28T11:00,5.3,10.7,0.8,4.6,157.0
2026-04-28T12:00,5.7,12.7,0.6,4.3,156.0
2026-04-28T13:00,6.3,14.4,0.5,3.7,155.0
2026-04-28T14:00,7.0,15.7,0.6,3.2,153.0
2026-04-28T15:00,7.9,16.7,0.6,2.8,151.0
2026-04-28T16:00,8.8,17.1,0.6,2.5,149.0
2026-04-28T17:00,8.9,21.3,1.6,2.8,148.0
2026-04-28T18:00,9.3,20.9,3.1,2.8,151.0
2026-04-28T19:00,11.3,22.4,5.3,2.7,156.0
2026-04-28T20:00,13.4,25.3,7.1,2.7,158.0
2026-04-28T21:00,14.3,26.9,8.3,2.7,155.0
2026-04-28T22:00,15.2,27.8,9.2,2.6,149.0
2026-04-28T23:00,15.9,27.9,9.6,2.5,146.0
2026-04-29T00:00,16.5,27.1,9.4,2.3,148.0
2026-04-29T01:00,16.6,26.0,8.7,2.0,152.0
2026-04-29T02:00,16.4,25.0,8.1,1.7,156.0
2026-04-29T03:00,16.2,23.7,8.0,1.4,161.0
2026-04-29T04:00,15.9,22.1,8.1,1.2,167.0
2026-04-29T05:00,12.4,17.6,6.3,1.3,169.0
2026-04-29T06:00,11.5,16.6,5.3,1.4,164.0
2026-04-29T07:00,10.5,14.7,3.8,1.5,156.0
2026-04-29T08:00,8.8,13.4,2.6,1.7,150.0
2026-04-29T09:00,6.0,12.5,1.7,1.9,149.0
2026-04-29T10:00,5.1,12.6,1.1,2.2,150.0
2026-04-29T11:00,5.3,13.5,0.6,2.4,151.0
2026-04-29T12:00,4.9,11.8,0.4,2.4,150.0
2026-04-29T13:00,4.8,11.0,0.4,2.2,149.0
2026-04-29T14:00,4.7,9.9,0.5,2.1,148.0
2026-04-29T15:00,5.3,10.4,0.4,2.0,148.0
2026-04-29T16:00,5.2,9.4,0.5,2.0,147.0
2026-04-29T17:00,13.5,28.3,1.2,1.9,148.0
2026-04-29T18:00,12.2,22.5,3.0,2.0,150.0
2026-04-29T19:00,19.4,34.6,5.5,2.0,153.0
2026-04-29T20:00,19.6,32.8,7.1,2.0,155.0
2026-04-29T21:00,20.0,31.1,6.9,1.8,154.0
2026-04-29T22:00,20.2,30.6,5.9,1.4,151.0
2026-04-29T23:00,21.5,32.1,5.0,1.1,148.0
2026-04-30T00:00,22.7,33.2,4.7,0.9,145.0
2026-04-30T01:00,23.6,34.2,4.6,0.9,143.0
2026-04-30T02:00,24.1,35.2,4.6,0.8,143.0
2026-04-30T03:00,24.3,35.9,4.7,0.7,148.0
2026-04-30T04:00,24.3,36.0,4.9,0.7,156.0
2026-04-30T05:00,24.3,35.2,5.9,0.7,161.0
2026-04-30T06:00,23.6,35.9,5.0,0.8,161.0
2026-04-30T07:00,21.9,34.1,3.8,0.8,159.0
2026-04-30T08:00,19.7,29.5,2.7,0.9,156.0
2026-04-30T09:00,16.9,33.1,1.8,1.0,152.0
2026-04-30T10:00,15.0,38.0,1.0,1.1,148.0
2026-04-30T11:00,15.0,39.7,0.5,1.1,145.0
2026-04-30T12:00,14.6,38.9,0.3,1.0,144.0
2026-04-30T13:00,14.0,37.7,0.3,0.9,145.0
2026-04-30T14:00,13.4,36.2,0.4,0.8,145.0
2026-04-30T15:00,13.1,35.3,0.5,0.7,144.0
2026-04-30T16:00,13.6,34.8,0.6,0.6,144.0
2026-04-30T17:00,10.8,24.4,1.3,0.7,144.0
2026-04-30T18:00,10.9,22.7,2.3,0.8,147.0
2026-04-30T19:00,12.8,24.3,3.7,0.9,150.0
2026-04-30T20:00,13.8,25.3,4.7,0.9,152.0
2026-04-30T21:00,14.4,26.0,5.0,0.9,150.0
2026-04-30T22:00,14.0,23.5,4.9,0.8,146.0
2026-04-30T23:00,13.6,21.7,4.7,0.7,143.0
2026-05-01T00:00,13.4,21.1,4.4,0.7,140.0
2026-05-01T01:00,13.3,20.7,4.0,0.6,137.0
2026-05-01T02:00,13.3,20.2,3.7,0.6,137.0
2026-05-01T03:00,13.2,20.0,3.7,0.6,140.0
2026-05-01T04:00,13.4,20.7,3.8,0.7,146.0
2026-05-01T05:00,11.1,15.7,4.1,0.7,150.0
2026-05-01T06:00,10.7,15.7,3.5,0.8,151.0
2026-05-01T07:00,10.1,14.6,2.7,0.8,149.0
2026-05-01T08:00,9.2,14.6,1.9,0.9,148.0
2026-05-01T09:00,8.9,16.9,1.3,1.0,146.0
2026-05-01T10:00,8.3,18.3,0.8,1.1,144.0
2026-05-01T11:00,7.1,16.8,0.5,1.1,143.0
2026-05-01T12:00,6.6,15.9,0.4,1.1,143.0
2026-05-01T13:00,6.4,15.3,0.4,1.0,143.0
2026-05-01T14:00,6.5,15.7,0.5,1.0,143.0
2026-05-01T15:00,6.3,15.4,0.4,1.0,143.0
2026-05-01T16:00,6.0,14.7,0.4,1.1,143.0
2026-05-01T17:00,8.0,18.5,1.5,1.0,143.0
2026-05-01T18:00,8.2,17.6,3.0,1.1,144.0
2026-05-01T19:00,8.9,18.7,5.0,1.2,146.0
2026-05-01T20:00,11.4,23.1,6.3,1.2,147.0
2026-05-01T21:00,11.8,21.2,6.3,1.1,147.0
2026-05-01T22:00,11.7,20.4,5.5,1.0,146.0
2026-05-01T23:00,12.1,21.5,4.9,0.9,144.0
2026-05-02T00:00,13.0,24.0,4.6,0.9,142.0
2026-05-02T01:00,14.0,27.6,4.4,0.8,139.0
2026-05-02T02:00,15.0,30.6,4.4,0.8,137.0
2026-05-02T03:00,15.3,31.1,4.7,0.7,138.0
2026-05-02T04:00,15.1,29.8,5.1,0.7,139.0
2026-05-02T05:00,12.8,27.1,5.9,0.7,140.0
2026-05-02T06:00,11.3,22.4,4.9,0.7,139.0
2026-05-02T07:00,9.4,19.3,3.6,0.6,137.0
2026-05-02T08:00,8.1,17.3,2.5,0.6,136.0
2026-05-02T09:00,8.0,17.3,1.9,0.5,136.0
2026-05-02T10:00,9.3,20.1,1.5,0.5,137.0
2026-05-02T11:00,9.8,21.4,1.2,0.4,137.0
2026-05-02T12:00,9.5,21.0,1.0,0.3,136.0
2026-05-02T13:00,9.7,21.3,0.8,0.3,136.0
2026-05-02T14:00,10.2,21.8,0.8,0.3,135.0
2026-05-02T15:00,10.7,22.0,0.7,0.4,134.0
2026-05-02T16:00,9.7,19.7,0.7,0.5,134.0
2026-05-02T17:00,16.5,37.1,0.8,0.5,135.0
2026-05-02T18:00,16.4,35.5,1.5,0.6,138.0
2026-05-02T19:00,17.7,32.5,2.5,0.7,142.0
2026-05-02T20:00,19.6,35.6,3.6,0.8,145.0
2026-05-02T21:00,22.7,43.3,4.6,0.9,144.0
2026-05-02T22:00,22.7,42.3,5.7,1.0,142.0
2026-05-02T23:00,23.2,41.6,6.8,1.1,139.0
2026-05-03T00:00,23.6,40.6,7.9,1.0,136.0
2026-05-03T01:00,23.7,41.0,8.9,0.9,134.0
2026-05-03T02:00,23.8,41.7,10.0,0.8,133.0
2026-05-03T03:00,23.8,43.0,11.5,0.8,136.0
2026-05-03T04:00,24.0,44.4,13.0,0.9,141.0
2026-05-03T05:00,23.8,48.2,14.2,1.1,145.0
2026-05-03T06:00,23.6,47.8,10.7,1.1,145.0
2026-05-03T07:00,23.1,43.3,6.0,1.0,144.0
2026-05-03T08:00,19.7,42.3,2.3,0.9,143.0
2026-05-03T09:00,16.0,36.3,0.9,0.8,142.0
2026-05-03T10:00,13.4,32.9,0.7,0.7,142.0
2026-05-03T11:00,12.7,31.9,0.6,0.6,141.0
2026-05-03T12:00,12.6,32.5,0.4,0.6,139.0
2026-05-03T13:00,12.7,32.8,0.4,0.7,137.0
2026-05-03T14:00,13.0,32.9,0.4,0.7,135.0
2026-05-03T15:00,13.1,32.1,0.4,0.7,133.0
2026-05-03T16:00,12.5,30.7,0.4,0.7,131.0
2026-05-03T17:00,20.3,47.3,0.9,0.9,132.0
2026-05-03T18:00,22.1,43.3,2.2,1.0,138.0
2026-05-03T19:00,23.3,41.4,3.9,1.2,147.0
2026-05-03T20:00,24.5,42.3,5.4,1.3,153.0
2026-05-03T21:00,25.4,44.2,6.3,1.3,152.0
2026-05-03T22:00,26.0,44.6,6.9,1.3,147.0
2026-05-03T23:00,25.6,44.8,7.5,1.2,142.0
2026-05-04T00:00,26.0,48.1,8.3,1.2,137.0
2026-05-04T01:00,26.4,49.7,9.1,1.1,133.0
2026-05-04T02:00,27.0,51.5,9.7,1.1,131.0
2026-05-04T03:00,27.6,53.4,10.3,1.0,134.0
2026-05-04T04:00,28.2,54.2,10.6,1.0,139.0
2026-05-04T05:00,26.8,48.3,8.3,0.9,143.0
2026-05-04T06:00,27.0,47.7,6.4,0.9,143.0
2026-05-04T07:00,26.5,42.7,3.8,0.9,141.0
2026-05-04T08:00,22.8,41.4,1.8,0.9,139.0
2026-05-04T09:00,16.7,31.1,0.9,0.8,137.0
2026-05-04T10:00,12.3,24.4,0.6,0.6,136.0
2026-05-04T11:00,10.0,21.1,0.4,0.5,134.0
2026-05-04T12:00,8.6,19.6,0.3,0.4,133.0
2026-05-04T13:00,7.7,18.9,0.3,0.3,132.0
2026-05-04T14:00,7.0,18.6,0.4,0.3,131.0
2026-05-04T15:00,6.7,18.6,0.3,0.3,130.0
2026-05-04T16:00,6.3,18.4,0.2,0.3,130.0
2026-05-04T17:00,9.9,28.6,0.6,0.3,132.0
2026-05-04T18:00,8.8,24.8,2.5,0.4,139.0
2026-05-04T19:00,9.7,23.4,5.3,0.6,148.0
2026-05-04T20:00,11.6,25.0,7.6,0.8,153.0
2026-05-04T21:00,12.5,25.7,9.2,1.0,148.0
2026-05-04T22:00,13.0,25.8,10.5,1.2,139.0
2026-05-04T23:00,13.3,25.0,11.3,1.2,132.0
2026-05-05T00:00,13.0,23.2,11.5,1.0,129.0
2026-05-05T01:00,12.3,20.8,11.2,0.6,129.0
2026-05-05T02:00,11.5,18.9,10.5,0.4,130.0
2026-05-05T03:00,11.0,18.5,9.1,0.4,135.0
2026-05-05T04:00,11.1,19.4,7.3,0.4,141.0
2026-05-05T05:00,11.1,19.1,5.9,0.7,145.0
2026-05-05T06:00,11.4,19.7,4.8,0.8,144.0
2026-05-05T07:00,11.4,18.7,3.4,0.9,142.0
2026-05-05T08:00,10.7,21.5,2.1,1.0,139.0
2026-05-05T09:00,10.2,26.1,1.3,0.9,137.0
2026-05-05T10:00,9.5,25.9,0.8,0.7,136.0
2026-05-05T11:00,8.2,22.7,0.4,0.5,135.0
2026-05-05T12:00,6.5,18.9,0.3,0.4,135.0
2026-05-05T13:00,5.7,16.6,0.3,0.4,135.0
2026-05-05T14:00,5.1,14.9,0.4,0.4,135.0
2026-05-05T15:00,4.7,13.6,0.2,0.3,135.0
2026-05-05T16:00,4.5,12.9,0.1,0.3,136.0
2026-05-05T17:00,4.3,13.3,0.6,0.3,137.0
2026-05-05T18:00,3.8,10.9,2.2,0.4,140.0
2026-05-05T19:00,4.0,10.1,4.5,0.6,143.0
2026-05-05T20:00,4.5,10.4,6.6,0.7,145.0
2026-05-05T21:00,4.6,10.2,8.3,0.7,143.0
2026-05-05T22:00,5.2,9.7,9.8,0.7,140.0
2026-05-05T23:00,5.8,9.6,10.7,0.7,137.0
2026-05-06T00:00,6.3,10.2,10.8,0.6,135.0
2026-05-06T01:00,7.0,11.1,10.4,0.5,134.0
2026-05-06T02:00,7.7,11.9,9.6,0.4,134.0
2026-05-06T03:00,8.5,13.0,8.4,0.4,138.0
2026-05-06T04:00,9.7,14.8,6.9,0.5,143.0
2026-05-06T05:00,8.2,12.6,6.3,0.6,147.0
2026-05-06T06:00,9.6,14.9,5.2,0.7,148.0
2026-05-06T07:00,10.6,16.2,3.8,0.7,148.0
2026-05-06T08:00,10.7,16.7,2.5,0.8,146.0
2026-05-06T09:00,11.8,23.4,1.7,0.9,141.0
2026-05-06T10:00,12.3,25.7,1.0,1.0,135.0
2026-05-06T11:00,11.8,25.1,0.6,1.0,130.0
2026-05-06T12:00,10.5,22.6,0.4,0.9,128.0
2026-05-06T13:00,9.0,19.5,0.3,0.8,127.0
2026-05-06T14:00,8.4,18.2,0.4,0.7,127.0
2026-05-06T15:00,8.2,17.9,0.4,0.6,128.0
2026-05-06T16:00,8.1,17.8,0.5,0.6,129.0
2026-05-06T17:00,2.4,7.7,0.8,0.6,131.0
2026-05-06T18:00,3.3,7.9,3.2,0.8,133.0
2026-05-06T19:00,4.2,8.6,6.4,1.1,136.0
2026-05-06T20:00,5.4,10.0,8.9,1.3,137.0
2026-05-06T21:00,6.0,11.0,10.0,1.3,135.0
2026-05-06T22:00,6.4,11.4,10.3,1.2,131.0
2026-05-06T23:00,6.2,10.7,10.1,1.1,128.0
2026-05-07T00:00,5.6,9.8,9.0,1.0,126.0
2026-05-07T01:00,5.0,9.5,7.4,0.8,124.0
2026-05-07T02:00,4.5,9.1,6.0,0.7,125.0
2026-05-07T03:00,4.1,8.6,5.3,0.7,130.0
2026-05-07T04:00,3.8,7.8,4.8,0.8,138.0
2026-05-07T05:00,3.6,7.1,4.8,0.7,143.0
2026-05-07T06:00,3.3,6.5,4.2,0.7,143.0
2026-05-07T07:00,3.0,6.1,3.2,0.7,141.0
2026-05-07T08:00,2.9,6.0,2.4,0.7,138.0
2026-05-07T09:00,4.0,12.6,1.7,0.7,134.0
2026-05-07T10:00,4.5,16.5,1.1,0.8,129.0
2026-05-07T11:00,4.8,18.3,0.6,0.8,126.0
2026-05-07T12:00,4.8,18.7,0.4,0.7,126.0
2026-05-07T13:00,4.8,19.0,0.4,0.6,127.0
2026-05-07T14:00,4.9,19.2,0.4,0.5,128.0
2026-05-07T15:00,5.0,19.2,0.3,0.5,128.0
2026-05-07T16:00,5.0,19.0,0.2,0.5,129.0
2026-05-07T17:00,6.1,20.2,1.4,0.8,130.0
2026-05-07T18:00,7.0,19.4,3.2,1.0,132.0
2026-05-07T19:00,8.1,21.8,5.7,1.3,135.0
2026-05-07T20:00,9.1,24.1,7.7,1.5,137.0
2026-05-07T21:00,9.3,24.6,8.8,1.5,136.0
2026-05-07T22:00,9.0,23.2,9.4,1.5,133.0
2026-05-07T23:00,8.3,19.2,9.8,1.4,131.0
2026-05-08T00:00,7.1,15.3,10.1,1.2,129.0
2026-05-08T01:00,6.2,13.2,10.3,1.0,128.0
2026-05-08T02:00,5.5,12.2,10.0,0.8,128.0
2026-05-08T03:00,5.0,11.6,9.2,0.8,130.0
2026-05-08T04:00,4.6,11.0,8.0,0.9,134.0
2026-05-08T05:00,4.4,10.2,6.0,0.9,136.0
2026-05-08T06:00,4.4,10.7,5.1,0.9,137.0
2026-05-08T07:00,4.3,10.3,3.8,1.0,136.0
2026-05-08T08:00,4.5,10.8,2.8,1.1,135.0
2026-05-08T09:00,5.1,14.2,2.3,1.2,132.0
2026-05-08T10:00,5.8,17.1,2.0,1.4,127.0
2026-05-08T11:00,6.5,19.1,1.8,1.5,124.0
2026-05-08T12:00,7.2,21.5,1.4,1.5,123.0
2026-05-08T13:00,7.7,24.2,1.1,1.3,123.0
2026-05-08T14:00,8.1,26.8,0.9,1.2,124.0
2026-05-08T15:00,8.4,31.1,0.7,1.1,127.0
2026-05-08T16:00,9.3,36.4,0.7,0.9,131.0
2026-05-08T17:00,12.0,49.2,1.2,0.7,133.0
2026-05-08T18:00,12.0,44.1,3.1,0.8,133.0
2026-05-08T19:00,12.9,45.5,5.8,1.0,131.0
2026-05-08T20:00,13.8,47.0,8.0,1.2,130.0
2026-05-08T21:00,14.3,48.2,9.1,1.3,129.0
2026-05-08T22:00,13.8,45.2,9.7,1.4,129.0
2026-05-08T23:00,12.7,35.7,9.9,1.4,128.0
2026-05-09T00:00,11.0,27.7,9.7,1.3,126.0
2026-05-09T01:00,9.7,23.2,9.1,1.0,125.0
2026-05-09T02:00,9.1,21.5,8.4,0.9,126.0
2026-05-09T03:00,8.5,19.7,7.6,0.9,133.0
2026-05-09T04:00,7.8,17.8,6.7,1.1,142.0
2026-05-09T05:00,8.9,24.3,7.7,0.6,148.0
2026-05-09T06:00,9.4,27.2,6.5,0.7,149.0
2026-05-09T07:00,9.8,27.2,4.9,0.9,146.0
2026-05-09T08:00,9.6,24.4,3.4,1.1,143.0
2026-05-09T09:00,11.4,37.4,2.3,1.2,140.0
2026-05-09T10:00,12.3,44.5,1.3,1.2,136.0
2026-05-09T11:00,12.7,45.2,0.7,1.2,133.0
2026-05-09T12:00,12.9,45.4,0.5,1.1,132.0
2026-05-09T13:00,13.1,45.2,0.6,1.0,133.0
2026-05-09T14:00,13.4,44.5,0.7,1.0,134.0
2026-05-09T15:00,13.9,43.9,0.8,1.0,136.0
2026-05-09T16:00,13.8,42.4,1.0,1.1,138.0
2026-05-09T17:00,14.1,37.0,1.7,1.5,140.0
2026-05-09T18:00,13.5,33.9,2.9,1.6,143.0
2026-05-09T19:00,13.8,33.2,4.4,1.7,146.0
2026-05-09T20:00,13.6,30.3,5.4,1.7,148.0
2026-05-09T21:00,13.0,26.7,5.1,1.7,147.0
2026-05-09T22:00,14.0,29.6,4.3,1.6,144.0
2026-05-09T23:00,16.0,37.1,3.9,1.5,143.0
2026-05-10T00:00,17.4,41.3,4.4,1.5,145.0
2026-05-10T01:00,18.3,45.8,5.3,1.5,149.0
2026-05-10T02:00,18.3,45.4,6.1,1.5,150.0
2026-05-10T03:00,17.9,43.0,6.8,1.3,147.0
2026-05-10T04:00,18.7,41.3,7.4,1.0,143.0
2026-05-10T05:00,12.0,31.0,3.8,0.9,139.0
2026-05-10T06:00,11.8,29.3,3.7,0.9,136.0
2026-05-10T07:00,10.0,24.5,3.6,1.0,134.0
2026-05-10T08:00,8.6,20.6,3.5,1.0,133.0
2026-05-10T09:00,8.2,19.1,3.6,1.0,133.0
2026-05-10T10:00,7.1,16.2,3.8,1.1,134.0
2026-05-10T11:00,6.9,14.8,3.7,1.1,135.0
2026-05-10T12:00,6.3,13.2,3.1,1.1,134.0
2026-05-10T13:00,5.9,12.7,2.3,1.0,133.0
2026-05-10T14:00,6.2,14.2,1.6,1.0,132.0
2026-05-10T15:00,6.9,15.0,1.3,1.0,132.0
2026-05-10T16:00,7.1,15.9,1.1,1.0,133.0
2026-05-10T17:00,8.1,18.3,1.3,1.0,136.0
2026-05-10T18:00,9.6,21.4,2.0,1.1,143.0
2026-05-10T19:00,10.7,21.8,2.9,1.2,151.0
2026-05-10T20:00,12.0,22.8,3.8,1.3,155.0
2026-05-10T21:00,12.5,23.5,4.5,1.3,150.0
2026-05-10T22:00,12.7,23.5,5.1,1.2,141.0
2026-05-10T23:00,12.9,23.5,5.3,1.1,135.0
2026-05-11T00:00,13.4,26.9,4.8,1.1,135.0
2026-05-11T01:00,12.4,26.0,4.0,1.1,139.0
2026-05-11T02:00,11.7,26.0,3.8,1.2,142.0
2026-05-11T03:00,11.8,27.1,5.2,1.3,145.0
2026-05-11T04:00,12.2,28.2,7.2,1.4,148.0
2026-05-11T05:00,18.8,44.0,9.5,0.7,150.0
2026-05-11T06:00,18.6,45.9,7.1,0.7,150.0
2026-05-11T07:00,17.3,44.5,3.9,0.7,148.0
2026-05-11T08:00,15.2,46.3,1.4,0.6,146.0
2026-05-11T09:00,12.1,39.1,0.5,0.5,144.0
2026-05-11T10:00,9.4,30.2,0.5,0.4,142.0
2026-05-11T11:00,7.6,24.2,0.5,0.3,141.0
2026-05-11T12:00,7.0,21.5,0.4,0.3,139.0
2026-05-11T13:00,6.6,19.3,0.4,0.3,138.0
2026-05-11T14:00,6.6,18.6,0.5,0.4,139.0
2026-05-11T15:00,6.8,18.2,0.5,0.5,143.0
2026-05-11T16:00,6.9,18.0,0.5,0.7,150.0
2026-05-11T17:00,6.6,17.1,0.8,0.9,156.0
2026-05-11T18:00,6.2,15.6,1.8,1.0,163.0
2026-05-11T19:00,6.0,13.8,3.3,1.1,170.0
2026-05-11T20:00,7.0,14.2,4.8,1.3,174.0
2026-05-11T21:00,7.7,15.0,6.2,1.5,172.0
2026-05-11T22:00,8.2,15.9,7.6,1.7,167.0
2026-05-11T23:00,8.6,16.7,8.7,1.9,162.0
2026-05-12T00:00,8.8,17.3,9.2,1.9,158.0
2026-05-12T01:00,8.9,17.6,9.3,1.9,155.0
2026-05-12T02:00,9.3,17.6,9.6,1.8,153.0
2026-05-12T03:00,9.8,17.3,10.7,1.5,154.0
2026-05-12T04:00,10.3,17.1,11.9,1.2,156.0
2026-05-12T05:00,10.4,18.4,10.1,1.2,157.0
2026-05-12T06:00,10.4,17.4,8.0,1.5,156.0
2026-05-12T07:00,10.0,14.5,5.2,2.0,154.0
2026-05-12T08:00,6.5,14.6,2.9,2.3,152.0
2026-05-12T09:00,5.5,14.2,1.9,2.5,151.0
2026-05-12T10:00,5.4,14.0,1.5,2.5,150.0
2026-05-12T11:00,5.6,14.0,1.2,2.5,150.0
2026-05-12T12:00,5.6,13.2,0.9,2.4,151.0
2026-05-12T13:00,5.6,12.5,0.8,2.2,152.0
2026-05-12T14:00,5.6,11.8,0.7,2.1,153.0
2026-05-12T15:00,5.6,10.7,0.6,2.1,153.0
2026-05-12T16:00,5.5,9.6,0.6,2.3,153.0
2026-05-12T17:00,5.3,8.5,1.0,2.4,153.0
2026-05-12T18:00,5.4,7.6,2.1,2.6,153.0
2026-05-12T19:00,5.6,7.1,3.7,2.7,153.0
2026-05-12T20:00,6.6,7.8,5.3,2.9,153.0
2026-05-12T21:00,7.6,8.8,6.9,3.1,153.0
2026-05-12T22:00,8.6,10.0,8.5,3.4,154.0
2026-05-12T23:00,9.5,11.2,9.8,3.3,153.0
2026-05-13T00:00,9.9,11.7,10.8,2.7,151.0
2026-05-13T01:00,9.9,11.5,11.4,1.8,147.0
2026-05-13T02:00,9.5,11.0,11.4,1.1,145.0
2026-05-13T03:00,9.2,10.7,10.3,0.7,144.0
2026-05-13T04:00,9.0,10.7,8.6,0.5,144.0
2026-05-13T05:00,9.5,10.8,10.7,1.1,145.0
2026-05-13T06:00,10.5,12.5,8.5,1.0,146.0
2026-05-13T07:00,11.5,14.0,5.5,1.0,147.0
2026-05-13T08:00,12.7,16.7,3.1,1.0,148.0
2026-05-13T09:00,12.1,16.8,1.9,1.2,147.0
2026-05-13T10:00,9.8,14.4,1.2,1.4,146.0
2026-05-13T11:00,8.9,13.4,0.8,1.6,145.0
2026-05-13T12:00,8.1,12.3,0.6,1.6,146.0
2026-05-13T13:00,7.8,11.8,0.6,1.6,148.0
2026-05-13T14:00,7.6,11.4,0.7,1.7,149.0
2026-05-13T15:00,7.6,11.1,0.6,1.9,148.0
2026-05-13T16:00,7.7,10.8,0.6,2.3,145.0
2026-05-13T17:00,7.1,8.8,1.2,2.7,144.0
2026-05-13T18:00,7.4,8.8,2.6,3.1,146.0
2026-05-13T19:00,7.8,9.0,4.6,3.7,149.0
2026-05-13T20:00,9.0,10.0,6.6,3.9,150.0
2026-05-13T21:00,9.7,10.9,8.6,3.6,147.0
2026-05-13T22:00,10.7,11.9,10.7,3.0,143.0
2026-05-13T23:00,10.9,12.0,12.1,2.4,139.0
2026-05-14T00:00,10.3,11.4,12.6,1.8,136.0
2026-05-14T01:00,9.4,10.4,12.4,1.1,133.0
2026-05-14T02:00,8.6,9.6,11.9,0.6,131.0
2026-05-14T03:00,7.8,8.8,11.3,0.4,131.0
2026-05-14T04:00,7.0,8.1,10.4,0.5,133.0
2026-05-14T05:00,6.7,7.8,7.7,0.6,135.0
2026-05-14T06:00,5.8,7.0,6.2,0.6,137.0
2026-05-14T07:00,4.3,5.2,4.0,0.5,140.0
2026-05-14T08:00,3.5,4.4,2.3,0.5,141.0
2026-05-14T09:00,3.3,4.8,1.5,0.6,139.0
2026-05-14T10:00,3.8,5.5,1.1,0.7,135.0
2026-05-14T11:00,4.3,6.2,0.8,0.9,133.0
2026-05-14T12:00,5.0,7.1,0.6,1.2,133.0
2026-05-14T13:00,5.6,7.9,0.6,1.5,134.0
2026-05-14T14:00,6.1,8.4,0.7,1.8,135.0
2026-05-14T15:00,6.4,8.8,0.6,2.1,135.0
2026-05-14T16:00,7.0,9.3,0.7,2.4,134.0
2026-05-14T17:00,3.0,3.0,1.3,2.5,134.0
2026-05-14T18:00,3.8,3.8,2.8,2.8,136.0
2026-05-14T19:00,4.5,4.5,5.0,3.3,139.0
2026-05-14T20:00,5.2,5.2,7.0,3.6,140.0
2026-05-14T21:00,5.8,5.8,8.7,3.6,139.0
2026-05-14T22:00,6.4,6.4,10.2,3.5,136.0
2026-05-14T23:00,7.0,7.0,11.3,3.2,134.0
2026-05-15T00:00,7.0,7.1,11.8,2.7,133.0
2026-05-15T01:00,6.5,6.7,12.0,2.0,133.0
2026-05-15T02:00,6.0,6.2,11.9,1.5,133.0
2026-05-15T03:00,5.6,5.8,11.9,1.2,133.0
2026-05-15T04:00,5.3,5.5,11.7,0.9,134.0
2026-05-15T05:00,4.2,4.3,10.3,1.1,134.0
2026-05-15T06:00,4.1,4.3,8.3,1.0,135.0
2026-05-15T07:00,3.1,3.4,5.4,1.0,136.0
2026-05-15T08:00,2.9,3.4,3.1,1.0,136.0
2026-05-15T09:00,3.0,3.8,1.9,1.2,135.0
2026-05-15T10:00,3.1,3.9,1.1,1.5,132.0
2026-05-15T11:00,3.5,4.5,0.7,1.7,131.0
2026-05-15T12:00,3.8,5.0,0.5,1.8,131.0
2026-05-15T13:00,4.0,5.3,0.6,1.8,132.0
2026-05-15T14:00,4.2,5.6,0.7,1.8,133.0
2026-05-15T15:00,4.5,5.9,0.7,1.9,134.0
2026-05-15T16:00,4.7,6.3,0.8,2.0,136.0
2026-05-15T17:00,2.3,2.3,1.4,2.6,138.0
2026-05-15T18:00,3.0,3.1,3.2,2.8,140.0
2026-05-15T19:00,3.8,3.9,5.8,3.2,142.0
2026-05-15T20:00,4.7,4.7,7.9,3.3,142.0
2026-05-15T21:00,5.0,5.0,9.2,3.1,138.0
2026-05-15T22:00,5.2,5.3,10.1,2.8,131.0
2026-05-15T23:00,5.0,5.2,10.7,2.4,127.0
2026-05-16T00:00,4.9,5.3,11.1,2.0,127.0
2026-05-16T01:00,4.8,5.3,11.2,1.7,129.0
2026-05-16T02:00,4.9,5.5,11.2,1.4,131.0
2026-05-16T03:00,5.0,5.6,11.3,1.2,133.0
2026-05-16T04:00,5.3,6.0,11.2,1.2,136.0
2026-05-16T05:00,5.5,6.2,11.1,1.1,137.0
2026-05-16T06:00,5.8,6.8,8.8,1.3,137.0
2026-05-16T07:00,5.6,6.8,5.7,1.6,135.0
2026-05-16T08:00,6.3,8.4,3.1,1.8,133.0
2026-05-16T09:00,6.8,9.5,1.8,1.8,129.0
2026-05-16T10:00,6.8,10.2,1.1,1.7,125.0
2026-05-16T11:00,6.4,10.7,0.6,1.5,122.0
2026-05-16T12:00,6.3,12.8,0.3,1.3,121.0
2026-05-16T13:00,7.4,18.4,0.3,1.1,121.0
2026-05-16T14:00,8.5,22.5,0.4,0.9,122.0
2026-05-16T15:00,8.8,24.2,0.5,0.8,123.0
2026-05-16T16:00,9.1,25.2,0.6,0.9,125.0
2026-05-16T17:00,7.5,20.1,1.2,0.8,127.0
2026-05-16T18:00,7.6,19.3,2.2,0.9,130.0
2026-05-16T19:00,7.9,19.2,3.5,0.9,134.0
2026-05-16T20:00,7.9,18.6,4.7,1.0,136.0
2026-05-16T21:00,7.4,16.1,5.5,1.0,136.0
2026-05-16T22:00,7.3,14.4,6.2,1.1,134.0
2026-05-16T23:00,7.2,12.7,6.6,1.1,132.0
2026-05-17T00:00,7.0,11.2,6.8,1.1,130.0
2026-05-17T01:00,7.2,10.7,6.8,1.0,128.0
2026-05-17T02:00,7.5,10.9,6.7,1.1,127.0
2026-05-17T03:00,8.3,11.6,6.5,1.3,127.0
2026-05-17T04:00,9.0,12.5,6.2,1.6,127.0
2026-05-17T05:00,8.1,12.3,5.1,1.3,127.0
2026-05-17T06:00,8.3,12.3,4.2,1.4,128.0
2026-05-17T07:00,8.2,12.0,3.0,1.5,129.0
2026-05-17T08:00,8.7,14.7,2.0,1.6,129.0
2026-05-17T09:00,8.7,16.2,1.4,1.7,128.0
2026-05-17T10:00,8.8,17.8,1.0,1.8,126.0
2026-05-17T11:00,8.8,19.5,0.7,1.8,125.0
2026-05-17T12:00,8.9,21.2,0.5,1.6,125.0
2026-05-17T13:00,8.9,22.0,0.5,1.4,125.0
2026-05-17T14:00,9.1,23.0,0.5,1.2,126.0
2026-05-17T15:00,9.3,23.9,0.5,1.1,126.0
2026-05-17T16:00,9.4,24.2,0.6,1.1,127.0
2026-05-17T17:00,7.5,19.2,1.0,1.1,128.0
2026-05-17T18:00,7.0,17.2,2.4,1.2,130.0
2026-05-17T19:00,6.9,15.9,4.4,1.3,132.0
2026-05-17T20:00,7.5,16.8,6.3,1.4,133.0
2026-05-17T21:00,8.1,17.7,8.0,1.4,131.0
2026-05-17T22:00,8.4,16.2,9.7,1.4,128.0
2026-05-17T23:00,8.7,14.5,10.6,1.4,125.0
2026-05-18T00:00,8.9,13.7,10.4,1.3,123.0
2026-05-18T01:00,9.1,13.6,9.6,1.1,122.0
2026-05-18T02:00,9.4,13.6,8.6,1.0,122.0
2026-05-18T03:00,9.7,14.3,7.8,1.0,124.0
2026-05-18T04:00,10.0,14.9,6.9,1.0,128.0
2026-05-18T05:00,9.3,13.6,9.0,0.8,131.0
2026-05-18T06:00,9.5,14.6,8.0,1.0,133.0
2026-05-18T07:00,10.2,17.0,6.5,1.3,133.0
2026-05-18T08:00,10.8,18.7,5.1,1.5,133.0
2026-05-18T09:00,11.3,22.4,3.7,1.5,131.0
2026-05-18T10:00,12.3,26.5,2.3,1.5,128.0
2026-05-18T11:00,14.2,33.8,1.3,1.4,126.0
2026-05-18T12:00,15.0,39.9,0.8,1.2,125.0
2026-05-18T13:00,14.1,40.3,0.6,1.0,125.0
2026-05-18T14:00,13.7,41.4,0.6,0.9,126.0
2026-05-18T15:00,13.6,41.8,0.6,0.8,128.0
2026-05-18T16:00,13.8,42.3,0.9,0.8,130.0
2026-05-18T17:00,12.3,33.1,1.2,1.2,133.0
2026-05-18T18:00,12.7,35.7,2.4,1.4,136.0
2026-05-18T19:00,12.8,31.1,3.9,1.7,140.0
2026-05-18T20:00,12.1,26.1,5.0,1.9,142.0
2026-05-18T21:00,14.6,34.9,5.0,1.8,141.0
2026-05-18T22:00,17.5,44.2,4.4,1.6,139.0
2026-05-18T23:00,17.8,43.8,4.0,1.4,137.0
2026-05-19T00:00,18.2,44.8,4.0,1.3,135.0
2026-05-19T01:00,18.7,46.0,4.2,1.1,134.0
2026-05-19T02:00,18.9,48.0,4.3,1.0,132.0
2026-05-19T03:00,17.8,48.4,4.2,0.9,129.0
2026-05-19T04:00,13.3,36.1,4.1,0.8,126.0
2026-05-19T05:00,15.9,36.3,8.9,1.5,125.0
2026-05-19T06:00,16.5,39.3,7.5,1.5,126.0
2026-05-19T07:00,16.7,41.1,5.5,1.4,129.0
2026-05-19T08:00,16.6,48.9,3.8,1.4,131.0
2026-05-19T09:00,16.2,56.0,2.5,1.4,130.0
2026-05-19T10:00,19.2,74.0,1.5,1.4,127.0
2026-05-19T11:00,20.3,79.9,0.7,1.4,125.0
2026-05-19T12:00,19.4,74.7,0.4,1.3,124.0
2026-05-19T13:00,16.4,62.2,0.4,1.1,124.0
2026-05-19T14:00,15.3,54.8,0.4,1.0,124.0
2026-05-19T15:00,16.3,54.6,0.2,1.0,124.0
2026-05-19T16:00,18.0,60.1,0.2,1.2,125.0
2026-05-19T17:00,12.9,38.4,1.1,1.4,126.0
2026-05-19T18:00,13.1,36.7,1.8,1.3,129.0
2026-05-19T19:00,12.7,31.0,2.8,1.2,133.0
2026-05-19T20:00,12.4,30.0,3.6,1.1,135.0
2026-05-19T21:00,12.5,31.8,3.9,1.0,132.0
2026-05-19T22:00,11.8,28.0,4.0,0.9,128.0
2026-05-19T23:00,11.3,25.4,4.3,0.9,124.0
2026-05-20T00:00,11.1,23.2,5.2,0.9,123.0
2026-05-20T01:00,10.9,21.7,6.4,1.0,122.0
2026-05-20T02:00,10.4,20.4,7.2,1.0,122.0
2026-05-20T03:00,9.6,18.6,7.3,1.0,121.0
2026-05-20T04:00,8.9,16.9,7.0,0.9,121.0
2026-05-20T05:00,8.8,14.6,7.1,1.0,121.0
2026-05-20T06:00,9.9,16.6,6.0,1.2,122.0
2026-05-20T07:00,12.5,23.2,4.4,1.6,125.0
2026-05-20T08:00,14.6,29.0,3.0,1.8,126.0
2026-05-20T09:00,16.4,35.9,2.0,1.8,126.0
2026-05-20T10:00,17.1,40.6,1.2,1.7,125.0
2026-05-20T11:00,17.1,43.1,0.7,1.6,124.0
2026-05-20T12:00,17.7,48.0,0.5,1.5,125.0
2026-05-20T13:00,18.2,51.5,0.4,1.4,126.0
2026-05-20T14:00,20.6,59.5,0.5,1.4,127.0
2026-05-20T15:00,18.7,52.2,0.4,1.4,127.0
2026-05-20T16:00,19.1,53.7,0.3,1.4,127.0
2026-05-20T17:00,15.6,47.1,0.9,1.3,127.0
2026-05-20T18:00,15.6,44.0,2.7,1.4,130.0
2026-05-20T19:00,16.0,41.9,5.2,1.7,133.0
2026-05-20T20:00,17.0,43.8,7.6,1.8,135.0
2026-05-20T21:00,17.2,42.8,9.8,1.9,134.0
2026-05-20T22:00,16.6,37.5,11.9,1.9,131.0
2026-05-20T23:00,15.6,32.1,13.2,1.8,128.0
2026-05-21T00:00,14.5,28.2,13.4,1.6,126.0
2026-05-21T01:00,13.4,24.2,12.8,1.4,125.0
2026-05-21T02:00,12.4,21.3,12.2,1.2,124.0
2026-05-21T03:00,11.5,19.0,11.9,1.1,124.0
2026-05-21T04:00,13.4,27.7,11.5,1.1,124.0
2026-05-21T05:00,13.7,26.2,8.0,1.6,126.0
2026-05-21T06:00,13.5,25.8,7.1,1.6,130.0
2026-05-21T07:00,13.1,25.2,5.8,1.6,135.0
2026-05-21T08:00,14.1,28.2,4.5,1.6,138.0
2026-05-21T09:00,14.9,31.1,3.3,1.5,138.0
2026-05-21T10:00,15.6,35.6,2.2,1.3,136.0
2026-05-21T11:00,15.8,37.5,1.4,1.2,135.0
2026-05-21T12:00,16.3,40.9,1.0,1.2,135.0
2026-05-21T13:00,16.9,44.8,1.0,1.2,135.0
2026-05-21T14:00,18.4,51.1,1.0,1.2,136.0
2026-05-21T15:00,19.1,52.6,0.9,1.1,137.0
2026-05-21T16:00,18.9,50.2,0.9,1.0,139.0
2026-05-21T17:00,14.6,36.6,1.7,1.1,141.0
2026-05-21T18:00,13.8,34.2,2.1,1.0,143.0
2026-05-21T19:00,14.3,35.6,2.8,0.9,144.0
2026-05-21T20:00,14.1,33.8,3.8,0.9,144.0
2026-05-21T21:00,13.8,32.2,5.4,0.9,141.0
2026-05-21T22:00,13.4,30.3,7.3,1.0,137.0
2026-05-21T23:00,13.1,29.4,8.8,1.1,134.0
2026-05-22T00:00,13.2,29.6,9.7,1.1,132.0
2026-05-22T01:00,13.5,32.4,10.3,1.0,130.0
2026-05-22T02:00,14.8,39.7,10.7,1.0,129.0
2026-05-22T03:00,15.6,44.2,11.1,1.0,128.0
2026-05-22T04:00,16.2,46.6,11.4,1.1,127.0
2026-05-22T05:00,14.3,38.6,10.7,1.1,126.0
2026-05-22T06:00,14.3,39.3,8.2,1.1,126.0
2026-05-22T07:00,15.6,44.1,4.8,1.0,127.0
2026-05-22T08:00,17.1,52.6,2.2,1.0,128.0
2026-05-22T09:00,16.2,48.5,1.2,0.9,128.0
2026-05-22T10:00,15.3,44.6,0.9,0.9,128.0
2026-05-22T11:00,14.7,42.8,0.8,0.8,128.0
2026-05-22T12:00,12.5,36.9,0.6,0.7,126.0
2026-05-22T13:00,10.8,31.3,0.5,0.5,124.0
2026-05-22T14:00,9.9,27.8,0.4,0.4,123.0
2026-05-22T15:00,9.1,24.4,0.3,0.4,123.0
2026-05-22T16:00,8.2,21.4,0.3,0.5,123.0
2026-05-22T17:00,14.0,36.9,0.7,0.5,124.0
2026-05-22T18:00,13.0,32.1,1.7,0.5,126.0
2026-05-22T19:00,12.7,30.0,3.1,0.5,129.0
2026-05-22T20:00,13.0,29.3,4.5,0.6,131.0
2026-05-22T21:00,13.0,28.8,5.8,0.7,130.0
2026-05-22T22:00,12.9,28.6,7.1,0.8,127.0
2026-05-22T23:00,13.1,28.9,8.2,0.9,124.0
2026-05-23T00:00,13.2,28.8,9.2,0.8,122.0
2026-05-23T01:00,13.0,27.2,10.0,0.7,121.0
2026-05-23T02:00,13.1,24.8,10.6,0.6,120.0
2026-05-23T03:00,13.2,22.8,11.0,0.5,119.0
2026-05-23T04:00,12.9,21.0,11.1,0.4,119.0
2026-05-23T05:00,12.2,19.7,11.5,0.5,119.0
2026-05-23T06:00,11.6,18.3,9.0,0.5,120.0
2026-05-23T07:00,10.1,15.5,5.5,0.6,121.0
2026-05-23T08:00,8.6,16.6,2.7,0.6,122.0
2026-05-23T09:00,8.2,16.8,1.4,0.6,122.0
2026-05-23T10:00,7.7,15.6,0.9,0.7,121.0
2026-05-23T11:00,7.0,14.0,0.6,0.7,121.0
2026-05-23T12:00,6.2,12.0,0.4,0.8,121.0
2026-05-23T13:00,5.5,10.1,0.4,0.9,121.0
2026-05-23T14:00,5.3,9.2,0.5,1.0,121.0
2026-05-23T15:00,5.3,9.0,0.6,1.1,122.0
2026-05-23T16:00,5.4,9.0,0.8,1.2,123.0
2026-05-23T17:00,5.2,7.3,1.5,1.5,124.0
2026-05-23T18:00,4.8,6.5,1.5,1.2,123.0
2026-05-23T19:00,4.7,6.2,1.5,0.7,122.0
2026-05-23T20:00,4.5,6.1,1.9,0.4,122.0
2026-05-23T21:00,4.6,6.2,3.0,0.4,125.0
2026-05-23T22:00,4.8,6.5,4.4,0.6,129.0
2026-05-23T23:00,5.3,6.9,6.0,0.7,132.0
2026-05-24T00:00,5.8,7.4,7.7,0.8,132.0
2026-05-24T01:00,6.2,7.9,9.5,0.8,131.0
2026-05-24T02:00,6.5,8.3,10.9,0.8,130.0
2026-05-24T03:00,6.8,8.6,12.1,0.8,128.0
2026-05-24T04:00,6.9,8.7,12.9,0.7,127.0
2026-05-24T05:00,7.7,11.5,7.9,0.7,125.0
2026-05-24T06:00,7.7,11.3,6.5,0.9,124.0
2026-05-24T07:00,7.2,10.5,4.5,1.1,123.0
2026-05-24T08:00,5.0,9.0,2.8,1.3,123.0
2026-05-24T09:00,3.9,7.4,1.8,1.3,123.0
2026-05-24T10:00,3.6,6.8,1.1,1.2,124.0
2026-05-24T11:00,3.5,6.9,0.7,1.1,124.0
2026-05-24T12:00,3.7,7.2,0.5,1.2,124.0
2026-05-24T13:00,4.0,8.0,0.6,1.3,123.0
2026-05-24T14:00,4.4,8.5,0.7,1.4,123.0
2026-05-24T15:00,4.6,9.5,0.7,1.3,124.0
2026-05-24T16:00,4.4,8.9,0.8,1.2,125.0
2026-05-24T17:00,12.9,25.7,1.1,1.4,127.0
2026-05-24T18:00,14.3,27.2,1.6,1.4,130.0
2026-05-24T19:00,14.5,26.4,2.3,1.5,133.0
2026-05-24T20:00,15.4,27.2,3.0,1.5,135.0
2026-05-24T21:00,16.5,28.9,3.5,1.5,136.0
2026-05-24T22:00,17.6,30.3,4.0,1.5,137.0
2026-05-24T23:00,18.6,32.0,4.9,1.5,136.0
2026-05-25T00:00,19.4,32.5,6.6,1.5,133.0
2026-05-25T01:00,19.6,31.8,8.7,1.4,128.0
2026-05-25T02:00,19.2,29.6,10.3,1.3,124.0
2026-05-25T03:00,18.5,27.5,11.3,1.1,121.0
2026-05-25T04:00,17.7,25.4,11.7,1.0,118.0
2026-05-25T05:00,17.2,23.5,10.3,0.9,116.0
2026-05-25T06:00,16.5,22.6,7.9,0.9,117.0
2026-05-25T07:00,15.9,23.2,4.5,1.0,119.0
2026-05-25T08:00,13.3,22.4,1.9,1.0,120.0
2026-05-25T09:00,10.9,19.3,0.8,0.9,120.0
2026-05-25T10:00,9.4,16.4,0.5,0.7,119.0
2026-05-25T11:00,8.4,14.2,0.4,0.5,119.0
2026-05-25T12:00,7.8,13.2,0.3,0.4,119.0
2026-05-25T13:00,7.3,12.4,0.3,0.4,120.0
2026-05-25T14:00,7.0,12.0,0.4,0.4,120.0
2026-05-25T15:00,6.8,11.6,0.2,0.4,120.0
2026-05-25T16:00,6.6,11.3,0.1,0.3,120.0
2026-05-25T17:00,6.7,11.3,0.6,0.4,121.0
2026-05-25T18:00,6.6,10.6,1.9,0.6,126.0
2026-05-25T19:00,7.1,10.8,3.8,0.9,132.0
2026-05-25T20:00,8.4,12.3,5.8,1.2,135.0
2026-05-25T21:00,9.9,13.7,8.2,1.3,132.0
2026-05-25T22:00,11.1,14.5,10.7,1.4,125.0
2026-05-25T23:00,11.4,14.5,12.0,1.4,120.0
2026-05-26T00:00,11.2,14.1,11.4,1.2,118.0
2026-05-26T01:00,10.9,13.6,9.6,1.0,118.0
2026-05-26T02:00,10.6,13.0,8.0,0.8,118.0
2026-05-26T03:00,10.2,12.5,7.0,0.7,117.0
2026-05-26T04:00,9.7,12.0,6.0,0.7,117.0
2026-05-26T05:00,9.6,11.8,6.3,0.7,117.0
2026-05-26T06:00,9.2,11.4,5.1,0.7,119.0
2026-05-26T07:00,7.9,9.9,3.5,0.7,121.0
2026-05-26T08:00,7.3,10.4,2.1,0.8,123.0
2026-05-26T09:00,7.4,11.7,1.3,1.0,123.0
2026-05-26T10:00,7.9,13.7,0.8,1.2,122.0
2026-05-26T11:00,7.8,14.7,0.5,1.3,121.0
2026-05-26T12:00,7.7,15.8,0.3,1.2,121.0
2026-05-26T13:00,7.3,17.4,0.3,1.1,121.0
2026-05-26T14:00,7.7,19.8,0.4,0.9,121.0
2026-05-26T15:00,8.3,22.4,0.4,0.8,122.0
2026-05-26T16:00,8.4,23.5,0.5,0.7,124.0
2026-05-26T17:00,6.6,21.2,0.6,0.7,125.0
2026-05-26T18:00,6.8,20.3,1.1,0.8,124.0
2026-05-26T19:00,7.1,19.2,1.7,0.8,123.0
2026-05-26T20:00,7.9,22.2,2.3,0.9,122.0
2026-05-26T21:00,11.5,34.0,2.8,0.9,121.0
2026-05-26T22:00,11.8,33.6,3.4,0.8,121.0
2026-05-26T23:00,10.8,27.8,3.7,0.8,120.0
2026-05-27T00:00,10.7,26.8,3.7,0.8,119.0
2026-05-27T01:00,9.5,22.4,3.6,0.8,119.0
2026-05-27T02:00,8.1,17.9,3.6,0.8,118.0
2026-05-27T03:00,7.1,14.9,4.0,0.8,117.0
2026-05-27T04:00,6.4,12.8,4.5,0.7,116.0
2026-05-27T05:00,4.9,9.9,4.7,0.7,116.0
2026-05-27T06:00,4.8,10.1,3.8,0.7,117.0
2026-05-27T07:00,4.9,10.9,2.4,0.7,119.0
2026-05-27T08:00,5.7,15.0,1.4,0.7,120.0
2026-05-27T09:00,6.1,18.6,0.9,0.6,120.0
2026-05-27T10:00,6.6,24.0,0.6,0.6,119.0
2026-05-27T11:00,7.0,26.5,0.5,0.5,119.0
2026-05-27T12:00,7.8,30.5,0.4,0.5,119.0
2026-05-27T13:00,6.8,24.7,0.5,0.5,120.0
2026-05-27T14:00,6.7,22.6,0.6,0.6,121.0
2026-05-27T15:00,7.5,25.2,0.7,0.7,121.0
2026-05-27T16:00,8.5,27.2,0.7,0.8,121.0
2026-05-27T17:00,6.6,14.8,0.9,1.0,122.0
2026-05-27T18:00,6.5,14.0,1.1,1.0,127.0
2026-05-27T19:00,7.0,15.3,1.4,0.9,133.0
2026-05-27T20:00,7.9,18.0,2.0,0.9,137.0
2026-05-27T21:00,8.0,17.5,3.2,0.9,136.0
2026-05-27T22:00,8.0,16.5,4.7,1.0,132.0
2026-05-27T23:00,7.7,15.3,6.0,1.0,128.0
2026-05-28T00:00,7.6,14.7,6.8,0.9,125.0
2026-05-28T01:00,7.8,14.4,7.3,0.8,123.0
2026-05-28T02:00,7.9,14.1,7.6,0.8,121.0
2026-05-28T03:00,7.6,14.1,7.8,0.8,120.0
2026-05-28T04:00,7.2,14.1,7.9,0.9,119.0
2026-05-28T05:00,8.3,24.2,5.9,0.7,119.0
2026-05-28T06:00,8.8,29.6,4.7,0.8,120.0
2026-05-28T07:00,9.5,33.8,3.1,0.9,121.0
2026-05-28T08:00,12.3,57.5,1.8,1.0,122.0
2026-05-28T09:00,11.2,56.2,1.1,0.9,120.0
2026-05-28T10:00,8.6,41.8,0.7,0.8,118.0
2026-05-28T11:00,6.1,27.2,0.4,0.7,116.0
2026-05-28T12:00,4.9,20.2,0.3,0.6,116.0
2026-05-28T13:00,4.5,16.9,0.3,0.6,116.0
2026-05-28T14:00,4.6,15.9,0.4,0.6,117.0
2026-05-28T15:00,4.9,16.2,0.3,0.7,117.0
2026-05-28T16:00,5.4,17.0,0.3,0.8,117.0
2026-05-28T17:00,7.3,21.7,0.6,0.8,119.0
2026-05-28T18:00,7.8,21.5,1.6,0.9,126.0
2026-05-28T19:00,8.2,20.7,3.1,1.1,134.0
2026-05-28T20:00,9.1,21.9,4.9,1.3,138.0
2026-05-28T21:00,9.8,23.1,7.3,1.4,133.0
2026-05-28T22:00,10.1,23.3,9.9,1.5,124.0
2026-05-28T23:00,9.8,20.5,11.6,1.5,117.0
2026-05-29T00:00,8.9,17.3,11.7,1.4,116.0
2026-05-29T01:00,8.4,16.0,10.8,1.2,117.0
2026-05-29T02:00,8.2,15.9,9.8,1.0,118.0
2026-05-29T03:00,8.2,16.5,9.0,0.9,118.0
2026-05-29T04:00,8.4,17.3,8.1,0.8,118.0
2026-05-29T05:00,8.4,17.5,8.5,0.9,118.0
2026-05-29T06:00,8.7,18.8,6.8,1.0,119.0
2026-05-29T07:00,9.2,21.1,4.4,1.1,120.0
2026-05-29T08:00,9.6,25.0,2.5,1.2,121.0
2026-05-29T09:00,9.4,25.6,1.5,1.2,120.0
2026-05-29T10:00,9.2,24.7,1.0,1.3,118.0
2026-05-29T11:00,8.9,22.9,0.7,1.3,117.0
2026-05-29T12:00,8.5,21.0,0.5,1.4,118.0
2026-05-29T13:00,8.2,19.6,0.5,1.5,119.0
2026-05-29T14:00,8.1,18.6,0.6,1.6,121.0
2026-05-29T15:00,8.0,17.9,0.5,1.7,123.0
2026-05-29T16:00,7.9,16.9,0.5,1.9,124.0
2026-05-29T17:00,3.6,8.4,1.0,2.0,127.0
2026-05-29T18:00,3.3,6.7,2.4,2.2,132.0
2026-05-29T19:00,3.7,6.5,4.3,2.5,137.0
2026-05-29T20:00,4.3,6.8,6.2,2.8,139.0
2026-05-29T21:00,4.7,7.2,8.0,3.0,134.0
2026-05-29T22:00,4.9,7.5,9.7,3.1,126.0
2026-05-29T23:00,5.0,7.7,11.1,3.0,120.0
2026-05-30T00:00,5.3,7.8,12.0,2.6,117.0
2026-05-30T01:00,5.4,7.9,12.6,2.1,116.0
2026-05-30T02:00,5.3,7.7,12.7,1.6,116.0
2026-05-30T03:00,5.3,7.7,12.5,1.2,116.0
2026-05-30T04:00,5.4,8.0,11.9,0.9,118.0
2026-05-30T05:00,5.1,8.0,9.9,1.3,119.0
2026-05-30T06:00,5.5,9.4,7.8,1.5,121.0
2026-05-30T07:00,6.0,10.5,4.9,1.7,123.0
2026-05-30T08:00,8.0,15.9,2.6,1.9,123.0
2026-05-30T09:00,7.9,17.0,1.5,1.9,121.0
2026-05-30T10:00,7.6,16.8,0.9,1.7,117.0
2026-05-30T11:00,7.3,16.4,0.6,1.6,115.0
2026-05-30T12:00,7.1,15.9,0.4,1.4,116.0
2026-05-30T13:00,6.8,15.3,0.4,1.3,117.0
2026-05-30T14:00,6.4,14.7,0.5,1.1,119.0
2026-05-30T15:00,6.2,14.0,0.3,1.0,119.0
2026-05-30T16:00,6.0,13.4,0.2,0.9,119.0
2026-05-30T17:00,6.9,15.1,0.8,1.0,120.0
2026-05-30T18:00,6.5,13.2,2.3,1.1,125.0
2026-05-30T19:00,6.7,12.3,4.4,1.2,133.0
2026-05-30T20:00,7.1,12.3,6.5,1.3,136.0
2026-05-30T21:00,7.5,12.7,8.7,1.4,132.0
2026-05-30T22:00,8.0,13.1,10.8,1.6,125.0
2026-05-30T23:00,8.4,12.7,12.2,1.6,119.0
2026-05-31T00:00,8.5,12.2,12.5,1.5,116.0
2026-05-31T01:00,8.2,11.6,12.0,1.2,115.0
2026-05-31T02:00,7.9,11.4,11.1,1.1,114.0
2026-05-31T03:00,7.7,11.6,9.9,1.1,114.0
2026-05-31T04:00,7.7,12.2,8.3,1.3,114.0
2026-05-31T05:00,7.2,11.2,9.5,1.2,115.0
2026-05-31T06:00,7.1,11.6,7.5,1.3,116.0
2026-05-31T07:00,6.8,11.0,4.6,1.5,117.0
2026-05-31T08:00,8.0,14.9,2.4,1.6,118.0
2026-05-31T09:00,8.1,15.9,1.3,1.6,117.0
2026-05-31T10:00,7.9,16.7,0.9,1.6,116.0
2026-05-31T11:00,7.6,17.0,0.6,1.6,115.0
2026-05-31T12:00,7.6,18.5,0.4,1.5,114.0
2026-05-31T13:00,8.0,21.1,0.4,1.4,113.0
2026-05-31T14:00,8.4,22.8,0.5,1.3,113.0
2026-05-31T15:00,8.6,23.4,0.5,1.3,113.0
2026-05-31T16:00,8.7,23.3,0.5,1.4,114.0
2026-05-31T17:00,2.1,5.5,1.1,1.8,115.0
2026-05-31T18:00,3.2,7.8,2.6,1.8,117.0
2026-05-31T19:00,3.7,7.2,4.8,1.9,119.0
2026-05-31T20:00,4.0,6.9,6.9,1.9,120.0
2026-05-31T21:00,4.6,7.8,9.0,1.9,120.0
2026-05-31T22:00,5.3,9.1,11.1,1.8,118.0
2026-05-31T23:00,5.6,9.5,12.2,1.8,117.0
2026-06-01T00:00,5.6,9.7,11.6,1.7,116.0
2026-06-01T01:00,5.5,9.9,10.1,1.6,115.0
2026-06-01T02:00,5.3,9.5,8.6,1.6,114.0
2026-06-01T03:00,4.8,8.3,7.6,1.7,113.0
2026-06-01T04:00,4.5,7.8,6.6,1.8,113.0
2026-06-01T05:00,5.0,8.3,6.4,1.6,113.0
2026-06-01T06:00,4.7,7.9,5.2,1.6,115.0
2026-06-01T07:00,4.7,8.2,3.6,1.7,117.0
2026-06-01T08:00,6.0,12.4,2.2,1.8,118.0
2026-06-01T09:00,7.6,19.8,1.4,1.9,117.0
2026-06-01T10:00,9.3,27.0,1.0,2.0,116.0
2026-06-01T11:00,10.7,32.7,0.7,2.1,115.0
2026-06-01T12:00,11.4,36.1,0.6,2.1,115.0
2026-06-01T13:00,11.2,37.1,0.7,2.1,115.0
2026-06-01T14:00,11.6,35.2,0.8,2.1,116.0
2026-06-01T15:00,12.0,33.8,0.7,2.3,119.0
2026-06-01T16:00,13.2,39.3,0.6,2.5,122.0
2026-06-01T17:00,20.6,67.5,1.0,2.2,125.0
2026-06-01T18:00,20.4,63.6,2.3,2.1,127.0
2026-06-01T19:00,20.3,60.8,4.2,2.1,130.0
2026-06-01T20:00,20.7,60.8,5.7,2.0,130.0
2026-06-01T21:00,21.3,62.4,6.5,2.0,128.0
2026-06-01T22:00,21.2,61.0,7.0,2.1,124.0
2026-06-01T23:00,21.3,60.1,7.8,2.1,121.0
2026-06-02T00:00,21.3,58.0,9.4,2.0,118.0
2026-06-02T01:00,20.6,50.6,11.2,1.7,116.0
2026-06-02T02:00,19.3,43.0,12.4,1.5,115.0
2026-06-02T03:00,17.9,36.9,12.7,1.3,115.0
2026-06-02T04:00,16.8,33.1,12.4,1.0,116.0
2026-06-02T05:00,16.4,31.4,11.9,1.0,117.0
2026-06-02T06:00,15.7,30.0,9.5,1.2,118.0
2026-06-02T07:00,15.4,30.7,6.1,1.5,119.0
2026-06-02T08:00,18.3,45.5,3.4,1.7,120.0
2026-06-02T09:00,19.4,53.1,2.0,1.8,120.0
2026-06-02T10:00,19.3,53.8,1.3,1.7,120.0
2026-06-02T11:00,19.2,53.0,0.8,1.7,120.0
2026-06-02T12:00,18.9,50.8,0.6,1.7,122.0
2026-06-02T13:00,18.5,47.4,0.6,1.6,124.0
2026-06-02T14:00,18.1,44.0,0.7,1.6,125.0
2026-06-02T15:00,18.0,41.2,0.8,1.7,124.0
2026-06-02T16:00,18.5,41.0,1.0,1.9,123.0
2026-06-02T17:00,22.2,52.7,1.3,2.6,123.0
2026-06-02T18:00,22.7,52.5,2.1,2.6,126.0
2026-06-02T19:00,22.8,50.1,3.3,2.5,131.0
2026-06-02T20:00,22.5,46.3,4.8,2.5,134.0
2026-06-02T21:00,23.3,48.5,6.8,2.5,135.0
2026-06-02T22:00,23.7,49.9,9.0,2.6,135.0
2026-06-02T23:00,23.2,47.7,11.0,2.5,133.0
2026-06-03T00:00,22.5,44.7,12.6,2.3,129.0
2026-06-03T01:00,21.9,42.1,13.8,2.0,122.0
2026-06-03T02:00,20.9,38.5,14.3,1.7,118.0
2026-06-03T03:00,19.3,35.6,13.8,1.5,116.0
2026-06-03T04:00,17.6,32.2,12.6,1.4,116.0
2026-06-03T05:00,27.0,60.5,14.0,2.9,117.0
2026-06-03T06:00,25.6,55.6,10.7,3.4,120.0
2026-06-03T07:00,22.7,47.3,6.1,4.2,123.0
2026-06-03T08:00,19.7,43.5,2.6,4.5,125.0
2026-06-03T09:00,17.0,37.6,1.2,4.1,123.0
2026-06-03T10:00,13.5,29.7,0.9,3.3,118.0
2026-06-03T11:00,10.4,23.0,0.8,2.6,115.0
2026-06-03T12:00,7.2,15.9,0.6,2.2,115.0
2026-06-03T13:00,5.6,11.9,0.6,1.9,117.0
2026-06-03T14:00,5.1,10.2,0.7,1.8,118.0
2026-06-03T15:00,5.1,9.9,0.6,1.9,119.0
2026-06-03T16:00,5.0,9.5,0.5,2.1,120.0
2026-06-03T17:00,2.6,4.3,1.0,2.3,120.0
2026-06-03T18:00,2.9,4.7,2.1,2.3,120.0
2026-06-03T19:00,3.6,5.5,3.7,2.4,119.0
2026-06-03T20:00,4.1,6.6,5.2,2.5,119.0
2026-06-03T21:00,4.7,7.9,6.6,2.6,119.0
2026-06-03T22:00,5.2,9.1,7.9,2.7,118.0
2026-06-03T23:00,5.8,10.2,9.1,2.8,118.0
2026-06-04T00:00,6.2,10.9,10.2,2.7,118.0
2026-06-04T01:00,6.2,11.1,11.3,2.6,119.0
2026-06-04T02:00,6.1,11.1,12.0,2.4,119.0
2026-06-04T03:00,5.9,10.8,12.5,2.2,119.0
2026-06-04T04:00,5.7,10.4,12.7,1.9,118.0
2026-06-04T05:00,7.3,12.7,16.3,2.7,118.0
2026-06-04T06:00,7.4,12.3,13.6,2.5,119.0
2026-06-04T07:00,7.1,11.6,9.8,2.2,120.0
2026-06-04T08:00,8.6,14.8,6.5,2.0,120.0
2026-06-04T09:00,9.8,17.1,4.3,1.9,119.0
2026-06-04T10:00,10.5,18.4,2.6,1.9,118.0
2026-06-04T11:00,10.9,19.3,1.4,1.9,117.0
2026-06-04T12:00,11.4,20.5,0.8,1.9,117.0
2026-06-04T13:00,11.6,21.2,0.8,1.9,118.0
2026-06-04T14:00,11.9,22.1,0.8,2.0,119.0
2026-06-04T15:00,11.9,21.8,0.7,2.1,119.0
2026-06-04T16:00,10.8,18.6,0.6,2.3,119.0
2026-06-04T17:00,17.2,34.2,1.0,2.2,120.0
2026-06-04T18:00,17.3,35.6,2.5,2.2,123.0
2026-06-04T19:00,17.6,36.6,4.6,2.3,127.0
2026-06-04T20:00,18.0,36.1,6.5,2.3,129.0
2026-06-04T21:00,18.6,38.2,8.0,2.4,129.0
2026-06-04T22:00,19.0,40.2,9.2,2.4,127.0
2026-06-04T23:00,19.2,41.6,10.0,2.4,126.0
2026-06-05T00:00,19.3,41.4,10.1,2.3,126.0
2026-06-05T01:00,19.2,39.6,9.7,2.2,126.0
2026-06-05T02:00,19.3,38.6,9.6,2.0,126.0
2026-06-05T03:00,19.2,37.3,10.4,1.8,126.0
2026-06-05T04:00,18.7,34.9,11.5,1.6,125.0
2026-06-05T05:00,20.4,39.1,12.1,1.7,125.0
2026-06-05T06:00,19.6,35.7,9.4,1.9,125.0
2026-06-05T07:00,19.9,38.3,5.7,2.1,126.0
2026-06-05T08:00,21.5,46.4,2.9,2.3,126.0
2026-06-05T09:00,21.9,48.9,1.8,2.4,125.0
2026-06-05T10:00,21.5,47.8,1.5,2.4,123.0
2026-06-05T11:00,20.7,44.2,1.3,2.6,122.0
2026-06-05T12:00,19.8,39.9,1.1,3.1,120.0
2026-06-05T13:00,19.1,37.8,1.0,3.7,119.0
2026-06-05T14:00,19.4,41.8,1.0,4.0,119.0
2026-06-05T15:00,19.7,49.2,0.8,3.8,122.0
2026-06-05T16:00,19.6,55.8,0.6,3.3,126.0
2026-06-05T17:00,24.1,76.1,1.0,2.1,128.0
2026-06-05T18:00,23.1,72.2,2.0,2.0,125.0
2026-06-05T19:00,22.6,67.3,3.5,2.0,120.0
2026-06-05T20:00,22.9,69.8,5.1,2.0,116.0
2026-06-05T21:00,24.3,71.9,7.1,2.2,115.0
2026-06-05T22:00,25.9,75.9,9.3,2.5,116.0
2026-06-05T23:00,27.2,78.7,10.8,2.7,117.0
2026-06-06T00:00,28.2,79.6,11.0,2.7,119.0
2026-06-06T01:00,29.0,79.4,10.6,2.6,122.0
2026-06-06T02:00,29.9,80.6,10.2,2.5,124.0
2026-06-06T03:00,30.6,80.6,10.5,2.3,126.0
2026-06-06T04:00,30.6,76.8,11.0,2.1,128.0
2026-06-06T05:00,26.2,47.4,10.7,1.4,129.0
2026-06-06T06:00,25.6,45.9,8.3,1.6,129.0
2026-06-06T07:00,26.0,47.8,4.9,1.8,128.0
2026-06-06T08:00,29.7,69.6,2.3,1.9,127.0
2026-06-06T09:00,30.7,79.2,1.2,1.9,125.0
2026-06-06T10:00,30.3,81.0,0.9,1.7,123.0
2026-06-06T11:00,30.7,83.1,0.7,1.7,121.0
2026-06-06T12:00,28.8,78.5,0.6,1.9,120.0
2026-06-06T13:00,27.6,76.8,0.6,2.2,119.0
2026-06-06T14:00,26.7,75.2,0.7,2.4,119.0
2026-06-06T15:00,24.6,72.2,0.6,2.6,120.0
2026-06-06T16:00,22.5,68.2,0.4,2.7,122.0
2026-06-06T17:00,19.2,58.0,0.9,2.1,124.0
2026-06-06T18:00,18.1,51.0,2.0,2.2,126.0
2026-06-06T19:00,16.8,44.9,3.6,2.4,128.0
2026-06-06T20:00,16.5,43.2,5.1,2.5,128.0
2026-06-06T21:00,16.6,42.5,6.4,2.7,126.0
2026-06-06T22:00,16.7,42.8,7.6,2.9,122.0
2026-06-06T23:00,17.1,44.2,8.9,2.9,120.0
2026-06-07T00:00,18.0,44.7,10.4,2.5,120.0
2026-06-07T01:00,18.4,41.1,11.9,2.0,121.0
2026-06-07T02:00,18.2,36.2,12.8,1.5,122.0
2026-06-07T03:00,18.1,32.7,12.9,1.2,122.0
2026-06-07T04:00,18.3,31.0,12.4,0.9,122.0
2026-06-07T05:00,17.1,28.2,12.2,0.9,122.0
2026-06-07T06:00,17.5,28.9,9.6,1.1,121.0
2026-06-07T07:00,19.7,35.0,6.0,1.4,120.0
2026-06-07T08:00,22.5,45.3,3.1,1.6,119.0
2026-06-07T09:00,22.2,50.9,1.7,1.6,118.0
2026-06-07T10:00,21.4,51.8,1.0,1.5,116.0
2026-06-07T11:00,20.0,49.9,0.6,1.4,115.0
2026-06-07T12:00,18.7,47.0,0.4,1.4,115.0
2026-06-07T13:00,17.2,42.5,0.4,1.4,114.0
2026-06-07T14:00,16.2,39.2,0.5,1.5,114.0
2026-06-07T15:00,15.4,35.9,0.4,1.6,113.0
2026-06-07T16:00,14.6,32.8,0.3,1.6,111.0
2026-06-07T17:00,8.1,16.7,0.9,1.7,111.0
2026-06-07T18:00,7.4,14.4,2.4,1.8,113.0
2026-06-07T19:00,7.3,13.2,4.5,2.0,116.0
2026-06-07T20:00,7.8,13.7,6.5,2.2,118.0
2026-06-07T21:00,8.5,15.0,8.1,2.3,116.0
2026-06-07T22:00,9.1,16.2,9.6,2.4,113.0
2026-06-07T23:00,9.5,16.8,10.8,2.4,110.0
2026-06-08T00:00,9.9,16.8,11.7,2.1,109.0
2026-06-08T01:00,10.4,17.3,12.4,1.7,110.0
2026-06-08T02:00,10.9,17.8,12.7,1.4,110.0
2026-06-08T03:00,11.4,18.0,12.6,1.1,110.0
2026-06-08T04:00,11.9,18.3,12.1,0.9,110.0
2026-06-08T05:00,13.0,20.7,11.3,1.2,111.0
2026-06-08T06:00,14.1,23.1,8.8,1.4,112.0
2026-06-08T07:00,15.8,26.7,5.4,1.7,114.0
2026-06-08T08:00,18.5,34.7,2.7,1.9,115.0
2026-06-08T09:00,19.3,38.5,1.4,1.9,114.0
2026-06-08T10:00,18.3,37.4,0.9,1.8,112.0
2026-06-08T11:00,16.2,33.4,0.6,1.6,111.0
2026-06-08T12:00,15.2,31.3,0.4,1.4,111.0
2026-06-08T13:00,14.1,29.0,0.4,1.2,111.0
2026-06-08T14:00,13.0,26.9,0.4,1.0,112.0
2026-06-08T15:00,12.3,25.4,0.3,0.8,113.0
2026-06-08T16:00,11.6,23.9,0.2,0.7,115.0
2026-06-08T17:00,12.1,24.4,1.0,0.8,118.0
2026-06-08T18:00,11.9,23.9,2.4,0.9,126.0
2026-06-08T19:00,11.9,22.6,4.3,1.0,136.0
2026-06-08T20:00,12.2,22.6,6.0,1.1,141.0
2026-06-08T21:00,12.4,23.5,7.3,1.2,137.0
2026-06-08T22:00,12.3,23.5,8.5,1.3,129.0
2026-06-08T23:00,11.9,23.2,9.4,1.3,122.0
2026-06-09T00:00,11.6,22.9,9.9,1.3,119.0
2026-06-09T01:00,11.4,22.6,10.2,1.2,117.0
2026-06-09T02:00,11.7,23.1,10.4,1.2,116.0
2026-06-09T03:00,12.0,23.6,10.9,1.3,117.0
2026-06-09T04:00,12.1,24.2,11.4,1.4,118.0
2026-06-09T05:00,13.4,26.1,9.3,1.4,119.0
2026-06-09T06:00,14.2,27.1,7.9,1.4,118.0
2026-06-09T07:00,13.7,24.6,5.8,1.3,117.0
2026-06-09T08:00,13.5,25.3,4.1,1.4,116.0
2026-06-09T09:00,13.7,28.5,2.9,1.6,116.0
2026-06-09T10:00,15.5,36.1,2.1,1.9,116.0
2026-06-09T11:00,17.8,43.9,1.4,2.1,116.0
2026-06-09T12:00,19.4,48.4,1.0,2.2,115.0
2026-06-09T13:00,20.1,49.7,0.8,2.2,114.0
2026-06-09T14:00,20.1,49.7,0.7,2.2,113.0
2026-06-09T15:00,19.2,47.6,0.5,2.2,112.0
2026-06-09T16:00,19.0,46.7,0.5,2.2,112.0
2026-06-09T17:00,22.9,57.5,0.8,1.4,113.0
2026-06-09T18:00,22.5,54.1,2.2,1.6,118.0
2026-06-09T19:00,23.1,54.6,4.2,1.8,124.0
2026-06-09T20:00,23.7,54.1,6.0,2.0,128.0
2026-06-09T21:00,24.5,56.2,7.4,2.2,126.0
2026-06-09T22:00,25.1,59.0,8.7,2.3,122.0
2026-06-09T23:00,25.1,59.8,9.9,2.3,119.0
2026-06-10T00:00,24.3,56.8,11.4,2.1,118.0
2026-06-10T01:00,22.6,50.2,12.8,1.8,118.0
2026-06-10T02:00,20.5,43.1,13.7,1.5,118.0
2026-06-10T03:00,19.0,37.5,14.0,1.2,116.0
2026-06-10T04:00,17.4,32.0,13.6,1.0,114.0
2026-06-10T05:00,19.6,38.1,13.1,1.3,113.0
2026-06-10T06:00,18.5,34.8,10.1,1.5,113.0
2026-06-10T07:00,18.3,34.0,5.8,1.7,114.0
2026-06-10T08:00,22.3,47.4,2.6,1.8,115.0
2026-06-10T09:00,22.2,47.6,1.3,1.8,118.0
2026-06-10T10:00,21.5,46.1,0.9,1.7,121.0
2026-06-10T11:00,19.4,41.3,0.8,1.6,123.0
2026-06-10T12:00,18.5,39.2,0.7,1.6,123.0
2026-06-10T13:00,19.4,43.7,0.7,1.5,121.0
2026-06-10T14:00,16.3,35.9,0.8,1.5,120.0
2026-06-10T15:00,16.6,37.1,0.7,1.4,119.0
2026-06-10T16:00,16.8,37.6,0.5,1.3,119.0
2026-06-10T17:00,34.6,76.4,0.9,2.8,121.0
2026-06-10T18:00,36.1,77.3,1.8,2.8,127.0
2026-06-10T19:00,35.7,76.4,3.1,2.7,134.0
2026-06-10T20:00,34.3,72.6,4.6,2.8,138.0
2026-06-10T21:00,35.5,75.4,6.4,3.0,134.0
2026-06-10T22:00,36.6,79.2,8.3,3.3,125.0
2026-06-10T23:00,36.4,79.6,9.6,3.5,119.0
2026-06-11T00:00,33.9,73.8,9.8,3.6,117.0
2026-06-11T01:00,31.5,68.9,9.3,3.6,117.0
2026-06-11T02:00,31.0,68.2,9.1,3.6,117.0
2026-06-11T03:00,31.5,69.8,9.8,3.6,117.0
2026-06-11T04:00,32.0,69.8,10.8,3.5,117.0
2026-06-11T05:00,29.4,59.0,12.9,2.6,117.0
2026-06-11T06:00,29.1,58.2,10.6,2.7,117.0
2026-06-11T07:00,27.5,53.3,7.5,2.9,117.0
2026-06-11T08:00,26.7,57.6,4.8,2.9,117.0
2026-06-11T09:00,24.4,55.8,3.1,2.7,116.0
2026-06-11T10:00,21.9,55.2,1.9,2.5,114.0
2026-06-11T11:00,18.6,54.5,1.0,2.2,113.0
2026-06-11T12:00,16.1,53.8,0.6,1.9,112.0
2026-06-11T13:00,14.6,51.5,0.6,1.6,110.0
2026-06-11T14:00,13.7,49.4,0.6,1.4,110.0
2026-06-11T15:00,12.7,45.2,0.5,1.3,111.0
2026-06-11T16:00,11.8,41.0,0.4,1.4,112.0
2026-06-11T17:00,8.6,26.3,0.8,1.4,114.0
2026-06-11T18:00,7.3,21.1,1.9,1.5,117.0
2026-06-11T19:00,6.6,17.9,3.5,1.7,120.0
2026-06-11T20:00,6.6,16.1,5.1,1.9,121.0
2026-06-11T21:00,7.2,16.9,6.8,2.2,118.0
2026-06-11T22:00,8.0,18.5,8.6,2.6,113.0
2026-06-11T23:00,8.7,19.6,9.9,2.8,109.0
2026-06-12T00:00,8.6,19.0,10.5,2.9,109.0
2026-06-12T01:00,7.8,16.6,10.8,2.9,111.0
2026-06-12T02:00,6.8,13.8,11.0,2.8,112.0
2026-06-12T03:00,5.8,11.1,11.7,2.6,112.0
2026-06-12T04:00,4.9,9.0,12.4,2.3,111.0
2026-06-12T05:00,6.1,11.4,12.5,1.9,111.0
2026-06-12T06:00,5.9,11.0,9.8,1.7,112.0
2026-06-12T07:00,5.3,9.3,6.1,1.4,113.0
2026-06-12T08:00,5.1,14.9,3.1,1.2,113.0
2026-06-12T09:00,5.4,21.1,1.7,1.0,111.0
2026-06-12T10:00,6.3,28.5,1.0,0.9,109.0
2026-06-12T11:00,6.8,29.8,0.6,0.8,107.0
2026-06-12T12:00,6.8,28.4,0.4,0.8,107.0
2026-06-12T13:00,6.7,26.4,0.5,0.9,107.0
2026-06-12T14:00,6.7,24.3,0.6,1.0,108.0
2026-06-12T15:00,6.7,22.8,0.5,1.2,108.0
2026-06-12T16:00,7.0,22.4,0.5,1.4,108.0
2026-06-12T17:00,6.1,17.3,0.9,1.2,110.0
2026-06-12T18:00,6.3,16.3,2.4,1.4,117.0
2026-06-12T19:00,6.8,16.0,4.6,1.6,126.0
2026-06-12T20:00,7.6,17.1,6.7,1.8,131.0
2026-06-12T21:00,8.4,19.0,8.6,2.0,126.0
2026-06-12T22:00,9.0,20.6,10.4,2.2,117.0
2026-06-12T23:00,9.4,21.8,11.8,2.3,110.0
2026-06-13T00:00,9.5,22.5,12.4,2.3,109.0
2026-06-13T01:00,9.5,22.2,12.5,2.2,109.0
2026-06-13T02:00,9.0,20.1,12.6,2.0,110.0
2026-06-13T03:00,8.1,17.0,13.3,1.7,109.0
2026-06-13T04:00,7.2,14.1,14.0,1.3,108.0
2026-06-13T05:00,6.7,12.0,13.6,1.2,107.0
2026-06-13T06:00,6.2,11.1,10.7,1.3,108.0
2026-06-13T07:00,6.2,11.9,6.7,1.5,111.0
2026-06-13T08:00,7.0,15.3,3.5,1.6,112.0
2026-06-13T09:00,7.3,18.2,1.9,1.6,112.0
2026-06-13T10:00,7.3,18.8,1.2,1.4,110.0
2026-06-13T11:00,7.2,18.6,0.7,1.3,109.0
2026-06-13T12:00,7.0,18.2,0.5,1.2,108.0
2026-06-13T13:00,6.9,17.8,0.5,1.1,108.0
2026-06-13T14:00,6.9,17.9,0.6,1.0,108.0
2026-06-13T15:00,6.7,17.8,0.5,0.9,108.0
2026-06-13T16:00,6.5,17.3,0.4,0.9,108.0
2026-06-13T17:00,5.9,15.5,0.8,1.0,109.0
2026-06-13T18:00,5.7,14.0,2.1,1.1,112.0
2026-06-13T19:00,5.7,12.4,3.9,1.2,117.0
2026-06-13T20:00,6.3,13.0,5.8,1.4,119.0
2026-06-13T21:00,7.2,14.5,7.6,1.6,116.0
2026-06-13T22:00,7.8,15.7,9.4,1.8,112.0
2026-06-13T23:00,8.1,16.2,10.9,1.9,108.0
2026-06-14T00:00,8.1,15.9,12.1,1.7,107.0
2026-06-14T01:00,7.9,14.8,13.0,1.4,107.0
2026-06-14T02:00,7.4,13.5,13.3,1.2,108.0
2026-06-14T03:00,6.9,11.9,12.8,1.0,109.0
2026-06-14T04:00,6.5,11.0,11.8,0.9,111.0
2026-06-14T05:00,5.1,8.6,12.0,1.0,112.0
2026-06-14T06:00,5.4,9.5,9.4,1.1,113.0
2026-06-14T07:00,6.8,13.2,5.8,1.2,114.0
2026-06-14T08:00,9.4,20.3,3.0,1.3,114.0
2026-06-14T09:00,9.7,22.2,1.6,1.2,114.0
2026-06-14T10:00,9.9,23.3,1.0,1.1,114.0
2026-06-14T11:00,9.4,22.7,0.6,1.0,113.0
2026-06-14T12:00,8.5,20.8,0.4,0.9,112.0
2026-06-14T13:00,7.4,18.2,0.3,0.8,110.0
2026-06-14T14:00,6.4,15.9,0.4,0.7,109.0
2026-06-14T15:00,5.5,13.7,0.3,0.7,108.0
2026-06-14T16:00,5.3,13.2,0.3,0.8,108.0
2026-06-14T17:00,10.1,26.7,0.7,1.0,110.0
2026-06-14T18:00,11.0,27.6,1.8,1.0,115.0
2026-06-14T19:00,10.8,25.1,3.3,1.1,122.0
2026-06-14T20:00,12.0,28.1,4.6,1.1,126.0
2026-06-14T21:00,13.2,30.9,5.6,1.1,123.0
2026-06-14T22:00,13.7,31.5,6.3,1.1,116.0
2026-06-14T23:00,13.1,28.1,7.0,1.1,111.0
2026-06-15T00:00,12.6,25.6,7.6,1.1,109.0
2026-06-15T01:00,12.3,24.2,8.1,1.0,109.0
2026-06-15T02:00,12.2,23.9,8.3,1.0,108.0
2026-06-15T03:00,12.4,23.8,8.1,0.9,107.0
2026-06-15T04:00,12.6,23.4,7.6,0.9,105.0
2026-06-15T05:00,9.5,16.7,7.0,0.9,105.0
2026-06-15T06:00,9.4,17.0,5.7,1.0,106.0
2026-06-15T07:00,9.5,17.4,3.8,1.2,109.0
2026-06-15T08:00,11.1,23.3,2.3,1.3,110.0
2026-06-15T09:00,11.8,27.4,1.5,1.3,109.0
2026-06-15T10:00,12.3,29.9,0.9,1.2,108.0
2026-06-15T11:00,12.4,30.9,0.6,1.1,107.0
2026-06-15T12:00,11.7,29.2,0.4,1.1,107.0
2026-06-15T13:00,10.9,27.1,0.4,1.0,107.0
2026-06-15T14:00,10.6,26.0,0.5,1.1,107.0
2026-06-15T15:00,10.7,25.3,0.5,1.3,108.0
2026-06-15T16:00,11.3,26.1,0.6,1.5,109.0
2026-06-15T17:00,15.9,33.6,1.2,1.6,112.0
2026-06-15T18:00,16.2,31.1,2.2,1.8,118.0
2026-06-15T19:00,16.5,30.3,3.6,2.0,125.0
2026-06-15T20:00,17.0,29.3,5.2,2.2,128.0
2026-06-15T21:00,17.5,30.5,7.1,2.2,125.0
2026-06-15T22:00,17.8,30.9,9.1,2.2,118.0
2026-06-15T23:00,17.8,29.8,10.7,2.1,112.0
2026-06-16T00:00,17.4,28.0,11.7,1.9,110.0
2026-06-16T01:00,16.8,26.8,12.2,1.8,109.0
2026-06-16T02:00,16.3,26.3,12.5,1.6,109.0
2026-06-16T03:00,15.9,26.3,12.6,1.5,109.0
2026-06-16T04:00,15.6,26.1,12.5,1.5,109.0
2026-06-16T05:00,15.8,26.9,13.0,1.6,109.0
2026-06-16T06:00,16.4,29.2,10.3,1.7,110.0
2026-06-16T07:00,15.9,26.8,6.6,1.8,111.0
2026-06-16T08:00,17.0,35.2,3.6,1.8,111.0
2026-06-16T09:00,17.9,40.4,2.1,1.7,111.0
2026-06-16T10:00,18.6,44.6,1.3,1.5,110.0
2026-06-16T11:00,18.7,45.9,0.8,1.4,109.0
2026-06-16T12:00,16.4,40.6,0.5,1.4,109.0
2026-06-16T13:00,14.3,35.2,0.5,1.4,109.0
2026-06-16T14:00,12.1,29.2,0.6,1.5,109.0
2026-06-16T15:00,9.2,21.8,0.6,1.5,108.0
2026-06-16T16:00,6.7,15.4,0.6,1.6,108.0
2026-06-16T17:00,8.4,19.6,1.0,1.6,109.0
2026-06-16T18:00,8.6,19.0,2.4,1.7,115.0
2026-06-16T19:00,9.1,17.6,4.4,1.8,122.0
2026-06-16T20:00,9.5,18.5,6.0,1.9,126.0
2026-06-16T21:00,9.6,19.3,6.8,2.0,123.0
2026-06-16T22:00,10.4,21.1,7.2,2.0,117.0
2026-06-16T23:00,11.3,22.8,7.8,2.1,112.0
2026-06-17T00:00,12.4,24.8,9.0,2.2,110.0
2026-06-17T01:00,13.0,25.8,10.5,2.4,109.0
2026-06-17T02:00,12.7,24.7,11.5,2.4,109.0
2026-06-17T03:00,11.9,21.1,12.1,2.2,109.0
2026-06-17T04:00,11.8,19.7,12.3,1.9,110.0
2026-06-17T05:00,13.2,20.5,14.2,2.2,111.0
2026-06-17T06:00,13.0,19.7,11.2,2.2,112.0
2026-06-17T07:00,12.7,19.7,7.0,2.2,113.0
2026-06-17T08:00,12.9,22.9,3.7,2.3,114.0
2026-06-17T09:00,12.8,23.7,2.1,2.5,114.0
2026-06-17T10:00,12.8,24.0,1.4,2.7,113.0
2026-06-17T11:00,12.7,24.3,1.0,2.8,113.0
2026-06-17T12:00,12.5,25.4,0.7,2.7,113.0
2026-06-17T13:00,12.7,26.8,0.7,2.5,113.0
2026-06-17T14:00,12.8,27.7,0.8,2.3,113.0
2026-06-17T15:00,12.5,27.0,0.8,2.1,112.0
2026-06-17T16:00,12.5,27.0,0.9,1.8,111.0
2026-06-17T17:00,13.2,31.3,1.0,1.2,111.0
2026-06-17T18:00,13.3,29.8,2.1,1.3,115.0
2026-06-17T19:00,13.8,30.4,3.8,1.4,122.0
2026-06-17T20:00,13.9,29.1,5.5,1.5,125.0
2026-06-17T21:00,14.2,29.5,7.4,1.7,123.0
2026-06-17T22:00,14.5,29.6,9.3,1.8,119.0
2026-06-17T23:00,14.2,28.4,10.9,1.9,115.0
2026-06-18T00:00,13.4,25.4,11.9,1.8,113.0
2026-06-18T01:00,12.2,21.2,12.5,1.5,112.0
2026-06-18T02:00,11.3,18.5,12.8,1.3,112.0
2026-06-18T03:00,10.6,17.0,12.9,1.1,112.0
2026-06-18T04:00,10.0,16.1,12.6,1.0,113.0
2026-06-18T05:00,9.5,14.2,11.8,1.1,113.0
2026-06-18T06:00,9.1,14.1,9.2,1.2,113.0
2026-06-18T07:00,8.7,14.0,5.6,1.3,112.0
2026-06-18T08:00,9.1,17.2,2.8,1.4,112.0
2026-06-18T09:00,8.3,17.6,1.8,1.6,112.0
2026-06-18T10:00,9.2,20.3,1.7,1.7,112.0
2026-06-18T11:00,10.0,21.1,1.6,1.8,112.0
2026-06-18T12:00,11.3,25.9,1.2,1.6,113.0
2026-06-18T13:00,11.9,29.2,0.8,1.3,115.0
2026-06-18T14:00,12.1,32.0,0.6,1.1,116.0
2026-06-18T15:00,13.2,37.0,0.5,1.1,115.0
2026-06-18T16:00,14.0,41.7,0.4,1.1,113.0
2026-06-18T17:00,14.5,44.2,0.9,1.2,113.0
2026-06-18T18:00,14.5,42.8,1.5,1.2,117.0
2026-06-18T19:00,14.3,39.3,2.5,1.3,123.0
2026-06-18T20:00,14.2,36.1,3.9,1.4,127.0
2026-06-18T21:00,14.6,36.4,6.1,1.5,128.0
2026-06-18T22:00,15.2,37.4,8.7,1.7,128.0
2026-06-18T23:00,15.9,39.0,10.9,1.8,126.0
2026-06-19T00:00,16.4,40.2,12.2,1.9,122.0
2026-06-19T01:00,16.6,41.4,13.0,1.9,118.0
2026-06-19T02:00,16.6,40.4,13.5,1.8,114.0
2026-06-19T03:00,15.9,36.6,13.9,1.6,113.0
2026-06-19T04:00,14.6,31.9,14.0,1.4,113.0
2026-06-19T05:00,12.9,27.0,13.3,1.3,114.0
2026-06-19T06:00,11.1,21.5,10.0,1.3,115.0
2026-06-19T07:00,10.9,23.7,5.5,1.3,116.0
2026-06-19T08:00,12.0,32.6,2.1,1.2,116.0
2026-06-19T09:00,11.2,29.9,0.8,1.0,115.0
2026-06-19T10:00,10.2,25.7,0.5,0.8,112.0
2026-06-19T11:00,8.9,21.7,0.5,0.7,111.0
2026-06-19T12:00,8.1,19.0,0.4,0.7,111.0
2026-06-19T13:00,7.7,17.1,0.6,0.7,112.0
2026-06-19T14:00,7.9,16.6,0.7,0.7,113.0
2026-06-19T15:00,8.2,16.5,0.7,0.7,112.0
2026-06-19T16:00,7.9,15.4,0.7,0.6,111.0
2026-06-19T17:00,9.0,17.9,0.8,1.0,111.0
2026-06-19T18:00,9.2,17.8,1.3,1.0,112.0
2026-06-19T19:00,9.3,16.4,2.0,1.0,115.0
2026-06-19T20:00,9.1,14.2,3.1,1.0,116.0
2026-06-19T21:00,8.8,13.4,4.8,1.1,116.0
2026-06-19T22:00,9.1,13.7,6.9,1.1,114.0
2026-06-19T23:00,9.5,14.1,8.9,1.2,113.0
2026-06-20T00:00,9.8,14.5,10.8,1.2,112.0
2026-06-20T01:00,10.1,14.8,12.7,1.2,110.0
2026-06-20T02:00,10.3,14.6,13.9,1.1,109.0
2026-06-20T03:00,10.2,14.0,14.6,1.0,108.0
2026-06-20T04:00,10.0,13.3,14.6,0.9,106.0
2026-06-20T05:00,9.7,12.1,14.5,0.7,106.0
2026-06-20T06:00,7.5,9.7,10.9,0.8,107.0
2026-06-20T07:00,6.9,10.4,5.9,1.0,109.0
2026-06-20T08:00,7.5,12.8,2.1,1.2,111.0
2026-06-20T09:00,8.4,15.0,0.7,1.3,112.0
2026-06-20T10:00,8.9,16.4,0.6,1.4,112.0
2026-06-20T11:00,9.1,16.6,0.6,1.4,112.0
2026-06-20T12:00,9.1,16.4,0.5,1.3,111.0
2026-06-20T13:00,8.8,15.4,0.5,1.2,109.0
2026-06-20T14:00,9.0,15.2,0.6,1.2,109.0
2026-06-20T15:00,9.7,16.0,0.6,1.4,113.0
2026-06-20T16:00,10.3,16.5,0.7,1.6,119.0
2026-06-20T17:00,15.0,25.1,1.0,1.9,124.0
2026-06-20T18:00,15.4,24.7,1.8,2.0,127.0
2026-06-20T19:00,15.9,24.7,3.0,2.0,129.0
2026-06-20T20:00,16.4,25.4,4.3,2.1,129.0
2026-06-20T21:00,16.9,26.3,5.8,2.2,125.0
2026-06-20T22:00,17.1,26.4,7.5,2.2,119.0
2026-06-20T23:00,18.2,27.9,9.0,2.2,115.0
2026-06-21T00:00,18.9,28.8,10.4,2.1,114.0
2026-06-21T01:00,19.3,28.5,11.7,2.1,114.0
2026-06-21T02:00,19.3,27.2,12.6,1.9,114.0
2026-06-21T03:00,18.6,25.1,13.4,1.6,112.0
2026-06-21T04:00,17.6,22.9,13.8,1.3,110.0
2026-06-21T05:00,17.3,21.5,13.7,1.1,109.0
2026-06-21T06:00,15.5,18.7,10.4,1.4,109.0
2026-06-21T07:00,14.7,19.8,5.9,1.7,110.0
2026-06-21T08:00,13.0,19.4,2.4,1.9,110.0
2026-06-21T09:00,10.7,16.7,1.0,1.7,110.0
2026-06-21T10:00,9.3,14.8,0.6,1.4,110.0
2026-06-21T11:00,8.6,13.7,0.5,1.2,110.0
2026-06-21T12:00,8.2,12.9,0.3,1.2,110.0
2026-06-21T13:00,8.3,12.8,0.4,1.3,110.0
2026-06-21T14:00,8.5,12.7,0.5,1.4,110.0
2026-06-21T15:00,8.6,12.6,0.5,1.5,111.0
2026-06-21T16:00,8.6,12.3,0.4,1.7,112.0
2026-06-21T17:00,10.2,14.6,1.0,1.8,113.0
2026-06-21T18:00,10.6,14.3,1.9,2.0,116.0
2026-06-21T19:00,11.0,14.7,3.2,2.2,119.0
2026-06-21T20:00,11.8,15.1,4.8,2.4,121.0
2026-06-21T21:00,12.5,15.9,6.9,2.6,120.0
2026-06-21T22:00,13.0,16.5,9.4,2.7,117.0
2026-06-21T23:00,13.1,16.6,11.4,2.7,115.0
2026-06-22T00:00,13.2,16.4,12.7,2.4,113.0
2026-06-22T01:00,12.6,15.1,13.5,2.0,111.0
2026-06-22T02:00,11.8,13.6,13.8,1.6,110.0
2026-06-22T03:00,11.3,12.9,13.5,1.4,109.0
2026-06-22T04:00,11.1,12.6,12.5,1.2,109.0
2026-06-22T05:00,9.9,11.2,8.1,1.1,109.0
2026-06-22T06:00,9.3,10.4,6.3,1.2,109.0
2026-06-22T07:00,9.1,10.5,3.9,1.4,110.0
2026-06-22T08:00,9.3,11.5,2.0,1.5,110.0
2026-06-22T09:00,9.6,12.2,1.1,1.4,111.0
2026-06-22T10:00,10.0,13.0,0.7,1.2,112.0
2026-06-22T11:00,10.4,13.6,0.5,1.0,112.0
2026-06-22T12:00,11.0,14.4,0.4,0.9,111.0
2026-06-22T13:00,11.1,14.4,0.4,0.9,110.0
2026-06-22T14:00,11.5,14.6,0.5,1.0,110.0
2026-06-22T15:00,11.7,14.7,0.5,1.2,111.0
2026-06-22T16:00,12.9,15.8,0.5,1.5,112.0
2026-06-22T17:00,11.9,14.3,0.9,1.8,114.0
2026-06-22T18:00,11.2,13.1,2.2,2.1,118.0
2026-06-22T19:00,11.3,12.9,4.0,2.4,123.0
2026-06-22T20:00,12.1,13.7,5.7,2.6,126.0
2026-06-22T21:00,13.6,15.3,7.3,2.5,126.0
2026-06-22T22:00,14.4,16.0,8.7,2.1,124.0
2026-06-22T23:00,14.9,16.4,9.2,1.8,121.0
2026-06-23T00:00,14.9,16.2,8.2,1.5,118.0
2026-06-23T01:00,14.5,15.8,6.2,1.2,115.0
2026-06-23T02:00,13.8,15.1,4.8,1.0,112.0
2026-06-23T03:00,13.0,14.1,4.5,0.8,111.0
2026-06-23T04:00,12.0,13.1,4.8,0.8,111.0
2026-06-23T05:00,9.7,10.5,4.9,0.8,111.0
2026-06-23T06:00,8.9,9.6,4.0,0.8,111.0
2026-06-23T07:00,8.9,9.9,2.8,0.9,112.0
2026-06-23T08:00,10.8,12.7,1.8,0.9,112.0
2026-06-23T09:00,11.1,13.2,1.2,0.9,111.0
2026-06-23T10:00,9.5,11.2,0.8,0.8,110.0
2026-06-23T11:00,7.9,9.4,0.5,0.8,109.0
2026-06-23T12:00,6.8,8.2,0.4,0.7,109.0
2026-06-23T13:00,6.4,7.8,0.4,0.7,109.0
2026-06-23T14:00,6.3,7.8,0.5,0.7,109.0
2026-06-23T15:00,6.6,8.1,0.4,0.8,109.0
2026-06-23T16:00,6.8,8.4,0.4,1.0,110.0
2026-06-23T17:00,0.1,0.1,0.7,0.9,112.0
2026-06-23T18:00,0.5,0.6,1.8,1.1,117.0
2026-06-23T19:00,1.0,1.1,3.3,1.4,122.0
2026-06-23T20:00,1.6,1.7,5.1,1.7,125.0
2026-06-23T21:00,2.4,2.5,7.3,1.9,123.0
2026-06-23T22:00,3.0,3.1,9.8,2.1,117.0
2026-06-23T23:00,3.4,3.5,11.7,2.2,113.0
2026-06-24T00:00,3.7,3.8,12.9,2.0,111.0
2026-06-24T01:00,3.7,3.9,13.5,1.7,111.0
2026-06-24T02:00,3.7,3.9,13.7,1.6,110.0
2026-06-24T03:00,3.6,3.8,13.4,1.8,109.0
2026-06-24T04:00,3.5,3.7,12.7,2.0,108.0
2026-06-24T05:00,4.0,4.3,12.0,2.2,108.0
2026-06-24T06:00,5.0,5.3,10.1,2.4,110.0
2026-06-24T07:00,6.0,6.6,7.4,2.8,112.0
2026-06-24T08:00,7.2,8.5,5.1,3.0,115.0
2026-06-24T09:00,7.8,9.7,3.5,3.0,118.0
2026-06-24T10:00,8.2,10.7,2.1,2.9,121.0
2026-06-24T11:00,8.4,11.8,1.2,2.8,122.0
2026-06-24T12:00,8.5,12.5,0.8,2.7,119.0
2026-06-24T13:00,8.7,13.0,0.7,2.5,114.0
2026-06-24T14:00,9.3,14.2,0.7,2.4,110.0
2026-06-24T15:00,10.2,16.1,0.5,2.3,108.0
2026-06-24T16:00,10.8,18.2,0.4,2.2,108.0
2026-06-24T17:00,11.4,20.5,0.8,2.1,109.0
2026-06-24T18:00,11.7,21.7,1.9,2.1,113.0
2026-06-24T19:00,12.0,21.7,3.3,2.2,118.0
2026-06-24T20:00,12.3,22.1,4.9,2.4,121.0
2026-06-24T21:00,12.6,22.3,6.5,2.6,119.0
2026-06-24T22:00,12.8,23.1,8.1,2.9,115.0
2026-06-24T23:00,12.8,23.3,9.5,3.1,112.0
2026-06-25T00:00,12.7,23.1,10.5,3.2,111.0
2026-06-25T01:00,12.6,22.2,11.2,3.1,110.0
2026-06-25T02:00,12.5,20.8,11.8,3.0,110.0
2026-06-25T03:00,12.3,20.1,12.7,2.8,110.0
2026-06-25T04:00,12.4,20.4,13.5,2.4,111.0
2026-06-25T05:00,12.9,20.5,13.1,2.2,112.0
2026-06-25T06:00,12.8,19.2,10.6,2.1,114.0
2026-06-25T07:00,11.8,16.8,6.9,2.2,117.0
2026-06-25T08:00,11.0,20.6,3.9,2.2,119.0
2026-06-25T09:00,10.6,20.7,2.3,2.2,119.0
2026-06-25T10:00,9.9,19.6,1.5,2.2,117.0
2026-06-25T11:00,9.5,19.3,0.9,2.1,116.0
2026-06-25T12:00,9.3,19.1,0.6,2.0,116.0
2026-06-25T13:00,9.0,18.4,0.5,1.8,116.0
2026-06-25T14:00,9.1,18.0,0.6,1.7,116.0
2026-06-25T15:00,9.2,17.9,0.5,1.7,115.0
2026-06-25T16:00,9.3,17.8,0.5,1.8,113.0
2026-06-25T17:00,3.2,4.2,1.0,1.9,114.0
2026-06-25T18:00,3.2,4.0,2.3,2.0,119.0
2026-06-25T19:00,3.5,4.0,4.1,2.2,126.0
2026-06-25T20:00,4.0,4.2,6.0,2.3,129.0
2026-06-25T21:00,4.3,4.3,7.9,2.4,126.0
2026-06-25T22:00,4.4,4.5,9.8,2.5,119.0
2026-06-25T23:00,4.9,5.2,11.3,2.4,114.0
2026-06-26T00:00,5.2,5.7,12.2,2.2,111.0
2026-06-26T01:00,5.5,6.3,12.8,1.8,110.0
2026-06-26T02:00,5.8,6.7,13.0,1.5,109.0
2026-06-26T03:00,6.1,7.1,13.2,1.2,110.0
2026-06-26T04:00,6.4,7.6,13.1,1.0,112.0
2026-06-26T05:00,6.5,7.4,12.8,1.2,114.0
2026-06-26T06:00,6.7,7.8,10.1,1.5,115.0
2026-06-26T07:00,7.4,9.1,6.4,1.8,117.0
2026-06-26T08:00,8.5,11.4,3.5,2.1,117.0
2026-06-26T09:00,8.2,11.4,2.1,2.2,116.0
2026-06-26T10:00,7.8,10.7,1.5,2.3,113.0
2026-06-26T11:00,7.5,10.3,1.1,2.3,112.0
2026-06-26T12:00,7.5,10.3,0.8,2.3,113.0
2026-06-26T13:00,7.8,10.7,0.7,2.2,114.0
2026-06-26T14:00,8.1,11.3,0.7,2.2,116.0
2026-06-26T15:00,8.5,12.5,0.6,2.2,117.0
2026-06-26T16:00,8.6,12.8,0.6,2.2,118.0
2026-06-26T17:00,15.1,21.7,1.4,2.8,119.0
2026-06-26T18:00,14.0,20.8,2.7,2.8,122.0
2026-06-26T19:00,13.5,19.6,4.6,2.9,126.0
2026-06-26T20:00,14.3,20.2,6.5,2.8,127.0
2026-06-26T21:00,14.9,20.4,8.4,2.5,124.0
2026-06-26T22:00,15.2,20.1,10.2,2.2,120.0
2026-06-26T23:00,15.2,19.2,11.2,1.9,116.0
2026-06-27T00:00,14.9,18.5,10.8,1.7,115.0
2026-06-27T01:00,14.8,18.5,9.5,1.7,114.0
2026-06-27T02:00,14.8,18.8,8.3,1.6,114.0
2026-06-27T03:00,15.0,19.2,7.5,1.6,114.0
2026-06-27T04:00,15.1,19.4,6.7,1.6,114.0
2026-06-27T05:00,13.2,17.0,11.1,1.4,114.0
2026-06-27T06:00,12.8,16.8,8.9,1.5,115.0
2026-06-27T07:00,12.9,17.5,5.9,1.7,116.0
2026-06-27T08:00,14.8,22.5,3.4,1.9,116.0
2026-06-27T09:00,13.9,24.3,2.1,2.1,116.0
2026-06-27T10:00,13.2,24.5,1.5,2.3,115.0
2026-06-27T11:00,12.6,24.0,1.0,2.4,114.0
2026-06-27T12:00,11.8,23.1,0.7,2.3,113.0
2026-06-27T13:00,11.1,22.5,0.6,2.1,113.0
2026-06-27T14:00,10.2,21.5,0.6,1.9,112.0
2026-06-27T15:00,10.5,24.2,0.5,1.8,111.0
2026-06-27T16:00,9.6,21.2,0.5,1.7,110.0
2026-06-27T17:00,12.4,29.6,0.8,1.5,111.0
2026-06-27T18:00,12.3,28.8,1.9,1.5,117.0
2026-06-27T19:00,12.1,27.1,3.4,1.5,125.0
2026-06-27T20:00,12.6,27.4,5.2,1.6,129.0
2026-06-27T21:00,13.2,28.4,7.5,1.7,127.0
2026-06-27T22:00,13.3,28.1,9.9,1.9,121.0
2026-06-27T23:00,12.8,24.9,11.5,1.9,116.0
2026-06-28T00:00,12.0,20.8,11.5,1.8,113.0
2026-06-28T01:00,11.3,18.1,10.7,1.6,111.0
2026-06-28T02:00,10.8,16.8,9.7,1.4,109.0
2026-06-28T03:00,10.8,16.2,8.9,1.3,108.0
2026-06-28T04:00,11.1,16.3,8.0,1.2,109.0
2026-06-28T05:00,11.9,16.9,6.2,1.2,109.0
2026-06-28T06:00,12.5,18.1,5.2,1.4,110.0
2026-06-28T07:00,13.6,20.1,3.7,1.6,111.0
2026-06-28T08:00,14.8,23.3,2.5,1.8,111.0
2026-06-28T09:00,15.0,24.8,1.7,1.8,110.0
2026-06-28T10:00,14.1,25.3,1.1,1.8,109.0
2026-06-28T11:00,13.5,27.7,0.7,1.7,108.0
2026-06-28T12:00,14.0,32.9,0.5,1.6,108.0
2026-06-28T13:00,15.1,39.7,0.4,1.4,108.0
2026-06-28T14:00,15.9,44.8,0.4,1.3,108.0
2026-06-28T15:00,14.8,44.1,0.4,1.2,107.0
2026-06-28T16:00,13.6,41.2,0.4,1.1,106.0
2026-06-28T17:00,12.5,37.6,0.8,1.1,106.0
2026-06-28T18:00,11.8,33.6,1.6,1.2,107.0
2026-06-28T19:00,11.6,30.7,2.6,1.3,108.0
2026-06-28T20:00,11.9,31.2,3.9,1.4,109.0
2026-06-28T21:00,12.3,31.5,5.7,1.4,109.0
2026-06-28T22:00,11.7,26.5,7.8,1.4,108.0
2026-06-28T23:00,10.4,21.0,9.1,1.4,108.0
2026-06-29T00:00,10.0,18.9,8.9,1.3,108.0
2026-06-29T01:00,9.7,18.0,7.8,1.3,108.0
2026-06-29T02:00,9.9,17.3,7.2,1.2,108.0
2026-06-29T03:00,10.3,17.0,7.7,1.1,107.0
2026-06-29T04:00,10.9,17.5,8.7,1.1,106.0
2026-06-29T05:00,13.1,26.8,9.1,1.7,106.0
2026-06-29T06:00,13.4,26.5,7.6,1.8,110.0
2026-06-29T07:00,12.0,20.7,5.5,1.9,116.0
2026-06-29T08:00,11.7,19.4,3.7,2.0,119.0
2026-06-29T09:00,12.3,21.0,2.5,2.0,118.0
2026-06-29T10:00,13.0,23.5,1.6,1.9,114.0
2026-06-29T11:00,13.8,26.4,1.0,1.8,111.0
2026-06-29T12:00,15.0,29.8,0.7,1.8,110.0
2026-06-29T13:00,16.1,32.7,0.7,1.8,110.0
2026-06-29T14:00,17.2,35.2,0.7,1.8,111.0
2026-06-29T15:00,18.0,36.9,0.6,1.9,112.0
2026-06-29T16:00,18.4,37.5,0.7,1.9,113.0
2026-06-29T17:00,19.1,41.0,1.1,2.1,115.0
2026-06-29T18:00,19.2,40.7,1.8,2.1,117.0
2026-06-29T19:00,18.6,38.2,2.8,2.2,120.0
2026-06-29T20:00,17.4,32.9,4.0,2.3,122.0
2026-06-29T21:00,17.2,31.8,5.6,2.5,123.0
2026-06-29T22:00,17.3,32.1,7.4,2.7,123.0
2026-06-29T23:00,17.3,32.5,9.0,2.9,122.0
2026-06-30T00:00,17.4,33.2,10.3,3.1,118.0
2026-06-30T01:00,17.6,33.9,11.5,3.3,113.0
2026-06-30T02:00,17.6,34.5,12.5,3.4,109.0
2026-06-30T03:00,17.9,35.6,13.9,3.5,107.0
2026-06-30T04:00,18.0,36.1,15.3,3.5,106.0
2026-06-30T05:00,14.7,26.2,14.4,2.4,106.0
2026-06-30T06:00,14.7,26.3,11.3,2.6,109.0
2026-06-30T07:00,14.3,26.8,7.0,2.8,113.0
2026-06-30T08:00,15.3,31.1,3.6,2.9,115.0
2026-06-30T09:00,16.2,34.6,2.0,2.6,114.0
2026-06-30T10:00,17.1,38.1,1.3,2.0,113.0
2026-06-30T11:00,19.7,46.9,0.8,1.6,111.0
2026-06-30T12:00,20.0,46.9,0.5,1.4,111.0
2026-06-30T13:00,19.7,45.3,0.5,1.4,111.0
2026-06-30T14:00,18.9,41.8,0.5,1.4,111.0
2026-06-30T15:00,18.0,39.0,0.4,1.5,111.0
2026-06-30T16:00,16.6,35.9,0.4,1.6,111.0
2026-06-30T17:00,27.0,61.5,0.8,1.6,111.0
2026-06-30T18:00,24.6,54.8,1.7,1.7,113.0
2026-06-30T19:00,23.4,54.0,3.1,1.7,115.0
2026-06-30T20:00,23.1,51.7,4.3,1.8,116.0
2026-06-30T21:00,23.0,51.0,5.2,1.8,116.0
2026-06-30T22:00,23.6,50.9,5.9,1.7,114.0
2026-06-30T23:00,24.8,52.2,6.7,1.7,113.0
2026-07-01T00:00,26.3,55.6,7.7,1.7,113.0
2026-07-01T01:00,27.0,57.6,8.7,1.7,112.0
2026-07-01T02:00,27.0,57.9,9.7,1.7,111.0
2026-07-01T03:00,26.9,58.2,11.0,1.8,108.0
2026-07-01T04:00,26.8,58.7,12.2,1.8,104.0
2026-07-01T05:00,27.4,60.8,11.6,1.5,102.0
2026-07-01T06:00,26.7,59.3,8.7,1.5,102.0
2026-07-01T07:00,25.6,57.4,4.8,1.5,104.0
2026-07-01T08:00,23.1,55.3,1.8,1.4,105.0
2026-07-01T09:00,18.8,46.6,0.7,1.3,106.0
2026-07-01T10:00,17.2,43.0,0.6,1.2,107.0
2026-07-01T11:00,16.6,41.3,0.6,1.1,107.0
2026-07-01T12:00,16.2,39.7,0.5,1.0,107.0
2026-07-01T13:00,15.8,37.7,0.5,1.0,107.0
2026-07-01T14:00,15.7,36.9,0.5,1.0,106.0
2026-07-01T15:00,15.4,37.0,0.4,1.1,104.0
2026-07-01T16:00,13.3,32.8,0.4,1.2,101.0
2026-07-01T17:00,13.8,36.0,0.8,1.2,100.0
2026-07-01T18:00,12.5,32.6,1.9,1.3,105.0
2026-07-01T19:00,12.1,30.0,3.6,1.4,112.0
2026-07-01T20:00,12.1,27.8,5.4,1.5,116.0
2026-07-01T21:00,12.8,29.0,7.5,1.7,113.0
2026-07-01T22:00,13.5,30.4,9.8,1.9,107.0
2026-07-01T23:00,14.0,31.2,11.4,2.0,102.0
2026-07-02T00:00,13.9,31.2,11.7,1.9,100.0
2026-07-02T01:00,13.7,30.5,11.4,1.8,99.0
2026-07-02T02:00,13.4,29.6,11.0,1.7,99.0
2026-07-02T03:00,13.5,29.9,11.0,1.6,98.0
2026-07-02T04:00,13.9,31.0,11.1,1.6,98.0
2026-07-02T05:00,14.0,30.3,12.9,3.4,99.0
2026-07-02T06:00,13.3,28.2,10.8,3.7,101.0
2026-07-02T07:00,11.2,22.6,7.9,4.0,105.0
2026-07-02T08:00,9.5,24.1,5.3,4.0,107.0
2026-07-02T09:00,9.1,27.2,3.5,3.4,107.0
2026-07-02T10:00,9.1,25.8,2.1,2.4,105.0
2026-07-02T11:00,8.5,19.7,1.2,1.7,104.0
2026-07-02T12:00,9.1,19.4,0.9,1.5,104.0
2026-07-02T13:00,10.6,25.3,1.0,1.5,104.0
2026-07-02T14:00,11.7,33.2,1.1,1.5,104.0
2026-07-02T15:00,12.4,36.0,0.9,1.2,104.0
2026-07-02T16:00,10.7,28.7,0.7,0.9,104.0
2026-07-02T17:00,12.1,37.4,0.6,0.5,105.0
2026-07-02T18:00,11.0,32.6,1.5,0.5,106.0
2026-07-02T19:00,10.6,30.3,2.9,0.6,107.0
2026-07-02T20:00,10.8,28.9,4.7,0.7,108.0
2026-07-02T21:00,11.4,29.6,7.2,0.9,107.0
2026-07-02T22:00,12.4,31.1,10.1,1.2,106.0
2026-07-02T23:00,13.0,32.5,12.4,1.4,104.0
2026-07-03T00:00,13.0,31.4,13.6,1.4,103.0
2026-07-03T01:00,12.6,30.4,14.2,1.2,102.0
2026-07-03T02:00,12.2,30.6,14.3,1.1,101.0
2026-07-03T03:00,12.0,32.2,14.2,1.0,100.0
2026-07-03T04:00,11.9,34.5,13.7,1.0,99.0
2026-07-03T05:00,13.8,38.3,15.2,1.3,99.0
2026-07-03T06:00,13.4,36.8,11.3,1.2,100.0
2026-07-03T07:00,12.3,34.8,6.0,1.2,101.0
2026-07-03T08:00,12.0,39.5,2.0,1.1,102.0
2026-07-03T09:00,12.3,42.6,0.6,1.1,102.0
2026-07-03T10:00,12.5,45.1,0.5,1.0,102.0
2026-07-03T11:00,12.7,46.6,0.6,1.0,102.0
2026-07-03T12:00,12.9,47.8,0.5,1.0,102.0
2026-07-03T13:00,13.6,51.2,0.5,1.0,103.0
2026-07-03T14:00,13.9,52.9,0.6,1.1,103.0
2026-07-03T15:00,14.6,55.3,0.6,1.2,103.0
2026-07-03T16:00,15.8,58.9,0.7,1.3,104.0
2026-07-03T17:00,17.3,62.6,1.1,1.4,105.0
2026-07-03T18:00,17.6,57.9,2.5,1.6,109.0
2026-07-03T19:00,18.2,54.4,4.5,1.9,114.0
2026-07-03T20:00,19.0,55.1,6.3,2.1,117.0
2026-07-03T21:00,19.9,55.9,8.1,2.3,118.0
2026-07-03T22:00,20.3,56.9,9.7,2.4,117.0
2026-07-03T23:00,19.9,56.2,10.4,2.4,115.0
2026-07-04T00:00,18.0,50.5,9.5,2.2,113.0
2026-07-04T01:00,16.1,46.3,7.7,1.8,110.0
2026-07-04T02:00,14.6,40.2,6.1,1.5,107.0
2026-07-04T03:00,12.4,35.0,5.4,1.3,105.0
2026-07-04T04:00,9.1,24.6,4.9,1.0,104.0
2026-07-04T05:00,5.3,12.1,2.8,1.0,103.0
2026-07-04T06:00,5.3,11.9,2.5,0.9,104.0
2026-07-04T07:00,5.6,13.0,2.0,0.9,105.0
2026-07-04T08:00,6.7,17.2,1.5,0.8,106.0
2026-07-04T09:00,8.1,21.8,1.1,0.8,106.0
2026-07-04T10:00,8.7,24.0,0.8,0.7,105.0
2026-07-04T11:00,8.7,24.7,0.5,0.7,104.0
2026-07-04T12:00,7.9,22.6,0.4,0.7,102.0
2026-07-04T13:00,7.3,19.5,0.4,0.7,101.0
2026-07-04T14:00,7.2,17.8,0.4,0.7,99.0
2026-07-04T15:00,7.1,17.1,0.4,0.7,98.0
2026-07-04T16:00,7.4,17.3,0.4,0.8,97.0
2026-07-04T17:00,9.7,22.6,0.7,0.9,97.0
2026-07-04T18:00,9.5,21.7,1.6,1.0,100.0
2026-07-04T19:00,9.2,19.3,2.9,1.0,105.0
2026-07-04T20:00,9.1,18.6,4.3,1.1,107.0
2026-07-04T21:00,8.9,17.9,5.8,1.2,105.0
2026-07-04T22:00,8.6,17.2,7.3,1.2,101.0
2026-07-04T23:00,8.2,15.3,8.7,1.2,98.0
2026-07-05T00:00,7.9,13.7,9.9,1.1,96.0
2026-07-05T01:00,7.7,12.7,10.9,1.1,94.0
2026-07-05T02:00,7.7,12.7,11.2,1.0,94.0
2026-07-05T03:00,7.9,13.5,10.6,1.0,95.0
2026-07-05T04:00,8.1,13.9,9.3,1.0,98.0
2026-07-05T05:00,8.1,14.1,9.6,1.1,100.0
2026-07-05T06:00,8.5,14.9,7.6,1.1,101.0
2026-07-05T07:00,9.7,18.8,4.9,1.1,102.0
2026-07-05T08:00,10.9,22.7,2.7,1.1,102.0
2026-07-05T09:00,10.9,23.9,1.6,1.2,101.0
2026-07-05T10:00,10.6,24.0,1.0,1.4,100.0
2026-07-05T11:00,9.6,22.4,0.7,1.5,99.0
2026-07-05T12:00,9.1,21.5,0.5,1.5,100.0
2026-07-05T13:00,8.8,21.1,0.5,1.5,102.0
2026-07-05T14:00,8.5,20.4,0.6,1.5,104.0
2026-07-05T15:00,8.0,19.0,0.5,1.5,105.0
2026-07-05T16:00,7.5,17.6,0.5,1.6,106.0
2026-07-05T17:00,3.0,5.4,1.1,1.7,108.0
2026-07-05T18:00,2.4,4.1,2.5,1.8,112.0
2026-07-05T19:00,2.6,3.8,4.4,1.9,116.0
2026-07-05T20:00,3.2,4.0,6.1,2.2,118.0
2026-07-05T21:00,3.7,4.5,7.2,2.6,115.0
2026-07-05T22:00,3.9,4.6,8.1,3.2,110.0
2026-07-05T23:00,3.9,4.5,8.8,3.6,106.0
2026-07-06T00:00,3.9,4.4,9.4,3.8,105.0
2026-07-06T01:00,4.0,4.5,9.8,3.8,106.0
2026-07-06T02:00,4.0,4.6,10.3,3.8,106.0
2026-07-06T03:00,4.0,4.7,11.3,3.6,105.0
2026-07-06T04:00,3.9,4.6,12.3,3.3,105.0
2026-07-06T05:00,4.2,4.5,13.1,3.2,105.0
2026-07-06T06:00,4.0,4.5,10.3,3.2,107.0
2026-07-06T07:00,3.9,4.3,6.5,3.3,109.0
2026-07-06T08:00,3.6,4.5,3.5,3.2,111.0
2026-07-06T09:00,3.7,5.2,2.1,2.9,112.0
2026-07-06T10:00,3.7,5.9,1.5,2.5,113.0
2026-07-06T11:00,4.0,6.5,1.1,2.3,114.0
2026-07-06T12:00,4.6,7.1,0.8,2.4,115.0
2026-07-06T13:00,5.1,7.8,0.8,2.6,115.0
2026-07-06T14:00,5.5,8.4,0.8,2.8,116.0
2026-07-06T15:00,5.7,8.7,0.6,2.7,118.0
2026-07-06T16:00,5.7,8.8,0.5,2.6,120.0
2026-07-06T17:00,4.5,6.7,1.1,2.0,122.0
2026-07-06T18:00,4.1,5.5,2.6,2.0,123.0
2026-07-06T19:00,4.4,5.3,4.7,2.0,123.0
2026-07-06T20:00,4.7,5.5,6.5,2.1,123.0
2026-07-06T21:00,4.8,5.5,7.8,2.3,121.0
2026-07-06T22:00,4.6,5.4,9.0,2.5,119.0
2026-07-06T23:00,4.4,5.2,9.7,2.6,117.0
2026-07-07T00:00,4.1,4.9,9.9,2.6,115.0
2026-07-07T01:00,3.8,4.7,9.8,2.6,113.0
2026-07-07T02:00,3.7,4.5,9.7,2.5,112.0
2026-07-07T03:00,3.6,4.4,10.1,2.3,112.0
2026-07-07T04:00,3.5,4.3,10.5,2.0,112.0
2026-07-07T05:00,3.9,4.6,12.6,2.3,113.0
2026-07-07T06:00,3.7,4.4,9.7,2.4,114.0
2026-07-07T07:00,3.6,4.3,5.8,2.5,114.0
2026-07-07T08:00,4.0,5.5,2.7,2.5,115.0
2026-07-07T09:00,4.2,6.0,1.5,2.3,116.0
2026-07-07T10:00,4.3,6.5,1.2,1.9,117.0
2026-07-07T11:00,5.0,7.9,1.0,1.7,117.0
2026-07-07T12:00,6.0,9.7,0.8,1.8,117.0
2026-07-07T13:00,6.9,10.9,0.8,2.1,116.0
2026-07-07T14:00,7.3,11.3,0.8,2.3,116.0
2026-07-07T15:00,7.4,11.4,0.7,2.4,116.0
2026-07-07T16:00,7.5,11.5,0.7,2.5,116.0
2026-07-07T17:00,8.6,14.7,1.0,2.1,116.0
2026-07-07T18:00,7.9,12.3,2.6,2.1,116.0
2026-07-07T19:00,8.2,11.7,4.7,2.2,115.0
2026-07-07T20:00,8.4,11.9,6.4,2.2,115.0
2026-07-07T21:00,8.5,12.2,7.1,2.2,115.0
2026-07-07T22:00,8.1,12.0,7.3,2.2,114.0
2026-07-07T23:00,7.5,11.4,7.4,2.2,114.0
2026-07-08T00:00,7.3,11.1,7.5,2.1,113.0
2026-07-08T01:00,7.3,10.8,7.5,1.9,112.0
2026-07-08T02:00,7.4,10.6,7.9,1.7,111.0
2026-07-08T03:00,7.5,10.2,9.6,1.5,111.0
2026-07-08T04:00,7.6,9.8,11.8,1.2,111.0
2026-07-08T05:00,7.2,8.9,12.0,1.2,111.0
2026-07-08T06:00,7.0,8.6,9.5,1.3,112.0
2026-07-08T07:00,6.9,8.7,6.0,1.5,114.0
2026-07-08T08:00,6.9,9.5,3.2,1.6,115.0
2026-07-08T09:00,6.5,10.0,1.8,1.7,115.0
2026-07-08T10:00,6.5,9.9,1.1,1.7,115.0
2026-07-08T11:00,6.5,9.8,0.7,1.8,114.0
2026-07-08T12:00,6.7,9.9,0.5,1.9,113.0
2026-07-08T13:00,7.3,10.4,0.7,2.1,112.0
2026-07-08T14:00,7.7,10.6,0.8,2.2,111.0
2026-07-08T15:00,7.5,10.0,0.7,2.3,111.0
2026-07-08T16:00,7.1,9.3,0.6,2.3,111.0
2026-07-08T17:00,10.2,14.3,1.2,1.9,113.0
2026-07-08T18:00,10.1,13.0,2.5,2.1,117.0
2026-07-08T19:00,10.3,12.6,4.4,2.5,121.0
2026-07-08T20:00,10.6,12.7,6.1,2.8,124.0
2026-07-08T21:00,10.6,12.9,7.2,3.0,122.0
2026-07-08T22:00,10.4,12.8,8.1,3.2,119.0
2026-07-08T23:00,10.2,12.7,8.9,3.3,116.0
2026-07-09T00:00,10.1,12.6,9.8,3.2,115.0
2026-07-09T01:00,10.2,12.7,10.8,2.9,115.0
2026-07-09T02:00,10.2,12.5,11.5,2.6,115.0
2026-07-09T03:00,10.1,12.1,12.3,2.2,114.0
2026-07-09T04:00,9.8,11.5,12.9,1.8,113.0
2026-07-09T05:00,9.5,10.9,13.0,1.8,113.0
2026-07-09T06:00,9.2,10.7,10.1,1.9,113.0
2026-07-09T07:00,9.1,10.8,6.1,2.0,114.0
2026-07-09T08:00,8.8,11.4,3.0,2.0,115.0
2026-07-09T09:00,7.7,10.5,1.6,1.9,116.0
2026-07-09T10:00,7.0,9.5,1.2,1.8,116.0
2026-07-09T11:00,6.7,8.9,0.9,1.7,117.0
2026-07-09T12:00,6.4,8.4,0.7,1.6,117.0
2026-07-09T13:00,6.0,7.8,0.7,1.6,116.0
2026-07-09T14:00,5.8,7.4,0.8,1.6,118.0
2026-07-09T15:00,5.8,7.5,0.7,1.6,123.0
2026-07-09T16:00,5.7,7.6,0.7,1.6,130.0
2026-07-09T17:00,3.8,4.9,1.1,1.7,136.0
2026-07-09T18:00,4.5,5.8,2.5,1.8,143.0
2026-07-09T19:00,5.8,7.0,4.5,1.8,149.0
2026-07-09T20:00,6.5,7.6,6.4,1.9,152.0
2026-07-09T21:00,6.7,8.0,7.9,2.0,148.0
2026-07-09T22:00,6.7,8.0,9.2,2.1,141.0
2026-07-09T23:00,6.5,7.8,10.4,2.1,135.0
2026-07-10T00:00,6.2,7.4,11.4,2.0,132.0
2026-07-10T01:00,5.9,7.0,12.2,1.8,130.0
2026-07-10T02:00,5.6,6.6,12.7,1.6,129.0
2026-07-10T03:00,5.3,6.2,13.0,1.4,129.0
2026-07-10T04:00,5.0,5.8,13.0,1.3,129.0
2026-07-10T05:00,5.0,5.9,12.0,1.4,128.0
2026-07-10T06:00,4.9,5.7,9.4,1.6,126.0
2026-07-10T07:00,5.0,5.9,5.8,1.8,123.0
2026-07-10T08:00,5.1,6.6,3.0,1.9,120.0
2026-07-10T09:00,4.5,6.3,1.7,1.9,118.0
2026-07-10T10:00,4.4,6.3,1.1,1.9,117.0
2026-07-10T11:00,4.6,6.6,0.8,1.8,117.0
2026-07-10T12:00,4.8,6.8,0.6,1.8,119.0
2026-07-10T13:00,5.0,6.9,0.7,1.7,121.0
2026-07-10T14:00,5.4,7.3,0.9,1.7,124.0
2026-07-10T15:00,5.9,7.8,0.9,1.8,126.0
2026-07-10T16:00,6.2,8.1,1.1,1.9,128.0
2026-07-10T17:00,5.7,6.9,1.4,1.8,130.0
2026-07-10T18:00,5.5,6.7,2.8,1.9,134.0
2026-07-10T19:00,5.6,6.5,4.8,2.0,137.0
2026-07-10T20:00,5.8,6.6,6.5,2.1,139.0
2026-07-10T21:00,5.7,6.4,7.7,2.3,137.0
2026-07-10T22:00,5.5,6.2,8.6,2.5,132.0
2026-07-10T23:00,5.5,6.2,9.4,2.6,128.0
2026-07-11T00:00,5.6,6.3,10.1,2.6,126.0
2026-07-11T01:00,5.5,6.3,10.6,2.6,124.0
2026-07-11T02:00,5.3,6.1,10.9,2.5,123.0
2026-07-11T03:00,5.0,5.8,11.1,2.4,123.0
2026-07-11T04:00,4.8,5.5,11.0,2.2,124.0
2026-07-11T05:00,5.3,5.9,12.6,2.4,125.0
2026-07-11T06:00,5.0,5.6,10.0,2.4,126.0
2026-07-11T07:00,4.8,5.4,6.4,2.4,128.0
2026-07-11T08:00,4.7,5.8,3.5,2.4,127.0
2026-07-11T09:00,4.7,6.3,2.1,2.2,123.0
2026-07-11T10:00,4.6,6.3,1.3,2.0,117.0
2026-07-11T11:00,4.4,6.0,0.9,1.8,112.0
2026-07-11T12:00,4.3,6.1,0.6,1.6,110.0
2026-07-11T13:00,4.4,6.2,0.6,1.4,109.0
2026-07-11T14:00,4.5,6.2,0.7,1.2,109.0
2026-07-11T15:00,4.5,6.3,0.7,1.1,108.0
2026-07-11T16:00,4.6,6.4,0.8,1.0,107.0
2026-07-11T17:00,11.8,16.6,1.5,1.3,107.0
2026-07-11T18:00,12.8,17.9,2.1,1.2,111.0
2026-07-11T19:00,12.3,16.4,2.8,1.1,116.0
2026-07-11T20:00,12.9,17.3,3.6,1.0,119.0
2026-07-11T21:00,13.9,18.7,4.3,1.0,117.0
2026-07-11T22:00,14.9,20.3,4.9,1.0,113.0
2026-07-11T23:00,15.4,21.0,5.5,1.0,110.0
2026-07-12T00:00,15.4,20.8,6.0,1.0,111.0
2026-07-12T01:00,14.8,19.6,6.4,0.9,114.0
2026-07-12T02:00,13.8,18.1,7.0,0.9,116.0
2026-07-12T03:00,13.0,16.7,8.3,0.8,117.0
2026-07-12T04:00,12.3,15.5,9.8,0.7,116.0
2026-07-12T05:00,13.7,16.7,7.5,1.0,116.0
2026-07-12T06:00,13.1,15.6,6.0,1.1,115.0
2026-07-12T07:00,11.9,14.3,3.8,1.2,114.0
2026-07-12T08:00,10.9,13.4,2.1,1.3,113.0
2026-07-12T09:00,9.3,11.6,1.3,1.3,112.0
2026-07-12T10:00,8.6,10.9,0.8,1.2,111.0
2026-07-12T11:00,8.7,11.0,0.6,1.2,110.0
2026-07-12T12:00,8.7,10.9,0.5,1.2,110.0
2026-07-12T13:00,8.5,10.4,0.6,1.2,110.0
2026-07-12T14:00,8.3,9.8,0.7,1.2,110.0
2026-07-12T15:00,8.9,10.4,0.8,1.3,110.0
2026-07-12T16:00,9.7,11.0,0.9,1.4,110.0
2026-07-12T17:00,20.8,25.8,1.3,1.7,111.0
2026-07-12T18:00,21.7,26.0,2.3,2.0,112.0
2026-07-12T19:00,23.0,27.0,3.6,2.3,114.0
2026-07-12T20:00,24.4,28.5,4.9,2.5,115.0
2026-07-12T21:00,24.6,28.3,6.0,2.4,115.0
2026-07-12T22:00,23.0,25.8,7.0,2.2,115.0
2026-07-12T23:00,20.7,22.9,7.5,1.9,115.0
2026-07-13T00:00,18.7,20.4,7.3,1.7,114.0
2026-07-13T01:00,17.3,18.7,6.6,1.4,112.0
2026-07-13T02:00,16.4,17.6,6.1,1.3,111.0
2026-07-13T03:00,15.7,16.9,6.0,1.3,110.0
2026-07-13T04:00,15.2,16.4,6.0,1.3,110.0
2026-07-13T05:00,12.3,13.2,6.8,1.2,110.0
2026-07-13T06:00,11.9,12.8,5.6,1.3,110.0
2026-07-13T07:00,12.1,13.3,3.8,1.4,110.0
2026-07-13T08:00,13.4,15.1,2.4,1.5,110.0
2026-07-13T09:00,12.3,14.2,1.5,1.5,110.0
2026-07-13T10:00,11.3,13.1,1.0,1.4,110.0
2026-07-13T11:00,10.4,11.9,0.6,1.4,111.0
2026-07-13T12:00,9.8,11.1,0.5,1.4,112.0
2026-07-13T13:00,9.1,10.1,0.6,1.4,114.0
2026-07-13T14:00,8.9,9.9,0.7,1.4,114.0
2026-07-13T15:00,8.6,9.3,0.7,1.4,112.0
2026-07-13T16:00,8.1,8.8,0.7,1.5,108.0
2026-07-13T17:00,7.7,8.4,1.3,2.0,106.0
2026-07-13T18:00,7.6,8.1,2.6,2.3,107.0
2026-07-13T19:00,8.0,8.5,4.3,2.6,110.0
2026-07-13T20:00,8.0,8.5,5.8,2.9,111.0
2026-07-13T21:00,8.1,8.7,6.6,2.9,110.0
2026-07-13T22:00,8.2,8.8,7.1,2.9,107.0
2026-07-13T23:00,8.4,9.1,7.6,2.7,105.0
2026-07-14T00:00,9.2,9.8,8.4,2.4,105.0
2026-07-14T01:00,10.0,10.6,9.2,2.1,105.0
2026-07-14T02:00,10.6,11.2,9.6,1.8,105.0
2026-07-14T03:00,11.1,11.7,9.5,1.6,105.0
2026-07-14T04:00,11.7,12.4,8.9,1.4,104.0
2026-07-14T05:00,11.8,12.4,8.4,1.4,104.0
2026-07-14T06:00,12.5,13.2,6.7,1.5,105.0
2026-07-14T07:00,13.0,13.9,4.4,1.5,106.0
2026-07-14T08:00,13.9,15.1,2.5,1.6,108.0
2026-07-14T09:00,13.0,14.3,1.5,1.6,109.0
2026-07-14T10:00,11.8,12.9,1.0,1.6,111.0
2026-07-14T11:00,10.7,11.7,0.7,1.6,112.0
2026-07-14T12:00,9.8,10.7,0.5,1.6,114.0
2026-07-14T13:00,9.2,10.0,0.6,1.7,116.0
2026-07-14T14:00,8.8,9.4,0.7,1.8,118.0
2026-07-14T15:00,8.8,9.3,0.7,2.0,120.0
2026-07-14T16:00,9.1,9.5,0.8,2.3,121.0
2026-07-14T17:00,8.5,9.2,1.8,2.8,122.0
2026-07-14T18:00,8.8,9.4,3.2,3.0,123.0
2026-07-14T19:00,8.9,9.5,5.0,3.2,123.0
2026-07-14T20:00,8.8,9.5,6.5,3.3,123.0
2026-07-14T21:00,9.1,9.8,7.1,3.4,122.0
2026-07-14T22:00,9.2,10.0,7.4,3.3,120.0
2026-07-14T23:00,9.6,10.4,7.6,3.2,118.0
2026-07-15T00:00,9.9,10.6,7.8,2.9,117.0
2026-07-15T01:00,9.7,10.2,8.0,2.4,116.0
2026-07-15T02:00,9.1,9.5,8.3,2.0,116.0
2026-07-15T03:00,8.1,8.4,9.3,1.7,116.0
2026-07-15T04:00,7.0,7.2,10.4,1.5,116.0
2026-07-15T05:00,7.4,7.6,9.6,1.7,116.0
2026-07-15T06:00,6.7,6.8,7.6,1.8,117.0
2026-07-15T07:00,6.0,6.2,4.7,1.9,119.0
2026-07-15T08:00,6.0,6.2,2.5,1.9,120.0
2026-07-15T09:00,6.4,6.8,1.4,1.8,121.0
2026-07-15T10:00,6.8,7.3,1.0,1.7,121.0
2026-07-15T11:00,6.8,7.4,0.7,1.6,121.0
2026-07-15T12:00,7.0,7.6,0.5,1.6,120.0
2026-07-15T13:00,7.1,7.7,0.6,1.6,117.0
2026-07-15T14:00,6.8,7.4,0.7,1.6,116.0
2026-07-15T15:00,6.4,7.1,0.7,1.7,116.0
2026-07-15T16:00,6.5,7.1,0.7,1.9,116.0
2026-07-15T17:00,7.3,7.5,1.4,2.1,118.0
2026-07-15T18:00,7.6,7.8,2.8,2.4,122.0
2026-07-15T19:00,7.9,8.1,4.8,2.8,127.0
2026-07-15T20:00,8.4,8.6,6.7,3.1,130.0
2026-07-15T21:00,8.8,8.9,8.2,3.2,129.0
2026-07-15T22:00,8.8,9.0,9.5,3.3,126.0
2026-07-15T23:00,8.6,8.8,10.5,3.2,123.0
2026-07-16T00:00,8.1,8.3,11.1,2.9,121.0
2026-07-16T01:00,7.6,7.8,11.3,2.4,120.0
2026-07-16T02:00,7.1,7.2,11.4,2.0,119.0
2026-07-16T03:00,6.7,6.9,11.7,1.7,117.0
2026-07-16T04:00,6.3,6.5,11.9,1.5,115.0
2026-07-16T05:00,6.5,6.6,10.1,1.6,114.0
2026-07-16T06:00,6.1,6.2,8.0,1.6,114.0
2026-07-16T07:00,5.7,5.8,5.1,1.7,116.0
2026-07-16T08:00,5.4,5.6,2.8,1.7,117.0
2026-07-16T09:00,5.4,5.6,1.7,1.7,118.0
2026-07-16T10:00,5.5,5.7,1.1,1.8,119.0
2026-07-16T11:00,5.4,5.6,0.8,1.8,119.0
2026-07-16T12:00,5.5,5.7,0.6,1.9,118.0
2026-07-16T13:00,5.4,5.6,0.7,1.9,117.0
2026-07-16T14:00,5.4,5.6,0.8,2.1,116.0
2026-07-16T15:00,5.7,5.9,0.8,2.4,115.0
2026-07-16T16:00,6.2,6.4,0.9,2.7,114.0
2026-07-16T17:00,4.0,4.1,1.5,2.8,115.0
2026-07-16T18:00,4.8,4.9,2.9,3.1,120.0
2026-07-16T19:00,5.6,5.7,4.8,3.5,126.0
2026-07-16T20:00,6.4,6.5,6.6,3.8,129.0
2026-07-16T21:00,6.7,6.7,7.9,3.9,126.0
2026-07-16T22:00,6.5,6.6,9.1,3.8,119.0
2026-07-16T23:00,6.2,6.3,10.0,3.6,115.0
2026-07-17T00:00,5.8,5.8,10.6,3.2,115.0
2026-07-17T01:00,5.3,5.3,11.0,2.6,117.0
2026-07-17T02:00,4.9,5.0,11.1,2.1,118.0
2026-07-17T03:00,4.9,4.9,10.9,1.8,117.0
2026-07-17T04:00,4.9,5.0,10.4,1.6,116.0
2026-07-17T05:00,4.8,4.9,10.0,1.3,115.0
2026-07-17T06:00,4.9,5.1,8.0,1.3,115.0
2026-07-17T07:00,5.2,5.3,5.2,1.4,115.0
2026-07-17T08:00,5.7,6.0,2.9,1.4,115.0
2026-07-17T09:00,5.6,5.9,1.8,1.4,114.0
2026-07-17T10:00,5.3,5.5,1.2,1.5,113.0
2026-07-17T11:00,5.1,5.4,0.9,1.6,113.0
2026-07-17T12:00,5.2,5.5,0.8,1.9,113.0
2026-07-17T13:00,5.4,5.7,0.8,2.3,114.0
2026-07-17T14:00,6.1,6.3,1.0,2.8,116.0
2026-07-17T15:00,7.1,7.3,1.0,3.4,120.0
2026-07-17T16:00,7.9,8.1,1.1,4.0,126.0
2026-07-17T17:00,13.2,13.2,1.7,4.1,131.0
2026-07-17T18:00,13.9,14.1,3.1,4.2,135.0
2026-07-17T19:00,14.8,15.0,5.1,4.2,138.0
2026-07-17T20:00,15.4,15.5,6.7,4.3,139.0
2026-07-17T21:00,15.2,15.4,7.5,4.3,136.0
2026-07-17T22:00,14.7,15.0,8.0,4.3,130.0
2026-07-17T23:00,14.1,14.5,8.3,4.2,125.0
2026-07-18T00:00,13.7,14.0,8.4,3.9,122.0
2026-07-18T01:00,13.3,13.7,8.4,3.6,120.0
2026-07-18T02:00,13.1,13.4,8.4,3.3,119.0
2026-07-18T03:00,12.8,13.2,8.8,3.1,118.0
2026-07-18T04:00,12.6,12.9,9.2,3.0,118.0
2026-07-18T05:00,9.1,9.3,8.5,2.8,118.0
2026-07-18T06:00,9.2,9.5,6.9,2.9,119.0
2026-07-18T07:00,9.6,9.8,4.8,3.0,121.0
2026-07-18T08:00,10.4,10.7,3.0,3.0,122.0
2026-07-18T09:00,10.6,11.1,2.0,3.0,122.0
2026-07-18T10:00,10.4,11.0,1.3,2.9,120.0
2026-07-18T11:00,9.8,10.3,0.9,2.8,119.0
2026-07-18T12:00,9.3,9.8,0.7,2.6,117.0
2026-07-18T13:00,8.9,9.5,0.8,2.5,115.0
2026-07-18T14:00,8.8,9.6,0.9,2.5,114.0
2026-07-18T15:00,9.1,10.0,0.9,2.9,116.0
2026-07-18T16:00,9.8,10.6,0.9,3.4,119.0
2026-07-18T17:00,17.2,18.5,1.8,3.9,122.0
2026-07-18T18:00,18.2,19.3,3.3,3.9,123.0
2026-07-18T19:00,19.3,20.3,5.3,4.0,124.0
2026-07-18T20:00,19.4,20.7,6.9,4.0,124.0
2026-07-18T21:00,19.0,20.3,7.7,4.1,124.0
2026-07-18T22:00,18.3,19.5,8.0,4.1,125.0
2026-07-18T23:00,17.5,18.7,8.2,4.1,124.0
2026-07-19T00:00,16.6,17.9,8.3,4.0,122.0
2026-07-19T01:00,15.6,16.8,8.2,3.9,119.0
2026-07-19T02:00,14.6,15.9,8.1,3.7,117.0
2026-07-19T03:00,13.9,15.2,8.3,3.6,117.0
2026-07-19T04:00,13.4,14.7,8.4,3.4,117.0
2026-07-19T05:00,14.3,15.3,6.8,3.1,118.0
2026-07-19T06:00,13.7,14.7,5.5,3.0,118.0
2026-07-19T07:00,13.1,14.0,3.7,2.9,118.0
2026-07-19T08:00,12.2,13.3,2.3,2.8,118.0
2026-07-19T09:00,11.1,12.5,1.6,2.7,116.0
2026-07-19T10:00,10.4,11.8,1.2,2.5,114.0
2026-07-19T11:00,9.8,11.4,1.0,2.5,113.0
2026-07-19T12:00,9.7,11.3,0.9,2.7,113.0
2026-07-19T13:00,10.3,12.0,1.0,3.0,114.0
2026-07-19T14:00,12.0,13.5,1.2,3.3,119.0
2026-07-19T15:00,13.5,15.0,1.3,3.6,135.0
2026-07-19T16:00,15.3,16.7,1.4,4.0,155.0
2026-07-19T17:00,11.5,13.0,1.6,3.5,165.0
2026-07-19T18:00,13.6,14.8,3.0,3.5,154.0
2026-07-19T19:00,14.8,15.8,4.9,3.5,133.0
2026-07-19T20:00,14.6,15.7,6.2,3.5,117.0
2026-07-19T21:00,13.2,14.5,6.2,3.4,112.0
2026-07-19T22:00,11.4,12.6,5.7,3.3,112.0
2026-07-19T23:00,10.0,11.3,5.4,3.2,114.0
2026-07-20T00:00,9.2,10.7,5.8,3.1,120.0
2026-07-20T01:00,8.9,10.5,6.6,2.9,129.0
2026-07-20T02:00,8.9,10.7,7.3,2.8,135.0
2026-07-20T03:00,9.3,11.0,8.2,2.7,136.0
2026-07-20T04:00,9.7,11.1,9.1,2.6,134.0
2026-07-20T05:00,10.8,12.1,8.9,2.5,131.0
2026-07-20T06:00,10.3,11.8,7.2,2.4,127.0
2026-07-20T07:00,9.7,11.3,4.8,2.4,122.0
2026-07-20T08:00,8.3,10.1,2.9,2.3,118.0
2026-07-20T09:00,6.4,8.2,2.0,2.3,116.0
2026-07-20T10:00,4.9,6.5,1.5,2.3,114.0
2026-07-20T11:00,4.1,5.6,1.2,2.4,113.0
2026-07-20T12:00,4.2,5.7,1.0,2.6,111.0
2026-07-20T13:00,4.9,6.6,1.0,2.8,110.0
2026-07-20T14:00,6.4,8.2,1.0,3.1,112.0
2026-07-20T15:00,8.1,10.0,1.0,3.5,119.0
2026-07-20T16:00,9.6,11.6,1.1,4.1,130.0
2026-07-20T17:00,11.9,17.6,1.6,3.8,136.0
2026-07-20T18:00,11.7,18.6,2.4,3.3,135.0
2026-07-20T19:00,11.1,18.3,3.6,2.7,131.0
2026-07-20T20:00,10.6,18.6,4.7,2.3,127.0
2026-07-20T21:00,10.6,18.5,5.6,2.3,125.0
2026-07-20T22:00,10.7,18.3,6.3,2.5,123.0
2026-07-20T23:00,11.0,18.0,7.0,2.6,122.0
2026-07-21T00:00,11.3,17.9,7.6,2.5,123.0
2026-07-21T01:00,11.6,18.3,8.2,2.4,126.0
2026-07-21T02:00,11.7,18.2,8.6,2.2,126.0
2026-07-21T03:00,11.8,18.2,9.1,2.0,123.0
2026-07-21T04:00,11.8,17.8,9.4,1.8,117.0
2026-07-21T05:00,12.0,16.5,7.7,1.5,112.0
2026-07-21T06:00,11.4,15.0,6.5,1.5,108.0
2026-07-21T07:00,10.6,13.4,4.7,1.4,104.0
2026-07-21T08:00,10.0,12.2,3.2,1.4,102.0
2026-07-21T09:00,9.8,12.0,2.2,1.5,101.0
2026-07-21T10:00,10.3,12.6,1.4,1.8,101.0
2026-07-21T11:00,11.2,13.5,0.9,1.9,102.0
2026-07-21T12:00,11.4,13.9,0.6,1.9,103.0
2026-07-21T13:00,10.1,13.8,0.6,1.9,104.0
2026-07-21T14:00,8.7,14.7,0.6,1.8,105.0
2026-07-21T15:00,7.7,18.2,0.5,1.7,105.0
2026-07-21T16:00,8.3,25.1,0.3,1.5,105.0
2026-07-21T17:00,8.0,32.9,0.7,1.2,105.0
2026-07-21T18:00,9.0,37.0,1.7,1.3,106.0
2026-07-21T19:00,10.0,40.0,3.1,1.3,108.0
2026-07-21T20:00,10.6,42.3,4.6,1.4,109.0
2026-07-21T21:00,11.0,42.8,6.4,1.4,109.0
2026-07-21T22:00,11.5,45.6,8.3,1.5,107.0
2026-07-21T23:00,12.2,51.1,9.8,1.5,106.0
2026-07-22T00:00,12.9,55.9,10.7,1.5,104.0
2026-07-22T01:00,13.4,58.6,11.2,1.6,101.0
2026-07-22T02:00,13.5,57.3,11.3,1.6,100.0
2026-07-22T03:00,13.0,50.9,11.0,1.6,100.0
2026-07-22T04:00,12.0,41.3,10.3,1.6,102.0
2026-07-22T05:00,11.1,35.6,8.0,1.5,103.0
2026-07-22T06:00,10.9,33.4,6.3,1.4,103.0
2026-07-22T07:00,10.0,28.8,4.0,1.2,103.0
2026-07-22T08:00,9.1,26.2,2.2,1.1,102.0
2026-07-22T09:00,8.2,23.5,1.3,1.0,101.0
2026-07-22T10:00,7.9,21.4,0.8,0.8,100.0
2026-07-22T11:00,7.7,19.6,0.5,0.7,99.0
2026-07-22T12:00,7.5,18.5,0.3,0.7,99.0
2026-07-22T13:00,7.1,17.1,0.4,0.7,100.0
2026-07-22T14:00,6.8,15.4,0.4,0.7,100.0
2026-07-22T15:00,6.6,14.2,0.3,0.7,100.0
2026-07-22T16:00,6.1,12.3,0.2,0.7,99.0
2026-07-22T17:00,8.6,15.0,0.6,0.6,100.0
2026-07-22T18:00,6.6,10.7,1.6,0.7,102.0
2026-07-22T19:00,5.9,9.5,3.0,0.8,105.0
2026-07-22T20:00,5.8,9.4,4.6,0.9,108.0
2026-07-22T21:00,6.3,9.7,6.5,1.0,111.0
2026-07-22T22:00,6.6,10.0,8.5,1.1,113.0
2026-07-22T23:00,6.9,10.7,10.0,1.2,113.0
2026-07-23T00:00,7.3,11.8,10.6,1.2,109.0
2026-07-23T01:00,7.7,13.8,10.8,1.2,102.0
2026-07-23T02:00,8.1,16.2,11.0,1.1,97.0
2026-07-23T03:00,8.3,17.6,12.0,1.0,96.0
2026-07-23T04:00,8.4,16.9,13.1,0.8,97.0
2026-07-23T05:00,9.1,14.6,10.6,1.1,98.0
2026-07-23T06:00,9.6,15.5,8.5,1.2,99.0
2026-07-23T07:00,11.3,19.7,5.5,1.3,101.0
2026-07-23T08:00,12.5,27.9,3.1,1.4,102.0
2026-07-23T09:00,14.0,35.5,1.8,1.3,102.0
2026-07-23T10:00,13.1,35.3,1.0,1.1,102.0
2026-07-23T11:00,12.0,36.1,0.5,0.9,102.0
2026-07-23T12:00,13.3,44.9,0.3,0.8,102.0
2026-07-23T13:00,13.6,47.3,0.3,0.8,103.0
2026-07-23T14:00,13.1,46.8,0.4,0.8,103.0
2026-07-23T15:00,12.8,46.6,0.3,0.8,103.0
2026-07-23T16:00,13.6,48.0,0.2,0.9,103.0
2026-07-23T17:00,15.5,45.2,0.8,1.1,104.0
2026-07-23T18:00,14.5,37.4,2.1,1.2,107.0
2026-07-23T19:00,13.9,32.4,3.9,1.2,111.0
2026-07-23T20:00,14.2,30.0,5.4,1.3,113.0
2026-07-23T21:00,14.6,30.5,6.3,1.4,112.0
2026-07-23T22:00,15.0,32.0,6.8,1.4,110.0
2026-07-23T23:00,15.2,33.6,7.3,1.5,108.0
2026-07-24T00:00,15.5,35.3,7.7,1.6,106.0
2026-07-24T01:00,15.8,37.1,8.0,1.6,105.0
2026-07-24T02:00,16.1,38.5,8.5,1.6,104.0
2026-07-24T03:00,16.2,39.1,9.6,1.5,104.0
2026-07-24T04:00,15.7,37.7,10.9,1.5,104.0
2026-07-24T05:00,13.2,25.9,11.1,0.9,105.0
2026-07-24T06:00,12.4,22.8,8.7,1.0,106.0
2026-07-24T07:00,13.0,26.1,5.3,1.2,107.0
2026-07-24T08:00,15.3,35.6,2.6,1.3,107.0
2026-07-24T09:00,15.4,37.8,1.4,1.4,107.0
2026-07-24T10:00,14.3,33.5,1.0,1.4,106.0
2026-07-24T11:00,13.8,31.2,0.7,1.4,106.0
2026-07-24T12:00,13.4,30.3,0.5,1.4,106.0
2026-07-24T13:00,12.7,28.5,0.5,1.5,106.0
2026-07-24T14:00,12.7,28.5,0.6,1.5,107.0
2026-07-24T15:00,12.7,28.6,0.5,1.5,108.0
2026-07-24T16:00,12.5,27.9,0.5,1.6,110.0
2026-07-24T17:00,9.7,21.7,0.9,1.7,112.0
2026-07-24T18:00,9.0,19.2,2.1,1.8,116.0
2026-07-24T19:00,8.7,17.2,3.7,2.0,120.0
2026-07-24T20:00,8.6,15.3,5.4,2.2,122.0
2026-07-24T21:00,8.5,14.8,6.9,2.5,121.0
2026-07-24T22:00,8.6,14.8,8.4,2.7,118.0
2026-07-24T23:00,8.6,14.7,9.7,2.9,115.0
2026-07-25T00:00,8.6,14.4,10.7,2.9,112.0
2026-07-25T01:00,8.6,13.9,11.4,2.7,108.0
2026-07-25T02:00,8.4,13.1,12.0,2.5,106.0
2026-07-25T03:00,8.1,12.3,12.9,2.2,106.0
2026-07-25T04:00,7.8,11.5,13.6,1.7,107.0
2026-07-25T05:00,8.0,10.7,14.3,1.4,108.0
2026-07-25T06:00,7.7,10.7,11.2,1.6,109.0
2026-07-25T07:00,7.6,10.7,6.9,2.0,111.0
2026-07-25T08:00,7.5,11.6,3.5,2.2,112.0
2026-07-25T09:00,7.0,10.5,2.0,2.2,112.0
2026-07-25T10:00,6.9,9.8,1.4,2.1,111.0
2026-07-25T11:00,6.9,9.8,1.0,2.0,110.0
2026-07-25T12:00,7.1,10.3,0.7,2.0,110.0
2026-07-25T13:00,7.5,12.3,0.7,2.0,110.0
2026-07-25T14:00,8.1,14.7,0.7,2.0,110.0
2026-07-25T15:00,8.5,16.1,0.6,2.0,111.0
2026-07-25T16:00,8.7,16.7,0.5,2.0,113.0
2026-07-25T17:00,6.7,11.3,0.9,2.1,115.0
2026-07-25T18:00,7.2,10.6,2.2,2.3,118.0
2026-07-25T19:00,7.9,10.3,4.1,2.6,121.0
2026-07-25T20:00,8.4,10.4,5.7,2.9,122.0
2026-07-25T21:00,8.6,10.5,6.8,3.1,120.0
2026-07-25T22:00,8.7,10.7,7.6,3.2,115.0
2026-07-25T23:00,8.7,10.8,8.4,3.3,112.0
2026-07-26T00:00,8.6,10.9,9.2,3.2,111.0
2026-07-26T01:00,8.5,10.8,10.0,3.1,110.0
2026-07-26T02:00,8.3,10.3,10.6,2.9,110.0
2026-07-26T03:00,7.9,9.7,11.3,2.6,110.0
2026-07-26T04:00,7.5,9.0,12.0,2.2,110.0
2026-07-26T05:00,8.3,9.6,12.2,2.6,110.0
2026-07-26T06:00,7.7,8.8,9.6,2.7,110.0
2026-07-26T07:00,7.3,8.1,6.1,2.7,111.0
2026-07-26T08:00,7.1,7.9,3.3,2.8,112.0
2026-07-26T09:00,6.9,7.8,2.0,2.9,113.0
2026-07-26T10:00,7.1,7.9,1.4,2.9,115.0
2026-07-26T11:00,7.4,8.3,1.0,2.9,116.0
2026-07-26T12:00,7.8,8.8,0.8,2.8,116.0
2026-07-26T13:00,8.0,9.2,0.8,2.7,115.0
2026-07-26T14:00,8.0,9.2,0.8,2.5,115.0
2026-07-26T15:00,7.8,9.4,0.7,2.4,115.0
2026-07-26T16:00,7.8,9.8,0.6,2.2,116.0
2026-07-26T17:00,3.5,5.9,1.1,1.9,117.0
2026-07-26T18:00,3.9,6.1,2.5,1.9,119.0
2026-07-26T19:00,4.5,6.4,4.4,1.9,121.0
2026-07-26T20:00,4.8,6.8,5.9,1.9,122.0
2026-07-26T21:00,4.6,6.7,6.6,2.0,120.0
2026-07-26T22:00,4.2,6.2,6.8,2.1,117.0
2026-07-26T23:00,3.9,5.7,7.1,2.1,115.0
2026-07-27T00:00,3.7,5.3,7.6,2.0,114.0
2026-07-27T01:00,3.6,4.9,8.1,1.9,114.0
2026-07-27T02:00,3.5,4.6,8.5,1.8,114.0
2026-07-27T03:00,3.5,4.5,8.8,1.7,114.0
2026-07-27T04:00,3.5,4.5,9.0,1.6,114.0
2026-07-27T05:00,3.8,4.7,9.3,1.7,114.0
2026-07-27T06:00,4.0,5.1,7.3,1.8,114.0
2026-07-27T07:00,4.3,5.3,4.6,2.0,114.0
2026-07-27T08:00,3.9,5.1,2.5,2.2,115.0
2026-07-27T09:00,3.5,4.5,1.6,2.4,116.0
2026-07-27T10:00,3.6,4.3,1.3,2.6,117.0
2026-07-27T11:00,3.8,4.5,1.1,2.7,118.0
2026-07-27T12:00,4.1,4.8,0.9,2.8,118.0
2026-07-27T13:00,4.5,5.3,0.9,2.9,118.0
2026-07-27T14:00,4.9,6.0,0.9,2.9,119.0
2026-07-27T15:00,5.4,6.5,0.8,3.0,121.0
2026-07-27T16:00,5.9,7.4,0.9,3.0,124.0
2026-07-27T17:00,12.0,17.8,1.3,2.6,127.0
2026-07-27T18:00,12.0,16.8,2.3,2.6,130.0
2026-07-27T19:00,11.9,15.8,3.6,2.5,133.0
2026-07-27T20:00,11.4,15.3,4.6,2.5,133.0
2026-07-27T21:00,10.5,14.0,4.8,2.5,129.0
2026-07-27T22:00,9.5,12.7,4.7,2.6,122.0
2026-07-27T23:00,8.8,11.8,4.8,2.6,117.0
2026-07-28T00:00,8.4,11.2,5.4,2.6,114.0
2026-07-28T01:00,8.1,10.7,6.3,2.5,113.0
2026-07-28T02:00,7.9,10.2,7.1,2.4,112.0
2026-07-28T03:00,7.8,9.8,7.9,2.3,111.0
2026-07-28T04:00,7.6,9.3,8.6,2.1,110.0
2026-07-28T05:00,8.1,9.9,7.9,2.1,110.0
2026-07-28T06:00,8.0,9.8,6.3,2.1,113.0
2026-07-28T07:00,7.8,9.5,4.0,2.2,116.0
2026-07-28T08:00,6.8,8.5,2.2,2.3,119.0
2026-07-28T09:00,5.8,7.2,1.5,2.6,119.0
2026-07-28T10:00,5.4,6.4,1.2,2.9,118.0
2026-07-28T11:00,5.4,6.2,1.1,3.2,117.0
2026-07-28T12:00,5.7,6.3,0.9,3.3,117.0
2026-07-28T13:00,6.0,6.5,0.8,3.4,117.0
2026-07-28T14:00,6.2,6.6,0.8,3.4,117.0
2026-07-28T15:00,6.5,6.9,0.7,3.4,117.0
2026-07-28T16:00,6.8,7.3,0.7,3.5,118.0
2026-07-28T17:00,5.5,6.4,1.3,2.8,119.0
2026-07-28T18:00,6.0,6.8,2.7,2.8,122.0
2026-07-28T19:00,6.5,7.3,4.6,2.8,125.0
2026-07-28T20:00,6.6,7.4,6.0,2.8,127.0
2026-07-28T21:00,6.1,7.0,6.3,2.8,126.0
2026-07-28T22:00,5.4,6.3,6.1,2.9,123.0
2026-07-28T23:00,4.7,5.5,6.0,2.9,120.0
2026-07-29T00:00,4.1,4.9,6.3,2.9,119.0
2026-07-29T01:00,3.7,4.4,6.7,2.8,119.0
2026-07-29T02:00,3.3,4.0,7.0,2.7,118.0
2026-07-29T03:00,3.1,3.8,7.2,2.7,116.0
2026-07-29T04:00,2.9,3.5,7.3,2.6,113.0
2026-07-29T05:00,3.7,4.2,7.7,2.6,112.0
2026-07-29T06:00,3.6,4.1,6.1,2.7,113.0
2026-07-29T07:00,3.4,3.9,4.0,2.9,116.0
2026-07-29T08:00,2.5,3.0,2.3,3.1,118.0
2026-07-29T09:00,2.4,2.9,1.6,3.3,119.0
2026-07-29T10:00,2.7,3.1,1.3,3.5,120.0
2026-07-29T11:00,3.4,3.7,1.2,3.7,121.0
2026-07-29T12:00,4.1,4.4,1.0,3.8,121.0
2026-07-29T13:00,4.7,5.1,0.9,3.8,121.0
2026-07-29T14:00,5.2,5.6,0.9,3.7,121.0
2026-07-29T15:00,5.5,6.0,0.7,3.6,121.0
2026-07-29T16:00,5.6,6.2,0.6,3.4,121.0
2026-07-29T17:00,4.6,5.8,1.1,3.1,122.0
2026-07-29T18:00,4.8,6.1,2.2,3.1,125.0
2026-07-29T19:00,4.9,6.2,3.8,3.1,129.0
2026-07-29T20:00,4.6,5.9,5.1,3.1,131.0
2026-07-29T21:00,4.3,5.6,5.8,3.2,130.0
2026-07-29T22:00,4.0,5.3,6.2,3.3,127.0
2026-07-29T23:00,3.7,5.0,6.7,3.3,125.0
2026-07-30T00:00,3.7,4.9,7.5,3.2,123.0
2026-07-30T01:00,3.6,4.7,8.3,3.1,121.0
2026-07-30T02:00,3.4,4.4,8.8,2.9,120.0
2026-07-30T03:00,3.1,4.0,9.1,2.8,120.0
2026-07-30T04:00,2.8,3.6,9.0,2.6,120.0
2026-07-30T05:00,3.0,3.8,8.3,2.7,120.0
2026-07-30T06:00,2.9,3.5,6.7,2.7,121.0
2026-07-30T07:00,2.8,3.3,4.4,2.7,122.0
2026-07-30T08:00,2.4,2.9,2.6,2.7,122.0
2026-07-30T09:00,2.9,3.3,1.7,2.9,121.0
2026-07-30T10:00,3.6,4.0,1.3,3.1,119.0
2026-07-30T11:00,4.3,4.7,1.0,3.3,117.0
2026-07-30T12:00,5.1,5.6,0.8,3.4,116.0
2026-07-30T13:00,5.9,6.6,0.8,3.5,116.0
2026-07-30T14:00,6.7,7.8,0.8,3.5,116.0
2026-07-30T15:00,7.4,9.1,0.7,3.5,116.0
2026-07-30T16:00,8.0,9.9,0.7,3.5,117.0
2026-07-30T17:00,5.7,6.4,1.1,3.2,118.0
2026-07-30T18:00,6.7,7.3,2.4,3.2,121.0
2026-07-30T19:00,7.6,8.1,4.2,3.1,124.0
2026-07-30T20:00,7.8,8.4,5.6,3.1,126.0
2026-07-30T21:00,7.6,8.2,6.0,3.1,125.0
2026-07-30T22:00,7.3,7.8,6.0,3.2,123.0
2026-07-30T23:00,7.1,7.5,6.1,3.2,121.0
2026-07-31T00:00,7.1,7.5,6.4,3.2,120.0
2026-07-31T01:00,7.2,7.5,6.7,3.1,120.0
2026-07-31T02:00,7.3,7.6,7.1,3.0,120.0
2026-07-31T03:00,7.5,7.7,7.7,2.9,120.0
2026-07-31T04:00,7.5,7.7,8.3,2.7,120.0
2026-07-31T05:00,8.3,8.4,7.8,2.6,120.0
2026-07-31T06:00,8.3,8.5,6.2,2.6,120.0
2026-07-31T07:00,8.3,8.5,4.0,2.6,121.0
2026-07-31T08:00,8.7,8.9,2.3,2.6,121.0
2026-07-31T09:00,9.2,9.4,1.5,2.6,121.0
2026-07-31T10:00,9.3,9.4,1.2,2.5,120.0
2026-07-31T11:00,9.2,9.3,1.0,2.6,119.0
2026-07-31T12:00,8.9,9.1,0.9,2.8,117.0
2026-07-31T13:00,9.1,9.3,0.9,3.1,116.0
2026-07-31T14:00,9.5,9.6,0.9,3.4,115.0
2026-07-31T15:00,9.9,10.0,0.8,3.7,117.0
2026-07-31T16:00,10.0,10.2,0.7,3.9,120.0
2026-07-31T17:00,6.3,6.5,1.1,3.7,123.0
2026-07-31T18:00,5.8,6.0,2.6,3.7,127.0
2026-07-31T19:00,5.8,6.0,4.6,3.8,131.0
2026-07-31T20:00,5.8,5.9,6.3,3.8,133.0
2026-07-31T21:00,5.6,5.8,7.1,3.8,130.0
2026-07-31T22:00,5.2,5.4,7.5,3.8,125.0
2026-07-31T23:00,4.9,5.1,7.9,3.8,120.0
2026-08-01T00:00,4.6,4.8,8.3,3.7,118.0
2026-08-01T01:00,4.5,4.7,8.8,3.5,117.0
2026-08-01T02:00,4.5,4.6,9.1,3.4,116.0
2026-08-01T03:00,4.4,4.6,9.6,3.3,115.0
2026-08-01T04:00,4.4,4.5,10.1,3.1,115.0
2026-08-01T05:00,4.5,4.6,10.2,3.3,116.0
2026-08-01T06:00,4.5,4.6,8.5,3.5,118.0
2026-08-01T07:00,4.5,4.6,6.1,3.8,121.0
2026-08-01T08:00,4.2,4.3,4.0,4.0,122.0
2026-08-01T09:00,3.8,3.9,2.7,3.9,121.0
2026-08-01T10:00,3.7,3.8,1.7,3.7,118.0
2026-08-01T11:00,3.9,4.0,1.0,3.6,117.0
2026-08-01T12:00,4.4,4.5,0.7,3.7,118.0
2026-08-01T13:00,5.1,5.2,0.8,4.0,119.0
2026-08-01T14:00,5.9,6.1,0.9,4.3,120.0
2026-08-01T15:00,7.0,7.2,0.8,4.7,119.0
2026-08-01T16:00,7.7,7.9,0.7,5.2,118.0
2026-08-01T17:00,5.3,5.4,1.0,4.6,118.0
2026-08-01T18:00,5.3,5.4,2.4,4.5,122.0
2026-08-01T19:00,5.6,5.7,4.3,4.3,127.0
2026-08-01T20:00,5.7,5.8,5.8,4.2,129.0
2026-08-01T21:00,5.6,5.6,6.4,4.2,125.0
2026-08-01T22:00,5.5,5.5,6.7,4.2,117.0
2026-08-01T23:00,5.4,5.5,6.8,4.1,111.0
2026-08-02T00:00,5.5,5.6,6.9,3.9,109.0
2026-08-02T01:00,5.7,5.8,6.9,3.6,110.0
2026-08-02T02:00,5.9,6.0,6.9,3.4,110.0
2026-08-02T03:00,6.0,6.1,7.1,3.2,110.0
2026-08-02T04:00,6.0,6.1,7.4,3.1,111.0
2026-08-02T05:00,5.0,5.1,8.8,3.3,111.0
2026-08-02T06:00,5.2,5.3,7.1,3.1,112.0
2026-08-02T07:00,5.4,5.5,4.8,2.8,112.0
2026-08-02T08:00,5.9,6.1,2.9,2.6,113.0
2026-08-02T09:00,6.0,6.1,1.9,2.6,114.0
2026-08-02T10:00,5.4,5.6,1.3,2.8,114.0
2026-08-02T11:00,5.3,5.4,0.9,3.0,115.0
2026-08-02T12:00,5.6,5.8,0.7,3.4,115.0
2026-08-02T13:00,6.2,6.3,0.8,3.9,115.0
2026-08-02T14:00,6.7,6.8,0.9,4.3,115.0
2026-08-02T15:00,7.2,7.4,0.8,4.4,116.0
2026-08-02T16:00,7.4,7.9,0.8,4.4,117.0
2026-08-02T17:00,6.3,6.9,1.0,3.8,118.0
2026-08-02T18:00,5.5,6.1,2.0,3.5,118.0
2026-08-02T19:00,4.9,5.6,3.4,3.2,118.0
2026-08-02T20:00,4.7,5.4,4.6,3.0,117.0
2026-08-02T21:00,4.6,5.6,5.5,3.1,117.0
2026-08-02T22:00,4.8,6.0,6.3,3.2,116.0
2026-08-02T23:00,5.0,6.3,7.0,3.4,115.0
2026-08-03T00:00,5.1,6.6,7.7,3.5,113.0
2026-08-03T01:00,5.1,6.7,8.4,3.5,111.0
2026-08-03T02:00,5.1,6.8,9.1,3.5,110.0
2026-08-03T03:00,5.0,6.9,10.2,3.6,109.0
2026-08-03T04:00,5.0,7.0,11.3,3.7,109.0
2026-08-03T05:00,5.1,7.3,12.1,3.7,109.0
2026-08-03T06:00,5.2,7.4,10.4,3.5,111.0
2026-08-03T07:00,5.1,7.0,8.1,3.2,115.0
2026-08-03T08:00,4.9,6.8,5.9,3.1,117.0
2026-08-03T09:00,5.0,7.0,4.1,3.2,116.0
2026-08-03T10:00,5.1,7.1,2.5,3.4,114.0
2026-08-03T11:00,4.9,6.8,1.4,3.6,112.0
2026-08-03T12:00,5.3,7.0,0.9,3.7,112.0
2026-08-03T13:00,6.7,8.4,0.9,3.7,114.0
2026-08-03T14:00,8.0,9.7,0.9,3.7,114.0
2026-08-03T15:00,8.8,10.5,0.7,3.5,112.0
2026-08-03T16:00,9.0,11.0,0.6,3.2,109.0
2026-08-03T17:00,5.4,7.1,0.9,2.7,107.0
2026-08-03T18:00,5.4,7.1,2.0,2.8,108.0
2026-08-03T19:00,5.5,7.7,3.6,3.0,111.0
2026-08-03T20:00,5.8,8.3,5.2,3.1,113.0
2026-08-03T21:00,6.4,9.3,7.0,3.3,112.0
2026-08-03T22:00,7.0,10.2,8.8,3.4,109.0
2026-08-03T23:00,7.4,10.6,10.0,3.4,107.0
2026-08-04T00:00,7.6,10.4,10.2,3.1,106.0
2026-08-04T01:00,7.7,9.9,9.7,2.7,105.0
2026-08-04T02:00,7.7,9.5,9.4,2.3,105.0
2026-08-04T03:00,7.7,9.4,9.7,2.2,105.0
2026-08-04T04:00,7.6,9.4,10.1,2.1,105.0
2026-08-04T05:00,9.4,15.8,11.2,2.7,105.0
2026-08-04T06:00,9.2,15.0,8.8,2.5,105.0
2026-08-04T07:00,8.6,12.9,5.4,2.1,105.0
2026-08-04T08:00,8.4,13.1,2.7,1.9,105.0
2026-08-04T09:00,8.0,14.1,1.5,1.9,103.0
2026-08-04T10:00,7.1,15.5,1.1,1.9,101.0
2026-08-04T11:00,7.3,18.3,0.8,1.9,100.0
2026-08-04T12:00,8.3,21.7,0.5,1.7,100.0
2026-08-04T13:00,8.8,24.4,0.4,1.5,101.0
2026-08-04T14:00,10.0,28.0,0.4,1.4,102.0
2026-08-04T15:00,10.9,28.7,0.3,1.4,102.0
2026-08-04T16:00,12.5,31.0,0.2,1.5,102.0
2026-08-04T17:00,14.3,36.0,0.6,1.7,102.0
2026-08-04T18:00,15.1,38.2,1.7,1.8,103.0
2026-08-04T19:00,15.7,39.9,3.3,1.9,105.0
2026-08-04T20:00,15.8,40.0,4.8,2.0,107.0
2026-08-04T21:00,16.0,41.0,6.0,2.0,108.0
2026-08-04T22:00,15.9,41.2,7.1,2.0,108.0
2026-08-04T23:00,15.6,40.9,7.9,1.9,108.0
2026-08-05T00:00,15.0,39.5,8.2,1.7,109.0
2026-08-05T01:00,14.1,36.4,8.2,1.5,110.0
2026-08-05T02:00,13.1,32.5,8.4,1.4,110.0
2026-08-05T03:00,12.5,29.6,9.2,1.4,109.0
2026-08-05T04:00,12.2,27.5,10.0,1.5,108.0
2026-08-05T05:00,13.0,29.6,11.4,1.6,108.0
2026-08-05T06:00,12.3,26.5,9.2,1.5,109.0
2026-08-05T07:00,11.0,21.1,6.1,1.4,110.0
2026-08-05T08:00,9.9,18.4,3.6,1.3,111.0
2026-08-05T09:00,8.8,16.9,2.2,1.2,111.0
2026-08-05T10:00,7.9,15.7,1.4,1.2,110.0
2026-08-05T11:00,7.4,15.9,0.8,1.2,109.0
2026-08-05T12:00,7.0,16.5,0.5,1.2,109.0
2026-08-05T13:00,7.2,18.7,0.5,1.2,109.0
2026-08-05T14:00,7.9,21.4,0.6,1.3,109.0
2026-08-05T15:00,8.2,22.2,0.5,1.4,109.0
2026-08-05T16:00,7.8,20.1,0.4,1.6,110.0
2026-08-05T17:00,5.6,18.5,0.8,1.7,112.0
2026-08-05T18:00,5.5,16.8,1.8,1.8,116.0
2026-08-05T19:00,5.7,15.1,3.3,1.9,120.0
2026-08-05T20:00,6.0,13.8,4.9,2.1,123.0
2026-08-05T21:00,6.6,14.4,6.5,2.4,124.0
2026-08-05T22:00,7.2,15.3,8.1,2.7,124.0
2026-08-05T23:00,7.7,16.1,9.5,3.0,122.0
2026-08-06T00:00,7.9,16.4,10.4,3.1,119.0
2026-08-06T01:00,8.0,16.4,11.1,3.1,114.0
2026-08-06T02:00,7.7,15.6,11.8,3.0,111.0
2026-08-06T03:00,7.0,13.8,13.0,2.6,109.0
2026-08-06T04:00,6.3,12.0,14.3,2.2,109.0
2026-08-06T05:00,6.7,13.1,13.2,2.8,109.0
2026-08-06T06:00,6.3,11.8,10.8,2.6,111.0
2026-08-06T07:00,6.0,10.0,7.5,2.3,113.0
2026-08-06T08:00,6.3,12.9,4.7,2.0,115.0
2026-08-06T09:00,6.3,14.7,3.0,1.9,116.0
2026-08-06T10:00,6.6,15.1,1.7,1.8,115.0
2026-08-06T11:00,6.8,15.3,0.9,1.8,115.0
2026-08-06T12:00,6.8,15.0,0.5,1.8,114.0
2026-08-06T13:00,6.9,14.6,0.6,1.8,113.0
2026-08-06T14:00,6.6,14.3,0.7,1.8,113.0
2026-08-06T15:00,6.7,14.4,0.6,1.9,114.0
2026-08-06T16:00,6.8,14.8,0.5,2.0,117.0
2026-08-06T17:00,2.6,5.4,0.9,2.2,119.0
2026-08-06T18:00,2.7,4.9,2.3,2.4,121.0
2026-08-06T19:00,3.1,5.0,4.3,2.8,124.0
2026-08-06T20:00,3.6,5.2,6.1,3.0,125.0
2026-08-06T21:00,3.9,5.6,7.4,3.1,124.0
2026-08-06T22:00,4.0,5.9,8.4,3.2,121.0
2026-08-06T23:00,3.8,5.8,9.1,3.1,118.0
2026-08-07T00:00,3.7,5.6,9.5,2.9,116.0
2026-08-07T01:00,3.6,5.5,9.6,2.6,113.0
2026-08-07T02:00,3.5,5.4,9.7,2.3,112.0
2026-08-07T03:00,3.5,5.3,10.0,2.1,112.0
2026-08-07T04:00,3.5,5.3,10.3,2.0,112.0
2026-08-07T05:00,3.6,5.3,10.1,2.1,113.0
2026-08-07T06:00,3.7,5.6,8.2,2.3,114.0
2026-08-07T07:00,3.8,5.5,5.6,2.6,116.0
2026-08-07T08:00,3.5,5.0,3.5,2.8,117.0
2026-08-07T09:00,3.5,4.9,2.3,2.9,117.0
2026-08-07T10:00,3.5,4.5,1.5,2.8,115.0
2026-08-07T11:00,3.6,4.3,1.0,2.8,114.0
2026-08-07T12:00,3.7,4.4,0.7,2.8,113.0
2026-08-07T13:00,3.9,4.8,0.7,2.7,112.0
2026-08-07T14:00,4.2,6.0,0.7,2.7,111.0
2026-08-07T15:00,4.6,7.5,0.6,2.7,111.0
2026-08-07T16:00,5.0,8.8,0.6,2.6,112.0
2026-08-07T17:00,9.2,16.2,0.9,2.3,114.0
2026-08-07T18:00,8.2,14.2,2.5,2.4,117.0
2026-08-07T19:00,8.2,13.4,4.8,2.4,121.0
2026-08-07T20:00,8.9,14.0,6.6,2.5,123.0
2026-08-07T21:00,9.5,15.1,7.6,2.5,121.0
2026-08-07T22:00,9.7,15.8,8.1,2.5,118.0
2026-08-07T23:00,9.8,16.2,8.6,2.4,115.0
2026-08-08T00:00,9.9,16.2,9.2,2.3,114.0
2026-08-08T01:00,9.9,16.1,9.6,2.1,115.0
2026-08-08T02:00,9.8,15.8,10.1,1.9,115.0
2026-08-08T03:00,9.5,15.1,10.8,1.7,114.0
2026-08-08T04:00,9.2,14.4,11.5,1.6,113.0
2026-08-08T05:00,8.7,11.9,11.9,1.6,113.0
2026-08-08T06:00,8.7,12.5,9.6,1.7,114.0
2026-08-08T07:00,8.6,12.1,6.5,1.9,116.0
2026-08-08T08:00,9.3,15.6,3.9,2.0,117.0
2026-08-08T09:00,8.8,16.0,2.4,2.0,116.0
2026-08-08T10:00,8.1,14.4,1.4,2.0,114.0
2026-08-08T11:00,7.6,13.1,0.7,2.0,112.0
2026-08-08T12:00,7.1,11.8,0.5,1.9,111.0
2026-08-08T13:00,6.7,10.9,0.6,1.8,111.0
2026-08-08T14:00,6.5,10.4,0.7,1.8,111.0
2026-08-08T15:00,6.3,10.4,0.6,1.9,109.0
2026-08-08T16:00,6.5,11.0,0.5,2.0,107.0
2026-08-08T17:00,10.8,21.0,1.0,1.8,107.0
2026-08-08T18:00,11.7,21.8,2.7,1.9,114.0
2026-08-08T19:00,12.5,22.5,5.0,2.1,123.0
2026-08-08T20:00,13.1,23.4,6.9,2.2,128.0
2026-08-08T21:00,13.6,24.3,7.7,2.2,125.0
2026-08-08T22:00,13.4,23.6,8.1,2.2,117.0
2026-08-08T23:00,12.9,21.3,8.5,2.1,111.0
2026-08-09T00:00,12.4,19.6,9.1,2.0,109.0
2026-08-09T01:00,12.1,18.6,9.7,1.8,109.0
2026-08-09T02:00,11.9,17.9,10.2,1.7,109.0
2026-08-09T03:00,11.7,17.5,10.7,1.6,108.0
2026-08-09T04:00,11.6,17.5,11.2,1.6,108.0
2026-08-09T05:00,9.5,13.9,11.1,1.6,108.0
2026-08-09T06:00,9.7,14.8,9.2,1.7,109.0
2026-08-09T07:00,9.7,14.8,6.4,1.8,110.0
2026-08-09T08:00,10.2,17.5,4.1,1.9,110.0
2026-08-09T09:00,10.3,19.7,2.6,1.8,109.0
2026-08-09T10:00,9.7,18.9,1.5,1.7,108.0
2026-08-09T11:00,9.1,17.3,0.7,1.6,107.0
2026-08-09T12:00,8.9,16.5,0.4,1.5,107.0
2026-08-09T13:00,8.9,16.3,0.5,1.4,107.0
2026-08-09T14:00,8.7,16.0,0.6,1.4,107.0
2026-08-09T15:00,8.5,15.5,0.4,1.4,107.0
2026-08-09T16:00,8.1,14.4,0.3,1.4,107.0
2026-08-09T17:00,11.2,19.6,0.9,1.5,107.0
2026-08-09T18:00,10.9,17.8,1.9,1.5,109.0
2026-08-09T19:00,10.8,17.2,3.2,1.6,112.0
2026-08-09T20:00,10.9,16.8,4.4,1.6,113.0
2026-08-09T21:00,11.1,17.4,5.0,1.6,112.0
2026-08-09T22:00,11.1,18.0,5.3,1.6,109.0
2026-08-09T23:00,11.1,18.5,6.1,1.6,107.0
2026-08-10T00:00,11.2,18.0,7.9,1.5,106.0
2026-08-10T01:00,11.1,16.8,10.0,1.4,105.0
2026-08-10T02:00,10.8,15.7,11.6,1.3,105.0
2026-08-10T03:00,10.4,14.7,12.3,1.2,105.0
2026-08-10T04:00,10.1,14.0,12.4,1.0,105.0
2026-08-10T05:00,9.0,12.7,10.2,1.1,106.0
2026-08-10T06:00,8.7,12.7,8.3,1.2,108.0
2026-08-10T07:00,8.6,12.5,5.6,1.4,110.0
2026-08-10T08:00,8.9,14.4,3.4,1.5,111.0
2026-08-10T09:00,9.3,16.5,2.1,1.5,109.0
2026-08-10T10:00,9.3,17.0,1.2,1.4,106.0
2026-08-10T11:00,9.1,16.7,0.6,1.3,104.0
2026-08-10T12:00,9.3,16.8,0.4,1.4,103.0
2026-08-10T13:00,9.4,16.7,0.5,1.5,104.0
2026-08-10T14:00,9.5,16.6,0.6,1.6,104.0
2026-08-10T15:00,8.8,15.5,0.5,1.6,104.0
2026-08-10T16:00,8.1,14.1,0.4,1.4,104.0
2026-08-10T17:00,9.2,17.3,0.8,1.3,104.0
2026-08-10T18:00,9.5,16.4,2.1,1.5,105.0
2026-08-10T19:00,9.9,15.7,3.9,1.7,106.0
2026-08-10T20:00,10.5,15.8,5.6,1.9,107.0
2026-08-10T21:00,11.1,16.6,7.3,2.1,107.0
2026-08-10T22:00,11.4,17.2,8.9,2.2,106.0
2026-08-10T23:00,11.3,17.1,10.0,2.2,105.0
2026-08-11T00:00,11.1,16.8,10.3,2.1,105.0
2026-08-11T01:00,10.7,16.5,10.2,1.9,104.0
2026-08-11T02:00,10.4,15.9,10.2,1.7,104.0
2026-08-11T03:00,10.2,14.8,10.8,1.5,104.0
2026-08-11T04:00,9.8,13.8,11.6,1.3,104.0
2026-08-11T05:00,8.7,12.3,12.4,1.1,105.0
2026-08-11T06:00,8.4,11.9,9.9,1.3,106.0
2026-08-11T07:00,8.4,12.6,6.5,1.5,108.0
2026-08-11T08:00,8.8,14.3,3.7,1.6,109.0
2026-08-11T09:00,8.6,13.9,2.1,1.6,108.0
2026-08-11T10:00,7.9,12.6,1.2,1.5,107.0
2026-08-11T11:00,7.8,11.9,0.6,1.4,106.0
2026-08-11T12:00,7.7,11.3,0.3,1.4,105.0
2026-08-11T13:00,7.7,11.2,0.4,1.5,105.0
2026-08-11T14:00,7.9,11.3,0.5,1.5,105.0
2026-08-11T15:00,8.0,11.3,0.4,1.5,105.0
2026-08-11T16:00,8.2,11.3,0.3,1.5,106.0
2026-08-11T17:00,7.9,10.5,0.9,1.7,108.0
2026-08-11T18:00,8.1,10.4,2.1,1.9,114.0
2026-08-11T19:00,8.8,10.7,3.8,2.1,121.0
2026-08-11T20:00,9.5,11.4,5.4,2.3,125.0
2026-08-11T21:00,10.3,12.7,6.8,2.4,122.0
2026-08-11T22:00,10.6,13.7,8.1,2.4,115.0
2026-08-11T23:00,10.7,14.6,8.9,2.4,110.0
2026-08-12T00:00,10.5,14.8,8.9,2.3,108.0
2026-08-12T01:00,10.4,15.4,8.5,2.1,107.0
2026-08-12T02:00,10.3,15.7,8.4,1.9,107.0
2026-08-12T03:00,10.2,15.5,9.2,1.7,106.0
2026-08-12T04:00,10.0,14.9,10.3,1.6,106.0
2026-08-12T05:00,7.7,10.2,12.3,1.5,106.0
2026-08-12T06:00,7.6,10.3,10.0,1.6,108.0
2026-08-12T07:00,8.1,11.2,6.9,1.8,111.0
2026-08-12T08:00,9.2,13.6,4.2,1.9,112.0
2026-08-12T09:00,9.7,14.4,2.6,1.9,111.0
2026-08-12T10:00,9.7,14.7,1.5,1.7,108.0
2026-08-12T11:00,9.3,13.4,0.8,1.7,107.0
2026-08-12T12:00,9.5,13.2,0.5,1.8,108.0
2026-08-12T13:00,9.7,13.3,0.7,2.1,110.0
2026-08-12T14:00,9.7,12.9,0.8,2.2,111.0
2026-08-12T15:00,9.1,11.8,0.7,2.2,111.0
2026-08-12T16:00,8.2,10.7,0.5,2.1,111.0
2026-08-12T17:00,10.8,13.8,1.1,2.2,112.0
2026-08-12T18:00,10.9,13.5,2.6,2.5,114.0
2026-08-12T19:00,11.6,13.8,4.8,2.9,117.0
2026-08-12T20:00,12.4,14.8,6.6,3.2,119.0
2026-08-12T21:00,13.1,16.0,7.8,3.4,117.0
2026-08-12T22:00,13.4,16.8,8.6,3.5,114.0
2026-08-12T23:00,13.5,17.3,9.1,3.4,112.0
2026-08-13T00:00,13.5,17.6,9.2,3.1,112.0
2026-08-13T01:00,13.6,18.2,9.0,2.7,112.0
2026-08-13T02:00,13.9,18.6,8.8,2.3,113.0
2026-08-13T03:00,13.8,18.4,9.0,2.0,114.0
2026-08-13T04:00,13.6,18.2,9.3,1.8,114.0
2026-08-13T05:00,12.5,15.9,8.7,1.5,115.0
2026-08-13T06:00,12.7,16.8,7.0,1.6,116.0
2026-08-13T07:00,13.1,17.6,4.5,1.6,118.0
2026-08-13T08:00,14.6,22.2,2.6,1.7,118.0
2026-08-13T09:00,14.0,22.6,1.6,1.7,117.0
2026-08-13T10:00,13.7,21.7,1.2,1.6,115.0
2026-08-13T11:00,12.7,18.6,0.9,1.6,113.0
2026-08-13T12:00,11.5,15.9,0.7,1.7,112.0
2026-08-13T13:00,9.8,13.1,0.7,1.8,111.0
2026-08-13T14:00,8.2,10.4,0.8,2.0,111.0
2026-08-13T15:00,7.0,8.5,0.7,2.2,111.0
2026-08-13T16:00,6.3,7.4,0.6,2.3,110.0
2026-08-13T17:00,6.0,7.2,1.0,2.3,111.0
2026-08-13T18:00,6.6,7.8,2.6,2.6,113.0
2026-08-13T19:00,7.3,8.4,4.9,3.0,116.0
2026-08-13T20:00,8.0,8.8,6.9,3.4,118.0
2026-08-13T21:00,8.4,9.2,8.2,3.8,117.0
2026-08-13T22:00,8.8,9.7,9.3,4.3,114.0
2026-08-13T23:00,9.1,10.1,10.1,4.5,112.0
2026-08-14T00:00,9.0,10.1,10.7,4.4,111.0
2026-08-14T01:00,8.6,9.8,11.1,4.1,110.0
2026-08-14T02:00,8.2,9.3,11.2,3.7,110.0
2026-08-14T03:00,7.7,8.6,11.0,3.3,110.0
2026-08-14T04:00,7.1,7.9,10.6,2.8,110.0
2026-08-14T05:00,5.0,5.2,9.6,2.9,110.0
2026-08-14T06:00,4.4,4.4,7.8,2.6,112.0
2026-08-14T07:00,3.8,3.9,5.3,2.3,114.0
2026-08-14T08:00,3.0,3.3,3.2,2.0,115.0
2026-08-14T09:00,2.4,3.0,2.1,1.8,114.0
2026-08-14T10:00,2.0,2.6,1.4,1.7,112.0
2026-08-14T11:00,1.8,2.4,1.0,1.7,110.0
2026-08-14T12:00,1.8,2.4,0.8,1.8,108.0
2026-08-14T13:00,2.2,2.8,0.8,2.0,105.0
2026-08-14T14:00,2.5,3.2,0.8,2.2,104.0
2026-08-14T15:00,2.8,3.6,0.7,2.4,106.0
2026-08-14T16:00,3.2,3.9,0.7,2.6,109.0
2026-08-14T17:00,8.1,8.8,1.0,2.5,111.0
2026-08-14T18:00,9.0,9.5,2.5,2.8,111.0
2026-08-14T19:00,10.0,10.3,4.6,3.2,111.0
2026-08-14T20:00,10.5,10.8,6.1,3.4,111.0
2026-08-14T21:00,10.3,10.5,6.4,3.4,114.0
2026-08-14T22:00,9.8,10.1,6.1,3.2,118.0
2026-08-14T23:00,9.4,9.7,5.8,3.0,120.0
2026-08-15T00:00,9.1,9.4,5.8,2.8,117.0
2026-08-15T01:00,8.7,9.1,5.8,2.6,113.0
2026-08-15T02:00,8.4,8.8,6.0,2.4,109.0
2026-08-15T03:00,8.1,8.5,6.7,2.2,106.0
2026-08-15T04:00,8.0,8.3,7.6,2.1,104.0
2026-08-15T05:00,10.4,10.7,8.9,2.6,107.0
2026-08-15T06:00,10.3,10.6,7.4,2.6,122.0
2026-08-15T07:00,10.1,10.3,5.4,2.6,144.0
2026-08-15T08:00,8.9,9.1,3.6,2.5,155.0
2026-08-15T09:00,7.3,7.7,2.4,2.2,147.0
2026-08-15T10:00,6.4,6.8,1.4,1.9,130.0
2026-08-15T11:00,6.0,6.4,0.8,1.6,117.0
2026-08-15T12:00,5.6,6.1,0.6,1.4,116.0
2026-08-15T13:00,5.2,5.7,0.7,1.3,119.0
2026-08-15T14:00,4.9,5.6,0.8,1.3,121.0
2026-08-15T15:00,5.0,5.7,0.8,1.5,116.0
2026-08-15T16:00,5.2,6.0,0.8,1.9,109.0
2026-08-15T17:00,4.1,4.7,1.1,1.8,114.0
2026-08-15T18:00,4.9,5.6,2.5,2.1,145.0
2026-08-15T19:00,5.9,6.8,4.4,2.4,188.0
2026-08-15T20:00,6.5,7.5,6.0,2.7,212.0
2026-08-15T21:00,7.1,8.3,6.8,2.8,197.0
2026-08-15T22:00,7.1,8.4,7.3,2.9,164.0
2026-08-15T23:00,6.9,8.2,7.6,2.8,139.0
2026-08-16T00:00,6.8,8.3,7.7,2.6,136.0
2026-08-16T01:00,6.7,8.6,7.7,2.3,141.0
2026-08-16T02:00,7.0,9.5,8.1,2.0,148.0
2026-08-16T03:00,7.5,10.6,9.4,1.9,155.0
2026-08-16T04:00,7.9,11.5,11.1,1.9,163.0
2026-08-16T05:00,9.1,14.3,12.2,2.5,168.0
2026-08-16T06:00,9.1,14.8,10.5,2.3,167.0
2026-08-16T07:00,9.0,13.8,8.2,2.1,163.0
2026-08-16T08:00,9.7,15.9,6.0,2.0,156.0
2026-08-16T09:00,9.9,17.1,4.2,2.0,145.0
2026-08-16T10:00,10.0,18.0,2.6,2.1,132.0
2026-08-16T11:00,10.0,18.7,1.4,2.2,123.0
2026-08-16T12:00,9.8,19.4,0.9,2.2,124.0
2026-08-16T13:00,9.6,20.5,0.8,2.2,129.0
2026-08-16T14:00,9.3,20.8,0.8,2.2,131.0
2026-08-16T15:00,8.6,19.7,0.6,2.1,125.0
2026-08-16T16:00,7.4,17.3,0.6,1.8,115.0
2026-08-16T17:00,4.2,8.3,0.9,1.5,111.0
2026-08-16T18:00,3.2,5.5,1.9,1.5,117.0
2026-08-16T19:00,3.3,4.5,3.2,1.6,127.0
2026-08-16T20:00,3.9,4.6,4.5,1.7,137.0
2026-08-16T21:00,4.5,4.9,5.6,1.9,143.0
2026-08-16T22:00,5.1,5.4,6.7,2.1,148.0
2026-08-16T23:00,5.6,5.8,7.6,2.3,154.0
2026-08-17T00:00,6.0,6.2,8.3,2.5,165.0
2026-08-17T01:00,6.2,6.5,8.8,2.7,178.0
2026-08-17T02:00,6.5,6.8,9.4,2.8,182.0
2026-08-17T03:00,6.7,6.9,10.5,2.8,169.0
2026-08-17T04:00,6.8,7.1,11.8,2.7,147.0
2026-08-17T05:00,5.5,5.7,12.3,2.5,130.0
2026-08-17T06:00,5.4,5.6,10.1,2.4,123.0
2026-08-17T07:00,5.2,5.7,7.1,2.2,121.0
2026-08-17T08:00,4.9,5.8,4.6,2.1,120.0
2026-08-17T09:00,4.6,5.4,3.0,2.1,118.0
2026-08-17T10:00,4.6,5.1,1.9,2.1,117.0
2026-08-17T11:00,4.7,5.0,1.1,2.2,116.0
2026-08-17T12:00,5.4,5.6,0.8,2.6,115.0
2026-08-17T13:00,6.3,6.6,1.0,3.1,113.0
2026-08-17T14:00,6.9,7.2,1.1,3.5,113.0
2026-08-17T15:00,7.2,7.6,1.0,3.6,114.0
2026-08-17T16:00,7.1,7.6,0.8,3.6,116.0
2026-08-17T17:00,3.8,3.9,1.1,2.9,118.0
2026-08-17T18:00,4.2,4.6,2.3,2.8,122.0
2026-08-17T19:00,4.6,5.2,4.0,2.8,126.0
2026-08-17T20:00,5.3,6.0,5.6,2.8,130.0
2026-08-17T21:00,5.8,6.8,6.8,3.0,133.0
2026-08-17T22:00,6.1,7.5,7.8,3.3,134.0
2026-08-17T23:00,6.3,7.8,8.6,3.5,134.0
2026-08-18T00:00,6.3,8.0,9.3,3.6,130.0
2026-08-18T01:00,6.3,8.1,9.8,3.7,124.0
2026-08-18T02:00,6.1,8.1,10.2,3.7,120.0
2026-08-18T03:00,5.9,8.1,10.7,3.7,120.0
2026-08-18T04:00,5.7,8.2,11.0,3.7,121.0
2026-08-18T05:00,5.6,7.7,11.1,3.7,122.0
2026-08-18T06:00,5.6,7.6,9.8,3.7,122.0
2026-08-18T07:00,5.6,7.4,7.9,3.6,122.0
2026-08-18T08:00,5.4,7.5,6.0,3.5,122.0
2026-08-18T09:00,5.2,8.8,4.2,3.3,122.0
2026-08-18T10:00,5.6,11.0,2.5,3.1,121.0
2026-08-18T11:00,6.3,14.1,1.3,2.9,120.0
2026-08-18T12:00,7.4,16.9,0.8,2.7,118.0
2026-08-18T13:00,8.4,19.0,0.8,2.5,116.0
2026-08-18T14:00,9.0,20.0,0.8,2.4,114.0
2026-08-18T15:00,9.2,20.3,0.6,2.3,114.0
2026-08-18T16:00,9.2,20.1,0.6,2.2,115.0
2026-08-18T17:00,7.8,17.0,0.9,1.8,116.0
2026-08-18T18:00,6.9,14.6,2.2,1.9,116.0
2026-08-18T19:00,6.8,13.8,4.1,2.1,117.0
2026-08-18T20:00,7.0,13.3,5.6,2.2,117.0
2026-08-18T21:00,6.8,13.3,6.4,2.3,117.0
2026-08-18T22:00,6.5,13.4,6.9,2.3,117.0
2026-08-18T23:00,6.3,13.3,7.4,2.3,117.0
2026-08-19T00:00,6.2,13.3,8.1,2.3,117.0
2026-08-19T01:00,6.2,13.2,8.9,2.4,116.0
2026-08-19T02:00,6.1,12.7,9.5,2.4,116.0
2026-08-19T03:00,5.9,11.6,9.9,2.4,116.0
2026-08-19T04:00,5.8,10.7,10.2,2.4,117.0
2026-08-19T05:00,6.4,11.1,11.2,2.8,117.0
2026-08-19T06:00,6.0,9.7,9.3,2.8,117.0
2026-08-19T07:00,5.6,7.9,6.5,2.9,117.0
2026-08-19T08:00,4.2,6.2,4.2,2.8,116.0
2026-08-19T09:00,3.3,6.0,2.7,2.4,115.0
2026-08-19T10:00,2.7,4.9,1.6,1.9,114.0
2026-08-19T11:00,2.3,4.3,0.8,1.5,113.0
2026-08-19T12:00,2.4,4.5,0.5,1.3,111.0
2026-08-19T13:00,2.5,4.7,0.6,1.2,108.0
2026-08-19T14:00,2.6,4.9,0.7,1.3,107.0
2026-08-19T15:00,3.2,6.2,0.6,1.5,108.0
2026-08-19T16:00,4.4,8.8,0.6,1.8,109.0
2026-08-19T17:00,9.9,18.5,1.3,2.2,113.0
2026-08-19T18:00,11.7,19.7,3.0,2.6,120.0
2026-08-19T19:00,13.4,20.3,5.3,3.1,128.0
2026-08-19T20:00,14.4,19.8,7.3,3.6,134.0
2026-08-19T21:00,15.5,20.6,8.4,4.2,135.0
2026-08-19T22:00,16.4,21.4,9.2,4.8,132.0
2026-08-19T23:00,16.8,21.6,9.7,5.3,128.0
2026-08-20T00:00,16.6,21.4,10.0,5.5,121.0
2026-08-20T01:00,16.4,21.1,10.2,5.6,112.0
2026-08-20T02:00,15.8,20.4,10.2,5.5,106.0
2026-08-20T03:00,14.9,19.4,10.4,5.2,104.0
2026-08-20T04:00,14.0,18.6,10.4,4.8,105.0
2026-08-20T05:00,11.4,16.6,9.2,4.3,106.0
2026-08-20T06:00,10.6,16.5,7.9,3.8,109.0
2026-08-20T07:00,10.0,15.8,6.1,3.2,112.0
2026-08-20T08:00,9.8,17.2,4.4,2.6,114.0
2026-08-20T09:00,9.2,18.6,3.0,2.2,111.0
2026-08-20T10:00,8.2,17.4,1.8,2.0,107.0
2026-08-20T11:00,7.8,16.2,1.0,1.9,106.0
2026-08-20T12:00,7.9,15.5,0.7,2.2,112.0
2026-08-20T13:00,8.3,14.8,0.9,2.8,122.0
2026-08-20T14:00,8.8,14.3,1.0,3.1,128.0
2026-08-20T15:00,8.6,13.3,0.9,3.0,126.0
2026-08-20T16:00,8.1,12.1,0.7,2.8,119.0
2026-08-20T17:00,3.8,4.8,1.0,2.3,114.0
2026-08-20T18:00,4.0,5.4,2.3,2.4,112.0
2026-08-20T19:00,4.8,6.2,4.1,2.5,110.0
2026-08-20T20:00,5.8,7.3,5.8,2.7,109.0
2026-08-20T21:00,6.3,7.9,7.2,3.1,108.0
2026-08-20T22:00,6.9,8.4,8.5,3.5,108.0
2026-08-20T23:00,7.3,8.7,9.6,3.8,108.0
2026-08-21T00:00,7.6,8.8,10.4,3.9,110.0
2026-08-21T01:00,7.2,8.3,10.9,3.9,113.0
2026-08-21T02:00,6.5,7.5,11.2,3.8,115.0
2026-08-21T03:00,5.7,6.7,11.2,3.5,114.0
2026-08-21T04:00,4.9,6.0,10.9,3.1,112.0
2026-08-21T05:00,4.3,5.2,10.1,2.7,111.0
2026-08-21T06:00,4.0,5.1,8.3,2.4,111.0
2026-08-21T07:00,3.8,5.0,5.9,2.0,112.0
2026-08-21T08:00,3.4,4.6,3.8,1.8,113.0
2026-08-21T09:00,2.6,3.8,2.6,2.0,113.0
2026-08-21T10:00,2.3,3.3,1.8,2.3,114.0
2026-08-21T11:00,2.4,3.2,1.2,2.6,114.0
2026-08-21T12:00,2.5,3.1,0.9,2.7,114.0
2026-08-21T13:00,2.6,3.3,0.8,2.7,113.0
2026-08-21T14:00,3.0,3.7,0.8,2.7,114.0
2026-08-21T15:00,3.6,4.2,0.7,2.8,118.0
2026-08-21T16:00,3.9,4.5,0.6,2.9,123.0
2026-08-21T17:00,2.4,2.4,0.9,2.3,125.0
2026-08-21T18:00,2.5,2.6,2.0,2.3,121.0
2026-08-21T19:00,2.9,3.0,3.6,2.3,114.0
2026-08-21T20:00,3.5,3.6,5.2,2.4,109.0
2026-08-21T21:00,4.1,4.2,6.7,2.7,108.0
2026-08-21T22:00,4.7,4.8,8.1,3.0,110.0
2026-08-21T23:00,5.0,5.1,9.2,3.2,110.0
2026-08-22T00:00,4.9,5.1,9.8,3.1,108.0
2026-08-22T01:00,4.6,4.7,10.1,2.8,105.0
2026-08-22T02:00,4.0,4.1,10.0,2.5,103.0
2026-08-22T03:00,3.5,3.6,9.5,2.3,104.0
2026-08-22T04:00,3.2,3.3,8.7,2.2,105.0
2026-08-22T05:00,2.8,2.8,7.9,2.0,107.0
2026-08-22T06:00,2.5,2.6,6.6,1.8,109.0
2026-08-22T07:00,2.5,3.1,4.7,1.4,111.0
2026-08-22T08:00,2.9,4.4,3.1,1.2,111.0
2026-08-22T09:00,3.3,5.4,2.1,1.1,109.0
2026-08-22T10:00,4.0,6.3,1.3,1.2,105.0
2026-08-22T11:00,4.6,6.9,0.8,1.2,103.0
2026-08-22T12:00,5.0,7.0,0.6,1.2,102.0
2026-08-22T13:00,5.1,6.7,0.6,1.3,103.0
2026-08-22T14:00,5.1,6.3,0.6,1.3,104.0
2026-08-22T15:00,5.2,6.0,0.5,1.3,106.0
2026-08-22T16:00,5.0,5.7,0.4,1.4,108.0
2026-08-22T17:00,8.4,8.7,0.7,1.4,110.0
2026-08-22T18:00,7.9,8.3,2.2,1.4,112.0
2026-08-22T19:00,8.0,8.4,4.2,1.5,115.0
2026-08-22T20:00,8.6,9.1,5.5,1.5,116.0
2026-08-22T21:00,8.8,9.8,5.5,1.5,114.0
2026-08-22T22:00,8.6,9.8,4.8,1.4,111.0
2026-08-22T23:00,8.0,9.7,4.3,1.3,109.0
2026-08-23T00:00,7.6,9.8,4.3,1.2,108.0
2026-08-23T01:00,7.5,10.2,4.5,1.2,109.0
2026-08-23T02:00,7.5,10.4,4.8,1.1,109.0
2026-08-23T03:00,7.4,10.4,5.5,1.1,110.0
2026-08-23T04:00,7.4,10.2,6.3,1.1,110.0
2026-08-23T05:00,8.5,11.3,7.3,1.1,111.0
2026-08-23T06:00,8.3,10.9,6.1,1.1,111.0
2026-08-23T07:00,7.9,10.1,4.3,1.1,111.0
2026-08-23T08:00,6.8,8.8,2.8,1.1,110.0
2026-08-23T09:00,5.2,7.3,1.8,0.9,107.0
2026-08-23T10:00,4.1,5.9,1.0,0.7,104.0
2026-08-23T11:00,3.5,5.5,0.5,0.6,102.0
2026-08-23T12:00,3.4,6.0,0.3,0.6,102.0
2026-08-23T13:00,3.6,6.8,0.4,0.6,103.0
2026-08-23T14:00,3.9,7.5,0.5,0.7,104.0
2026-08-23T15:00,4.3,8.0,0.4,0.8,104.0
2026-08-23T16:00,4.6,8.5,0.4,1.0,103.0
2026-08-23T17:00,3.0,5.8,0.7,0.9,104.0
2026-08-23T18:00,3.5,6.3,1.9,1.1,107.0
2026-08-23T19:00,4.4,7.1,3.6,1.5,112.0
2026-08-23T20:00,5.0,8.0,5.0,1.7,114.0
2026-08-23T21:00,5.3,8.4,5.8,1.8,113.0
2026-08-23T22:00,5.2,8.2,6.4,1.8,110.0
2026-08-23T23:00,4.8,7.5,6.9,1.7,107.0
2026-08-24T00:00,4.4,6.8,7.3,1.6,106.0
2026-08-24T01:00,4.1,6.1,7.6,1.4,105.0
2026-08-24T02:00,3.9,5.7,7.9,1.2,105.0
2026-08-24T03:00,3.7,5.4,8.4,1.1,104.0
2026-08-24T04:00,3.5,5.2,9.0,1.0,103.0
2026-08-24T05:00,3.8,5.3,9.8,1.1,103.0
2026-08-24T06:00,3.6,5.2,8.0,1.1,104.0
2026-08-24T07:00,3.5,4.8,5.6,1.1,106.0
2026-08-24T08:00,3.1,5.6,3.5,1.0,107.0
2026-08-24T09:00,3.3,7.1,2.1,0.9,106.0
2026-08-24T10:00,3.6,8.3,1.2,0.7,104.0
2026-08-24T11:00,3.9,9.1,0.5,0.6,103.0
2026-08-24T12:00,3.9,9.0,0.3,0.6,103.0
2026-08-24T13:00,3.9,8.0,0.4,0.7,103.0
2026-08-24T14:00,4.1,7.8,0.5,0.8,104.0
2026-08-24T15:00,4.4,8.7,0.5,1.0,105.0
2026-08-24T16:00,5.0,10.8,0.6,1.2,107.0
2026-08-24T17:00,8.1,22.5,0.9,1.4,109.0
2026-08-24T18:00,9.5,26.3,1.7,1.5,111.0
2026-08-24T19:00,10.5,27.5,2.8,1.7,114.0
2026-08-24T20:00,11.5,29.7,3.9,1.9,117.0
2026-08-24T21:00,11.6,29.2,5.1,2.1,123.0
2026-08-24T22:00,11.4,28.2,6.4,2.4,130.0
2026-08-24T23:00,11.2,27.9,7.3,2.5,134.0
2026-08-25T00:00,11.3,28.5,7.7,2.5,132.0
2026-08-25T01:00,11.4,29.4,7.9,2.3,126.0
2026-08-25T02:00,11.4,30.0,8.0,2.2,121.0
2026-08-25T03:00,11.4,30.3,8.4,2.1,117.0
2026-08-25T04:00,11.4,30.5,8.9,2.0,113.0
2026-08-25T05:00,9.4,25.5,8.1,1.3,111.0
2026-08-25T06:00,9.3,25.6,7.3,1.2,113.0
2026-08-25T07:00,9.1,23.3,6.1,1.1,117.0
2026-08-25T08:00,8.2,19.5,4.8,1.1,120.0
2026-08-25T09:00,6.9,16.9,3.4,1.2,120.0
2026-08-25T10:00,5.8,14.0,2.0,1.4,119.0
2026-08-25T11:00,4.5,10.5,1.0,1.6,118.0
2026-08-25T12:00,3.9,8.7,0.6,1.7,116.0
2026-08-25T13:00,3.5,7.5,0.6,1.7,114.0
2026-08-25T14:00,3.1,6.5,0.7,1.7,112.0
2026-08-25T15:00,2.9,5.6,0.6,1.8,111.0
2026-08-25T16:00,2.7,4.7,0.6,1.9,110.0
2026-08-25T17:00,1.7,3.4,0.9,2.1,110.0
2026-08-25T18:00,1.9,3.1,2.2,2.3,112.0
2026-08-25T19:00,2.5,3.3,4.1,2.6,115.0
2026-08-25T20:00,3.0,3.6,5.6,2.9,117.0
2026-08-25T21:00,3.1,3.6,6.4,3.0,117.0
2026-08-25T22:00,2.9,3.3,6.8,3.1,117.0
2026-08-25T23:00,2.8,3.2,7.2,3.1,117.0
2026-08-26T00:00,2.7,3.1,7.9,3.0,117.0
2026-08-26T01:00,2.8,3.1,8.6,2.8,118.0
2026-08-26T02:00,2.8,3.1,9.0,2.7,118.0
2026-08-26T03:00,2.7,3.0,9.2,2.6,117.0
2026-08-26T04:00,2.6,2.8,9.1,2.5,115.0
2026-08-26T05:00,4.1,4.2,9.5,2.8,115.0
2026-08-26T06:00,3.8,4.0,8.0,2.9,117.0
2026-08-26T07:00,3.7,3.8,5.9,3.0,120.0
2026-08-26T08:00,2.9,3.1,4.1,3.0,121.0
2026-08-26T09:00,2.2,2.8,2.8,2.9,120.0
2026-08-26T10:00,2.4,3.3,1.7,2.7,117.0
2026-08-26T11:00,2.8,3.7,0.9,2.5,115.0
2026-08-26T12:00,3.2,4.1,0.6,2.4,115.0
2026-08-26T13:00,3.4,4.5,0.7,2.4,116.0
2026-08-26T14:00,3.7,4.9,0.8,2.4,116.0
2026-08-26T15:00,4.2,5.4,0.7,2.4,115.0
2026-08-26T16:00,4.6,5.9,0.6,2.5,114.0
2026-08-26T17:00,0.3,0.6,1.1,2.6,115.0
2026-08-26T18:00,0.8,1.2,2.7,2.8,122.0
2026-08-26T19:00,1.9,2.3,5.0,3.0,131.0
2026-08-26T20:00,2.5,2.9,6.6,3.2,136.0
2026-08-26T21:00,2.4,2.8,7.0,3.2,133.0
2026-08-26T22:00,2.1,2.5,6.8,3.2,126.0
2026-08-26T23:00,2.0,2.4,6.8,3.1,120.0
2026-08-27T00:00,2.0,2.5,7.2,2.9,117.0
2026-08-27T01:00,2.1,2.5,7.8,2.6,116.0
2026-08-27T02:00,2.0,2.4,8.2,2.3,115.0
2026-08-27T03:00,1.9,2.3,8.4,2.1,115.0
2026-08-27T04:00,1.8,2.2,8.5,1.9,117.0
2026-08-27T05:00,2.3,2.6,10.2,2.0,118.0
2026-08-27T06:00,2.3,2.6,8.7,2.1,119.0
2026-08-27T07:00,2.2,2.5,6.7,2.2,121.0
2026-08-27T08:00,2.1,2.4,4.8,2.3,121.0
2026-08-27T09:00,2.0,2.7,3.3,2.3,120.0
2026-08-27T10:00,2.4,3.1,1.9,2.4,118.0
2026-08-27T11:00,2.6,3.3,0.9,2.4,117.0
2026-08-27T12:00,3.0,3.6,0.5,2.4,116.0
2026-08-27T13:00,3.3,3.9,0.6,2.4,116.0
2026-08-27T14:00,3.6,4.0,0.7,2.5,116.0
2026-08-27T15:00,3.9,4.2,0.6,2.6,116.0
2026-08-27T16:00,4.3,4.5,0.5,2.8,116.0
2026-08-27T17:00,4.7,4.9,1.1,3.0,118.0
2026-08-27T18:00,5.4,5.6,2.7,3.3,125.0
2026-08-27T19:00,6.6,6.8,5.0,3.6,135.0
2026-08-27T20:00,7.9,8.1,6.9,4.0,142.0
2026-08-27T21:00,9.0,9.2,8.1,4.5,143.0
2026-08-27T22:00,9.6,9.9,9.0,5.0,142.0
2026-08-27T23:00,10.1,10.4,9.6,5.4,140.0
2026-08-28T00:00,10.4,10.6,10.0,5.5,138.0
2026-08-28T01:00,10.2,10.5,10.1,5.4,134.0
2026-08-28T02:00,9.9,10.2,10.1,5.2,132.0
2026-08-28T03:00,9.4,9.7,10.0,4.9,131.0
2026-08-28T04:00,9.1,9.3,9.8,4.6,131.0
2026-08-28T05:00,11.8,11.8,10.1,4.6,131.0
2026-08-28T06:00,11.4,11.4,8.7,4.3,133.0
2026-08-28T07:00,11.0,11.1,6.7,3.9,136.0
2026-08-28T08:00,10.3,10.3,4.9,3.6,137.0
2026-08-28T09:00,9.6,9.7,3.5,3.4,134.0
2026-08-28T10:00,9.3,9.4,2.2,3.2,130.0
2026-08-28T11:00,9.1,9.2,1.3,3.1,126.0
2026-08-28T12:00,9.0,9.1,0.9,3.1,124.0
2026-08-28T13:00,9.1,9.2,0.9,3.2,122.0
2026-08-28T14:00,9.1,9.7,1.0,3.3,122.0
2026-08-28T15:00,9.0,10.3,0.9,3.3,124.0
2026-08-28T16:00,8.6,11.4,0.8,3.2,128.0
2026-08-28T17:00,6.5,12.8,1.0,2.3,131.0
2026-08-28T18:00,6.0,13.6,2.0,2.3,132.0
2026-08-28T19:00,6.3,14.4,3.4,2.2,133.0
2026-08-28T20:00,6.9,15.8,4.7,2.3,132.0
2026-08-28T21:00,7.5,17.3,5.8,2.5,130.0
2026-08-28T22:00,7.9,18.5,6.8,2.8,126.0
2026-08-28T23:00,8.3,19.4,7.6,3.1,124.0
2026-08-29T00:00,8.6,20.2,8.1,3.4,123.0
2026-08-29T01:00,8.8,20.7,8.4,3.6,123.0
2026-08-29T02:00,8.9,21.2,8.7,3.7,124.0
2026-08-29T03:00,9.1,21.7,9.3,3.6,125.0
2026-08-29T04:00,9.3,21.8,9.8,3.3,126.0
2026-08-29T05:00,9.5,21.5,10.1,3.2,127.0
2026-08-29T06:00,9.1,19.7,8.7,3.0,129.0
2026-08-29T07:00,8.4,17.7,6.7,2.8,130.0
2026-08-29T08:00,8.4,18.6,4.9,2.8,131.0
2026-08-29T09:00,9.0,20.1,3.5,3.1,131.0
2026-08-29T10:00,8.5,18.0,2.3,3.5,129.0
2026-08-29T11:00,7.5,15.0,1.5,3.8,128.0
2026-08-29T12:00,6.9,12.8,1.1,4.0,127.0
2026-08-29T13:00,7.1,13.1,1.1,4.2,125.0
2026-08-29T14:00,7.3,13.6,1.1,4.2,123.0
2026-08-29T15:00,7.2,13.2,0.9,3.9,120.0
2026-08-29T16:00,6.6,12.1,0.8,3.4,116.0
2026-08-29T17:00,4.8,7.2,1.0,2.2,115.0
2026-08-29T18:00,4.5,6.5,2.1,2.2,119.0
2026-08-29T19:00,4.7,6.4,3.7,2.1,126.0
2026-08-29T20:00,5.3,7.0,5.1,2.2,130.0
2026-08-29T21:00,5.8,7.7,6.2,2.5,129.0
2026-08-29T22:00,6.2,8.2,7.2,2.8,125.0
2026-08-29T23:00,6.5,8.5,8.0,3.1,121.0
2026-08-30T00:00,6.5,8.6,8.7,3.2,117.0
2026-08-30T01:00,6.5,8.5,9.3,3.2,113.0
2026-08-30T02:00,6.4,8.4,9.7,3.1,110.0
2026-08-30T03:00,6.3,8.1,10.1,3.0,110.0
2026-08-30T04:00,6.1,7.7,10.2,2.8,111.0
2026-08-30T05:00,6.5,8.3,9.6,2.3,112.0
2026-08-30T06:00,6.2,7.9,8.0,2.4,113.0
2026-08-30T07:00,5.9,7.3,5.8,2.6,113.0
2026-08-30T08:00,5.6,7.3,3.9,2.8,114.0
2026-08-30T09:00,5.2,7.1,2.6,3.0,114.0
2026-08-30T10:00,5.1,6.9,1.7,3.1,115.0
2026-08-30T11:00,5.0,6.7,1.0,3.2,115.0
2026-08-30T12:00,5.1,6.9,0.7,3.2,115.0
2026-08-30T13:00,5.6,7.9,0.8,3.2,115.0
2026-08-30T14:00,6.6,9.9,0.9,3.2,115.0
2026-08-30T15:00,8.0,12.9,0.8,3.2,114.0
2026-08-30T16:00,9.3,15.5,0.8,3.2,113.0
2026-08-30T17:00,9.9,16.2,1.1,2.5,114.0
2026-08-30T18:00,10.2,15.6,2.5,2.7,118.0
2026-08-30T19:00,10.9,15.8,4.4,3.0,124.0
2026-08-30T20:00,11.7,16.9,6.0,3.2,128.0
2026-08-30T21:00,11.9,17.5,6.9,3.3,127.0
2026-08-30T22:00,11.8,17.6,7.4,3.4,125.0
2026-08-30T23:00,11.3,17.3,7.8,3.4,123.0
2026-08-31T00:00,10.8,16.9,8.0,3.3,124.0
2026-08-31T01:00,10.4,16.3,8.0,3.2,126.0
2026-08-31T02:00,10.1,15.4,8.0,3.0,127.0
2026-08-31T03:00,9.7,14.4,8.1,2.8,125.0
2026-08-31T04:00,9.4,13.5,8.2,2.7,122.0
2026-08-31T05:00,8.6,12.2,8.1,2.3,120.0
2026-08-31T06:00,8.4,12.0,7.3,2.2,121.0
2026-08-31T07:00,8.1,11.8,6.2,2.1,122.0
2026-08-31T08:00,8.0,11.4,5.0,2.0,123.0
2026-08-31T09:00,6.9,11.7,3.6,2.0,121.0
2026-08-31T10:00,6.4,10.8,2.2,2.0,117.0
2026-08-31T11:00,6.6,10.7,1.1,2.0,115.0
2026-08-31T12:00,7.7,12.3,0.7,2.1,116.0
2026-08-31T13:00,9.2,14.9,0.8,2.2,118.0
2026-08-31T14:00,10.3,17.6,0.9,2.3,119.0
2026-08-31T15:00,10.4,18.7,0.8,2.2,119.0
2026-08-31T16:00,9.4,16.8,0.8,2.1,118.0
2026-08-31T17:00,4.5,7.7,0.9,1.6,118.0
2026-08-31T18:00,3.7,7.1,1.7,1.6,120.0
2026-08-31T19:00,3.3,5.6,2.7,1.7,123.0
2026-08-31T20:00,3.1,4.6,3.8,1.8,125.0
2026-08-31T21:00,3.1,4.2,4.7,2.0,125.0
2026-08-31T22:00,3.3,4.4,5.5,2.2,123.0
2026-08-31T23:00,3.7,4.7,6.4,2.4,122.0
2026-09-01T00:00,4.1,5.1,7.5,2.5,122.0
2026-09-01T01:00,4.4,5.4,8.7,2.7,121.0
2026-09-01T02:00,4.6,5.6,9.5,2.7,121.0
2026-09-01T03:00,4.6,5.7,9.9,2.6,120.0
2026-09-01T04:00,4.5,5.6,9.9,2.5,120.0
2026-09-01T05:00,3.4,3.9,9.3,2.4,120.0
2026-09-01T06:00,3.2,3.8,7.9,2.5,121.0
2026-09-01T07:00,2.9,3.5,6.0,2.7,123.0
2026-09-01T08:00,2.4,3.1,4.3,3.0,124.0
2026-09-01T09:00,2.2,3.2,3.3,3.5,122.0
2026-09-01T10:00,2.3,3.5,2.5,4.2,119.0
2026-09-01T11:00,2.6,4.0,2.0,4.8,117.0
2026-09-01T12:00,3.3,4.6,1.7,5.4,117.0
2026-09-01T13:00,4.5,5.8,1.6,6.0,117.0
2026-09-01T14:00,5.8,7.2,1.6,6.3,117.0
2026-09-01T15:00,6.9,8.5,1.5,6.2,116.0
2026-09-01T16:00,7.6,9.4,1.4,5.9,115.0
2026-09-01T17:00,0.4,0.4,1.5,4.9,115.0
2026-09-01T18:00,0.5,0.5,2.3,4.5,116.0
2026-09-01T19:00,0.9,0.9,3.5,3.8,117.0
2026-09-01T20:00,1.3,1.3,4.6,3.3,118.0
2026-09-01T21:00,1.5,1.5,5.5,3.0,117.0
2026-09-01T22:00,1.7,1.7,6.4,2.7,115.0
2026-09-01T23:00,1.9,1.9,7.1,2.5,114.0
2026-09-02T00:00,2.0,2.1,7.8,2.4,113.0
2026-09-02T01:00,2.0,2.1,8.4,2.3,113.0
2026-09-02T02:00,2.0,2.0,8.7,2.3,113.0
2026-09-02T03:00,2.0,2.0,8.6,2.3,113.0
2026-09-02T04:00,1.9,2.0,8.3,2.3,114.0
2026-09-02T05:00,1.9,1.9,8.9,2.8,115.0
2026-09-02T06:00,1.9,2.0,7.5,2.8,118.0
2026-09-02T07:00,1.8,1.9,5.6,2.7,121.0
2026-09-02T08:00,1.2,1.3,3.9,2.8,123.0
2026-09-02T09:00,0.9,0.9,2.8,3.0,121.0
2026-09-02T10:00,1.0,1.2,2.0,3.3,118.0
2026-09-02T11:00,1.3,1.6,1.4,3.5,115.0
2026-09-02T12:00,1.7,2.2,1.1,3.5,114.0
2026-09-02T13:00,2.1,2.7,1.0,3.4,114.0
2026-09-02T14:00,2.4,3.3,1.0,3.4,114.0
2026-09-02T15:00,2.7,3.7,1.0,3.5,113.0
2026-09-02T16:00,2.9,3.8,1.0,3.5,112.0
2026-09-02T17:00,1.5,3.0,1.2,3.3,113.0
2026-09-02T18:00,1.5,2.8,1.9,3.3,117.0
2026-09-02T19:00,1.5,2.3,3.0,3.3,122.0
2026-09-02T20:00,1.4,1.8,3.9,3.3,125.0
2026-09-02T21:00,1.3,1.6,4.5,3.4,124.0
2026-09-02T22:00,1.3,1.5,4.9,3.6,121.0
2026-09-02T23:00,1.4,1.5,5.4,3.6,117.0
2026-09-03T00:00,1.6,1.8,6.0,3.4,113.0
2026-09-03T01:00,1.8,2.1,6.7,3.2,108.0
2026-09-03T02:00,1.9,2.5,7.1,3.0,105.0
2026-09-03T03:00,1.9,2.8,7.2,3.0,106.0
2026-09-03T04:00,2.0,3.4,7.1,3.1,110.0
2026-09-03T05:00,1.7,2.4,7.9,2.7,113.0
2026-09-03T06:00,2.0,3.1,6.7,2.7,116.0
2026-09-03T07:00,2.3,3.7,4.9,2.7,118.0
2026-09-03T08:00,2.5,5.0,3.4,2.7,120.0
2026-09-03T09:00,2.3,5.2,2.4,2.8,120.0
2026-09-03T10:00,2.5,5.6,1.6,3.1,119.0
2026-09-03T11:00,2.5,5.3,1.0,3.2,118.0
2026-09-03T12:00,2.4,4.7,0.8,3.2,118.0
2026-09-03T13:00,2.6,4.8,0.8,3.2,117.0
2026-09-03T14:00,3.0,5.3,0.8,3.2,117.0
2026-09-03T15:00,3.4,6.2,0.7,3.3,116.0
2026-09-03T16:00,3.7,6.7,0.7,3.3,116.0
2026-09-03T17:00,2.6,6.3,0.9,3.2,117.0
2026-09-03T18:00,2.5,5.1,1.7,3.2,122.0
2026-09-03T19:00,2.9,4.7,2.8,3.3,129.0
2026-09-03T20:00,2.8,4.0,3.8,3.3,133.0
2026-09-03T21:00,2.6,3.5,4.3,3.4,132.0
2026-09-03T22:00,2.7,3.4,4.7,3.4,129.0
2026-09-03T23:00,2.9,3.6,5.2,3.4,126.0
2026-09-04T00:00,3.2,3.9,6.0,3.2,124.0
2026-09-04T01:00,3.3,4.0,7.0,3.0,122.0
2026-09-04T02:00,3.5,4.1,7.7,2.8,121.0
2026-09-04T03:00,3.5,4.2,8.1,2.7,120.0
2026-09-04T04:00,3.6,4.2,8.3,2.6,119.0
2026-09-04T05:00,3.4,3.8,7.1,2.7,119.0
2026-09-04T06:00,3.4,3.8,6.1,2.7,120.0
2026-09-04T07:00,3.6,4.0,4.8,2.6,121.0
2026-09-04T08:00,3.5,4.6,3.5,2.5,121.0
2026-09-04T09:00,4.0,7.9,2.4,2.4,120.0
2026-09-04T10:00,4.9,10.3,1.4,2.2,119.0
2026-09-04T11:00,5.4,11.7,0.7,2.1,117.0
2026-09-04T12:00,5.8,12.7,0.4,2.1,115.0
2026-09-04T13:00,6.1,13.8,0.4,2.1,114.0
2026-09-04T14:00,6.3,14.5,0.5,2.1,113.0
2026-09-04T15:00,6.4,14.5,0.5,2.2,113.0
2026-09-04T16:00,6.2,13.6,0.5,2.3,113.0
2026-09-04T17:00,14.6,36.1,0.6,1.3,114.0
2026-09-04T18:00,13.2,30.6,2.1,1.5,116.0
2026-09-04T19:00,13.0,27.9,4.3,1.8,118.0
2026-09-04T20:00,13.4,27.7,6.0,1.9,120.0
2026-09-04T21:00,13.8,27.6,7.0,1.8,121.0
2026-09-04T22:00,13.6,24.9,7.5,1.6,121.0
2026-09-04T23:00,13.6,22.9,7.7,1.4,121.0
2026-09-05T00:00,13.9,22.3,7.4,1.3,119.0
2026-09-05T01:00,14.3,22.0,6.7,1.2,117.0
2026-09-05T02:00,14.7,22.5,6.1,1.2,115.0
2026-09-05T03:00,15.2,23.2,5.6,1.2,114.0
2026-09-05T04:00,15.8,24.5,5.1,1.2,114.0
2026-09-05T05:00,12.8,19.1,5.6,1.0,115.0
2026-09-05T06:00,13.0,19.2,4.9,1.1,117.0
2026-09-05T07:00,12.3,18.6,3.9,1.3,120.0
2026-09-05T08:00,12.1,21.2,2.9,1.5,122.0
2026-09-05T09:00,11.8,23.9,2.0,1.6,122.0
2026-09-05T10:00,11.1,24.4,1.2,1.7,122.0
2026-09-05T11:00,10.3,23.5,0.6,1.7,121.0
2026-09-05T12:00,10.3,23.7,0.4,1.6,120.0
2026-09-05T13:00,8.8,20.3,0.4,1.5,119.0
2026-09-05T14:00,8.1,18.2,0.5,1.4,119.0
2026-09-05T15:00,7.8,17.1,0.4,1.5,120.0
2026-09-05T16:00,7.5,15.8,0.4,1.6,123.0
2026-09-05T17:00,5.0,8.8,0.9,2.1,125.0
2026-09-05T18:00,5.9,9.3,2.6,2.5,128.0
2026-09-05T19:00,7.6,10.9,4.8,3.1,130.0
2026-09-05T20:00,9.5,13.1,6.6,3.4,131.0
2026-09-05T21:00,10.4,14.1,7.4,3.2,129.0
2026-09-05T22:00,10.5,13.9,7.7,2.6,125.0
2026-09-05T23:00,10.1,13.5,7.6,2.1,121.0
2026-09-06T00:00,9.5,13.0,6.8,1.7,119.0
2026-09-06T01:00,9.0,12.7,5.6,1.3,117.0
2026-09-06T02:00,8.6,12.3,4.6,1.0,116.0
2026-09-06T03:00,8.4,11.8,4.2,0.9,115.0
2026-09-06T04:00,7.9,11.3,4.0,0.8,115.0
2026-09-06T05:00,7.4,10.5,5.2,0.7,115.0
2026-09-06T06:00,7.1,10.3,4.5,0.7,116.0
2026-09-06T07:00,6.7,9.4,3.6,0.8,117.0
2026-09-06T08:00,6.5,9.8,2.7,0.9,119.0
2026-09-06T09:00,6.3,10.5,2.0,1.2,120.0
2026-09-06T10:00,6.3,11.2,1.4,1.5,122.0
2026-09-06T11:00,6.6,11.7,0.9,1.8,123.0
2026-09-06T12:00,6.8,11.8,0.7,1.9,125.0
2026-09-06T13:00,6.7,11.6,0.6,2.0,126.0
2026-09-06T14:00,6.7,11.3,0.6,2.0,128.0
2026-09-06T15:00,6.7,11.1,0.5,2.0,130.0
2026-09-06T16:00,6.8,11.0,0.4,2.1,133.0
2026-09-06T17:00,4.5,5.3,1.0,3.0,135.0
2026-09-06T18:00,5.2,6.0,2.3,3.3,135.0
2026-09-06T19:00,6.5,7.1,4.2,3.8,135.0
2026-09-06T20:00,7.9,8.6,5.8,4.2,134.0
2026-09-06T21:00,9.0,9.7,7.0,4.5,132.0
2026-09-06T22:00,9.6,10.4,7.9,4.6,129.0
2026-09-06T23:00,9.7,10.4,8.5,4.6,127.0
2026-09-07T00:00,9.4,10.2,8.7,4.3,127.0
2026-09-07T01:00,9.1,9.8,8.6,3.8,127.0
2026-09-07T02:00,8.6,9.3,8.4,3.4,127.0
2026-09-07T03:00,8.1,8.8,8.1,3.2,126.0
2026-09-07T04:00,7.6,8.4,7.8,3.0,124.0
2026-09-07T05:00,8.4,9.1,8.0,2.7,124.0
2026-09-07T06:00,8.0,8.8,6.7,2.8,127.0
2026-09-07T07:00,7.7,8.5,4.9,3.0,131.0
2026-09-07T08:00,6.9,7.7,3.3,3.1,133.0
2026-09-07T09:00,6.3,7.3,2.3,3.2,131.0
2026-09-07T10:00,6.2,7.4,1.5,3.4,126.0
2026-09-07T11:00,6.5,7.6,1.0,3.5,122.0
2026-09-07T12:00,6.6,7.8,0.8,3.6,118.0
2026-09-07T13:00,6.5,8.0,0.8,3.6,114.0
2026-09-07T14:00,6.8,8.7,0.9,3.6,112.0
2026-09-07T15:00,7.1,9.0,0.8,3.6,112.0
2026-09-07T16:00,7.1,9.0,0.8,3.7,114.0
2026-09-07T17:00,9.6,13.6,1.2,3.0,117.0
2026-09-07T18:00,9.8,13.5,2.5,3.2,123.0
2026-09-07T19:00,10.6,13.8,4.2,3.5,130.0
2026-09-07T20:00,11.6,14.8,5.8,3.8,134.0
2026-09-07T21:00,12.4,15.8,7.0,4.0,133.0
2026-09-07T22:00,13.0,16.5,8.1,4.3,130.0
2026-09-07T23:00,13.0,16.5,8.8,4.2,127.0
2026-09-08T00:00,12.7,15.9,9.2,3.7,124.0
2026-09-08T01:00,12.0,14.7,9.2,2.9,121.0
2026-09-08T02:00,11.3,13.2,9.2,2.3,119.0
2026-09-08T03:00,10.4,12.1,9.2,1.9,118.0
2026-09-08T04:00,9.8,11.3,9.2,1.7,118.0
2026-09-08T05:00,10.2,11.9,8.9,1.8,119.0
2026-09-08T06:00,9.9,11.8,7.6,1.9,122.0
2026-09-08T07:00,9.7,11.7,5.8,2.1,126.0
2026-09-08T08:00,9.6,12.4,4.1,2.2,128.0
2026-09-08T09:00,9.7,13.6,2.7,2.4,127.0
2026-09-08T10:00,9.8,14.2,1.5,2.5,124.0
2026-09-08T11:00,9.8,14.2,0.7,2.6,121.0
2026-09-08T12:00,9.7,14.3,0.4,2.6,119.0
2026-09-08T13:00,9.6,14.4,0.5,2.5,118.0
2026-09-08T14:00,9.4,14.5,0.6,2.4,117.0
2026-09-08T15:00,9.5,15.1,0.5,2.3,117.0
2026-09-08T16:00,9.6,15.4,0.4,2.3,117.0
2026-09-08T17:00,9.8,14.6,1.0,2.7,118.0
2026-09-08T18:00,9.9,13.7,2.3,2.9,121.0
2026-09-08T19:00,10.6,13.7,4.1,3.3,125.0
2026-09-08T20:00,11.4,14.6,5.7,3.6,127.0
2026-09-08T21:00,12.0,15.4,6.9,3.9,126.0
2026-09-08T22:00,12.6,15.9,7.9,4.1,124.0
2026-09-08T23:00,12.8,16.0,8.6,4.1,122.0
2026-09-09T00:00,12.7,15.8,9.0,3.8,122.0
2026-09-09T01:00,12.5,15.1,9.1,3.2,123.0
2026-09-09T02:00,12.0,14.2,9.1,2.7,124.0
2026-09-09T03:00,11.5,13.2,9.1,2.3,123.0
2026-09-09T04:00,10.9,12.4,8.9,2.0,121.0
2026-09-09T05:00,10.9,12.0,9.0,2.1,121.0
2026-09-09T06:00,10.4,11.5,7.7,2.2,124.0
2026-09-09T07:00,9.9,11.0,6.0,2.3,128.0
2026-09-09T08:00,9.4,10.7,4.3,2.4,130.0
2026-09-09T09:00,9.0,11.1,2.9,2.6,129.0
2026-09-09T10:00,8.7,11.5,1.6,2.8,126.0
2026-09-09T11:00,8.9,12.3,0.7,2.9,124.0
2026-09-09T12:00,8.9,12.5,0.4,2.9,123.0
2026-09-09T13:00,8.9,12.4,0.5,2.8,124.0
2026-09-09T14:00,8.9,12.6,0.7,2.8,124.0
2026-09-09T15:00,9.0,12.7,0.7,2.9,124.0
2026-09-09T16:00,9.1,12.7,0.8,3.0,125.0
2026-09-09T17:00,12.8,17.9,1.3,3.0,126.0
2026-09-09T18:00,12.8,17.3,2.8,3.2,129.0
2026-09-09T19:00,13.3,17.3,4.9,3.5,134.0
2026-09-09T20:00,14.2,18.5,6.6,3.8,137.0
2026-09-09T21:00,14.8,19.3,7.4,4.0,138.0
2026-09-09T22:00,15.0,19.7,7.8,4.1,139.0
2026-09-09T23:00,15.1,19.8,7.9,4.0,137.0
2026-09-10T00:00,15.1,19.8,7.8,3.7,133.0
2026-09-10T01:00,15.1,19.3,7.5,3.3,127.0
2026-09-10T02:00,14.8,18.7,7.2,2.9,122.0
2026-09-10T03:00,14.5,18.0,7.2,2.6,119.0
2026-09-10T04:00,14.2,17.5,7.2,2.4,118.0
2026-09-10T05:00,14.3,17.0,8.4,2.4,118.0
2026-09-10T06:00,13.8,16.5,7.4,2.4,120.0
2026-09-10T07:00,13.4,16.1,5.9,2.4,124.0
2026-09-10T08:00,13.1,15.8,4.5,2.5,126.0
2026-09-10T09:00,11.9,15.0,3.1,2.8,125.0
2026-09-10T10:00,11.3,15.2,1.8,3.2,123.0
2026-09-10T11:00,10.9,14.6,0.8,3.5,122.0
2026-09-10T12:00,10.6,13.9,0.5,3.6,122.0
2026-09-10T13:00,10.2,13.3,0.6,3.5,122.0
2026-09-10T14:00,9.8,12.8,0.8,3.5,123.0
2026-09-10T15:00,9.6,12.6,0.9,3.5,123.0
2026-09-10T16:00,9.6,12.5,1.0,3.6,123.0
2026-09-10T17:00,4.5,6.9,1.4,3.6,124.0
2026-09-10T18:00,4.0,6.7,2.8,3.7,126.0
2026-09-10T19:00,4.5,7.1,4.7,3.9,128.0
2026-09-10T20:00,5.2,8.1,6.2,4.1,130.0
2026-09-10T21:00,5.6,8.9,6.7,4.3,131.0
2026-09-10T22:00,5.7,9.5,6.8,4.5,131.0
2026-09-10T23:00,5.7,10.0,6.8,4.5,132.0
2026-09-11T00:00,5.6,10.2,6.8,4.3,133.0
2026-09-11T01:00,5.4,9.8,6.7,4.0,135.0
2026-09-11T02:00,5.2,9.1,6.6,3.7,135.0
2026-09-11T03:00,4.9,8.5,6.4,3.5,133.0
2026-09-11T04:00,4.7,8.1,6.3,3.3,129.0
2026-09-11T05:00,4.1,6.6,7.0,3.2,127.0
2026-09-11T06:00,4.1,6.4,6.9,3.0,129.0
2026-09-11T07:00,4.1,6.2,6.8,2.8,132.0
2026-09-11T08:00,4.2,5.9,6.1,2.7,133.0
2026-09-11T09:00,4.3,9.2,4.5,2.7,131.0
2026-09-11T10:00,4.2,10.9,2.4,2.9,127.0
2026-09-11T11:00,4.7,12.4,0.9,3.0,124.0
2026-09-11T12:00,5.2,13.8,0.5,3.0,121.0
2026-09-11T13:00,6.0,15.8,0.6,3.1,119.0
2026-09-11T14:00,8.2,21.2,0.8,3.1,119.0
2026-09-11T15:00,10.3,25.5,0.9,3.2,124.0
2026-09-11T16:00,11.1,26.2,1.0,3.4,132.0
2026-09-11T17:00,12.6,27.6,1.2,2.9,138.0
2026-09-11T18:00,12.1,25.4,2.2,3.0,140.0
2026-09-11T19:00,12.4,24.4,3.7,3.1,140.0
2026-09-11T20:00,12.9,24.3,5.0,3.2,139.0
2026-09-11T21:00,13.1,23.7,6.0,3.4,136.0
2026-09-11T22:00,13.1,22.7,6.9,3.6,131.0
2026-09-11T23:00,13.5,22.7,7.7,3.8,127.0
2026-09-12T00:00,13.9,23.1,8.4,3.8,125.0
2026-09-12T01:00,14.2,23.3,9.1,3.8,124.0
2026-09-12T02:00,14.3,22.8,9.4,3.7,124.0
2026-09-12T03:00,14.0,21.4,9.5,3.5,126.0
2026-09-12T04:00,13.5,19.8,9.2,3.2,130.0
2026-09-12T05:00,13.4,18.6,8.6,2.7,132.0
2026-09-12T06:00,13.2,18.3,7.3,2.6,130.0
2026-09-12T07:00,12.9,17.8,5.5,2.4,127.0
2026-09-12T08:00,12.0,16.9,4.0,2.4,125.0
2026-09-12T09:00,11.2,17.0,3.0,2.7,125.0
2026-09-12T10:00,11.4,18.2,2.3,3.1,127.0
2026-09-12T11:00,11.9,19.3,1.7,3.3,128.0
2026-09-12T12:00,12.0,19.8,1.3,3.2,128.0
2026-09-12T13:00,11.8,19.6,1.1,3.0,128.0
2026-09-12T14:00,11.4,18.8,1.0,2.8,128.0
2026-09-12T15:00,10.9,17.8,0.9,2.7,126.0
2026-09-12T16:00,10.1,16.6,0.9,2.6,124.0
2026-09-12T17:00,4.2,5.7,1.2,2.4,125.0
2026-09-12T18:00,4.2,6.0,2.2,2.4,131.0
2026-09-12T19:00,4.8,6.2,3.6,2.4,140.0
2026-09-12T20:00,5.3,6.7,4.9,2.4,146.0
2026-09-12T21:00,5.8,7.8,5.8,2.6,149.0
2026-09-12T22:00,6.5,9.7,6.6,2.8,149.0
2026-09-12T23:00,7.2,11.6,7.2,2.9,147.0
2026-09-13T00:00,7.7,12.3,7.8,2.9,141.0
2026-09-13T01:00,7.9,12.3,8.2,2.9,134.0
2026-09-13T02:00,8.0,12.2,8.5,2.8,128.0
2026-09-13T03:00,8.1,12.2,8.8,2.7,126.0
2026-09-13T04:00,8.2,12.3,8.9,2.6,126.0
2026-09-13T05:00,8.1,11.1,9.6,2.6,127.0
2026-09-13T06:00,8.2,10.8,8.1,2.5,128.0
2026-09-13T07:00,7.7,10.5,6.1,2.4,130.0
2026-09-13T08:00,7.3,12.8,4.3,2.4,130.0
2026-09-13T09:00,8.3,17.3,3.2,2.8,128.0
2026-09-13T10:00,9.2,19.9,2.4,3.3,126.0
2026-09-13T11:00,10.2,22.4,1.8,3.8,124.0
2026-09-13T12:00,11.1,24.6,1.4,4.1,124.0
2026-09-13T13:00,11.8,25.6,1.3,4.3,125.0
2026-09-13T14:00,12.0,25.6,1.2,4.5,127.0
2026-09-13T15:00,12.0,25.3,1.1,4.6,129.0
2026-09-13T16:00,11.8,24.8,1.1,4.7,131.0
2026-09-13T17:00,10.2,20.4,1.4,4.4,133.0
2026-09-13T18:00,9.1,18.0,2.3,4.2,135.0
2026-09-13T19:00,9.0,16.5,3.7,3.8,137.0
2026-09-13T20:00,9.6,17.5,4.8,3.5,138.0
2026-09-13T21:00,10.0,18.3,5.5,3.3,136.0
2026-09-13T22:00,10.3,18.7,6.1,3.2,133.0
2026-09-13T23:00,10.7,19.6,6.5,3.0,131.0
2026-09-14T00:00,11.1,20.6,6.9,2.8,130.0
2026-09-14T01:00,11.4,20.7,7.1,2.6,129.0
2026-09-14T02:00,11.2,20.0,7.2,2.4,129.0
2026-09-14T03:00,10.8,19.0,7.1,2.3,129.0
2026-09-14T04:00,10.4,18.3,6.7,2.2,129.0
2026-09-14T05:00,10.1,17.9,6.4,2.4,130.0
2026-09-14T06:00,9.8,17.2,5.7,2.4,132.0
2026-09-14T07:00,9.3,15.7,4.6,2.5,134.0
2026-09-14T08:00,7.7,12.7,3.6,2.6,133.0
2026-09-14T09:00,6.7,12.8,2.7,2.7,127.0
2026-09-14T10:00,5.9,11.7,1.8,2.8,118.0
2026-09-14T11:00,5.6,11.1,1.2,2.9,112.0
2026-09-14T12:00,5.3,10.4,0.9,3.0,112.0
2026-09-14T13:00,5.0,9.6,0.9,3.1,114.0
2026-09-14T14:00,4.9,8.8,1.0,3.2,117.0
2026-09-14T15:00,5.1,8.5,1.0,3.5,118.0
2026-09-14T16:00,5.5,8.4,1.1,3.8,119.0
2026-09-14T17:00,9.1,15.8,1.6,3.8,121.0
2026-09-14T18:00,9.2,15.1,2.7,4.0,123.0
2026-09-14T19:00,9.8,15.0,4.3,4.2,126.0
2026-09-14T20:00,10.2,15.9,5.5,4.3,128.0
2026-09-14T21:00,10.2,16.5,6.0,4.4,128.0
2026-09-14T22:00,10.2,16.8,6.1,4.3,128.0
2026-09-14T23:00,10.3,17.2,6.2,4.2,127.0
2026-09-15T00:00,10.6,17.3,6.5,3.9,126.0
2026-09-15T01:00,10.7,16.8,6.8,3.4,125.0
2026-09-15T02:00,10.7,16.1,7.0,3.0,124.0
2026-09-15T03:00,10.6,15.7,7.0,2.8,121.0
2026-09-15T04:00,10.4,15.4,6.9,2.7,118.0
2026-09-15T05:00,10.0,14.3,7.2,2.6,118.0
2026-09-15T06:00,9.7,13.8,6.2,2.7,123.0
2026-09-15T07:00,9.5,13.3,4.9,2.9,131.0
2026-09-15T08:00,9.0,13.2,3.6,3.1,135.0
2026-09-15T09:00,7.6,13.2,2.5,3.3,132.0
2026-09-15T10:00,7.1,12.7,1.6,3.5,126.0
2026-09-15T11:00,6.8,11.6,0.9,3.7,121.0
2026-09-15T12:00,6.5,10.9,0.7,3.8,120.0
2026-09-15T13:00,6.7,10.6,0.7,3.8,121.0
2026-09-15T14:00,7.1,10.8,0.9,3.9,123.0
2026-09-15T15:00,7.8,11.4,1.0,4.2,125.0
2026-09-15T16:00,8.8,12.3,1.2,4.7,129.0
2026-09-15T17:00,11.2,15.1,1.8,5.7,131.0
2026-09-15T18:00,11.4,14.8,3.0,5.9,132.0
2026-09-15T19:00,11.9,14.8,4.7,6.1,132.0
2026-09-15T20:00,12.3,15.3,6.1,6.2,133.0
2026-09-15T21:00,12.3,15.4,6.9,6.0,134.0
2026-09-15T22:00,12.6,15.8,7.3,5.7,135.0
2026-09-15T23:00,13.1,16.2,7.4,5.3,136.0
2026-09-16T00:00,13.0,15.9,7.0,4.7,135.0
2026-09-16T01:00,12.5,15.3,6.3,4.0,133.0
2026-09-16T02:00,11.9,14.8,5.7,3.5,132.0
2026-09-16T03:00,11.4,14.4,5.3,3.3,132.0
2026-09-16T04:00,10.8,13.7,4.9,3.2,133.0
2026-09-16T05:00,10.2,12.7,5.8,3.2,134.0
2026-09-16T06:00,9.6,12.0,5.0,3.1,137.0
2026-09-16T07:00,8.9,11.2,4.0,3.0,142.0
2026-09-16T08:00,7.6,9.6,3.0,3.0,143.0
2026-09-16T09:00,5.9,7.9,2.3,3.2,139.0
2026-09-16T10:00,4.6,6.3,1.7,3.5,132.0
2026-09-16T11:00,4.3,5.7,1.3,3.8,126.0
2026-09-16T12:00,4.4,5.7,1.1,4.2,121.0
2026-09-16T13:00,4.9,6.4,1.1,4.5,117.0
2026-09-16T14:00,5.8,7.7,1.1,4.8,116.0
2026-09-16T15:00,6.8,8.8,1.1,4.9,120.0
2026-09-16T16:00,7.3,9.1,1.2,4.8,128.0
2026-09-16T17:00,10.6,11.9,1.4,3.6,134.0
2026-09-16T18:00,9.9,10.8,2.4,3.4,137.0
2026-09-16T19:00,10.5,11.7,3.7,3.1,139.0
2026-09-16T20:00,12.0,13.7,4.5,2.8,139.0
2026-09-16T21:00,13.0,15.3,4.3,2.5,138.0
2026-09-16T22:00,13.5,16.2,3.5,2.2,136.0
2026-09-16T23:00,13.4,16.5,3.1,2.0,134.0
2026-09-17T00:00,13.0,16.2,3.3,1.8,132.0
2026-09-17T01:00,12.5,15.7,3.8,1.6,131.0
2026-09-17T02:00,12.0,15.0,4.3,1.5,128.0
2026-09-17T03:00,11.4,14.1,4.8,1.4,123.0
2026-09-17T04:00,10.8,13.3,5.2,1.3,117.0
2026-09-17T05:00,10.9,13.6,4.8,1.3,113.0
2026-09-17T06:00,10.3,13.0,4.3,1.3,115.0
2026-09-17T07:00,9.7,12.3,3.6,1.3,119.0
2026-09-17T08:00,8.9,11.1,2.9,1.4,122.0
2026-09-17T09:00,6.5,8.5,2.2,1.6,121.0
2026-09-17T10:00,5.3,6.8,1.4,1.8,118.0
2026-09-17T11:00,4.7,5.8,0.9,2.0,116.0
2026-09-17T12:00,4.1,4.9,0.6,2.0,115.0
2026-09-17T13:00,3.6,4.3,0.6,1.9,114.0
2026-09-17T14:00,3.4,4.0,0.6,1.9,113.0
2026-09-17T15:00,3.3,4.0,0.5,1.9,112.0
2026-09-17T16:00,3.4,4.2,0.5,1.9,112.0
2026-09-17T17:00,2.1,3.3,1.0,1.8,113.0
2026-09-17T18:00,2.2,3.2,2.4,2.0,118.0
2026-09-17T19:00,3.1,3.8,4.3,2.3,124.0
2026-09-17T20:00,3.8,4.5,5.8,2.5,127.0
2026-09-17T21:00,4.1,4.8,6.3,2.6,125.0
2026-09-17T22:00,4.0,4.7,6.3,2.6,121.0
2026-09-17T23:00,3.7,4.3,6.2,2.5,117.0
2026-09-18T00:00,3.5,4.0,6.2,2.3,116.0
2026-09-18T01:00,3.2,3.6,6.2,2.1,116.0
2026-09-18T02:00,3.0,3.3,6.3,1.9,116.0
2026-09-18T03:00,2.8,3.0,6.7,1.7,116.0
2026-09-18T04:00,2.7,2.8,7.3,1.5,117.0
2026-09-18T05:00,2.8,3.0,8.5,1.6,119.0
2026-09-18T06:00,2.8,3.0,7.7,1.6,123.0
2026-09-18T07:00,2.8,3.0,6.5,1.7,127.0
2026-09-18T08:00,2.5,2.7,5.2,1.7,129.0
2026-09-18T09:00,1.8,2.6,3.6,1.7,125.0
2026-09-18T10:00,1.7,3.0,1.9,1.6,118.0
2026-09-18T11:00,2.0,3.8,0.6,1.5,113.0
2026-09-18T12:00,2.4,4.6,0.2,1.4,112.0
2026-09-18T13:00,2.8,5.5,0.3,1.4,114.0
2026-09-18T14:00,3.1,6.0,0.4,1.4,115.0
2026-09-18T15:00,3.3,6.5,0.3,1.4,114.0
2026-09-18T16:00,3.5,6.7,0.3,1.5,113.0
2026-09-18T17:00,1.2,2.5,0.9,1.6,115.0
2026-09-18T18:00,1.1,1.6,2.4,1.9,123.0
2026-09-18T19:00,2.1,2.3,4.4,2.3,133.0
2026-09-18T20:00,3.2,3.4,6.0,2.6,139.0
2026-09-18T21:00,3.8,4.2,6.6,2.7,136.0
2026-09-18T22:00,4.0,4.5,6.7,2.7,128.0
2026-09-18T23:00,4.0,4.7,6.8,2.6,122.0
2026-09-19T00:00,3.9,4.8,7.2,2.4,119.0
2026-09-19T01:00,3.8,4.7,7.6,2.0,116.0
2026-09-19T02:00,3.5,4.4,7.9,1.7,115.0
2026-09-19T03:00,3.2,4.0,8.1,1.5,115.0
2026-09-19T04:00,3.0,3.6,8.1,1.2,115.0
2026-09-19T05:00,1.9,2.0,9.0,1.2,117.0
2026-09-19T06:00,2.0,2.4,7.8,1.4,121.0
2026-09-19T07:00,2.4,3.0,6.0,1.7,125.0
2026-09-19T08:00,3.2,4.3,4.4,1.9,127.0
2026-09-19T09:00,4.9,7.8,3.0,2.0,123.0
2026-09-19T10:00,4.6,8.0,1.6,2.0,116.0
2026-09-19T11:00,4.4,7.7,0.7,2.0,112.0
2026-09-19T12:00,4.0,7.2,0.3,1.9,113.0
2026-09-19T13:00,3.8,7.0,0.3,1.7,116.0
2026-09-19T14:00,3.6,6.9,0.4,1.5,119.0
2026-09-19T15:00,3.4,6.7,0.3,1.3,119.0
2026-09-19T16:00,3.2,6.4,0.3,1.2,119.0
2026-09-19T17:00,5.5,11.3,1.0,1.3,118.0
2026-09-19T18:00,6.0,11.0,2.5,1.6,118.0
2026-09-19T19:00,7.5,12.0,4.7,2.0,117.0
2026-09-19T20:00,8.6,13.5,6.2,2.3,117.0
2026-09-19T21:00,9.0,14.3,6.6,2.3,118.0
2026-09-19T22:00,8.9,14.3,6.4,2.2,119.0
2026-09-19T23:00,8.6,13.6,6.3,2.1,120.0
2026-09-20T00:00,8.1,12.4,6.4,1.9,119.0
2026-09-20T01:00,7.8,11.6,6.4,1.7,117.0
2026-09-20T02:00,7.6,11.2,6.5,1.5,116.0
2026-09-20T03:00,7.4,11.0,6.7,1.4,115.0
2026-09-20T04:00,7.3,10.7,6.9,1.3,114.0
2026-09-20T05:00,7.4,11.5,5.8,1.3,114.0
2026-09-20T06:00,7.3,11.5,5.3,1.3,116.0
2026-09-20T07:00,7.5,11.4,4.5,1.3,119.0
2026-09-20T08:00,7.6,10.9,3.7,1.3,123.0
2026-09-20T09:00,7.9,13.0,2.7,1.5,128.0
2026-09-20T10:00,8.2,13.5,1.7,1.7,133.0
2026-09-20T11:00,8.3,13.1,0.9,1.9,135.0
2026-09-20T12:00,7.9,12.2,0.6,2.0,133.0
2026-09-20T13:00,6.9,10.6,0.6,2.1,128.0
2026-09-20T14:00,5.7,8.7,0.6,2.1,123.0
2026-09-20T15:00,4.8,7.4,0.5,2.1,118.0
2026-09-20T16:00,4.4,6.9,0.5,2.0,113.0
2026-09-20T17:00,6.6,12.5,0.8,1.6,110.0
2026-09-20T18:00,6.2,11.9,1.7,1.6,111.0
2026-09-20T19:00,6.5,12.2,3.0,1.6,115.0
2026-09-20T20:00,6.7,12.8,4.2,1.7,118.0
2026-09-20T21:00,7.1,13.7,5.2,1.9,120.0
2026-09-20T22:00,7.7,14.4,6.1,2.3,121.0
2026-09-20T23:00,8.2,15.1,6.8,2.5,121.0
2026-09-21T00:00,8.6,15.5,7.4,2.6,118.0
2026-09-21T01:00,9.0,15.9,7.8,2.6,114.0
2026-09-21T02:00,9.3,16.2,8.1,2.6,111.0
2026-09-21T03:00,9.4,16.6,8.2,2.5,112.0
2026-09-21T04:00,9.4,16.8,8.2,2.4,114.0
2026-09-21T05:00,9.2,17.2,7.6,2.1,116.0
2026-09-21T06:00,8.8,16.6,6.9,1.9,118.0
2026-09-21T07:00,8.5,15.7,5.9,1.7,120.0
2026-09-21T08:00,7.4,13.2,4.8,1.5,121.0
2026-09-21T09:00,6.6,14.1,3.4,1.6,119.0
2026-09-21T10:00,6.5,15.1,2.0,1.7,116.0
2026-09-21T11:00,5.6,13.9,0.9,1.8,114.0
2026-09-21T12:00,5.3,13.2,0.5,1.8,113.0
2026-09-21T13:00,5.0,12.1,0.5,1.6,114.0
2026-09-21T14:00,4.5,10.6,0.6,1.6,115.0
2026-09-21T15:00,4.0,9.0,0.6,1.6,118.0
2026-09-21T16:00,3.7,7.7,0.6,1.7,122.0
2026-09-21T17:00,1.1,1.1,1.1,1.7,125.0
2026-09-21T18:00,2.0,2.0,2.5,2.0,127.0
2026-09-21T19:00,3.3,3.3,4.5,2.4,129.0
2026-09-21T20:00,4.0,4.0,5.9,2.7,130.0
2026-09-21T21:00,4.2,4.2,6.2,2.8,129.0
2026-09-21T22:00,4.1,4.2,6.0,2.7,127.0
2026-09-21T23:00,4.1,4.2,5.9,2.6,125.0
2026-09-22T00:00,4.0,4.1,6.0,2.3,121.0
2026-09-22T01:00,3.8,3.9,6.2,1.9,117.0
2026-09-22T02:00,3.6,3.7,6.4,1.5,114.0
2026-09-22T03:00,3.3,3.3,6.5,1.3,113.0
2026-09-22T04:00,3.0,3.1,6.6,1.2,112.0
2026-09-22T05:00,3.2,3.2,6.2,1.5,113.0
2026-09-22T06:00,2.9,3.1,5.9,1.4,115.0
2026-09-22T07:00,2.8,3.1,5.5,1.4,117.0
2026-09-22T08:00,2.8,3.0,4.8,1.4,119.0
2026-09-22T09:00,2.0,3.8,3.5,1.6,118.0
2026-09-22T10:00,2.3,5.7,1.9,1.8,117.0
2026-09-22T11:00,3.1,8.4,0.7,2.0,116.0
2026-09-22T12:00,3.8,10.6,0.4,2.2,117.0
2026-09-22T13:00,4.1,12.3,0.4,2.3,118.0
2026-09-22T14:00,4.7,14.3,0.6,2.4,120.0
2026-09-22T15:00,5.1,15.5,0.6,2.5,121.0
2026-09-22T16:00,5.2,14.9,0.6,2.6,122.0
2026-09-22T17:00,4.7,9.6,1.2,3.1,124.0
2026-09-22T18:00,5.0,7.9,2.5,3.4,127.0
2026-09-22T19:00,6.3,8.5,4.2,3.9,131.0
2026-09-22T20:00,6.9,8.9,5.4,4.3,132.0
2026-09-22T21:00,6.8,8.7,5.4,4.5,129.0
2026-09-22T22:00,6.3,7.9,4.8,4.6,123.0
2026-09-22T23:00,5.8,7.2,4.4,4.6,118.0
2026-09-23T00:00,5.9,7.1,4.7,4.4,115.0
2026-09-23T01:00,6.0,7.1,5.1,4.2,113.0
2026-09-23T02:00,6.2,7.1,5.5,3.9,111.0
2026-09-23T03:00,6.1,6.9,5.6,3.6,110.0
2026-09-23T04:00,5.9,6.7,5.7,3.4,110.0
2026-09-23T05:00,5.4,6.6,5.8,3.1,111.0
2026-09-23T06:00,5.2,6.8,5.8,2.9,115.0
2026-09-23T07:00,5.2,7.0,5.8,2.6,121.0
2026-09-23T08:00,5.1,7.0,5.3,2.3,124.0
2026-09-23T09:00,4.9,9.0,3.9,2.1,123.0
2026-09-23T10:00,4.7,10.8,2.1,1.9,120.0
2026-09-23T11:00,5.7,14.7,0.7,1.8,117.0
2026-09-23T12:00,6.3,15.9,0.3,1.8,114.0
2026-09-23T13:00,6.8,17.2,0.4,1.8,111.0
2026-09-23T14:00,7.1,17.9,0.6,1.9,111.0
2026-09-23T15:00,7.1,17.5,0.6,2.1,116.0
2026-09-23T16:00,7.1,16.7,0.7,2.4,123.0
2026-09-23T17:00,7.8,15.0,1.8,3.1,130.0
2026-09-23T18:00,9.1,15.3,3.4,3.5,135.0
2026-09-23T19:00,10.8,16.2,5.5,4.0,139.0
2026-09-23T20:00,12.0,17.5,7.2,4.5,140.0
2026-09-23T21:00,12.7,18.6,7.9,5.0,138.0
2026-09-23T22:00,13.0,19.3,8.0,5.6,134.0
2026-09-23T23:00,13.3,19.8,8.1,5.8,129.0
2026-09-24T00:00,13.4,20.1,8.3,5.5,124.0
2026-09-24T01:00,13.3,19.7,8.4,4.8,118.0
2026-09-24T02:00,12.9,18.2,8.3,4.2,114.0
2026-09-24T03:00,11.6,15.8,7.8,3.6,112.0
2026-09-24T04:00,10.4,14.5,6.9,3.0,111.0
2026-09-24T05:00,7.2,11.6,6.3,2.7,112.0
2026-09-24T06:00,7.3,13.4,5.4,2.8,116.0
2026-09-24T07:00,7.0,12.7,4.1,2.9,121.0
2026-09-24T08:00,5.9,10.2,3.0,3.1,124.0
2026-09-24T09:00,4.8,8.6,2.2,3.3,123.0
2026-09-24T10:00,4.5,8.0,1.6,3.6,119.0
2026-09-24T11:00,4.3,7.3,1.1,3.8,116.0
2026-09-24T12:00,4.3,6.9,0.8,3.9,115.0
2026-09-24T13:00,4.4,7.0,0.7,3.9,115.0
2026-09-24T14:00,4.6,7.3,0.7,3.9,115.0
2026-09-24T15:00,4.8,7.6,0.6,4.0,114.0
2026-09-24T16:00,5.0,7.9,0.6,4.1,114.0
2026-09-24T17:00,9.5,16.7,0.7,2.5,115.0
2026-09-24T18:00,9.9,15.9,2.0,2.7,119.0
2026-09-24T19:00,10.7,15.9,3.7,3.1,124.0
2026-09-24T20:00,11.3,16.5,5.2,3.2,127.0
2026-09-24T21:00,11.4,16.5,6.0,3.0,127.0
2026-09-24T22:00,11.4,15.8,6.6,2.5,126.0
2026-09-24T23:00,11.2,14.8,6.8,2.1,125.0
2026-09-25T00:00,11.0,14.1,6.7,1.7,123.0
2026-09-25T01:00,10.8,13.8,6.4,1.2,121.0
2026-09-25T02:00,10.6,13.4,6.0,0.9,120.0
2026-09-25T03:00,10.4,13.0,5.6,0.8,122.0
2026-09-25T04:00,10.3,12.9,5.2,0.9,126.0
2026-09-25T05:00,9.2,11.2,3.7,1.2,129.0
2026-09-25T06:00,9.1,11.1,3.5,1.2,131.0
2026-09-25T07:00,8.7,10.6,3.1,1.3,133.0
2026-09-25T08:00,7.7,9.8,2.7,1.4,134.0
2026-09-25T09:00,6.8,9.8,2.1,1.5,132.0
2026-09-25T10:00,6.3,9.4,1.3,1.7,129.0
2026-09-25T11:00,6.1,9.1,0.8,1.8,127.0
2026-09-25T12:00,6.0,8.8,0.6,1.8,130.0
2026-09-25T13:00,6.1,8.9,0.5,1.7,135.0
2026-09-25T14:00,6.2,9.1,0.5,1.7,137.0
2026-09-25T15:00,6.3,9.2,0.5,1.7,131.0
2026-09-25T16:00,6.2,9.1,0.5,1.8,123.0
2026-09-25T17:00,8.1,11.9,0.9,1.8,117.0
2026-09-25T18:00,8.7,11.8,1.1,1.7,118.0
2026-09-25T19:00,7.7,10.3,1.4,1.5,122.0
2026-09-25T20:00,6.4,9.0,1.9,1.4,126.0
2026-09-25T21:00,5.8,8.4,2.7,1.4,128.0
2026-09-25T22:00,5.9,8.4,3.8,1.5,129.0
2026-09-25T23:00,6.2,8.8,4.9,1.6,128.0
2026-09-26T00:00,6.9,9.5,6.1,1.5,121.0
2026-09-26T01:00,7.5,9.9,7.4,1.4,112.0
2026-09-26T02:00,7.8,9.8,8.3,1.3,105.0
2026-09-26T03:00,7.7,9.5,8.8,1.2,102.0
2026-09-26T04:00,7.4,9.1,9.0,1.0,101.0
2026-09-26T05:00,7.0,8.1,9.3,0.9,103.0
2026-09-26T06:00,6.8,8.3,8.1,1.0,111.0
2026-09-26T07:00,6.7,8.3,6.4,1.1,121.0
2026-09-26T08:00,5.8,8.0,4.8,1.3,127.0
2026-09-26T09:00,5.6,9.9,3.2,1.5,123.0
2026-09-26T10:00,5.3,9.8,1.7,1.8,115.0
2026-09-26T11:00,5.1,8.7,0.6,2.0,109.0
2026-09-26T12:00,4.4,7.3,0.2,2.1,109.0
2026-09-26T13:00,3.9,6.7,0.3,2.2,111.0
2026-09-26T14:00,3.5,6.0,0.4,2.2,113.0
2026-09-26T15:00,3.4,5.5,0.3,2.1,112.0
2026-09-26T16:00,3.6,5.4,0.3,2.0,111.0
2026-09-26T17:00,1.0,1.7,0.7,2.0,112.0
2026-09-26T18:00,1.6,2.2,1.8,2.0,119.0
2026-09-26T19:00,2.6,3.1,3.3,2.1,128.0
2026-09-26T20:00,3.6,4.0,4.6,2.2,135.0
2026-09-26T21:00,4.2,4.5,5.4,2.4,136.0
2026-09-26T22:00,4.5,4.8,6.0,2.6,133.0
2026-09-26T23:00,4.9,5.1,6.4,2.7,131.0
2026-09-27T00:00,5.2,5.4,6.7,2.8,130.0
2026-09-27T01:00,5.4,5.6,7.0,2.8,130.0
2026-09-27T02:00,5.6,5.7,7.1,2.8,129.0
2026-09-27T03:00,5.7,5.8,7.3,2.8,127.0
2026-09-27T04:00,5.7,5.7,7.3,2.7,125.0
2026-09-27T05:00,7.1,7.2,7.5,2.8,124.0
2026-09-27T06:00,7.4,7.5,6.8,2.7,127.0
2026-09-27T07:00,7.6,7.7,5.9,2.7,132.0
2026-09-27T08:00,4.9,5.0,4.8,2.5,133.0
2026-09-27T09:00,3.1,3.3,3.4,2.2,128.0
2026-09-27T10:00,4.2,4.5,1.9,1.9,120.0
2026-09-27T11:00,5.3,5.7,0.8,1.6,114.0
2026-09-27T12:00,5.9,6.4,0.4,1.5,114.0
2026-09-27T13:00,6.1,6.9,0.4,1.6,116.0
2026-09-27T14:00,6.1,7.3,0.5,1.6,118.0
2026-09-27T15:00,6.2,7.7,0.4,1.6,117.0
2026-09-27T16:00,6.2,7.9,0.5,1.7,116.0
2026-09-27T17:00,2.4,3.4,0.7,1.5,116.0
2026-09-27T18:00,2.8,3.4,1.7,1.6,120.0
2026-09-27T19:00,3.6,4.0,3.2,1.8,125.0
2026-09-27T20:00,4.2,4.6,4.4,1.9,128.0
2026-09-27T21:00,4.8,5.2,5.1,2.0,127.0
2026-09-27T22:00,5.2,5.6,5.6,2.1,123.0
2026-09-27T23:00,5.3,5.7,5.8,2.1,120.0
2026-09-28T00:00,5.2,5.7,5.6,2.0,118.0
2026-09-28T01:00,5.0,5.5,5.1,1.8,117.0
2026-09-28T02:00,5.1,5.6,4.7,1.7,116.0
2026-09-28T03:00,5.2,5.7,4.7,1.6,115.0
2026-09-28T04:00,5.2,5.7,4.8,1.5,114.0
2026-09-28T05:00,6.5,7.1,6.6,1.8,114.0
2026-09-28T06:00,6.4,7.0,6.4,1.8,118.0
2026-09-28T07:00,6.4,7.0,6.0,1.8,123.0
2026-09-28T08:00,5.3,5.7,5.4,1.9,126.0
2026-09-28T09:00,3.4,3.7,4.2,2.2,124.0
2026-09-28T10:00,3.3,3.6,2.8,2.5,119.0
2026-09-28T11:00,3.3,3.8,1.7,2.7,116.0
2026-09-28T12:00,3.6,4.5,1.1,2.6,116.0
2026-09-28T13:00,3.9,5.4,0.9,2.3,117.0
2026-09-28T14:00,4.1,6.1,0.8,2.2,120.0
2026-09-28T15:00,4.4,6.4,0.7,2.3,125.0
2026-09-28T16:00,4.6,6.6,0.8,2.4,131.0
2026-09-28T17:00,8.7,11.1,1.8,3.5,135.0
2026-09-28T18:00,8.3,10.0,2.8,3.6,137.0
2026-09-28T19:00,8.8,10.1,4.3,3.7,138.0
2026-09-28T20:00,9.1,10.4,5.6,3.8,137.0
2026-09-28T21:00,9.4,10.9,6.6,3.9,135.0
2026-09-28T22:00,10.0,11.6,7.4,3.9,131.0
2026-09-28T23:00,10.8,12.3,8.0,3.8,126.0
2026-09-29T00:00,11.3,12.6,8.4,3.5,119.0
2026-09-29T01:00,11.5,12.8,8.6,3.1,110.0
2026-09-29T02:00,11.5,12.7,8.5,2.7,105.0
2026-09-29T03:00,11.1,12.3,8.1,2.4,105.0
2026-09-29T04:00,10.7,11.8,7.5,2.0,108.0
2026-09-29T05:00,8.3,9.2,7.3,2.0,112.0
2026-09-29T06:00,8.3,9.4,6.2,2.0,117.0
2026-09-29T07:00,8.3,9.6,4.6,2.1,123.0
2026-09-29T08:00,7.3,8.8,3.3,2.3,127.0
2026-09-29T09:00,6.4,8.0,2.4,2.7,125.0
2026-09-29T10:00,6.3,7.6,1.6,3.1,121.0
2026-09-29T11:00,6.4,7.8,1.1,3.4,118.0
2026-09-29T12:00,6.6,8.3,0.8,3.4,117.0
2026-09-29T13:00,6.7,8.7,0.8,3.3,118.0
2026-09-29T14:00,6.9,9.1,0.9,3.3,119.0
2026-09-29T15:00,7.3,9.7,0.9,3.5,121.0
2026-09-29T16:00,7.8,10.2,1.0,3.8,123.0
2026-09-29T17:00,6.1,7.7,1.7,3.7,128.0
2026-09-29T18:00,6.8,8.3,3.2,3.9,137.0
2026-09-29T19:00,8.0,9.4,5.3,4.2,148.0
2026-09-29T20:00,9.4,10.8,7.1,4.5,154.0
2026-09-29T21:00,10.5,12.0,8.3,4.9,150.0
2026-09-29T22:00,11.4,13.1,9.2,5.4,142.0
2026-09-29T23:00,12.2,13.8,9.9,5.5,134.0
2026-09-30T00:00,12.8,14.3,10.3,5.0,129.0
2026-09-30T01:00,12.8,14.1,10.4,4.1,124.0
2026-09-30T02:00,12.4,13.5,10.4,3.3,121.0
2026-09-30T03:00,11.7,12.7,10.4,2.7,120.0
2026-09-30T04:00,10.9,11.8,10.3,2.3,120.0
2026-09-30T05:00,7.3,8.0,7.3,2.1,122.0
2026-09-30T06:00,6.9,7.7,6.5,2.2,126.0
2026-09-30T07:00,6.7,7.3,5.5,2.3,130.0
2026-09-30T08:00,6.3,6.9,4.5,2.5,132.0
2026-09-30T09:00,6.2,7.0,3.7,2.9,129.0
2026-09-30T10:00,5.7,6.9,3.0,3.3,122.0
2026-09-30T11:00,6.2,7.5,2.4,3.6,117.0
2026-09-30T12:00,6.0,8.0,1.9,3.6,114.0
2026-09-30T13:00,5.8,8.4,1.4,3.4,112.0
2026-09-30T14:00,5.9,9.0,1.2,3.2,111.0
2026-09-30T15:00,6.0,9.5,1.2,3.2,113.0
2026-09-30T16:00,6.2,10.2,1.5,3.2,117.0
2026-09-30T17:00,14.5,28.3,2.2,2.8,120.0
2026-09-30T18:00,16.1,27.9,3.0,2.8,122.0
2026-09-30T19:00,17.5,31.3,4.1,2.9,124.0
2026-09-30T20:00,17.2,29.3,5.0,2.8,125.0
2026-09-30T21:00,16.5,28.2,5.3,2.6,123.0
2026-09-30T22:00,15.3,25.6,5.3,2.3,120.0
2026-09-30T23:00,14.4,23.1,5.3,2.1,118.0
