vaqt,pm2_5_ug_m3,pm10_ug_m3,chang_ug_m3,aod
2026-04-04T00:00,15.8,26.9,21.0,0.69
2026-04-04T01:00,14.3,23.1,17.0,0.65
2026-04-04T02:00,13.4,20.5,14.0,0.63
2026-04-04T03:00,12.5,18.3,11.0,0.59
2026-04-04T04:00,11.5,15.9,9.0,0.5
2026-04-04T05:00,9.0,13.6,9.0,0.3
2026-04-04T06:00,9.2,13.9,10.0,0.26
2026-04-04T07:00,9.6,14.5,10.0,0.23
2026-04-04T08:00,10.1,15.6,11.0,0.23
2026-04-04T09:00,10.4,16.1,11.0,0.21
2026-04-04T10:00,10.5,16.3,12.0,0.2
2026-04-04T11:00,10.0,15.8,11.0,0.17
2026-04-04T12:00,7.6,13.3,9.0,0.15
2026-04-04T13:00,5.4,9.2,6.0,0.14
2026-04-04T14:00,4.0,6.2,4.0,0.14
2026-04-04T15:00,3.7,5.5,3.0,0.14
2026-04-04T16:00,4.2,6.3,3.0,0.13
2026-04-04T17:00,8.1,12.3,8.0,0.19
2026-04-04T18:00,7.8,11.4,7.0,0.2
2026-04-04T19:00,9.7,12.6,6.0,0.2
2026-04-04T20:00,11.6,14.3,5.0,0.19
2026-04-04T21:00,13.3,15.8,5.0,0.18
2026-04-04T22:00,15.1,17.5,4.0,0.19
2026-04-04T23:00,17.2,19.6,4.0,0.22
2026-04-05T00:00,19.3,21.7,4.0,0.24
2026-04-05T01:00,19.6,21.7,3.0,0.29
2026-04-05T02:00,19.0,20.8,3.0,0.28
2026-04-05T03:00,18.2,19.9,3.0,0.24
2026-04-05T04:00,16.9,18.3,2.0,0.21
2026-04-05T05:00,14.0,15.8,3.0,0.19
2026-04-05T06:00,12.9,14.2,3.0,0.15
2026-04-05T07:00,13.4,14.5,2.0,0.13
2026-04-05T08:00,13.4,14.4,2.0,0.14
2026-04-05T09:00,11.2,13.0,3.0,0.13
2026-04-05T10:00,8.6,10.9,3.0,0.12
2026-04-05T11:00,7.1,9.2,4.0,0.12
2026-04-05T12:00,5.9,7.8,4.0,0.11
2026-04-05T13:00,4.8,6.7,4.0,0.11
2026-04-05T14:00,4.2,6.2,4.0,0.1
2026-04-05T15:00,4.0,6.1,4.0,0.09
2026-04-05T16:00,4.0,6.3,5.0,0.09
2026-04-05T17:00,3.4,5.2,4.0,0.06
2026-04-05T18:00,6.4,7.8,3.0,0.06
2026-04-05T19:00,10.2,11.6,3.0,0.08
2026-04-05T20:00,13.5,14.8,2.0,0.11
2026-04-05T21:00,14.6,15.7,2.0,0.13
2026-04-05T22:00,15.9,16.8,1.0,0.17
2026-04-05T23:00,16.4,17.0,1.0,0.17
2026-04-06T00:00,15.5,15.9,1.0,0.14
2026-04-06T01:00,14.3,14.8,1.0,0.14
2026-04-06T02:00,13.4,13.9,1.0,0.17
2026-04-06T03:00,12.8,13.3,1.0,0.18
2026-04-06T04:00,11.8,12.4,1.0,0.19
2026-04-06T05:00,10.0,11.3,2.0,0.2
2026-04-06T06:00,9.7,10.9,2.0,0.18
2026-04-06T07:00,10.2,11.4,1.0,0.17
2026-04-06T08:00,10.5,11.7,2.0,0.24
2026-04-06T09:00,10.4,13.1,4.0,0.29
2026-04-06T10:00,9.5,13.6,7.0,0.3
2026-04-06T11:00,9.3,14.1,9.0,0.28
2026-04-06T12:00,8.5,13.3,9.0,0.28
2026-04-06T13:00,8.0,12.7,9.0,0.27
2026-04-06T14:00,7.8,11.9,8.0,0.26
2026-04-06T15:00,7.9,11.7,7.0,0.27
2026-04-06T16:00,7.7,10.9,6.0,0.27
2026-04-06T17:00,10.5,13.6,6.0,0.35
2026-04-06T18:00,11.2,13.4,5.0,0.36
2026-04-06T19:00,12.4,14.3,4.0,0.37
2026-04-06T20:00,13.6,15.5,4.0,0.36
2026-04-06T21:00,15.8,17.9,4.0,0.36
2026-04-06T22:00,18.1,20.5,5.0,0.41
2026-04-06T23:00,20.0,23.1,6.0,0.45
2026-04-07T00:00,21.6,25.2,6.0,0.44
2026-04-07T01:00,22.6,26.4,7.0,0.43
2026-04-07T02:00,22.8,26.6,7.0,0.45
2026-04-07T03:00,22.7,27.0,7.0,0.45
2026-04-07T04:00,22.7,27.0,8.0,0.42
2026-04-07T05:00,13.4,17.5,8.0,0.55
2026-04-07T06:00,13.4,18.3,9.0,0.58
2026-04-07T07:00,13.8,18.9,11.0,0.7
2026-04-07T08:00,14.4,20.7,12.0,0.77
2026-04-07T09:00,13.8,19.9,10.0,0.7
2026-04-07T10:00,9.6,13.8,8.0,0.56
2026-04-07T11:00,7.5,10.7,6.0,0.47
2026-04-07T12:00,8.2,11.0,6.0,0.33
2026-04-07T13:00,7.9,11.2,6.0,0.33
2026-04-07T14:00,7.2,10.9,7.0,0.35
2026-04-07T15:00,7.0,10.7,7.0,0.37
2026-04-07T16:00,6.6,10.4,7.0,0.34
2026-04-07T17:00,8.1,13.3,10.0,0.44
2026-04-07T18:00,8.2,13.1,10.0,0.37
2026-04-07T19:00,8.9,13.4,9.0,0.3
2026-04-07T20:00,9.4,14.1,9.0,0.26
2026-04-07T21:00,9.9,14.6,9.0,0.23
2026-04-07T22:00,9.8,14.7,10.0,0.19
2026-04-07T23:00,9.8,15.1,10.0,0.19
2026-04-08T00:00,10.0,15.9,11.0,0.21
2026-04-08T01:00,10.3,16.6,11.0,0.25
2026-04-08T02:00,10.6,16.9,12.0,0.27
2026-04-08T03:00,10.9,17.3,12.0,0.28
2026-04-08T04:00,11.0,17.6,12.0,0.29
2026-04-08T05:00,8.5,12.7,8.0,0.24
2026-04-08T06:00,8.0,11.7,8.0,0.2
2026-04-08T07:00,7.9,11.2,7.0,0.17
2026-04-08T08:00,7.7,11.2,7.0,0.16
2026-04-08T09:00,7.4,11.3,7.0,0.13
2026-04-08T10:00,6.6,10.8,8.0,0.12
2026-04-08T11:00,5.6,10.0,8.0,0.12
2026-04-08T12:00,4.8,9.0,8.0,0.12
2026-04-08T13:00,4.6,8.6,9.0,0.13
2026-04-08T14:00,5.0,9.5,9.0,0.13
2026-04-08T15:00,4.7,9.0,9.0,0.14
2026-04-08T16:00,5.8,11.4,9.0,0.16
2026-04-08T17:00,5.2,9.8,9.0,0.16
2026-04-08T18:00,5.5,9.5,8.0,0.18
2026-04-08T19:00,9.6,13.4,8.0,0.21
2026-04-08T20:00,12.8,16.4,7.0,0.21
2026-04-08T21:00,16.7,20.4,7.0,0.2
2026-04-08T22:00,20.2,23.9,6.0,0.18
2026-04-08T23:00,21.8,25.1,6.0,0.18
2026-04-09T00:00,22.3,24.8,5.0,0.17
2026-04-09T01:00,22.1,24.0,4.0,0.17
2026-04-09T02:00,20.9,22.5,3.0,0.16
2026-04-09T03:00,19.4,20.8,2.0,0.16
2026-04-09T04:00,18.0,19.4,2.0,0.16
2026-04-09T05:00,13.6,15.4,3.0,0.16
2026-04-09T06:00,12.3,13.9,3.0,0.15
2026-04-09T07:00,12.4,13.9,3.0,0.14
2026-04-09T08:00,11.1,12.6,3.0,0.12
2026-04-09T09:00,6.7,9.6,3.0,0.11
2026-04-09T10:00,4.7,7.9,4.0,0.09
2026-04-09T11:00,3.8,6.5,5.0,0.09
2026-04-09T12:00,3.3,7.0,6.0,0.09
2026-04-09T13:00,3.2,7.4,7.0,0.09
2026-04-09T14:00,3.1,7.5,8.0,0.09
2026-04-09T15:00,3.2,7.5,8.0,0.09
2026-04-09T16:00,3.3,7.7,8.0,0.09
2026-04-09T17:00,4.2,8.2,8.0,0.08
2026-04-09T18:00,7.7,11.1,8.0,0.08
2026-04-09T19:00,15.1,18.5,8.0,0.08
2026-04-09T20:00,20.8,24.4,7.0,0.09
2026-04-09T21:00,23.1,26.6,6.0,0.1
2026-04-09T22:00,22.1,25.0,5.0,0.1
2026-04-09T23:00,19.8,22.1,4.0,0.12
2026-04-10T00:00,18.1,19.7,3.0,0.13
2026-04-10T01:00,16.9,18.2,2.0,0.14
2026-04-10T02:00,15.7,16.8,2.0,0.14
2026-04-10T03:00,14.1,15.3,2.0,0.14
2026-04-10T04:00,12.7,13.9,2.0,0.16
2026-04-10T05:00,12.1,13.2,2.0,0.17
2026-04-10T06:00,11.5,12.8,2.0,0.19
2026-04-10T07:00,11.6,13.1,2.0,0.2
2026-04-10T08:00,12.0,13.3,2.0,0.2
2026-04-10T09:00,11.5,13.7,3.0,0.2
2026-04-10T10:00,8.8,12.3,5.0,0.21
2026-04-10T11:00,7.5,10.9,6.0,0.22
2026-04-10T12:00,6.3,9.0,6.0,0.22
2026-04-10T13:00,5.5,8.0,6.0,0.21
2026-04-10T14:00,5.4,8.1,5.0,0.21
2026-04-10T15:00,5.6,8.1,5.0,0.22
2026-04-10T16:00,5.6,8.0,4.0,0.21
2026-04-10T17:00,4.6,6.2,3.0,0.15
2026-04-10T18:00,5.3,6.3,2.0,0.14
2026-04-10T19:00,6.3,7.1,2.0,0.15
2026-04-10T20:00,9.3,10.0,1.0,0.17
2026-04-10T21:00,13.4,14.2,1.0,0.18
2026-04-10T22:00,16.1,16.9,2.0,0.19
2026-04-10T23:00,17.2,18.2,2.0,0.19
2026-04-11T00:00,15.9,17.3,2.0,0.19
2026-04-11T01:00,14.7,16.4,3.0,0.19
2026-04-11T02:00,14.2,16.1,3.0,0.19
2026-04-11T03:00,13.8,15.6,3.0,0.19
2026-04-11T04:00,13.1,15.0,4.0,0.19
2026-04-11T05:00,10.8,12.4,3.0,0.15
2026-04-11T06:00,11.8,13.5,3.0,0.15
2026-04-11T07:00,13.3,14.8,3.0,0.15
2026-04-11T08:00,12.5,14.3,3.0,0.16
2026-04-11T09:00,9.0,12.1,4.0,0.16
2026-04-11T10:00,6.6,10.2,6.0,0.16
2026-04-11T11:00,5.8,9.3,7.0,0.16
2026-04-11T12:00,5.4,8.6,7.0,0.16
2026-04-11T13:00,5.5,8.8,6.0,0.17
2026-04-11T14:00,5.9,9.3,6.0,0.17
2026-04-11T15:00,6.3,9.6,6.0,0.17
2026-04-11T16:00,6.7,10.0,7.0,0.18
2026-04-11T17:00,6.9,13.4,12.0,0.18
2026-04-11T18:00,7.9,13.4,11.0,0.18
2026-04-11T19:00,9.3,14.1,9.0,0.2
2026-04-11T20:00,13.9,18.2,8.0,0.19
2026-04-11T21:00,18.7,22.8,8.0,0.19
2026-04-11T22:00,20.1,24.2,8.0,0.2
2026-04-11T23:00,20.0,24.2,8.0,0.2
2026-04-12T00:00,19.9,24.3,8.0,0.2
2026-04-12T01:00,19.5,24.0,9.0,0.22
2026-04-12T02:00,18.6,23.4,9.0,0.23
2026-04-12T03:00,17.8,22.3,8.0,0.23
2026-04-12T04:00,16.9,20.9,8.0,0.24
2026-04-12T05:00,14.2,17.3,6.0,0.19
2026-04-12T06:00,13.6,16.9,6.0,0.18
2026-04-12T07:00,13.9,17.0,5.0,0.18
2026-04-12T08:00,14.0,17.0,6.0,0.19
2026-04-12T09:00,11.8,18.2,9.0,0.2
2026-04-12T10:00,9.3,17.5,12.0,0.2
2026-04-12T11:00,8.6,16.2,15.0,0.2
2026-04-12T12:00,8.3,16.0,16.0,0.2
2026-04-12T13:00,8.6,17.3,17.0,0.2
2026-04-12T14:00,8.6,17.6,17.0,0.21
2026-04-12T15:00,9.2,19.7,18.0,0.21
2026-04-12T16:00,9.3,19.7,20.0,0.21
2026-04-12T17:00,10.8,24.5,26.0,0.24
2026-04-12T18:00,12.2,22.5,23.0,0.22
2026-04-12T19:00,14.3,23.2,18.0,0.21
2026-04-12T20:00,16.8,23.9,14.0,0.2
2026-04-12T21:00,17.4,23.2,11.0,0.2
2026-04-12T22:00,17.8,22.5,9.0,0.21
2026-04-12T23:00,17.9,21.9,8.0,0.22
2026-04-13T00:00,17.6,21.3,7.0,0.22
2026-04-13T01:00,16.8,20.3,6.0,0.21
2026-04-13T02:00,15.8,19.2,6.0,0.21
2026-04-13T03:00,14.8,18.1,6.0,0.2
2026-04-13T04:00,14.0,17.3,6.0,0.2
2026-04-13T05:00,13.8,16.7,5.0,0.22
2026-04-13T06:00,13.2,16.5,5.0,0.21
2026-04-13T07:00,12.7,15.9,5.0,0.2
2026-04-13T08:00,11.8,16.3,8.0,0.19
2026-04-13T09:00,11.0,17.4,15.0,0.18
2026-04-13T10:00,11.4,24.4,25.0,0.18
2026-04-13T11:00,12.2,28.6,31.0,0.17
2026-04-13T12:00,11.9,27.9,32.0,0.16
2026-04-13T13:00,11.5,27.5,30.0,0.15
2026-04-13T14:00,10.4,25.0,28.0,0.15
2026-04-13T15:00,9.8,22.9,25.0,0.15
2026-04-13T16:00,9.5,21.5,21.0,0.14
2026-04-13T17:00,6.8,11.9,10.0,0.11
2026-04-13T18:00,8.1,11.7,8.0,0.1
2026-04-13T19:00,9.0,11.7,6.0,0.1
2026-04-13T20:00,9.3,11.3,4.0,0.1
2026-04-13T21:00,9.5,11.2,3.0,0.11
2026-04-13T22:00,10.1,11.7,3.0,0.11
2026-04-13T23:00,11.2,12.7,3.0,0.11
2026-04-14T00:00,11.8,13.1,3.0,0.11
2026-04-14T01:00,11.7,13.0,3.0,0.12
2026-04-14T02:00,11.2,12.7,3.0,0.12
2026-04-14T03:00,10.8,12.5,3.0,0.12
2026-04-14T04:00,10.4,12.3,4.0,0.12
2026-04-14T05:00,11.3,12.3,2.0,0.11
2026-04-14T06:00,10.7,12.0,2.0,0.11
2026-04-14T07:00,10.9,12.3,2.0,0.11
2026-04-14T08:00,10.2,12.0,3.0,0.11
2026-04-14T09:00,10.0,12.9,5.0,0.1
2026-04-14T10:00,8.5,12.7,7.0,0.1
2026-04-14T11:00,7.3,11.8,9.0,0.11
2026-04-14T12:00,6.6,11.4,10.0,0.11
2026-04-14T13:00,6.4,11.5,11.0,0.12
2026-04-14T14:00,6.3,11.8,11.0,0.13
2026-04-14T15:00,6.2,12.1,11.0,0.13
2026-04-14T16:00,6.3,12.3,11.0,0.14
2026-04-14T17:00,4.8,9.3,9.0,0.17
2026-04-14T18:00,8.3,12.1,8.0,0.18
2026-04-14T19:00,12.9,16.6,8.0,0.16
2026-04-14T20:00,16.9,20.7,7.0,0.16
2026-04-14T21:00,20.1,24.2,6.0,0.15
2026-04-14T22:00,21.9,25.7,5.0,0.15
2026-04-14T23:00,21.6,24.4,5.0,0.15
2026-04-15T00:00,18.5,21.0,5.0,0.17
2026-04-15T01:00,14.9,17.8,6.0,0.18
2026-04-15T02:00,13.0,16.1,6.0,0.2
2026-04-15T03:00,11.9,15.0,6.0,0.23
2026-04-15T04:00,11.1,14.1,5.0,0.27
2026-04-15T05:00,13.2,18.2,9.0,0.3
2026-04-15T06:00,8.8,13.6,12.0,0.39
2026-04-15T07:00,9.1,17.3,16.0,0.35
2026-04-15T08:00,10.3,22.0,21.0,0.28
2026-04-15T09:00,9.8,23.4,29.0,0.31
2026-04-15T10:00,9.8,25.4,39.0,0.33
2026-04-15T11:00,13.8,39.7,47.0,0.31
2026-04-15T12:00,18.4,55.1,53.0,0.3
2026-04-15T13:00,16.1,47.4,57.0,0.29
2026-04-15T14:00,16.4,49.1,60.0,0.28
2026-04-15T15:00,16.2,48.8,61.0,0.26
2026-04-15T16:00,15.6,47.8,61.0,0.24
2026-04-15T17:00,18.6,56.9,70.0,0.28
2026-04-15T18:00,19.4,56.0,69.0,0.22
2026-04-15T19:00,18.0,51.5,68.0,0.16
2026-04-15T20:00,17.0,52.5,65.0,0.15
2026-04-15T21:00,16.8,49.9,58.0,0.16
2026-04-15T22:00,15.0,42.1,48.0,0.19
2026-04-15T23:00,13.6,36.2,41.0,0.2
2026-04-16T00:00,13.0,33.1,37.0,0.21
2026-04-16T01:00,13.0,32.2,35.0,0.23
2026-04-16T02:00,13.4,32.4,34.0,0.27
2026-04-16T03:00,13.5,32.1,34.0,0.3
2026-04-16T04:00,13.6,32.8,34.0,0.3
2026-04-16T05:00,14.1,36.0,39.0,0.3
2026-04-16T06:00,14.5,37.8,42.0,0.36
2026-04-16T07:00,15.1,38.1,45.0,0.33
2026-04-16T08:00,15.3,43.0,50.0,0.31
2026-04-16T09:00,16.8,54.8,56.0,0.31
2026-04-16T10:00,16.8,54.8,64.0,0.3
2026-04-16T11:00,17.1,53.9,67.0,0.31
2026-04-16T12:00,19.7,64.0,64.0,0.34
2026-04-16T13:00,17.8,53.0,57.0,0.38
2026-04-16T14:00,16.9,45.1,51.0,0.4
2026-04-16T15:00,16.5,39.1,48.0,0.33
2026-04-16T16:00,17.1,41.3,46.0,0.26
2026-04-16T17:00,23.7,56.2,59.0,0.31
2026-04-16T18:00,22.6,46.3,52.0,0.31
2026-04-16T19:00,22.3,43.0,42.0,0.32
2026-04-16T20:00,21.0,39.2,34.0,0.33
2026-04-16T21:00,19.3,35.7,30.0,0.4
2026-04-16T22:00,18.2,35.4,28.0,0.45
2026-04-16T23:00,16.9,33.6,31.0,0.47
2026-04-17T00:00,16.2,37.5,42.0,0.47
2026-04-17T01:00,16.6,47.0,58.0,0.44
2026-04-17T02:00,17.3,57.4,73.0,0.41
2026-04-17T03:00,18.2,66.8,85.0,0.4
2026-04-17T04:00,18.7,72.2,96.0,0.39
2026-04-17T05:00,19.5,74.0,100.0,0.32
2026-04-17T06:00,19.3,71.9,100.0,0.3
2026-04-17T07:00,19.0,67.8,100.0,0.29
2026-04-17T08:00,20.4,73.8,98.0,0.31
2026-04-17T09:00,19.2,71.0,91.0,0.28
2026-04-17T10:00,18.2,65.7,82.0,0.27
2026-04-17T11:00,17.3,59.3,76.0,0.27
2026-04-17T12:00,17.5,59.5,78.0,0.25
2026-04-17T13:00,18.6,65.7,83.0,0.25
2026-04-17T14:00,18.7,65.7,86.0,0.25
2026-04-17T15:00,16.5,58.6,85.0,0.24
2026-04-17T16:00,17.2,62.4,83.0,0.25
2026-04-17T17:00,21.2,84.5,117.0,0.34
2026-04-17T18:00,21.3,77.1,110.0,0.32
2026-04-17T19:00,23.5,71.9,100.0,0.3
2026-04-17T20:00,25.5,75.2,91.0,0.28
2026-04-17T21:00,25.6,73.3,83.0,0.26
2026-04-17T22:00,24.9,68.9,76.0,0.25
2026-04-17T23:00,23.4,61.0,68.0,0.25
2026-04-18T00:00,21.4,52.6,58.0,0.24
2026-04-18T01:00,19.8,45.6,48.0,0.22
2026-04-18T02:00,18.5,40.0,39.0,0.21
2026-04-18T03:00,17.5,35.2,31.0,0.21
2026-04-18T04:00,16.4,30.4,24.0,0.22
2026-04-18T05:00,15.1,26.4,20.0,0.22
2026-04-18T06:00,15.0,26.0,21.0,0.24
2026-04-18T07:00,15.4,25.8,22.0,0.24
2026-04-18T08:00,17.8,32.5,26.0,0.24
2026-04-18T09:00,19.6,47.6,35.0,0.25
2026-04-18T10:00,19.7,54.8,47.0,0.23
2026-04-18T11:00,15.9,45.8,54.0,0.21
2026-04-18T12:00,13.7,38.2,51.0,0.2
2026-04-18T13:00,12.9,34.8,44.0,0.19
2026-04-18T14:00,12.2,32.5,37.0,0.21
2026-04-18T15:00,11.7,30.6,34.0,0.23
2026-04-18T16:00,11.2,28.8,32.0,0.25
2026-04-18T17:00,9.7,23.3,25.0,0.26
2026-04-18T18:00,10.3,20.5,22.0,0.26
2026-04-18T19:00,11.5,19.4,17.0,0.26
2026-04-18T20:00,11.8,18.5,13.0,0.25
2026-04-18T21:00,11.4,17.3,11.0,0.24
2026-04-18T22:00,11.5,17.1,11.0,0.22
2026-04-18T23:00,12.1,18.0,11.0,0.22
2026-04-19T00:00,12.7,19.1,12.0,0.23
2026-04-19T01:00,13.4,20.7,13.0,0.23
2026-04-19T02:00,14.4,22.2,14.0,0.22
2026-04-19T03:00,15.5,23.2,14.0,0.21
2026-04-19T04:00,16.6,24.1,13.0,0.18
2026-04-19T05:00,17.9,23.0,9.0,0.17
2026-04-19T06:00,18.0,23.3,9.0,0.18
2026-04-19T07:00,18.5,23.3,9.0,0.18
2026-04-19T08:00,19.2,24.6,10.0,0.18
2026-04-19T09:00,18.6,28.5,13.0,0.19
2026-04-19T10:00,14.8,26.5,18.0,0.18
2026-04-19T11:00,10.6,21.8,21.0,0.18
2026-04-19T12:00,9.4,19.4,21.0,0.19
2026-04-19T13:00,9.1,19.0,20.0,0.19
2026-04-19T14:00,9.0,19.0,19.0,0.2
2026-04-19T15:00,9.2,19.2,19.0,0.2
2026-04-19T16:00,9.3,19.3,19.0,0.19
2026-04-19T17:00,9.1,18.3,18.0,0.18
2026-04-19T18:00,11.4,18.9,17.0,0.18
2026-04-19T19:00,19.8,27.6,16.0,0.17
2026-04-19T20:00,26.4,34.5,15.0,0.15
2026-04-19T21:00,30.6,38.4,13.0,0.14
2026-04-19T22:00,31.9,39.1,12.0,0.13
2026-04-19T23:00,31.1,36.7,10.0,0.13
2026-04-20T00:00,28.3,32.0,8.0,0.13
2026-04-20T01:00,24.4,27.4,7.0,0.13
2026-04-20T02:00,20.8,24.0,6.0,0.13
2026-04-20T03:00,18.2,21.7,6.0,0.13
2026-04-20T04:00,16.5,19.9,6.0,0.12
2026-04-20T05:00,17.5,21.0,7.0,0.11
2026-04-20T06:00,15.7,19.0,6.0,0.11
2026-04-20T07:00,14.8,17.8,6.0,0.12
2026-04-20T08:00,14.1,17.3,6.0,0.12
2026-04-20T09:00,11.2,17.2,9.0,0.13
2026-04-20T10:00,9.0,17.4,13.0,0.14
2026-04-20T11:00,8.0,16.2,16.0,0.15
2026-04-20T12:00,7.3,15.3,16.0,0.15
2026-04-20T13:00,6.9,14.6,15.0,0.15
2026-04-20T14:00,6.6,13.9,14.0,0.14
2026-04-20T15:00,6.4,13.4,13.0,0.13
2026-04-20T16:00,6.2,12.9,13.0,0.14
2026-04-20T17:00,4.5,7.0,5.0,0.18
2026-04-20T18:00,7.3,9.8,5.0,0.2
2026-04-20T19:00,11.5,14.2,6.0,0.21
2026-04-20T20:00,14.0,16.8,6.0,0.22
2026-04-20T21:00,15.7,18.3,6.0,0.21
2026-04-20T22:00,15.5,17.8,5.0,0.21
2026-04-20T23:00,14.3,16.7,5.0,0.27
2026-04-21T00:00,12.6,14.8,4.0,0.28
2026-04-21T01:00,10.7,12.4,3.0,0.34
2026-04-21T02:00,9.1,11.0,3.0,0.28
2026-04-21T03:00,7.8,10.3,4.0,0.25
2026-04-21T04:00,7.0,9.9,6.0,0.28
2026-04-21T05:00,8.1,16.6,16.0,0.31
2026-04-21T06:00,8.0,17.6,15.0,0.37
2026-04-21T07:00,8.4,16.9,13.0,0.39
2026-04-21T08:00,8.8,15.7,13.0,0.35
2026-04-21T09:00,9.7,17.2,16.0,0.32
2026-04-21T10:00,10.4,21.7,21.0,0.3
2026-04-21T11:00,11.0,24.7,26.0,0.31
2026-04-21T12:00,11.1,26.9,29.0,0.33
2026-04-21T13:00,10.6,27.8,32.0,0.33
2026-04-21T14:00,9.7,27.5,34.0,0.33
2026-04-21T15:00,10.2,30.0,36.0,0.35
2026-04-21T16:00,11.1,32.7,36.0,0.36
2026-04-21T17:00,11.4,26.0,27.0,0.45
2026-04-21T18:00,13.6,32.7,36.0,0.4
2026-04-21T19:00,16.0,40.9,47.0,0.32
2026-04-21T20:00,18.2,48.3,57.0,0.29
2026-04-21T21:00,19.7,53.1,62.0,0.24
2026-04-21T22:00,21.2,57.9,65.0,0.2
2026-04-21T23:00,23.0,58.3,66.0,0.24
2026-04-22T00:00,22.9,56.3,64.0,0.3
2026-04-22T01:00,21.0,50.3,59.0,0.35
2026-04-22T02:00,21.3,49.7,53.0,0.36
2026-04-22T03:00,18.6,40.9,45.0,0.34
2026-04-22T04:00,16.4,34.7,36.0,0.36
2026-04-22T05:00,12.6,24.0,21.0,0.32
2026-04-22T06:00,11.5,20.2,18.0,0.3
2026-04-22T07:00,10.8,17.2,13.0,0.35
2026-04-22T08:00,10.3,16.4,12.0,0.42
2026-04-22T09:00,11.3,18.1,17.0,0.49
2026-04-22T10:00,12.0,23.3,26.0,0.49
2026-04-22T11:00,12.8,30.7,33.0,0.51
2026-04-22T12:00,13.9,35.6,37.0,0.54
2026-04-22T13:00,17.0,44.4,40.0,0.56
2026-04-22T14:00,16.2,38.3,41.0,0.48
2026-04-22T15:00,16.1,38.1,40.0,0.33
2026-04-22T16:00,15.9,35.9,37.0,0.26
2026-04-22T17:00,21.8,50.5,54.0,0.44
2026-04-22T18:00,21.9,45.2,47.0,0.32
2026-04-22T19:00,21.2,40.2,36.0,0.25
2026-04-22T20:00,20.1,34.8,28.0,0.2
2026-04-22T21:00,19.6,30.9,23.0,0.19
2026-04-22T22:00,19.7,29.4,20.0,0.18
2026-04-22T23:00,20.9,30.3,18.0,0.21
2026-04-23T00:00,21.1,29.8,17.0,0.25
2026-04-23T01:00,19.4,28.5,18.0,0.31
2026-04-23T02:00,19.1,28.3,18.0,0.32
2026-04-23T03:00,16.1,24.9,17.0,0.35
2026-04-23T04:00,14.8,22.7,15.0,0.36
2026-04-23T05:00,13.1,20.8,15.0,0.28
2026-04-23T06:00,12.9,21.2,17.0,0.27
2026-04-23T07:00,13.0,21.8,19.0,0.25
2026-04-23T08:00,12.2,22.6,20.0,0.26
2026-04-23T09:00,11.5,21.6,20.0,0.2
2026-04-23T10:00,11.8,21.7,19.0,0.16
2026-04-23T11:00,10.9,20.3,18.0,0.16
2026-04-23T12:00,7.7,17.0,18.0,0.2
2026-04-23T13:00,7.9,17.4,19.0,0.19
2026-04-23T14:00,9.7,19.8,19.0,0.16
2026-04-23T15:00,9.9,19.8,19.0,0.14
2026-04-23T16:00,9.4,18.7,18.0,0.14
2026-04-23T17:00,8.4,19.4,21.0,0.12
2026-04-23T18:00,10.0,19.2,21.0,0.12
2026-04-23T19:00,12.2,21.5,20.0,0.11
2026-04-23T20:00,16.0,26.5,20.0,0.12
2026-04-23T21:00,19.2,30.2,20.0,0.11
2026-04-23T22:00,21.2,32.1,20.0,0.11
2026-04-23T23:00,23.2,33.3,19.0,0.1
2026-04-24T00:00,24.0,32.8,16.0,0.1
2026-04-24T01:00,23.8,30.6,12.0,0.1
2026-04-24T02:00,22.5,27.4,9.0,0.11
2026-04-24T03:00,20.3,23.7,7.0,0.11
2026-04-24T04:00,17.3,20.0,5.0,0.11
2026-04-24T05:00,15.7,18.2,5.0,0.1
2026-04-24T06:00,13.9,16.3,4.0,0.09
2026-04-24T07:00,12.3,14.6,4.0,0.08
2026-04-24T08:00,10.9,13.0,4.0,0.07
2026-04-24T09:00,9.5,13.2,6.0,0.06
2026-04-24T10:00,7.9,13.3,8.0,0.06
2026-04-24T11:00,6.7,11.8,10.0,0.06
2026-04-24T12:00,5.8,10.2,10.0,0.06
2026-04-24T13:00,5.1,9.0,8.0,0.06
2026-04-24T14:00,4.4,8.1,7.0,0.06
2026-04-24T15:00,4.0,7.6,6.0,0.06
2026-04-24T16:00,4.0,7.3,6.0,0.06
2026-04-24T17:00,5.1,11.7,12.0,0.07
2026-04-24T18:00,7.7,12.4,11.0,0.07
2026-04-24T19:00,11.4,16.4,10.0,0.07
2026-04-24T20:00,14.0,18.9,9.0,0.07
2026-04-24T21:00,14.3,18.3,7.0,0.08
2026-04-24T22:00,13.5,16.5,6.0,0.08
2026-04-24T23:00,13.9,15.9,4.0,0.08
2026-04-25T00:00,13.5,14.9,3.0,0.08
2026-04-25T01:00,12.5,13.6,2.0,0.08
2026-04-25T02:00,11.2,12.3,2.0,0.08
2026-04-25T03:00,9.9,11.1,2.0,0.08
2026-04-25T04:00,8.8,10.0,2.0,0.09
2026-04-25T05:00,8.1,9.3,2.0,0.09
2026-04-25T06:00,7.3,8.8,2.0,0.08
2026-04-25T07:00,6.8,8.3,2.0,0.08
2026-04-25T08:00,7.6,9.2,3.0,0.09
2026-04-25T09:00,8.4,10.7,5.0,0.09
2026-04-25T10:00,6.3,10.4,7.0,0.09
2026-04-25T11:00,5.3,9.4,8.0,0.09
2026-04-25T12:00,4.5,8.7,8.0,0.09
2026-04-25T13:00,4.1,8.3,8.0,0.09
2026-04-25T14:00,3.7,7.9,8.0,0.09
2026-04-25T15:00,3.6,7.5,8.0,0.09
2026-04-25T16:00,3.7,7.6,7.0,0.1
2026-04-25T17:00,3.0,4.3,3.0,0.09
2026-04-25T18:00,5.4,6.7,3.0,0.09
2026-04-25T19:00,7.9,9.3,2.0,0.09
2026-04-25T20:00,9.4,10.7,2.0,0.09
2026-04-25T21:00,9.9,11.0,2.0,0.09
2026-04-25T22:00,9.9,10.8,2.0,0.1
2026-04-25T23:00,9.3,10.2,2.0,0.12
2026-04-26T00:00,8.0,8.9,2.0,0.12
2026-04-26T01:00,6.8,7.8,2.0,0.13
2026-04-26T02:00,6.1,7.1,2.0,0.14
2026-04-26T03:00,5.5,6.5,2.0,0.15
2026-04-26T04:00,5.1,6.0,2.0,0.17
2026-04-26T05:00,4.1,5.2,2.0,0.17
2026-04-26T06:00,4.5,5.6,2.0,0.18
2026-04-26T07:00,5.4,6.6,1.0,0.19
2026-04-26T08:00,7.2,8.4,2.0,0.19
2026-04-26T09:00,8.4,10.4,4.0,0.19
2026-04-26T10:00,7.7,11.8,7.0,0.19
2026-04-26T11:00,6.7,11.8,10.0,0.19
2026-04-26T12:00,6.0,12.3,12.0,0.2
2026-04-26T13:00,6.1,13.4,13.0,0.2
2026-04-26T14:00,6.3,14.2,15.0,0.21
2026-04-26T15:00,6.2,14.0,17.0,0.25
2026-04-26T16:00,6.9,15.8,19.0,0.23
2026-04-26T17:00,9.4,27.2,33.0,0.28
2026-04-26T18:00,11.2,26.8,30.0,0.27
2026-04-26T19:00,13.6,27.1,26.0,0.25
2026-04-26T20:00,12.4,23.8,21.0,0.24
2026-04-26T21:00,9.2,17.2,15.0,0.22
2026-04-26T22:00,6.8,11.7,9.0,0.21
2026-04-26T23:00,5.3,8.1,5.0,0.19
2026-04-27T00:00,4.1,5.8,3.0,0.17
2026-04-27T01:00,3.6,5.0,3.0,0.16
2026-04-27T02:00,3.8,5.5,3.0,0.19
2026-04-27T03:00,4.7,7.4,4.0,0.21
2026-04-27T04:00,6.4,10.0,6.0,0.21
2026-04-27T05:00,9.5,13.4,7.0,0.23
2026-04-27T06:00,10.5,14.5,7.0,0.24
2026-04-27T07:00,11.6,15.4,8.0,0.23
2026-04-27T08:00,11.8,15.8,8.0,0.23
2026-04-27T09:00,10.7,14.5,8.0,0.24
2026-04-27T10:00,10.5,14.1,8.0,0.25
2026-04-27T11:00,10.8,15.3,9.0,0.26
2026-04-27T12:00,10.2,16.4,13.0,0.26
2026-04-27T13:00,9.9,18.5,17.0,0.27
2026-04-27T14:00,10.9,21.5,21.0,0.27
2026-04-27T15:00,11.3,22.9,23.0,0.26
2026-04-27T16:00,11.3,23.2,23.0,0.26
2026-04-27T17:00,3.8,5.2,3.0,0.22
2026-04-27T18:00,4.5,5.8,2.0,0.21
2026-04-27T19:00,5.8,6.6,2.0,0.21
2026-04-27T20:00,6.7,7.1,1.0,0.21
2026-04-27T21:00,7.4,7.6,1.0,0.21
2026-04-27T22:00,9.3,9.6,1.0,0.21
2026-04-27T23:00,12.2,12.9,1.0,0.21
2026-04-28T00:00,15.0,16.2,2.0,0.21
2026-04-28T01:00,16.9,18.3,2.0,0.21
2026-04-28T02:00,17.6,18.9,3.0,0.22
2026-04-28T03:00,17.3,18.6,3.0,0.22
2026-04-28T04:00,16.5,17.8,2.0,0.23
2026-04-28T05:00,15.6,17.8,4.0,0.23
2026-04-28T06:00,15.7,17.9,4.0,0.23
2026-04-28T07:00,16.0,18.6,4.0,0.23
2026-04-28T08:00,15.3,17.6,4.0,0.23
2026-04-28T09:00,9.4,10.6,3.0,0.23
2026-04-28T10:00,4.9,5.1,1.0,0.23
2026-04-28T11:00,4.3,4.6,1.0,0.24
2026-04-28T12:00,4.8,5.9,2.0,0.25
2026-04-28T13:00,5.4,7.8,5.0,0.25
2026-04-28T14:00,5.8,9.4,7.0,0.26
2026-04-28T15:00,6.3,10.3,8.0,0.28
2026-04-28T16:00,7.1,11.6,9.0,0.28
2026-04-28T17:00,5.6,10.8,10.0,0.21
2026-04-28T18:00,7.9,12.5,11.0,0.2
2026-04-28T19:00,10.7,16.1,12.0,0.18
2026-04-28T20:00,13.9,20.9,13.0,0.18
2026-04-28T21:00,16.2,23.8,14.0,0.18
2026-04-28T22:00,17.9,26.0,15.0,0.18
2026-04-28T23:00,19.4,27.2,15.0,0.18
2026-04-29T00:00,20.0,26.7,13.0,0.18
2026-04-29T01:00,19.8,25.4,11.0,0.17
2026-04-29T02:00,19.6,24.5,9.0,0.17
2026-04-29T03:00,19.4,23.8,8.0,0.16
2026-04-29T04:00,19.2,23.1,7.0,0.15
2026-04-29T05:00,16.1,18.7,5.0,0.14
2026-04-29T06:00,15.9,18.7,5.0,0.14
2026-04-29T07:00,15.0,18.2,6.0,0.14
2026-04-29T08:00,13.5,16.5,6.0,0.14
2026-04-29T09:00,8.2,13.0,7.0,0.14
2026-04-29T10:00,6.4,11.2,8.0,0.14
2026-04-29T11:00,5.5,9.6,8.0,0.14
2026-04-29T12:00,5.0,8.1,7.0,0.14
2026-04-29T13:00,4.6,6.8,5.0,0.14
2026-04-29T14:00,4.3,6.0,3.0,0.13
2026-04-29T15:00,4.2,5.6,3.0,0.14
2026-04-29T16:00,4.1,5.6,3.0,0.15
2026-04-29T17:00,8.8,16.6,15.0,0.2
2026-04-29T18:00,9.8,16.4,14.0,0.19
2026-04-29T19:00,15.0,21.4,14.0,0.18
2026-04-29T20:00,19.3,26.1,13.0,0.18
2026-04-29T21:00,21.8,28.4,13.0,0.18
2026-04-29T22:00,20.6,27.1,12.0,0.19
2026-04-29T23:00,20.7,27.1,12.0,0.2
2026-04-30T00:00,22.3,28.2,11.0,0.21
2026-04-30T01:00,23.7,29.0,10.0,0.24
2026-04-30T02:00,24.3,29.2,9.0,0.26
2026-04-30T03:00,24.4,29.4,9.0,0.29
2026-04-30T04:00,24.3,29.5,10.0,0.3
2026-04-30T05:00,20.2,25.5,10.0,0.28
2026-04-30T06:00,20.8,27.4,10.0,0.29
2026-04-30T07:00,20.7,27.8,11.0,0.3
2026-04-30T08:00,19.3,26.7,14.0,0.31
2026-04-30T09:00,18.0,31.8,21.0,0.31
2026-04-30T10:00,16.9,35.3,31.0,0.32
2026-04-30T11:00,15.8,34.7,37.0,0.31
2026-04-30T12:00,14.1,31.3,37.0,0.31
2026-04-30T13:00,12.6,28.1,33.0,0.32
2026-04-30T14:00,12.0,27.4,30.0,0.32
2026-04-30T15:00,12.0,27.4,29.0,0.31
2026-04-30T16:00,12.7,27.4,27.0,0.32
2026-04-30T17:00,9.4,19.0,19.0,0.22
2026-04-30T18:00,10.9,19.0,17.0,0.21
2026-04-30T19:00,12.7,19.4,14.0,0.2
2026-04-30T20:00,13.5,19.7,12.0,0.2
2026-04-30T21:00,14.0,19.7,11.0,0.19
2026-04-30T22:00,14.4,19.7,10.0,0.19
2026-04-30T23:00,14.8,19.8,10.0,0.19
2026-05-01T00:00,14.6,19.3,9.0,0.19
2026-05-01T01:00,13.5,18.1,9.0,0.18
2026-05-01T02:00,12.9,17.1,8.0,0.16
2026-05-01T03:00,12.5,16.2,7.0,0.15
2026-05-01T04:00,12.0,15.4,7.0,0.14
2026-05-01T05:00,9.0,11.1,4.0,0.12
2026-05-01T06:00,9.0,11.5,4.0,0.12
2026-05-01T07:00,9.1,11.6,5.0,0.13
2026-05-01T08:00,10.2,13.3,6.0,0.14
2026-05-01T09:00,10.1,16.1,9.0,0.15
2026-05-01T10:00,8.7,16.9,14.0,0.16
2026-05-01T11:00,8.1,16.9,17.0,0.16
2026-05-01T12:00,7.8,17.1,19.0,0.17
2026-05-01T13:00,7.5,17.4,20.0,0.17
2026-05-01T14:00,7.6,18.4,21.0,0.16
2026-05-01T15:00,7.2,17.6,21.0,0.17
2026-05-01T16:00,7.1,17.3,20.0,0.17
2026-05-01T17:00,9.1,22.5,25.0,0.21
2026-05-01T18:00,10.2,22.5,23.0,0.23
2026-05-01T19:00,13.5,25.1,21.0,0.27
2026-05-01T20:00,14.2,23.5,18.0,0.33
2026-05-01T21:00,15.2,22.7,15.0,0.35
2026-05-01T22:00,17.7,24.3,13.0,0.36
2026-05-01T23:00,20.0,26.4,12.0,0.34
2026-05-02T00:00,21.5,28.3,14.0,0.34
2026-05-02T01:00,22.2,29.6,17.0,0.37
2026-05-02T02:00,23.7,33.9,19.0,0.4
2026-05-02T03:00,21.5,29.9,17.0,0.44
2026-05-02T04:00,19.3,26.8,14.0,0.48
2026-05-02T05:00,14.2,25.2,20.0,0.47
2026-05-02T06:00,14.1,26.0,22.0,0.46
2026-05-02T07:00,14.8,29.5,25.0,0.37
2026-05-02T08:00,15.3,30.4,28.0,0.35
2026-05-02T09:00,15.4,30.5,30.0,0.37
2026-05-02T10:00,15.4,30.9,31.0,0.37
2026-05-02T11:00,15.2,31.8,31.0,0.34
2026-05-02T12:00,14.4,30.6,31.0,0.32
2026-05-02T13:00,13.9,29.6,30.0,0.29
2026-05-02T14:00,14.4,29.7,29.0,0.28
2026-05-02T15:00,13.3,28.1,28.0,0.28
2026-05-02T16:00,12.8,26.6,26.0,0.28
2026-05-02T17:00,18.6,42.8,46.0,0.41
2026-05-02T18:00,16.9,38.5,41.0,0.38
2026-05-02T19:00,17.6,35.0,35.0,0.35
2026-05-02T20:00,19.0,34.8,30.0,0.35
2026-05-02T21:00,21.4,38.8,29.0,0.33
2026-05-02T22:00,22.4,40.7,31.0,0.34
2026-05-02T23:00,25.3,42.4,32.0,0.34
2026-05-03T00:00,27.0,43.5,32.0,0.33
2026-05-03T01:00,28.5,44.9,32.0,0.32
2026-05-03T02:00,29.0,45.9,32.0,0.31
2026-05-03T03:00,29.6,47.4,34.0,0.31
2026-05-03T04:00,30.2,49.0,36.0,0.31
2026-05-03T05:00,29.9,52.3,42.0,0.29
2026-05-03T06:00,30.9,52.9,41.0,0.29
2026-05-03T07:00,32.2,46.0,40.0,0.31
2026-05-03T08:00,25.6,46.7,40.0,0.33
2026-05-03T09:00,19.5,42.6,42.0,0.33
2026-05-03T10:00,17.5,41.1,45.0,0.32
2026-05-03T11:00,17.1,41.6,47.0,0.32
2026-05-03T12:00,16.2,40.0,46.0,0.31
2026-05-03T13:00,15.6,38.3,44.0,0.3
2026-05-03T14:00,15.2,36.3,41.0,0.29
2026-05-03T15:00,15.1,35.7,36.0,0.26
2026-05-03T16:00,14.8,33.2,29.0,0.3
2026-05-03T17:00,23.1,51.7,55.0,0.54
2026-05-03T18:00,20.1,37.5,47.0,0.49
2026-05-03T19:00,21.2,36.6,36.0,0.36
2026-05-03T20:00,24.3,38.3,27.0,0.32
2026-05-03T21:00,26.7,40.9,24.0,0.32
2026-05-03T22:00,29.5,44.0,24.0,0.42
2026-05-03T23:00,28.2,41.1,24.0,0.44
2026-05-04T00:00,27.2,40.5,24.0,0.37
2026-05-04T01:00,28.6,42.1,24.0,0.35
2026-05-04T02:00,29.2,42.1,24.0,0.36
2026-05-04T03:00,29.5,42.5,23.0,0.34
2026-05-04T04:00,29.6,42.1,22.0,0.31
2026-05-04T05:00,24.9,35.0,19.0,0.21
2026-05-04T06:00,25.9,36.6,24.0,0.2
2026-05-04T07:00,27.1,36.3,31.0,0.21
2026-05-04T08:00,26.3,44.4,34.0,0.2
2026-05-04T09:00,21.3,38.0,31.0,0.2
2026-05-04T10:00,16.1,29.2,25.0,0.19
2026-05-04T11:00,12.7,23.5,21.0,0.18
2026-05-04T12:00,11.1,20.9,20.0,0.17
2026-05-04T13:00,9.7,20.0,21.0,0.15
2026-05-04T14:00,8.6,20.2,22.0,0.15
2026-05-04T15:00,8.1,20.3,23.0,0.14
2026-05-04T16:00,7.9,20.7,24.0,0.14
2026-05-04T17:00,8.6,20.3,23.0,0.18
2026-05-04T18:00,8.8,19.3,21.0,0.17
2026-05-04T19:00,13.5,22.2,18.0,0.17
2026-05-04T20:00,18.0,26.4,16.0,0.17
2026-05-04T21:00,21.3,29.3,16.0,0.16
2026-05-04T22:00,23.4,31.8,17.0,0.16
2026-05-04T23:00,24.8,33.5,17.0,0.15
2026-05-05T00:00,25.8,34.0,14.0,0.15
2026-05-05T01:00,25.4,31.4,11.0,0.15
2026-05-05T02:00,22.9,27.1,8.0,0.15
2026-05-05T03:00,20.0,23.9,7.0,0.15
2026-05-05T04:00,17.7,21.8,7.0,0.15
2026-05-05T05:00,13.5,17.5,7.0,0.13
2026-05-05T06:00,12.2,15.6,7.0,0.12
2026-05-05T07:00,11.1,14.2,6.0,0.12
2026-05-05T08:00,10.7,14.7,8.0,0.12
2026-05-05T09:00,10.0,21.3,13.0,0.11
2026-05-05T10:00,9.4,24.1,20.0,0.11
2026-05-05T11:00,7.6,20.9,25.0,0.1
2026-05-05T12:00,5.9,17.5,25.0,0.1
2026-05-05T13:00,5.3,16.1,22.0,0.1
2026-05-05T14:00,4.9,14.8,19.0,0.1
2026-05-05T15:00,4.6,13.6,18.0,0.1
2026-05-05T16:00,4.3,12.6,16.0,0.11
2026-05-05T17:00,4.2,11.8,14.0,0.11
2026-05-05T18:00,5.6,12.0,13.0,0.11
2026-05-05T19:00,8.1,13.5,11.0,0.11
2026-05-05T20:00,9.0,13.9,9.0,0.11
2026-05-05T21:00,8.7,13.0,8.0,0.11
2026-05-05T22:00,9.3,12.7,6.0,0.11
2026-05-05T23:00,9.7,12.3,5.0,0.11
2026-05-06T00:00,9.9,11.9,4.0,0.11
2026-05-06T01:00,9.3,11.1,3.0,0.11
2026-05-06T02:00,8.3,10.1,3.0,0.11
2026-05-06T03:00,7.3,9.2,3.0,0.11
2026-05-06T04:00,7.1,9.1,4.0,0.1
2026-05-06T05:00,5.5,6.3,2.0,0.1
2026-05-06T06:00,5.8,7.1,2.0,0.1
2026-05-06T07:00,6.7,8.0,2.0,0.11
2026-05-06T08:00,8.1,10.0,3.0,0.12
2026-05-06T09:00,9.2,12.6,8.0,0.13
2026-05-06T10:00,7.7,14.3,15.0,0.14
2026-05-06T11:00,8.9,18.8,19.0,0.15
2026-05-06T12:00,8.5,17.5,19.0,0.16
2026-05-06T13:00,7.9,15.5,16.0,0.17
2026-05-06T14:00,7.8,14.6,14.0,0.18
2026-05-06T15:00,7.7,14.3,13.0,0.18
2026-05-06T16:00,7.7,14.2,13.0,0.19
2026-05-06T17:00,1.4,1.7,1.0,0.19
2026-05-06T18:00,3.2,3.4,1.0,0.19
2026-05-06T19:00,8.6,8.7,0.0,0.2
2026-05-06T20:00,11.8,12.1,0.0,0.19
2026-05-06T21:00,12.5,13.0,0.0,0.18
2026-05-06T22:00,12.1,12.7,1.0,0.17
2026-05-06T23:00,12.0,12.7,1.0,0.17
2026-05-07T00:00,11.1,11.8,1.0,0.18
2026-05-07T01:00,9.4,10.4,2.0,0.19
2026-05-07T02:00,7.7,8.9,2.0,0.19
2026-05-07T03:00,6.5,7.9,2.0,0.19
2026-05-07T04:00,5.8,7.3,3.0,0.18
2026-05-07T05:00,5.3,6.5,2.0,0.17
2026-05-07T06:00,5.1,6.6,2.0,0.17
2026-05-07T07:00,5.6,7.2,2.0,0.17
2026-05-07T08:00,6.8,8.9,4.0,0.16
2026-05-07T09:00,7.5,11.2,10.0,0.17
2026-05-07T10:00,7.0,14.8,17.0,0.17
2026-05-07T11:00,7.8,20.7,24.0,0.17
2026-05-07T12:00,8.5,25.3,30.0,0.17
2026-05-07T13:00,8.1,27.0,34.0,0.17
2026-05-07T14:00,7.8,27.9,38.0,0.17
2026-05-07T15:00,7.8,28.6,40.0,0.17
2026-05-07T16:00,8.0,29.3,41.0,0.15
2026-05-07T17:00,8.8,29.5,40.0,0.15
2026-05-07T18:00,10.3,30.0,38.0,0.15
2026-05-07T19:00,12.8,30.5,34.0,0.15
2026-05-07T20:00,13.7,29.7,30.0,0.16
2026-05-07T21:00,12.2,25.1,25.0,0.17
2026-05-07T22:00,11.3,21.7,20.0,0.17
2026-05-07T23:00,11.3,19.4,15.0,0.17
2026-05-08T00:00,10.7,16.7,12.0,0.19
2026-05-08T01:00,9.9,14.9,10.0,0.21
2026-05-08T02:00,9.0,14.0,9.0,0.23
2026-05-08T03:00,8.2,13.3,9.0,0.25
2026-05-08T04:00,7.5,12.7,9.0,0.28
2026-05-08T05:00,7.5,12.3,9.0,0.29
2026-05-08T06:00,6.8,11.9,9.0,0.28
2026-05-08T07:00,7.1,12.4,9.0,0.3
2026-05-08T08:00,8.4,14.5,11.0,0.33
2026-05-08T09:00,10.1,19.7,17.0,0.38
2026-05-08T10:00,10.3,23.7,24.0,0.38
2026-05-08T11:00,10.9,28.0,32.0,0.37
2026-05-08T12:00,11.0,29.9,38.0,0.38
2026-05-08T13:00,11.0,31.7,44.0,0.41
2026-05-08T14:00,11.2,37.7,51.0,0.36
2026-05-08T15:00,11.9,45.4,60.0,0.32
2026-05-08T16:00,12.7,49.9,69.0,0.32
2026-05-08T17:00,12.3,45.9,66.0,0.27
2026-05-08T18:00,12.9,46.1,66.0,0.24
2026-05-08T19:00,16.5,49.4,65.0,0.23
2026-05-08T20:00,19.1,51.0,62.0,0.24
2026-05-08T21:00,20.0,49.2,55.0,0.24
2026-05-08T22:00,19.0,43.7,46.0,0.23
2026-05-08T23:00,18.2,38.5,38.0,0.26
2026-05-09T00:00,17.4,33.1,33.0,0.3
2026-05-09T01:00,15.9,29.1,28.0,0.32
2026-05-09T02:00,14.7,27.9,25.0,0.34
2026-05-09T03:00,13.3,26.5,23.0,0.31
2026-05-09T04:00,12.0,23.9,22.0,0.29
2026-05-09T05:00,9.9,16.1,12.0,0.3
2026-05-09T06:00,9.3,16.4,11.0,0.3
2026-05-09T07:00,10.1,20.0,11.0,0.29
2026-05-09T08:00,11.3,19.8,16.0,0.29
2026-05-09T09:00,14.3,32.8,33.0,0.32
2026-05-09T10:00,16.2,49.5,55.0,0.36
2026-05-09T11:00,16.8,53.8,71.0,0.37
2026-05-09T12:00,16.7,55.1,74.0,0.38
2026-05-09T13:00,16.5,52.7,70.0,0.42
2026-05-09T14:00,15.9,50.6,67.0,0.41
2026-05-09T15:00,15.5,50.6,69.0,0.39
2026-05-09T16:00,15.8,53.1,73.0,0.39
2026-05-09T17:00,14.2,36.7,43.0,0.47
2026-05-09T18:00,15.7,39.1,45.0,0.4
2026-05-09T19:00,17.6,43.8,49.0,0.42
2026-05-09T20:00,18.5,45.3,51.0,0.45
2026-05-09T21:00,17.8,37.3,51.0,0.48
2026-05-09T22:00,18.9,44.9,49.0,0.65
2026-05-09T23:00,18.6,44.5,49.0,0.54
2026-05-10T00:00,18.7,46.1,52.0,0.5
2026-05-10T01:00,19.5,49.4,56.0,0.55
2026-05-10T02:00,19.7,51.8,60.0,0.59
2026-05-10T03:00,20.3,54.0,65.0,0.67
2026-05-10T04:00,22.4,58.9,70.0,0.75
2026-05-10T05:00,14.1,33.4,36.0,0.77
2026-05-10T06:00,13.1,30.5,34.0,0.61
2026-05-10T07:00,12.7,29.5,32.0,0.46
2026-05-10T08:00,12.4,28.8,30.0,0.45
2026-05-10T09:00,12.5,29.5,29.0,0.4
2026-05-10T10:00,12.1,28.7,29.0,0.28
2026-05-10T11:00,12.0,28.4,30.0,0.23
2026-05-10T12:00,13.1,31.1,33.0,0.22
2026-05-10T13:00,14.3,34.8,37.0,0.25
2026-05-10T14:00,13.6,35.7,41.0,0.22
2026-05-10T15:00,13.9,38.0,45.0,0.19
2026-05-10T16:00,14.3,40.2,49.0,0.18
2026-05-10T17:00,14.6,41.6,50.0,0.18
2026-05-10T18:00,15.2,43.1,47.0,0.2
2026-05-10T19:00,15.7,38.3,41.0,0.21
2026-05-10T20:00,16.9,36.4,36.0,0.24
2026-05-10T21:00,15.5,31.5,32.0,0.27
2026-05-10T22:00,15.1,30.0,29.0,0.28
2026-05-10T23:00,15.3,30.9,29.0,0.25
2026-05-11T00:00,15.0,32.1,34.0,0.22
2026-05-11T01:00,16.8,42.8,42.0,0.23
2026-05-11T02:00,15.9,41.7,47.0,0.25
2026-05-11T03:00,16.2,42.0,46.0,0.26
2026-05-11T04:00,16.6,40.6,43.0,0.25
2026-05-11T05:00,19.2,40.5,39.0,0.19
2026-05-11T06:00,19.4,41.6,46.0,0.19
2026-05-11T07:00,19.7,41.7,56.0,0.19
2026-05-11T08:00,19.2,53.1,62.0,0.18
2026-05-11T09:00,17.5,55.2,61.0,0.17
2026-05-11T10:00,16.2,50.1,56.0,0.16
2026-05-11T11:00,13.6,41.4,51.0,0.15
2026-05-11T12:00,11.8,35.0,46.0,0.14
2026-05-11T13:00,10.8,31.3,40.0,0.14
2026-05-11T14:00,10.4,29.2,35.0,0.14
2026-05-11T15:00,9.9,27.6,33.0,0.14
2026-05-11T16:00,9.3,25.9,32.0,0.13
2026-05-11T17:00,7.4,19.6,22.0,0.1
2026-05-11T18:00,6.7,17.3,19.0,0.1
2026-05-11T19:00,6.6,14.4,16.0,0.09
2026-05-11T20:00,7.6,14.4,13.0,0.09
2026-05-11T21:00,7.9,13.6,12.0,0.08
2026-05-11T22:00,8.2,13.5,11.0,0.08
2026-05-11T23:00,9.2,14.4,10.0,0.09
2026-05-12T00:00,10.2,15.4,9.0,0.09
2026-05-12T01:00,10.7,15.5,9.0,0.1
2026-05-12T02:00,10.9,15.3,8.0,0.1
2026-05-12T03:00,11.3,15.0,7.0,0.1
2026-05-12T04:00,12.0,15.1,6.0,0.11
2026-05-12T05:00,15.0,17.9,6.0,0.12
2026-05-12T06:00,15.0,17.6,7.0,0.12
2026-05-12T07:00,14.8,17.2,8.0,0.12
2026-05-12T08:00,14.1,19.6,10.0,0.11
2026-05-12T09:00,12.7,20.5,12.0,0.11
2026-05-12T10:00,9.5,17.6,14.0,0.11
2026-05-12T11:00,8.4,16.2,15.0,0.11
2026-05-12T12:00,7.4,13.8,13.0,0.1
2026-05-12T13:00,6.6,11.3,10.0,0.1
2026-05-12T14:00,5.9,9.3,7.0,0.1
2026-05-12T15:00,5.5,7.9,5.0,0.09
2026-05-12T16:00,5.4,7.0,3.0,0.09
2026-05-12T17:00,5.6,6.7,2.0,0.08
2026-05-12T18:00,6.3,7.1,1.0,0.08
2026-05-12T19:00,7.8,8.5,1.0,0.08
2026-05-12T20:00,9.5,10.0,1.0,0.07
2026-05-12T21:00,10.6,11.2,1.0,0.07
2026-05-12T22:00,12.6,13.1,1.0,0.07
2026-05-12T23:00,14.7,15.2,1.0,0.07
2026-05-13T00:00,16.0,16.5,1.0,0.07
2026-05-13T01:00,16.2,16.6,1.0,0.07
2026-05-13T02:00,15.7,16.1,1.0,0.07
2026-05-13T03:00,14.9,15.3,1.0,0.08
2026-05-13T04:00,14.1,14.5,1.0,0.08
2026-05-13T05:00,16.8,16.9,0.0,0.09
2026-05-13T06:00,17.1,17.3,1.0,0.1
2026-05-13T07:00,18.3,18.6,1.0,0.1
2026-05-13T08:00,16.6,17.8,2.0,0.11
2026-05-13T09:00,13.9,15.9,3.0,0.12
2026-05-13T10:00,10.4,12.5,3.0,0.13
2026-05-13T11:00,9.7,11.9,4.0,0.13
2026-05-13T12:00,9.7,12.2,5.0,0.14
2026-05-13T13:00,9.8,12.5,5.0,0.14
2026-05-13T14:00,9.5,12.2,5.0,0.14
2026-05-13T15:00,9.4,11.7,5.0,0.13
2026-05-13T16:00,9.1,11.0,4.0,0.13
2026-05-13T17:00,8.1,8.7,1.0,0.12
2026-05-13T18:00,8.1,8.5,1.0,0.11
2026-05-13T19:00,8.5,8.7,0.0,0.1
2026-05-13T20:00,9.4,9.5,0.0,0.11
2026-05-13T21:00,10.6,10.8,0.0,0.11
2026-05-13T22:00,12.9,13.1,0.0,0.11
2026-05-13T23:00,15.8,16.0,0.0,0.11
2026-05-14T00:00,17.3,17.5,0.0,0.12
2026-05-14T01:00,17.3,17.5,0.0,0.12
2026-05-14T02:00,16.4,16.6,0.0,0.12
2026-05-14T03:00,15.3,15.5,0.0,0.12
2026-05-14T04:00,14.0,14.3,1.0,0.13
2026-05-14T05:00,12.6,13.0,1.0,0.13
2026-05-14T06:00,12.2,12.7,1.0,0.13
2026-05-14T07:00,12.5,13.0,1.0,0.14
2026-05-14T08:00,12.9,13.6,1.0,0.14
2026-05-14T09:00,11.4,13.1,2.0,0.15
2026-05-14T10:00,11.3,13.1,2.0,0.16
2026-05-14T11:00,11.9,13.7,3.0,0.17
2026-05-14T12:00,12.0,14.0,3.0,0.17
2026-05-14T13:00,10.9,13.0,4.0,0.17
2026-05-14T14:00,9.7,12.0,4.0,0.17
2026-05-14T15:00,8.9,11.3,4.0,0.18
2026-05-14T16:00,8.4,10.9,4.0,0.18
2026-05-14T17:00,3.7,3.7,0.0,0.14
2026-05-14T18:00,5.1,5.1,0.0,0.15
2026-05-14T19:00,7.0,7.0,0.0,0.17
2026-05-14T20:00,9.2,9.2,0.0,0.18
2026-05-14T21:00,11.1,11.1,0.0,0.17
2026-05-14T22:00,13.1,13.1,0.0,0.16
2026-05-14T23:00,14.8,14.8,0.0,0.15
2026-05-15T00:00,15.4,15.4,0.0,0.13
2026-05-15T01:00,14.8,14.8,0.0,0.13
2026-05-15T02:00,13.6,13.6,0.0,0.13
2026-05-15T03:00,12.3,12.3,0.0,0.12
2026-05-15T04:00,11.1,11.1,0.0,0.12
2026-05-15T05:00,9.1,9.1,0.0,0.12
2026-05-15T06:00,8.9,9.0,0.0,0.12
2026-05-15T07:00,9.7,9.8,0.0,0.11
2026-05-15T08:00,10.1,10.2,0.0,0.1
2026-05-15T09:00,7.8,8.0,0.0,0.1
2026-05-15T10:00,7.4,7.5,0.0,0.1
2026-05-15T11:00,7.4,7.6,0.0,0.11
2026-05-15T12:00,6.6,6.8,0.0,0.11
2026-05-15T13:00,6.2,6.5,1.0,0.11
2026-05-15T14:00,6.0,6.7,1.0,0.11
2026-05-15T15:00,5.8,7.0,2.0,0.11
2026-05-15T16:00,5.5,7.0,3.0,0.12
2026-05-15T17:00,3.3,3.3,0.0,0.1
2026-05-15T18:00,5.6,5.6,0.0,0.12
2026-05-15T19:00,9.1,9.1,0.0,0.14
2026-05-15T20:00,13.5,13.6,0.0,0.16
2026-05-15T21:00,17.1,17.1,0.0,0.17
2026-05-15T22:00,19.6,19.6,0.0,0.19
2026-05-15T23:00,20.8,21.0,0.0,0.2
2026-05-16T00:00,20.3,20.4,0.0,0.2
2026-05-16T01:00,18.8,18.9,0.0,0.21
2026-05-16T02:00,16.9,16.9,0.0,0.23
2026-05-16T03:00,15.1,15.2,0.0,0.25
2026-05-16T04:00,13.7,13.8,0.0,0.27
2026-05-16T05:00,10.6,10.7,0.0,0.32
2026-05-16T06:00,9.6,9.8,0.0,0.34
2026-05-16T07:00,9.5,9.8,1.0,0.34
2026-05-16T08:00,9.6,10.1,1.0,0.34
2026-05-16T09:00,9.5,10.2,1.0,0.32
2026-05-16T10:00,7.5,8.4,1.0,0.31
2026-05-16T11:00,6.6,8.0,3.0,0.3
2026-05-16T12:00,6.4,9.4,10.0,0.26
2026-05-16T13:00,6.9,14.8,20.0,0.23
2026-05-16T14:00,9.1,24.0,28.0,0.22
2026-05-16T15:00,9.8,27.5,32.0,0.21
2026-05-16T16:00,10.1,28.6,33.0,0.18
2026-05-16T17:00,7.5,20.3,25.0,0.13
2026-05-16T18:00,10.0,20.8,23.0,0.12
2026-05-16T19:00,11.3,22.0,21.0,0.11
2026-05-16T20:00,10.9,20.7,18.0,0.11
2026-05-16T21:00,10.2,19.0,16.0,0.11
2026-05-16T22:00,10.1,17.4,13.0,0.1
2026-05-16T23:00,10.1,16.0,11.0,0.11
2026-05-17T00:00,9.5,14.4,9.0,0.13
2026-05-17T01:00,9.1,13.2,8.0,0.15
2026-05-17T02:00,9.1,12.7,7.0,0.17
2026-05-17T03:00,8.9,12.0,6.0,0.19
2026-05-17T04:00,8.6,11.2,5.0,0.19
2026-05-17T05:00,7.9,10.7,5.0,0.19
2026-05-17T06:00,7.5,9.7,4.0,0.19
2026-05-17T07:00,8.1,10.1,3.0,0.2
2026-05-17T08:00,9.8,12.1,4.0,0.23
2026-05-17T09:00,10.1,15.5,8.0,0.25
2026-05-17T10:00,10.4,19.3,14.0,0.25
2026-05-17T11:00,10.5,20.8,20.0,0.26
2026-05-17T12:00,10.5,22.5,24.0,0.26
2026-05-17T13:00,10.5,24.9,27.0,0.25
2026-05-17T14:00,10.7,26.6,30.0,0.22
2026-05-17T15:00,10.8,27.6,32.0,0.2
2026-05-17T16:00,10.8,27.8,32.0,0.19
2026-05-17T17:00,7.7,18.3,20.0,0.16
2026-05-17T18:00,7.8,17.4,19.0,0.16
2026-05-17T19:00,9.8,18.7,18.0,0.19
2026-05-17T20:00,12.6,21.4,17.0,0.22
2026-05-17T21:00,15.8,24.0,15.0,0.23
2026-05-17T22:00,18.0,25.1,12.0,0.24
2026-05-17T23:00,18.7,23.9,10.0,0.27
2026-05-18T00:00,17.9,21.7,8.0,0.31
2026-05-18T01:00,16.6,19.8,7.0,0.34
2026-05-18T02:00,15.1,17.9,6.0,0.33
2026-05-18T03:00,13.1,16.1,6.0,0.3
2026-05-18T04:00,11.7,14.9,6.0,0.32
2026-05-18T05:00,10.0,12.7,5.0,0.37
2026-05-18T06:00,9.6,13.1,6.0,0.39
2026-05-18T07:00,11.4,15.2,7.0,0.42
2026-05-18T08:00,12.4,17.6,10.0,0.42
2026-05-18T09:00,13.7,19.7,16.0,0.45
2026-05-18T10:00,14.2,23.1,25.0,0.44
2026-05-18T11:00,16.0,33.4,33.0,0.41
2026-05-18T12:00,17.5,42.6,42.0,0.4
2026-05-18T13:00,18.3,47.1,52.0,0.4
2026-05-18T14:00,18.0,47.8,58.0,0.43
2026-05-18T15:00,17.5,46.6,57.0,0.46
2026-05-18T16:00,17.3,45.1,53.0,0.45
2026-05-18T17:00,14.5,31.3,31.0,0.39
2026-05-18T18:00,14.8,30.2,28.0,0.42
2026-05-18T19:00,19.7,33.4,25.0,0.42
2026-05-18T20:00,17.8,30.2,23.0,0.45
2026-05-18T21:00,16.3,33.8,24.0,0.55
2026-05-18T22:00,15.8,34.5,27.0,0.48
2026-05-18T23:00,17.1,33.5,31.0,0.42
2026-05-19T00:00,18.4,36.0,37.0,0.47
2026-05-19T01:00,18.7,38.1,45.0,0.53
2026-05-19T02:00,19.5,44.9,48.0,0.54
2026-05-19T03:00,18.6,44.5,44.0,0.43
2026-05-19T04:00,16.7,37.6,37.0,0.32
2026-05-19T05:00,21.0,38.8,33.0,0.43
2026-05-19T06:00,20.5,36.3,41.0,0.47
2026-05-19T07:00,21.7,38.2,52.0,0.51
2026-05-19T08:00,23.7,57.0,63.0,0.5
2026-05-19T09:00,23.4,62.4,76.0,0.49
2026-05-19T10:00,21.8,65.7,89.0,0.44
2026-05-19T11:00,22.0,72.9,98.0,0.3
2026-05-19T12:00,23.3,77.8,101.0,0.27
2026-05-19T13:00,22.7,75.7,100.0,0.28
2026-05-19T14:00,22.0,72.6,98.0,0.31
2026-05-19T15:00,22.2,71.5,96.0,0.32
2026-05-19T16:00,22.7,71.5,93.0,0.3
2026-05-19T17:00,15.2,43.8,55.0,0.33
2026-05-19T18:00,17.6,41.3,48.0,0.38
2026-05-19T19:00,16.9,34.5,39.0,0.43
2026-05-19T20:00,16.2,33.5,32.0,0.38
2026-05-19T21:00,16.2,34.7,30.0,0.31
2026-05-19T22:00,16.8,32.0,30.0,0.29
2026-05-19T23:00,18.9,34.3,29.0,0.28
2026-05-20T00:00,20.1,32.7,26.0,0.27
2026-05-20T01:00,19.4,30.4,22.0,0.26
2026-05-20T02:00,19.0,29.0,18.0,0.26
2026-05-20T03:00,18.0,26.9,15.0,0.28
2026-05-20T04:00,16.6,24.6,14.0,0.3
2026-05-20T05:00,13.2,21.9,16.0,0.27
2026-05-20T06:00,13.2,22.3,17.0,0.27
2026-05-20T07:00,14.1,22.0,18.0,0.27
2026-05-20T08:00,16.2,27.3,21.0,0.27
2026-05-20T09:00,17.7,36.8,26.0,0.28
2026-05-20T10:00,18.9,39.2,33.0,0.32
2026-05-20T11:00,20.3,41.8,40.0,0.36
2026-05-20T12:00,21.2,44.8,47.0,0.39
2026-05-20T13:00,21.7,49.1,55.0,0.41
2026-05-20T14:00,22.0,54.0,61.0,0.41
2026-05-20T15:00,21.9,56.5,67.0,0.43
2026-05-20T16:00,21.8,57.9,72.0,0.45
2026-05-20T17:00,14.7,41.0,51.0,0.35
2026-05-20T18:00,16.8,37.6,48.0,0.36
2026-05-20T19:00,20.0,40.2,44.0,0.37
2026-05-20T20:00,24.3,45.5,40.0,0.38
2026-05-20T21:00,28.2,49.9,38.0,0.39
2026-05-20T22:00,30.7,51.8,37.0,0.42
2026-05-20T23:00,31.4,50.2,35.0,0.46
2026-05-21T00:00,30.0,44.7,29.0,0.48
2026-05-21T01:00,27.5,38.6,22.0,0.48
2026-05-21T02:00,25.3,34.7,17.0,0.48
2026-05-21T03:00,23.3,31.7,15.0,0.5
2026-05-21T04:00,21.7,29.8,15.0,0.47
2026-05-21T05:00,17.9,26.3,15.0,0.47
2026-05-21T06:00,18.0,28.9,16.0,0.42
2026-05-21T07:00,19.5,29.0,17.0,0.46
2026-05-21T08:00,20.0,31.1,20.0,0.46
2026-05-21T09:00,20.3,34.6,26.0,0.48
2026-05-21T10:00,20.1,41.3,35.0,0.53
2026-05-21T11:00,19.6,42.8,43.0,0.51
2026-05-21T12:00,20.8,49.1,51.0,0.48
2026-05-21T13:00,24.9,62.4,59.0,0.5
2026-05-21T14:00,23.7,57.2,63.0,0.51
2026-05-21T15:00,24.9,60.3,63.0,0.51
2026-05-21T16:00,23.9,56.2,59.0,0.49
2026-05-21T17:00,18.5,40.7,41.0,0.45
2026-05-21T18:00,17.8,36.0,36.0,0.42
2026-05-21T19:00,16.9,32.1,30.0,0.42
2026-05-21T20:00,16.8,30.6,25.0,0.39
2026-05-21T21:00,17.1,30.6,24.0,0.35
2026-05-21T22:00,17.3,31.0,24.0,0.33
2026-05-21T23:00,17.8,31.0,24.0,0.32
2026-05-22T00:00,18.6,31.4,23.0,0.35
2026-05-22T01:00,18.7,30.6,22.0,0.38
2026-05-22T02:00,19.6,32.4,23.0,0.38
2026-05-22T03:00,20.0,35.6,25.0,0.39
2026-05-22T04:00,20.0,38.0,29.0,0.42
2026-05-22T05:00,14.3,30.5,30.0,0.4
2026-05-22T06:00,15.1,36.6,37.0,0.43
2026-05-22T07:00,16.4,41.2,47.0,0.43
2026-05-22T08:00,17.4,46.3,54.0,0.42
2026-05-22T09:00,16.2,43.0,55.0,0.36
2026-05-22T10:00,16.3,42.5,52.0,0.3
2026-05-22T11:00,16.9,42.8,49.0,0.29
2026-05-22T12:00,16.1,41.0,45.0,0.29
2026-05-22T13:00,14.4,35.6,40.0,0.29
2026-05-22T14:00,13.5,32.0,35.0,0.31
2026-05-22T15:00,12.7,29.2,31.0,0.29
2026-05-22T16:00,11.9,26.3,26.0,0.32
2026-05-22T17:00,17.2,39.9,42.0,0.36
2026-05-22T18:00,16.3,34.1,37.0,0.29
2026-05-22T19:00,15.8,29.7,29.0,0.28
2026-05-22T20:00,15.9,28.8,24.0,0.27
2026-05-22T21:00,15.7,28.2,22.0,0.24
2026-05-22T22:00,14.9,26.5,23.0,0.23
2026-05-22T23:00,16.0,28.1,22.0,0.22
2026-05-23T00:00,17.6,26.6,19.0,0.22
2026-05-23T01:00,16.1,23.7,15.0,0.2
2026-05-23T02:00,16.2,22.7,12.0,0.19
2026-05-23T03:00,16.8,22.2,10.0,0.18
2026-05-23T04:00,17.1,21.9,9.0,0.17
2026-05-23T05:00,17.1,22.2,9.0,0.16
2026-05-23T06:00,16.8,21.3,10.0,0.17
2026-05-23T07:00,15.9,20.7,12.0,0.17
2026-05-23T08:00,14.8,22.2,14.0,0.16
2026-05-23T09:00,13.0,23.1,16.0,0.16
2026-05-23T10:00,11.7,21.4,17.0,0.16
2026-05-23T11:00,11.0,19.6,17.0,0.17
2026-05-23T12:00,9.5,16.6,15.0,0.17
2026-05-23T13:00,8.0,13.7,12.0,0.18
2026-05-23T14:00,7.5,12.5,10.0,0.2
2026-05-23T15:00,7.2,12.1,9.0,0.22
2026-05-23T16:00,7.1,12.0,9.0,0.24
2026-05-23T17:00,4.4,6.0,3.0,0.25
2026-05-23T18:00,6.2,7.5,3.0,0.24
2026-05-23T19:00,5.2,6.2,2.0,0.22
2026-05-23T20:00,4.8,5.8,2.0,0.2
2026-05-23T21:00,5.0,6.5,2.0,0.2
2026-05-23T22:00,5.6,7.3,3.0,0.2
2026-05-23T23:00,6.2,7.9,3.0,0.2
2026-05-24T00:00,6.9,8.4,3.0,0.19
2026-05-24T01:00,7.8,9.3,3.0,0.19
2026-05-24T02:00,8.8,10.3,3.0,0.19
2026-05-24T03:00,9.6,10.9,3.0,0.19
2026-05-24T04:00,10.0,11.1,2.0,0.19
2026-05-24T05:00,8.0,9.7,3.0,0.2
2026-05-24T06:00,8.6,10.2,4.0,0.2
2026-05-24T07:00,9.5,11.1,5.0,0.2
2026-05-24T08:00,7.8,11.1,6.0,0.2
2026-05-24T09:00,6.3,10.5,7.0,0.22
2026-05-24T10:00,5.6,10.0,8.0,0.22
2026-05-24T11:00,5.5,10.2,9.0,0.23
2026-05-24T12:00,5.9,10.7,9.0,0.23
2026-05-24T13:00,6.3,11.1,9.0,0.23
2026-05-24T14:00,6.3,11.2,9.0,0.22
2026-05-24T15:00,6.4,11.5,9.0,0.22
2026-05-24T16:00,6.6,11.7,9.0,0.23
2026-05-24T17:00,12.7,24.9,23.0,0.39
2026-05-24T18:00,12.9,23.3,23.0,0.37
2026-05-24T19:00,14.2,23.1,23.0,0.35
2026-05-24T20:00,16.1,28.5,23.0,0.34
2026-05-24T21:00,18.9,31.1,24.0,0.34
2026-05-24T22:00,19.7,32.4,24.0,0.34
2026-05-24T23:00,21.4,34.2,24.0,0.33
2026-05-25T00:00,24.4,36.4,22.0,0.31
2026-05-25T01:00,26.4,36.3,18.0,0.29
2026-05-25T02:00,27.1,35.4,15.0,0.28
2026-05-25T03:00,27.4,34.2,12.0,0.26
2026-05-25T04:00,27.1,32.9,10.0,0.25
2026-05-25T05:00,27.2,32.9,11.0,0.23
2026-05-25T06:00,26.3,31.0,13.0,0.23
2026-05-25T07:00,25.0,29.3,15.0,0.22
2026-05-25T08:00,17.1,25.8,17.0,0.21
2026-05-25T09:00,13.6,23.4,17.0,0.2
2026-05-25T10:00,12.1,20.8,15.0,0.19
2026-05-25T11:00,11.0,18.1,14.0,0.18
2026-05-25T12:00,10.2,16.5,13.0,0.18
2026-05-25T13:00,9.5,15.3,12.0,0.17
2026-05-25T14:00,9.1,14.5,11.0,0.16
2026-05-25T15:00,8.7,14.0,10.0,0.16
2026-05-25T16:00,8.4,13.5,10.0,0.15
2026-05-25T17:00,8.3,12.8,9.0,0.12
2026-05-25T18:00,10.2,13.7,8.0,0.12
2026-05-25T19:00,13.2,16.4,8.0,0.12
2026-05-25T20:00,17.9,21.4,7.0,0.12
2026-05-25T21:00,22.4,25.9,7.0,0.12
2026-05-25T22:00,26.4,30.2,6.0,0.13
2026-05-25T23:00,29.3,32.6,6.0,0.13
2026-05-26T00:00,29.7,31.9,5.0,0.15
2026-05-26T01:00,27.3,29.0,4.0,0.17
2026-05-26T02:00,24.2,25.7,3.0,0.19
2026-05-26T03:00,21.1,22.6,3.0,0.21
2026-05-26T04:00,18.8,20.2,3.0,0.22
2026-05-26T05:00,17.2,18.6,3.0,0.22
2026-05-26T06:00,16.7,18.1,3.0,0.21
2026-05-26T07:00,14.2,15.9,3.0,0.2
2026-05-26T08:00,13.9,16.2,4.0,0.19
2026-05-26T09:00,11.4,15.4,6.0,0.19
2026-05-26T10:00,10.5,14.8,8.0,0.19
2026-05-26T11:00,10.1,15.1,10.0,0.2
2026-05-26T12:00,9.3,15.4,13.0,0.23
2026-05-26T13:00,8.0,15.7,16.0,0.2
2026-05-26T14:00,7.9,17.7,19.0,0.18
2026-05-26T15:00,8.3,20.0,21.0,0.21
2026-05-26T16:00,8.8,21.9,22.0,0.23
2026-05-26T17:00,7.9,21.0,24.0,0.18
2026-05-26T18:00,9.0,19.6,23.0,0.21
2026-05-26T19:00,11.4,20.8,22.0,0.26
2026-05-26T20:00,10.6,22.4,21.0,0.3
2026-05-26T21:00,11.2,24.4,21.0,0.21
2026-05-26T22:00,12.9,26.0,22.0,0.17
2026-05-26T23:00,13.1,25.0,22.0,0.17
2026-05-27T00:00,12.8,26.6,22.0,0.15
2026-05-27T01:00,12.3,25.2,22.0,0.14
2026-05-27T02:00,11.5,22.9,21.0,0.15
2026-05-27T03:00,10.6,20.7,19.0,0.17
2026-05-27T04:00,9.9,18.9,18.0,0.2
2026-05-27T05:00,6.0,9.7,7.0,0.17
2026-05-27T06:00,5.3,9.2,8.0,0.17
2026-05-27T07:00,5.6,9.8,9.0,0.17
2026-05-27T08:00,7.1,13.9,13.0,0.2
2026-05-27T09:00,7.7,20.3,21.0,0.22
2026-05-27T10:00,8.1,24.1,31.0,0.21
2026-05-27T11:00,9.1,29.5,39.0,0.18
2026-05-27T12:00,10.5,36.0,43.0,0.18
2026-05-27T13:00,10.9,36.1,45.0,0.19
2026-05-27T14:00,11.0,34.3,44.0,0.18
2026-05-27T15:00,10.7,31.3,40.0,0.2
2026-05-27T16:00,10.9,30.9,33.0,0.23
2026-05-27T17:00,8.1,14.4,11.0,0.22
2026-05-27T18:00,7.8,13.1,12.0,0.2
2026-05-27T19:00,8.1,14.7,14.0,0.24
2026-05-27T20:00,9.1,17.6,16.0,0.21
2026-05-27T21:00,9.6,19.0,17.0,0.21
2026-05-27T22:00,9.8,18.8,17.0,0.21
2026-05-27T23:00,9.9,19.4,18.0,0.22
2026-05-28T00:00,10.0,20.1,20.0,0.21
2026-05-28T01:00,9.9,21.1,23.0,0.21
2026-05-28T02:00,10.0,24.6,27.0,0.22
2026-05-28T03:00,10.7,31.5,33.0,0.22
2026-05-28T04:00,11.5,35.9,40.0,0.23
2026-05-28T05:00,11.4,36.6,47.0,0.19
2026-05-28T06:00,12.4,45.1,64.0,0.17
2026-05-28T07:00,13.9,53.2,87.0,0.14
2026-05-28T08:00,15.7,66.6,98.0,0.12
2026-05-28T09:00,13.1,59.5,87.0,0.11
2026-05-28T10:00,10.2,41.7,64.0,0.11
2026-05-28T11:00,9.1,33.1,46.0,0.11
2026-05-28T12:00,8.8,29.5,39.0,0.11
2026-05-28T13:00,8.8,27.8,36.0,0.12
2026-05-28T14:00,8.8,27.0,35.0,0.12
2026-05-28T15:00,9.1,27.0,34.0,0.12
2026-05-28T16:00,9.4,27.1,34.0,0.12
2026-05-28T17:00,10.9,31.8,40.0,0.12
2026-05-28T18:00,11.2,30.2,37.0,0.11
2026-05-28T19:00,12.6,28.3,32.0,0.11
2026-05-28T20:00,14.8,30.5,29.0,0.1
2026-05-28T21:00,17.9,33.5,28.0,0.09
2026-05-28T22:00,21.7,37.1,28.0,0.09
2026-05-28T23:00,24.4,38.9,26.0,0.09
2026-05-29T00:00,24.7,36.1,21.0,0.08
2026-05-29T01:00,22.9,30.9,16.0,0.08
2026-05-29T02:00,20.3,26.5,11.0,0.08
2026-05-29T03:00,17.6,23.0,9.0,0.09
2026-05-29T04:00,15.4,20.3,8.0,0.09
2026-05-29T05:00,13.4,19.0,10.0,0.08
2026-05-29T06:00,12.3,17.3,10.0,0.08
2026-05-29T07:00,12.7,17.5,11.0,0.08
2026-05-29T08:00,14.2,21.8,13.0,0.09
2026-05-29T09:00,14.2,28.6,17.0,0.09
2026-05-29T10:00,13.4,28.1,21.0,0.1
2026-05-29T11:00,11.8,25.3,24.0,0.1
2026-05-29T12:00,10.3,22.7,24.0,0.1
2026-05-29T13:00,9.7,21.5,22.0,0.1
2026-05-29T14:00,9.2,20.3,20.0,0.1
2026-05-29T15:00,8.7,19.1,19.0,0.1
2026-05-29T16:00,8.3,18.0,17.0,0.1
2026-05-29T17:00,3.2,6.4,6.0,0.07
2026-05-29T18:00,3.5,6.0,5.0,0.08
2026-05-29T19:00,5.8,7.9,5.0,0.08
2026-05-29T20:00,9.4,11.7,4.0,0.09
2026-05-29T21:00,13.8,16.1,4.0,0.1
2026-05-29T22:00,17.5,19.7,4.0,0.1
2026-05-29T23:00,19.4,21.6,4.0,0.09
2026-05-30T00:00,19.8,21.8,4.0,0.09
2026-05-30T01:00,19.3,21.0,3.0,0.09
2026-05-30T02:00,17.9,19.3,3.0,0.1
2026-05-30T03:00,16.3,17.5,3.0,0.1
2026-05-30T04:00,14.8,15.9,2.0,0.11
2026-05-30T05:00,13.5,14.4,2.0,0.11
2026-05-30T06:00,12.3,13.4,2.0,0.12
2026-05-30T07:00,11.3,12.7,3.0,0.12
2026-05-30T08:00,11.7,13.6,4.0,0.12
2026-05-30T09:00,9.3,13.2,6.0,0.13
2026-05-30T10:00,7.7,12.3,9.0,0.13
2026-05-30T11:00,7.0,12.5,11.0,0.14
2026-05-30T12:00,6.9,13.9,13.0,0.15
2026-05-30T13:00,7.0,14.4,14.0,0.16
2026-05-30T14:00,6.5,13.5,14.0,0.18
2026-05-30T15:00,6.0,12.2,13.0,0.19
2026-05-30T16:00,5.6,11.2,11.0,0.21
2026-05-30T17:00,6.0,12.3,12.0,0.21
2026-05-30T18:00,6.0,11.8,12.0,0.22
2026-05-30T19:00,9.5,14.9,11.0,0.22
2026-05-30T20:00,12.3,17.9,11.0,0.24
2026-05-30T21:00,14.4,19.8,10.0,0.26
2026-05-30T22:00,15.1,20.3,10.0,0.3
2026-05-30T23:00,16.1,20.8,9.0,0.33
2026-05-31T00:00,16.8,20.8,8.0,0.34
2026-05-31T01:00,16.9,20.1,6.0,0.35
2026-05-31T02:00,16.1,18.6,5.0,0.33
2026-05-31T03:00,14.5,16.7,4.0,0.31
2026-05-31T04:00,12.7,15.0,4.0,0.28
2026-05-31T05:00,13.8,15.8,4.0,0.28
2026-05-31T06:00,12.0,14.1,4.0,0.28
2026-05-31T07:00,11.7,13.8,4.0,0.28
2026-05-31T08:00,12.3,15.3,6.0,0.29
2026-05-31T09:00,11.5,17.3,10.0,0.31
2026-05-31T10:00,10.8,19.3,16.0,0.33
2026-05-31T11:00,10.3,20.5,20.0,0.35
2026-05-31T12:00,9.9,21.4,22.0,0.36
2026-05-31T13:00,9.5,21.1,23.0,0.35
2026-05-31T14:00,9.1,20.9,23.0,0.36
2026-05-31T15:00,9.2,21.5,23.0,0.39
2026-05-31T16:00,9.3,21.8,23.0,0.41
2026-05-31T17:00,2.0,3.3,3.0,0.37
2026-05-31T18:00,2.9,4.3,3.0,0.37
2026-05-31T19:00,6.4,7.8,2.0,0.36
2026-05-31T20:00,10.7,11.9,2.0,0.35
2026-05-31T21:00,14.1,15.1,2.0,0.34
2026-05-31T22:00,16.2,16.9,1.0,0.35
2026-05-31T23:00,16.9,17.6,1.0,0.38
2026-06-01T00:00,16.1,16.6,1.0,0.4
2026-06-01T01:00,14.6,15.4,2.0,0.4
2026-06-01T02:00,12.9,14.5,3.0,0.41
2026-06-01T03:00,10.4,12.3,4.0,0.42
2026-06-01T04:00,8.6,10.7,4.0,0.43
2026-06-01T05:00,8.4,10.8,4.0,0.42
2026-06-01T06:00,8.1,10.8,4.0,0.38
2026-06-01T07:00,9.1,12.0,4.0,0.35
2026-06-01T08:00,10.9,14.5,7.0,0.33
2026-06-01T09:00,11.0,17.6,14.0,0.32
2026-06-01T10:00,11.5,22.6,23.0,0.31
2026-06-01T11:00,12.5,28.8,31.0,0.32
2026-06-01T12:00,12.9,33.2,38.0,0.3
2026-06-01T13:00,12.8,35.9,43.0,0.3
2026-06-01T14:00,13.6,37.8,47.0,0.32
2026-06-01T15:00,14.3,38.0,49.0,0.29
2026-06-01T16:00,14.7,39.1,48.0,0.24
2026-06-01T17:00,20.8,56.9,70.0,0.25
2026-06-01T18:00,21.1,51.5,66.0,0.2
2026-06-01T19:00,22.0,50.3,61.0,0.19
2026-06-01T20:00,22.6,52.0,57.0,0.2
2026-06-01T21:00,22.9,52.6,57.0,0.21
2026-06-01T22:00,23.6,54.1,59.0,0.21
2026-06-01T23:00,24.0,55.2,60.0,0.21
2026-06-02T00:00,24.3,56.8,61.0,0.21
2026-06-02T01:00,24.7,58.3,61.0,0.21
2026-06-02T02:00,24.7,55.2,58.0,0.22
2026-06-02T03:00,23.0,42.8,47.0,0.23
2026-06-02T04:00,20.4,35.3,32.0,0.23
2026-06-02T05:00,20.0,30.2,18.0,0.23
2026-06-02T06:00,18.7,27.6,19.0,0.23
2026-06-02T07:00,19.0,27.1,21.0,0.23
2026-06-02T08:00,21.5,34.9,25.0,0.24
2026-06-02T09:00,23.0,48.5,32.0,0.25
2026-06-02T10:00,23.2,51.1,41.0,0.26
2026-06-02T11:00,22.2,48.2,48.0,0.27
2026-06-02T12:00,20.5,44.9,50.0,0.29
2026-06-02T13:00,20.7,45.8,49.0,0.32
2026-06-02T14:00,21.0,46.7,48.0,0.35
2026-06-02T15:00,20.3,43.4,46.0,0.39
2026-06-02T16:00,19.4,42.0,42.0,0.37
2026-06-02T17:00,21.8,52.7,59.0,0.37
2026-06-02T18:00,24.3,54.4,53.0,0.33
2026-06-02T19:00,25.4,51.0,44.0,0.28
2026-06-02T20:00,26.3,46.9,38.0,0.26
2026-06-02T21:00,27.6,48.9,39.0,0.25
2026-06-02T22:00,29.0,52.3,43.0,0.24
2026-06-02T23:00,30.2,54.5,45.0,0.24
2026-06-03T00:00,31.4,56.9,44.0,0.24
2026-06-03T01:00,32.4,57.2,42.0,0.24
2026-06-03T02:00,32.9,54.6,39.0,0.23
2026-06-03T03:00,33.6,51.9,35.0,0.23
2026-06-03T04:00,33.8,49.9,30.0,0.23
2026-06-03T05:00,36.1,59.8,42.0,0.15
2026-06-03T06:00,33.6,54.5,41.0,0.14
2026-06-03T07:00,30.6,44.7,40.0,0.13
2026-06-03T08:00,29.5,50.5,38.0,0.13
2026-06-03T09:00,26.1,46.6,37.0,0.13
2026-06-03T10:00,23.0,41.7,35.0,0.13
2026-06-03T11:00,19.4,36.4,32.0,0.13
2026-06-03T12:00,11.8,23.5,27.0,0.14
2026-06-03T13:00,8.6,17.3,20.0,0.14
2026-06-03T14:00,7.3,14.8,15.0,0.13
2026-06-03T15:00,6.5,13.4,13.0,0.13
2026-06-03T16:00,5.9,12.5,13.0,0.12
2026-06-03T17:00,3.1,6.4,6.0,0.09
2026-06-03T18:00,3.3,6.7,6.0,0.1
2026-06-03T19:00,6.1,9.5,7.0,0.12
2026-06-03T20:00,7.1,11.0,7.0,0.13
2026-06-03T21:00,7.2,11.6,7.0,0.14
2026-06-03T22:00,7.9,12.2,8.0,0.14
2026-06-03T23:00,9.2,13.2,8.0,0.15
2026-06-04T00:00,11.2,14.8,8.0,0.14
2026-06-04T01:00,12.7,16.2,7.0,0.13
2026-06-04T02:00,13.3,16.8,7.0,0.13
2026-06-04T03:00,12.9,16.2,7.0,0.13
2026-06-04T04:00,12.7,16.4,8.0,0.12
2026-06-04T05:00,12.6,17.9,10.0,0.15
2026-06-04T06:00,14.1,22.1,17.0,0.14
2026-06-04T07:00,16.5,27.2,26.0,0.14
2026-06-04T08:00,19.0,37.0,34.0,0.14
2026-06-04T09:00,20.6,42.0,38.0,0.14
2026-06-04T10:00,20.8,43.2,40.0,0.15
2026-06-04T11:00,20.1,42.6,42.0,0.16
2026-06-04T12:00,20.0,43.8,46.0,0.16
2026-06-04T13:00,19.9,45.2,50.0,0.17
2026-06-04T14:00,20.1,47.4,52.0,0.17
2026-06-04T15:00,19.8,47.0,49.0,0.19
2026-06-04T16:00,18.3,41.9,44.0,0.18
2026-06-04T17:00,17.3,48.5,61.0,0.15
2026-06-04T18:00,17.3,48.5,60.0,0.15
2026-06-04T19:00,19.6,49.0,59.0,0.15
2026-06-04T20:00,24.2,53.7,57.0,0.16
2026-06-04T21:00,28.0,56.9,55.0,0.17
2026-06-04T22:00,30.0,58.1,53.0,0.18
2026-06-04T23:00,31.0,56.6,49.0,0.19
2026-06-05T00:00,30.9,53.2,42.0,0.2
2026-06-05T01:00,29.7,48.8,34.0,0.22
2026-06-05T02:00,28.1,43.9,28.0,0.23
2026-06-05T03:00,25.9,38.5,24.0,0.25
2026-06-05T04:00,23.8,35.0,22.0,0.26
2026-06-05T05:00,21.1,28.9,14.0,0.28
2026-06-05T06:00,20.1,27.0,15.0,0.28
2026-06-05T07:00,19.6,26.1,16.0,0.28
2026-06-05T08:00,21.0,31.9,20.0,0.28
2026-06-05T09:00,22.4,40.4,25.0,0.29
2026-06-05T10:00,23.3,44.2,33.0,0.3
2026-06-05T11:00,23.2,47.0,44.0,0.31
2026-06-05T12:00,23.9,54.2,63.0,0.31
2026-06-05T13:00,23.7,65.9,87.0,0.32
2026-06-05T14:00,22.5,75.9,105.0,0.32
2026-06-05T15:00,22.1,81.0,115.0,0.3
2026-06-05T16:00,21.9,82.7,121.0,0.3
2026-06-05T17:00,23.6,89.9,131.0,0.34
2026-06-05T18:00,23.1,81.3,125.0,0.33
2026-06-05T19:00,24.7,78.7,116.0,0.32
2026-06-05T20:00,27.2,81.5,106.0,0.31
2026-06-05T21:00,28.0,78.2,95.0,0.3
2026-06-05T22:00,27.0,70.3,84.0,0.29
2026-06-05T23:00,26.1,64.3,74.0,0.29
2026-06-06T00:00,25.6,60.5,68.0,0.28
2026-06-06T01:00,25.3,58.2,65.0,0.27
2026-06-06T02:00,25.4,56.9,60.0,0.26
2026-06-06T03:00,25.5,54.9,52.0,0.26
2026-06-06T04:00,25.1,50.5,42.0,0.26
2026-06-06T05:00,25.1,42.5,33.0,0.29
2026-06-06T06:00,24.4,38.8,38.0,0.28
2026-06-06T07:00,25.7,38.2,45.0,0.29
2026-06-06T08:00,29.5,58.0,54.0,0.29
2026-06-06T09:00,33.5,77.3,67.0,0.29
2026-06-06T10:00,35.2,82.2,82.0,0.28
2026-06-06T11:00,36.1,85.7,94.0,0.28
2026-06-06T12:00,36.1,89.6,101.0,0.28
2026-06-06T13:00,32.0,87.1,104.0,0.26
2026-06-06T14:00,26.3,79.4,103.0,0.25
2026-06-06T15:00,21.5,71.0,96.0,0.23
2026-06-06T16:00,18.3,61.7,85.0,0.2
2026-06-06T17:00,15.5,52.5,73.0,0.19
2026-06-06T18:00,13.6,42.0,64.0,0.17
2026-06-06T19:00,14.3,37.8,52.0,0.15
2026-06-06T20:00,15.7,37.3,42.0,0.14
2026-06-06T21:00,15.2,33.6,36.0,0.13
2026-06-06T22:00,13.6,29.7,33.0,0.12
2026-06-06T23:00,13.0,28.6,30.0,0.12
2026-06-07T00:00,13.3,29.4,28.0,0.12
2026-06-07T01:00,14.1,29.3,26.0,0.12
2026-06-07T02:00,15.0,28.1,24.0,0.12
2026-06-07T03:00,15.4,25.6,20.0,0.13
2026-06-07T04:00,15.1,23.2,15.0,0.13
2026-06-07T05:00,15.5,23.6,15.0,0.13
2026-06-07T06:00,15.5,23.4,18.0,0.13
2026-06-07T07:00,16.9,24.9,22.0,0.13
2026-06-07T08:00,19.6,34.7,28.0,0.14
2026-06-07T09:00,22.5,49.4,39.0,0.14
2026-06-07T10:00,23.5,54.0,52.0,0.15
2026-06-07T11:00,24.0,56.1,60.0,0.15
2026-06-07T12:00,21.5,51.6,57.0,0.16
2026-06-07T13:00,18.1,43.7,49.0,0.15
2026-06-07T14:00,16.5,38.8,42.0,0.15
2026-06-07T15:00,15.6,35.7,39.0,0.15
2026-06-07T16:00,15.1,33.9,36.0,0.15
2026-06-07T17:00,9.7,22.2,24.0,0.11
2026-06-07T18:00,10.1,22.6,23.0,0.11
2026-06-07T19:00,13.4,24.3,22.0,0.12
2026-06-07T20:00,18.0,29.1,20.0,0.12
2026-06-07T21:00,21.8,32.6,18.0,0.12
2026-06-07T22:00,24.0,34.0,17.0,0.12
2026-06-07T23:00,24.2,32.7,15.0,0.12
2026-06-08T00:00,22.6,29.4,13.0,0.11
2026-06-08T01:00,20.7,25.8,10.0,0.11
2026-06-08T02:00,19.2,23.4,8.0,0.11
2026-06-08T03:00,17.6,21.2,7.0,0.11
2026-06-08T04:00,15.9,19.3,6.0,0.11
2026-06-08T05:00,12.3,15.6,6.0,0.09
2026-06-08T06:00,12.5,16.2,7.0,0.1
2026-06-08T07:00,13.7,18.0,8.0,0.11
2026-06-08T08:00,16.1,21.3,10.0,0.13
2026-06-08T09:00,16.6,28.9,14.0,0.15
2026-06-08T10:00,15.8,29.0,19.0,0.15
2026-06-08T11:00,14.2,26.6,23.0,0.15
2026-06-08T12:00,13.5,26.0,24.0,0.16
2026-06-08T13:00,12.5,24.9,23.0,0.18
2026-06-08T14:00,11.8,24.1,23.0,0.2
2026-06-08T15:00,11.4,23.7,23.0,0.21
2026-06-08T16:00,11.1,23.5,23.0,0.22
2026-06-08T17:00,13.3,27.5,27.0,0.28
2026-06-08T18:00,13.3,26.3,25.0,0.28
2026-06-08T19:00,15.1,25.7,22.0,0.26
2026-06-08T20:00,16.5,26.7,19.0,0.27
2026-06-08T21:00,17.1,27.0,18.0,0.29
2026-06-08T22:00,17.3,26.5,17.0,0.3
2026-06-08T23:00,17.8,26.8,16.0,0.31
2026-06-09T00:00,18.6,27.5,16.0,0.3
2026-06-09T01:00,18.4,26.7,15.0,0.31
2026-06-09T02:00,17.1,25.2,15.0,0.31
2026-06-09T03:00,15.8,24.2,14.0,0.35
2026-06-09T04:00,14.4,21.9,13.0,0.35
2026-06-09T05:00,17.2,25.0,14.0,0.38
2026-06-09T06:00,15.8,24.5,18.0,0.43
2026-06-09T07:00,16.5,27.6,24.0,0.45
2026-06-09T08:00,18.6,37.3,35.0,0.47
2026-06-09T09:00,21.8,60.3,58.0,0.44
2026-06-09T10:00,24.7,75.9,87.0,0.35
2026-06-09T11:00,26.4,81.3,105.0,0.31
2026-06-09T12:00,26.3,77.3,104.0,0.28
2026-06-09T13:00,25.6,71.2,92.0,0.25
2026-06-09T14:00,24.3,66.4,81.0,0.23
2026-06-09T15:00,23.3,62.2,75.0,0.22
2026-06-09T16:00,22.4,59.1,71.0,0.22
2026-06-09T17:00,26.2,67.5,80.0,0.26
2026-06-09T18:00,25.9,66.1,77.0,0.26
2026-06-09T19:00,27.0,64.3,74.0,0.25
2026-06-09T20:00,30.4,67.1,70.0,0.24
2026-06-09T21:00,33.1,68.9,67.0,0.25
2026-06-09T22:00,35.5,70.5,64.0,0.24
2026-06-09T23:00,37.4,68.9,59.0,0.23
2026-06-10T00:00,36.9,64.7,51.0,0.21
2026-06-10T01:00,35.0,58.7,42.0,0.19
2026-06-10T02:00,32.2,51.1,34.0,0.19
2026-06-10T03:00,29.2,43.8,27.0,0.19
2026-06-10T04:00,26.8,39.0,21.0,0.2
2026-06-10T05:00,33.6,54.2,37.0,0.23
2026-06-10T06:00,30.9,48.1,41.0,0.23
2026-06-10T07:00,29.0,42.6,47.0,0.24
2026-06-10T08:00,28.6,56.0,50.0,0.25
2026-06-10T09:00,25.1,51.9,49.0,0.26
2026-06-10T10:00,22.6,47.0,45.0,0.26
2026-06-10T11:00,21.1,44.4,43.0,0.26
2026-06-10T12:00,20.5,43.9,45.0,0.26
2026-06-10T13:00,20.4,46.0,50.0,0.27
2026-06-10T14:00,21.2,49.0,52.0,0.28
2026-06-10T15:00,21.1,48.0,52.0,0.28
2026-06-10T16:00,21.0,46.9,50.0,0.31
2026-06-10T17:00,35.7,85.9,96.0,0.51
2026-06-10T18:00,29.6,69.4,84.0,0.43
2026-06-10T19:00,25.1,57.2,67.0,0.36
2026-06-10T20:00,24.5,53.0,54.0,0.29
2026-06-10T21:00,25.2,51.8,47.0,0.25
2026-06-10T22:00,25.3,50.2,43.0,0.23
2026-06-10T23:00,23.0,45.2,42.0,0.22
2026-06-11T00:00,19.2,40.3,45.0,0.22
2026-06-11T01:00,16.8,41.1,50.0,0.22
2026-06-11T02:00,17.3,45.4,54.0,0.23
2026-06-11T03:00,19.3,49.0,55.0,0.23
2026-06-11T04:00,21.4,50.9,54.0,0.22
2026-06-11T05:00,25.0,48.2,44.0,0.23
2026-06-11T06:00,25.1,46.2,43.0,0.22
2026-06-11T07:00,25.1,41.0,43.0,0.22
2026-06-11T08:00,26.0,51.8,49.0,0.21
2026-06-11T09:00,24.7,65.9,67.0,0.21
2026-06-11T10:00,19.2,75.0,91.0,0.2
2026-06-11T11:00,16.4,69.2,104.0,0.19
2026-06-11T12:00,14.2,61.5,98.0,0.18
2026-06-11T13:00,12.7,53.3,83.0,0.17
2026-06-11T14:00,11.6,46.0,68.0,0.16
2026-06-11T15:00,10.5,39.3,58.0,0.15
2026-06-11T16:00,9.7,34.2,49.0,0.15
2026-06-11T17:00,5.6,17.9,24.0,0.09
2026-06-11T18:00,4.9,14.5,22.0,0.09
2026-06-11T19:00,6.7,15.1,19.0,0.09
2026-06-11T20:00,11.7,20.2,16.0,0.09
2026-06-11T21:00,16.2,24.4,14.0,0.09
2026-06-11T22:00,17.4,24.9,13.0,0.1
2026-06-11T23:00,14.6,20.7,11.0,0.1
2026-06-12T00:00,12.0,16.4,9.0,0.1
2026-06-12T01:00,10.5,13.6,6.0,0.11
2026-06-12T02:00,9.5,11.8,4.0,0.12
2026-06-12T03:00,8.7,10.6,3.0,0.13
2026-06-12T04:00,7.9,9.5,2.0,0.13
2026-06-12T05:00,6.6,7.4,1.0,0.13
2026-06-12T06:00,6.5,7.6,0.0,0.13
2026-06-12T07:00,7.6,8.9,0.0,0.14
2026-06-12T08:00,8.7,11.2,4.0,0.14
2026-06-12T09:00,8.6,22.2,21.0,0.14
2026-06-12T10:00,10.3,37.0,43.0,0.14
2026-06-12T11:00,10.4,40.5,58.0,0.14
2026-06-12T12:00,9.9,37.6,59.0,0.14
2026-06-12T13:00,9.5,35.2,52.0,0.14
2026-06-12T14:00,9.4,33.8,47.0,0.15
2026-06-12T15:00,9.4,33.1,46.0,0.15
2026-06-12T16:00,9.5,32.7,45.0,0.16
2026-06-12T17:00,7.0,22.8,31.0,0.13
2026-06-12T18:00,7.5,22.8,30.0,0.13
2026-06-12T19:00,8.6,23.7,30.0,0.14
2026-06-12T20:00,13.0,28.0,28.0,0.14
2026-06-12T21:00,17.1,31.3,25.0,0.15
2026-06-12T22:00,17.0,29.2,21.0,0.15
2026-06-12T23:00,15.0,25.2,18.0,0.15
2026-06-13T00:00,14.1,23.5,16.0,0.15
2026-06-13T01:00,14.0,23.1,15.0,0.15
2026-06-13T02:00,13.9,21.9,14.0,0.16
2026-06-13T03:00,13.2,19.4,11.0,0.16
2026-06-13T04:00,12.1,16.8,9.0,0.17
2026-06-13T05:00,10.5,14.3,7.0,0.16
2026-06-13T06:00,10.0,13.8,8.0,0.16
2026-06-13T07:00,10.4,14.3,9.0,0.16
2026-06-13T08:00,11.8,17.8,11.0,0.16
2026-06-13T09:00,11.9,23.3,15.0,0.15
2026-06-13T10:00,11.1,23.1,19.0,0.15
2026-06-13T11:00,10.0,21.8,22.0,0.14
2026-06-13T12:00,9.2,21.6,23.0,0.14
2026-06-13T13:00,8.8,21.3,23.0,0.15
2026-06-13T14:00,8.5,20.6,22.0,0.15
2026-06-13T15:00,8.2,19.8,22.0,0.14
2026-06-13T16:00,7.9,19.0,21.0,0.14
2026-06-13T17:00,4.0,8.7,9.0,0.09
2026-06-13T18:00,4.0,8.4,8.0,0.09
2026-06-13T19:00,4.8,8.8,8.0,0.1
2026-06-13T20:00,8.2,11.9,7.0,0.1
2026-06-13T21:00,12.5,16.1,6.0,0.11
2026-06-13T22:00,15.5,18.7,6.0,0.11
2026-06-13T23:00,16.4,19.3,5.0,0.12
2026-06-14T00:00,17.1,19.8,4.0,0.12
2026-06-14T01:00,17.5,19.7,4.0,0.13
2026-06-14T02:00,16.8,18.5,3.0,0.13
2026-06-14T03:00,15.2,16.5,2.0,0.14
2026-06-14T04:00,13.0,14.2,2.0,0.15
2026-06-14T05:00,9.8,10.5,1.0,0.17
2026-06-14T06:00,9.0,9.9,1.0,0.17
2026-06-14T07:00,8.8,9.8,1.0,0.19
2026-06-14T08:00,9.8,11.2,3.0,0.2
2026-06-14T09:00,8.2,12.3,8.0,0.2
2026-06-14T10:00,8.3,15.6,14.0,0.18
2026-06-14T11:00,8.7,18.4,18.0,0.17
2026-06-14T12:00,7.6,17.0,18.0,0.17
2026-06-14T13:00,6.5,15.0,17.0,0.18
2026-06-14T14:00,6.0,13.9,15.0,0.18
2026-06-14T15:00,5.6,13.1,15.0,0.17
2026-06-14T16:00,5.5,12.8,15.0,0.16
2026-06-14T17:00,8.6,21.5,24.0,0.18
2026-06-14T18:00,8.9,20.4,22.0,0.18
2026-06-14T19:00,9.8,19.1,20.0,0.19
2026-06-14T20:00,10.5,20.4,18.0,0.19
2026-06-14T21:00,11.6,22.3,17.0,0.2
2026-06-14T22:00,13.2,23.6,17.0,0.22
2026-06-14T23:00,14.3,22.8,16.0,0.22
2026-06-15T00:00,14.8,21.7,15.0,0.22
2026-06-15T01:00,14.1,20.8,13.0,0.22
2026-06-15T02:00,13.2,19.9,12.0,0.21
2026-06-15T03:00,12.4,18.9,12.0,0.21
2026-06-15T04:00,11.7,17.9,12.0,0.2
2026-06-15T05:00,11.2,15.8,8.0,0.21
2026-06-15T06:00,10.6,15.0,7.0,0.21
2026-06-15T07:00,10.8,15.1,6.0,0.2
2026-06-15T08:00,12.8,17.2,8.0,0.19
2026-06-15T09:00,12.2,22.5,17.0,0.19
2026-06-15T10:00,13.5,30.3,29.0,0.2
2026-06-15T11:00,14.6,34.5,38.0,0.23
2026-06-15T12:00,14.7,35.6,39.0,0.26
2026-06-15T13:00,13.8,33.5,37.0,0.28
2026-06-15T14:00,13.0,31.4,35.0,0.3
2026-06-15T15:00,12.5,29.6,34.0,0.31
2026-06-15T16:00,12.3,29.6,34.0,0.32
2026-06-15T17:00,16.1,30.6,29.0,0.35
2026-06-15T18:00,16.0,29.1,27.0,0.32
2026-06-15T19:00,16.9,28.6,24.0,0.29
2026-06-15T20:00,18.3,29.0,21.0,0.28
2026-06-15T21:00,20.1,29.9,19.0,0.28
2026-06-15T22:00,22.6,32.0,17.0,0.27
2026-06-15T23:00,25.0,33.4,16.0,0.27
2026-06-16T00:00,25.7,32.7,14.0,0.28
2026-06-16T01:00,24.9,31.2,13.0,0.29
2026-06-16T02:00,23.3,29.7,12.0,0.29
2026-06-16T03:00,21.5,28.3,12.0,0.3
2026-06-16T04:00,19.9,27.1,13.0,0.29
2026-06-16T05:00,17.4,27.4,19.0,0.22
2026-06-16T06:00,18.2,27.2,19.0,0.2
2026-06-16T07:00,19.6,27.8,20.0,0.18
2026-06-16T08:00,21.1,33.1,23.0,0.17
2026-06-16T09:00,21.9,42.1,30.0,0.16
2026-06-16T10:00,21.2,46.8,40.0,0.16
2026-06-16T11:00,17.6,40.7,44.0,0.15
2026-06-16T12:00,13.0,30.3,39.0,0.14
2026-06-16T13:00,10.1,23.6,29.0,0.13
2026-06-16T14:00,8.5,19.7,22.0,0.13
2026-06-16T15:00,7.6,17.8,20.0,0.14
2026-06-16T16:00,7.5,17.5,20.0,0.16
2026-06-16T17:00,12.1,29.2,33.0,0.22
2026-06-16T18:00,12.6,29.5,32.0,0.25
2026-06-16T19:00,14.6,30.5,31.0,0.28
2026-06-16T20:00,19.6,34.8,29.0,0.3
2026-06-16T21:00,22.6,36.2,27.0,0.3
2026-06-16T22:00,26.1,39.1,26.0,0.27
2026-06-16T23:00,24.8,37.4,24.0,0.24
2026-06-17T00:00,22.3,33.8,22.0,0.23
2026-06-17T01:00,19.9,30.4,19.0,0.23
2026-06-17T02:00,18.8,27.8,17.0,0.23
2026-06-17T03:00,17.8,25.0,15.0,0.24
2026-06-17T04:00,16.8,23.5,13.0,0.24
2026-06-17T05:00,12.4,20.6,16.0,0.25
2026-06-17T06:00,13.5,21.3,15.0,0.24
2026-06-17T07:00,14.1,20.1,15.0,0.24
2026-06-17T08:00,14.2,21.8,15.0,0.24
2026-06-17T09:00,14.5,23.6,17.0,0.24
2026-06-17T10:00,15.0,24.8,19.0,0.24
2026-06-17T11:00,15.1,26.7,23.0,0.23
2026-06-17T12:00,15.5,30.3,28.0,0.22
2026-06-17T13:00,15.5,33.4,35.0,0.22
2026-06-17T14:00,16.0,36.4,39.0,0.23
2026-06-17T15:00,16.0,36.9,41.0,0.25
2026-06-17T16:00,15.9,36.7,40.0,0.24
2026-06-17T17:00,15.1,34.2,36.0,0.23
2026-06-17T18:00,15.4,33.8,35.0,0.19
2026-06-17T19:00,16.2,34.3,34.0,0.18
2026-06-17T20:00,19.2,36.6,33.0,0.19
2026-06-17T21:00,20.6,36.1,31.0,0.2
2026-06-17T22:00,20.2,34.5,29.0,0.21
2026-06-17T23:00,21.7,36.0,27.0,0.21
2026-06-18T00:00,23.9,37.5,24.0,0.19
2026-06-18T01:00,23.5,34.7,20.0,0.18
2026-06-18T02:00,22.6,31.4,17.0,0.19
2026-06-18T03:00,21.4,28.8,14.0,0.19
2026-06-18T04:00,19.3,26.0,12.0,0.2
2026-06-18T05:00,13.7,18.1,8.0,0.19
2026-06-18T06:00,13.3,17.9,11.0,0.19
2026-06-18T07:00,13.5,18.5,14.0,0.2
2026-06-18T08:00,13.7,23.1,18.0,0.23
2026-06-18T09:00,13.0,25.4,21.0,0.3
2026-06-18T10:00,13.4,26.5,24.0,0.32
2026-06-18T11:00,14.3,28.5,27.0,0.25
2026-06-18T12:00,15.3,32.0,32.0,0.23
2026-06-18T13:00,16.2,36.2,37.0,0.23
2026-06-18T14:00,16.5,39.3,43.0,0.24
2026-06-18T15:00,17.5,44.9,52.0,0.25
2026-06-18T16:00,17.9,50.3,61.0,0.27
2026-06-18T17:00,16.8,54.2,73.0,0.29
2026-06-18T18:00,15.9,46.7,63.0,0.27
2026-06-18T19:00,14.9,39.1,49.0,0.24
2026-06-18T20:00,14.9,34.9,38.0,0.24
2026-06-18T21:00,15.1,32.9,34.0,0.25
2026-06-18T22:00,16.2,34.0,33.0,0.25
2026-06-18T23:00,19.8,37.7,33.0,0.25
2026-06-19T00:00,23.4,41.9,32.0,0.24
2026-06-19T01:00,25.9,44.8,32.0,0.24
2026-06-19T02:00,26.1,42.7,30.0,0.23
2026-06-19T03:00,24.6,38.0,25.0,0.22
2026-06-19T04:00,23.9,35.2,19.0,0.21
2026-06-19T05:00,20.1,34.3,26.0,0.22
2026-06-19T06:00,19.3,29.9,32.0,0.21
2026-06-19T07:00,18.9,31.2,40.0,0.21
2026-06-19T08:00,18.5,42.3,44.0,0.2
2026-06-19T09:00,16.2,38.9,41.0,0.2
2026-06-19T10:00,14.5,33.8,35.0,0.19
2026-06-19T11:00,12.2,27.6,29.0,0.19
2026-06-19T12:00,10.6,23.5,26.0,0.19
2026-06-19T13:00,10.2,21.7,23.0,0.18
2026-06-19T14:00,10.2,21.0,21.0,0.18
2026-06-19T15:00,10.1,20.0,20.0,0.18
2026-06-19T16:00,9.9,19.2,19.0,0.17
2026-06-19T17:00,10.8,21.2,21.0,0.19
2026-06-19T18:00,11.0,20.9,19.0,0.23
2026-06-19T19:00,12.2,21.3,15.0,0.26
2026-06-19T20:00,12.7,19.5,13.0,0.32
2026-06-19T21:00,13.0,19.4,12.0,0.23
2026-06-19T22:00,14.4,21.1,12.0,0.23
2026-06-19T23:00,17.1,23.5,12.0,0.24
2026-06-20T00:00,18.3,24.3,11.0,0.22
2026-06-20T01:00,18.6,24.2,11.0,0.21
2026-06-20T02:00,19.0,24.2,10.0,0.21
2026-06-20T03:00,19.3,24.0,8.0,0.21
2026-06-20T04:00,19.9,24.0,7.0,0.21
2026-06-20T05:00,19.7,23.1,6.0,0.25
2026-06-20T06:00,18.7,21.5,8.0,0.25
2026-06-20T07:00,16.2,20.4,11.0,0.25
2026-06-20T08:00,13.0,20.1,14.0,0.25
2026-06-20T09:00,12.5,20.4,15.0,0.27
2026-06-20T10:00,13.0,21.4,16.0,0.26
2026-06-20T11:00,13.2,21.7,17.0,0.24
2026-06-20T12:00,13.3,21.9,18.0,0.24
2026-06-20T13:00,13.5,22.4,18.0,0.24
2026-06-20T14:00,13.6,22.5,18.0,0.27
2026-06-20T15:00,13.6,22.4,18.0,0.31
2026-06-20T16:00,13.8,22.1,17.0,0.32
2026-06-20T17:00,15.5,26.0,21.0,0.29
2026-06-20T18:00,14.8,24.0,19.0,0.29
2026-06-20T19:00,16.5,24.8,16.0,0.28
2026-06-20T20:00,18.2,25.2,14.0,0.32
2026-06-20T21:00,20.4,27.6,14.0,0.27
2026-06-20T22:00,21.0,28.8,15.0,0.25
2026-06-20T23:00,22.2,30.3,15.0,0.25
2026-06-21T00:00,24.0,31.7,14.0,0.25
2026-06-21T01:00,26.0,33.4,13.0,0.24
2026-06-21T02:00,27.8,34.2,12.0,0.23
2026-06-21T03:00,27.8,32.7,10.0,0.22
2026-06-21T04:00,26.4,30.3,8.0,0.22
2026-06-21T05:00,23.7,28.1,8.0,0.26
2026-06-21T06:00,23.0,27.0,10.0,0.25
2026-06-21T07:00,22.2,27.4,13.0,0.23
2026-06-21T08:00,19.2,26.7,15.0,0.23
2026-06-21T09:00,15.7,22.7,15.0,0.23
2026-06-21T10:00,14.2,21.0,14.0,0.23
2026-06-21T11:00,13.4,19.7,13.0,0.22
2026-06-21T12:00,12.9,19.0,12.0,0.23
2026-06-21T13:00,12.8,18.6,12.0,0.22
2026-06-21T14:00,12.8,18.5,11.0,0.23
2026-06-21T15:00,12.4,17.8,11.0,0.25
2026-06-21T16:00,12.1,17.2,10.0,0.25
2026-06-21T17:00,13.0,17.3,8.0,0.21
2026-06-21T18:00,13.3,17.1,8.0,0.18
2026-06-21T19:00,13.8,17.3,7.0,0.17
2026-06-21T20:00,15.0,18.6,7.0,0.18
2026-06-21T21:00,17.5,21.1,7.0,0.18
2026-06-21T22:00,21.0,24.5,7.0,0.19
2026-06-21T23:00,23.2,26.8,7.0,0.2
2026-06-22T00:00,25.0,28.5,6.0,0.22
2026-06-22T01:00,26.4,29.5,5.0,0.23
2026-06-22T02:00,26.8,29.2,4.0,0.24
2026-06-22T03:00,26.0,27.7,3.0,0.24
2026-06-22T04:00,24.1,25.5,2.0,0.25
2026-06-22T05:00,20.1,21.6,3.0,0.29
2026-06-22T06:00,19.1,20.5,4.0,0.29
2026-06-22T07:00,18.0,19.4,4.0,0.29
2026-06-22T08:00,14.6,17.1,5.0,0.29
2026-06-22T09:00,13.4,16.4,6.0,0.28
2026-06-22T10:00,14.1,17.2,6.0,0.28
2026-06-22T11:00,15.2,18.6,7.0,0.28
2026-06-22T12:00,16.1,19.7,7.0,0.28
2026-06-22T13:00,16.5,20.1,7.0,0.28
2026-06-22T14:00,16.8,20.1,7.0,0.29
2026-06-22T15:00,16.9,20.1,7.0,0.28
2026-06-22T16:00,16.8,19.9,6.0,0.27
2026-06-22T17:00,11.2,12.6,3.0,0.17
2026-06-22T18:00,11.2,12.5,3.0,0.16
2026-06-22T19:00,12.2,13.4,2.0,0.15
2026-06-22T20:00,14.7,15.8,2.0,0.16
2026-06-22T21:00,16.8,17.8,2.0,0.15
2026-06-22T22:00,17.8,18.8,2.0,0.15
2026-06-22T23:00,18.1,19.2,2.0,0.15
2026-06-23T00:00,18.3,19.4,2.0,0.15
2026-06-23T01:00,18.6,19.7,2.0,0.16
2026-06-23T02:00,18.6,19.6,2.0,0.17
2026-06-23T03:00,18.2,19.2,2.0,0.18
2026-06-23T04:00,17.3,18.4,2.0,0.19
2026-06-23T05:00,15.0,15.9,2.0,0.17
2026-06-23T06:00,14.4,15.3,2.0,0.17
2026-06-23T07:00,14.1,14.8,3.0,0.17
2026-06-23T08:00,13.3,14.8,3.0,0.17
2026-06-23T09:00,14.6,16.9,3.0,0.17
2026-06-23T10:00,15.2,17.6,4.0,0.17
2026-06-23T11:00,14.1,16.2,4.0,0.17
2026-06-23T12:00,12.0,13.7,4.0,0.17
2026-06-23T13:00,10.6,12.1,3.0,0.17
2026-06-23T14:00,9.7,11.2,3.0,0.16
2026-06-23T15:00,9.1,10.6,3.0,0.16
2026-06-23T16:00,8.7,10.1,3.0,0.16
2026-06-23T17:00,0.4,0.4,0.0,0.08
2026-06-23T18:00,0.6,0.6,0.0,0.09
2026-06-23T19:00,2.4,2.4,0.0,0.09
2026-06-23T20:00,6.8,6.8,0.0,0.11
2026-06-23T21:00,8.0,8.1,0.0,0.12
2026-06-23T22:00,8.4,8.4,0.0,0.1
2026-06-23T23:00,9.0,9.0,0.0,0.1
2026-06-24T00:00,9.5,9.6,0.0,0.1
2026-06-24T01:00,10.5,10.7,1.0,0.12
2026-06-24T02:00,9.6,10.3,1.0,0.13
2026-06-24T03:00,8.4,9.9,1.0,0.13
2026-06-24T04:00,7.8,9.3,2.0,0.14
2026-06-24T05:00,7.8,9.4,3.0,0.16
2026-06-24T06:00,8.1,9.8,4.0,0.17
2026-06-24T07:00,8.6,10.9,5.0,0.21
2026-06-24T08:00,9.4,12.4,6.0,0.23
2026-06-24T09:00,10.4,14.5,7.0,0.25
2026-06-24T10:00,11.3,16.0,8.0,0.25
2026-06-24T11:00,12.0,17.2,10.0,0.24
2026-06-24T12:00,12.1,18.3,13.0,0.23
2026-06-24T13:00,12.1,19.6,16.0,0.22
2026-06-24T14:00,12.8,22.4,19.0,0.22
2026-06-24T15:00,13.0,25.0,22.0,0.2
2026-06-24T16:00,12.4,25.7,25.0,0.18
2026-06-24T17:00,11.2,25.2,27.0,0.16
2026-06-24T18:00,10.5,24.1,26.0,0.14
2026-06-24T19:00,10.7,22.7,24.0,0.13
2026-06-24T20:00,13.2,24.6,21.0,0.12
2026-06-24T21:00,12.9,23.2,18.0,0.12
2026-06-24T22:00,11.3,19.8,15.0,0.12
2026-06-24T23:00,10.1,17.2,13.0,0.12
2026-06-25T00:00,9.6,15.7,11.0,0.12
2026-06-25T01:00,9.3,14.8,10.0,0.13
2026-06-25T02:00,9.1,14.1,9.0,0.14
2026-06-25T03:00,8.9,13.3,8.0,0.14
2026-06-25T04:00,9.2,13.0,7.0,0.15
2026-06-25T05:00,10.1,13.5,6.0,0.15
2026-06-25T06:00,10.8,13.6,6.0,0.15
2026-06-25T07:00,11.8,14.3,7.0,0.15
2026-06-25T08:00,13.4,18.0,9.0,0.16
2026-06-25T09:00,11.6,19.8,14.0,0.15
2026-06-25T10:00,10.9,22.4,21.0,0.16
2026-06-25T11:00,10.9,24.6,26.0,0.16
2026-06-25T12:00,10.6,23.9,27.0,0.15
2026-06-25T13:00,10.2,22.4,25.0,0.15
2026-06-25T14:00,10.0,21.5,23.0,0.15
2026-06-25T15:00,9.7,20.7,22.0,0.15
2026-06-25T16:00,9.3,19.7,20.0,0.15
2026-06-25T17:00,2.6,2.6,0.0,0.12
2026-06-25T18:00,3.0,3.1,0.0,0.13
2026-06-25T19:00,4.9,4.9,0.0,0.14
2026-06-25T20:00,7.7,7.7,0.0,0.15
2026-06-25T21:00,11.7,11.7,0.0,0.16
2026-06-25T22:00,13.9,13.9,0.0,0.18
2026-06-25T23:00,14.8,14.8,0.0,0.2
2026-06-26T00:00,15.1,15.2,0.0,0.21
2026-06-26T01:00,14.7,14.7,0.0,0.21
2026-06-26T02:00,13.5,13.6,0.0,0.22
2026-06-26T03:00,12.3,12.3,0.0,0.23
2026-06-26T04:00,11.2,11.3,0.0,0.25
2026-06-26T05:00,9.9,10.0,0.0,0.26
2026-06-26T06:00,9.8,10.0,0.0,0.28
2026-06-26T07:00,11.2,11.5,1.0,0.3
2026-06-26T08:00,12.7,13.2,1.0,0.3
2026-06-26T09:00,10.1,10.9,1.0,0.3
2026-06-26T10:00,9.3,10.0,1.0,0.29
2026-06-26T11:00,8.6,9.3,1.0,0.3
2026-06-26T12:00,8.5,9.5,2.0,0.29
2026-06-26T13:00,8.9,10.6,3.0,0.25
2026-06-26T14:00,9.6,11.8,4.0,0.24
2026-06-26T15:00,10.0,12.6,6.0,0.24
2026-06-26T16:00,10.1,13.6,8.0,0.24
2026-06-26T17:00,9.7,17.4,16.0,0.22
2026-06-26T18:00,9.5,17.3,16.0,0.2
2026-06-26T19:00,10.5,18.3,16.0,0.19
2026-06-26T20:00,14.0,21.3,15.0,0.18
2026-06-26T21:00,15.3,22.1,14.0,0.18
2026-06-26T22:00,15.7,22.1,13.0,0.18
2026-06-26T23:00,16.1,22.2,12.0,0.18
2026-06-27T00:00,16.2,22.1,11.0,0.22
2026-06-27T01:00,16.5,21.8,10.0,0.26
2026-06-27T02:00,16.4,21.1,9.0,0.26
2026-06-27T03:00,16.2,20.5,8.0,0.26
2026-06-27T04:00,15.7,19.8,8.0,0.29
2026-06-27T05:00,17.2,22.7,11.0,0.3
2026-06-27T06:00,15.5,20.8,11.0,0.29
2026-06-27T07:00,14.5,20.8,12.0,0.28
2026-06-27T08:00,15.6,22.9,14.0,0.27
2026-06-27T09:00,13.1,25.6,18.0,0.24
2026-06-27T10:00,10.7,24.2,22.0,0.22
2026-06-27T11:00,10.2,24.2,26.0,0.21
2026-06-27T12:00,9.9,23.7,28.0,0.2
2026-06-27T13:00,10.0,23.9,28.0,0.2
2026-06-27T14:00,10.7,25.4,28.0,0.19
2026-06-27T15:00,10.6,24.6,28.0,0.19
2026-06-27T16:00,10.3,23.9,27.0,0.19
2026-06-27T17:00,15.7,37.5,42.0,0.21
2026-06-27T18:00,15.1,34.9,39.0,0.2
2026-06-27T19:00,16.2,31.8,34.0,0.2
2026-06-27T20:00,17.9,33.4,30.0,0.2
2026-06-27T21:00,20.3,35.5,27.0,0.19
2026-06-27T22:00,23.2,37.3,25.0,0.18
2026-06-27T23:00,24.7,36.2,22.0,0.18
2026-06-28T00:00,23.4,32.2,19.0,0.18
2026-06-28T01:00,21.2,28.8,16.0,0.18
2026-06-28T02:00,19.0,25.5,13.0,0.19
2026-06-28T03:00,17.1,22.8,11.0,0.21
2026-06-28T04:00,15.5,20.7,10.0,0.23
2026-06-28T05:00,13.9,18.5,9.0,0.22
2026-06-28T06:00,13.4,17.7,9.0,0.24
2026-06-28T07:00,13.8,18.0,8.0,0.26
2026-06-28T08:00,15.8,20.1,9.0,0.26
2026-06-28T09:00,16.0,25.4,11.0,0.27
2026-06-28T10:00,16.1,26.5,15.0,0.28
2026-06-28T11:00,14.8,25.0,21.0,0.3
2026-06-28T12:00,13.7,27.9,33.0,0.32
2026-06-28T13:00,16.1,39.0,48.0,0.32
2026-06-28T14:00,17.4,46.9,58.0,0.31
2026-06-28T15:00,17.6,52.4,61.0,0.29
2026-06-28T16:00,16.5,49.8,60.0,0.26
2026-06-28T17:00,15.1,43.7,56.0,0.22
2026-06-28T18:00,13.8,37.1,50.0,0.18
2026-06-28T19:00,15.3,35.5,43.0,0.17
2026-06-28T20:00,15.7,34.1,35.0,0.16
2026-06-28T21:00,14.5,29.7,28.0,0.17
2026-06-28T22:00,12.7,24.2,21.0,0.18
2026-06-28T23:00,11.2,19.6,16.0,0.2
2026-06-29T00:00,10.5,17.2,13.0,0.22
2026-06-29T01:00,10.3,16.6,13.0,0.26
2026-06-29T02:00,10.6,16.6,12.0,0.3
2026-06-29T03:00,11.1,16.9,11.0,0.33
2026-06-29T04:00,12.1,18.1,11.0,0.39
2026-06-29T05:00,11.7,17.3,11.0,0.34
2026-06-29T06:00,12.2,18.7,14.0,0.36
2026-06-29T07:00,13.1,21.4,17.0,0.38
2026-06-29T08:00,14.4,25.6,22.0,0.38
2026-06-29T09:00,15.6,30.6,28.0,0.41
2026-06-29T10:00,16.6,34.7,35.0,0.43
2026-06-29T11:00,18.3,40.2,41.0,0.4
2026-06-29T12:00,21.0,47.6,46.0,0.41
2026-06-29T13:00,21.9,50.3,51.0,0.35
2026-06-29T14:00,22.3,50.9,54.0,0.36
2026-06-29T15:00,22.1,50.2,55.0,0.37
2026-06-29T16:00,21.8,49.4,54.0,0.36
2026-06-29T17:00,20.9,48.5,53.0,0.33
2026-06-29T18:00,20.4,47.1,46.0,0.31
2026-06-29T19:00,18.9,38.6,37.0,0.3
2026-06-29T20:00,18.0,33.8,30.0,0.29
2026-06-29T21:00,17.5,31.3,26.0,0.28
2026-06-29T22:00,16.9,29.5,24.0,0.28
2026-06-29T23:00,16.5,28.3,23.0,0.27
2026-06-30T00:00,16.5,28.1,23.0,0.28
2026-06-30T01:00,17.1,29.4,24.0,0.29
2026-06-30T02:00,17.9,30.9,25.0,0.31
2026-06-30T03:00,19.0,32.2,26.0,0.33
2026-06-30T04:00,19.8,33.5,26.0,0.34
2026-06-30T05:00,19.0,34.8,30.0,0.39
2026-06-30T06:00,19.0,32.9,32.0,0.41
2026-06-30T07:00,18.3,32.1,34.0,0.42
2026-06-30T08:00,19.5,39.7,38.0,0.43
2026-06-30T09:00,20.6,44.9,44.0,0.43
2026-06-30T10:00,21.5,49.0,52.0,0.43
2026-06-30T11:00,22.1,51.5,55.0,0.42
2026-06-30T12:00,20.8,47.7,51.0,0.4
2026-06-30T13:00,18.5,41.3,44.0,0.38
2026-06-30T14:00,16.2,35.9,37.0,0.35
2026-06-30T15:00,14.1,31.2,32.0,0.33
2026-06-30T16:00,11.9,26.3,27.0,0.3
2026-06-30T17:00,18.0,41.7,45.0,0.36
2026-06-30T18:00,15.5,34.2,39.0,0.27
2026-06-30T19:00,15.6,30.6,32.0,0.22
2026-06-30T20:00,17.1,31.3,27.0,0.18
2026-06-30T21:00,17.9,32.2,27.0,0.15
2026-06-30T22:00,19.3,35.3,29.0,0.13
2026-06-30T23:00,20.8,38.4,32.0,0.13
2026-07-01T00:00,22.8,42.4,35.0,0.13
2026-07-01T01:00,24.7,46.3,38.0,0.15
2026-07-01T02:00,26.5,48.8,40.0,0.15
2026-07-01T03:00,27.6,48.2,38.0,0.16
2026-07-01T04:00,29.6,48.1,34.0,0.16
2026-07-01T05:00,29.7,48.1,34.0,0.17
2026-07-01T06:00,30.9,46.4,42.0,0.17
2026-07-01T07:00,29.0,43.8,53.0,0.17
2026-07-01T08:00,29.9,62.4,60.0,0.17
2026-07-01T09:00,25.1,55.5,60.0,0.16
2026-07-01T10:00,23.2,52.5,55.0,0.16
2026-07-01T11:00,21.0,48.2,51.0,0.15
2026-07-01T12:00,18.7,43.7,48.0,0.15
2026-07-01T13:00,17.1,40.3,45.0,0.15
2026-07-01T14:00,15.5,37.7,42.0,0.14
2026-07-01T15:00,12.9,34.7,39.0,0.13
2026-07-01T16:00,10.9,30.2,36.0,0.12
2026-07-01T17:00,10.0,26.2,31.0,0.12
2026-07-01T18:00,9.5,23.6,29.0,0.1
2026-07-01T19:00,12.4,23.9,26.0,0.1
2026-07-01T20:00,16.4,28.8,23.0,0.09
2026-07-01T21:00,20.6,33.1,22.0,0.09
2026-07-01T22:00,23.7,35.5,21.0,0.1
2026-07-01T23:00,25.7,36.7,20.0,0.12
2026-07-02T00:00,25.6,35.3,18.0,0.16
2026-07-02T01:00,24.0,32.6,16.0,0.18
2026-07-02T02:00,22.2,30.0,14.0,0.2
2026-07-02T03:00,20.9,28.5,13.0,0.22
2026-07-02T04:00,20.2,27.8,13.0,0.24
2026-07-02T05:00,20.7,35.5,26.0,0.27
2026-07-02T06:00,20.1,35.3,26.0,0.33
2026-07-02T07:00,19.8,32.5,26.0,0.39
2026-07-02T08:00,17.8,31.5,25.0,0.41
2026-07-02T09:00,15.8,31.1,22.0,0.4
2026-07-02T10:00,13.9,28.2,19.0,0.37
2026-07-02T11:00,10.3,20.4,18.0,0.38
2026-07-02T12:00,12.0,26.2,23.0,0.35
2026-07-02T13:00,15.0,34.7,32.0,0.29
2026-07-02T14:00,14.1,34.1,37.0,0.28
2026-07-02T15:00,13.0,31.8,36.0,0.3
2026-07-02T16:00,12.3,29.3,33.0,0.29
2026-07-02T17:00,13.5,39.7,49.0,0.18
2026-07-02T18:00,14.0,38.4,45.0,0.19
2026-07-02T19:00,14.8,34.8,40.0,0.19
2026-07-02T20:00,17.5,36.7,36.0,0.19
2026-07-02T21:00,20.8,40.3,36.0,0.18
2026-07-02T22:00,23.7,43.9,37.0,0.18
2026-07-02T23:00,26.4,47.0,38.0,0.18
2026-07-03T00:00,28.4,48.9,37.0,0.17
2026-07-03T01:00,28.9,48.4,35.0,0.17
2026-07-03T02:00,28.0,46.3,33.0,0.17
2026-07-03T03:00,26.1,43.4,31.0,0.17
2026-07-03T04:00,23.6,40.5,30.0,0.18
2026-07-03T05:00,24.7,45.6,38.0,0.2
2026-07-03T06:00,24.6,44.7,42.0,0.2
2026-07-03T07:00,21.7,38.6,48.0,0.2
2026-07-03T08:00,17.8,47.0,55.0,0.21
2026-07-03T09:00,19.0,55.8,61.0,0.21
2026-07-03T10:00,20.0,56.6,67.0,0.22
2026-07-03T11:00,20.0,59.8,75.0,0.22
2026-07-03T12:00,19.4,67.5,87.0,0.23
2026-07-03T13:00,19.4,73.6,102.0,0.23
2026-07-03T14:00,19.4,75.0,109.0,0.24
2026-07-03T15:00,18.8,71.5,105.0,0.25
2026-07-03T16:00,17.8,65.0,95.0,0.26
2026-07-03T17:00,19.7,68.5,95.0,0.22
2026-07-03T18:00,19.3,61.5,86.0,0.21
2026-07-03T19:00,21.0,53.6,73.0,0.19
2026-07-03T20:00,25.8,59.4,64.0,0.19
2026-07-03T21:00,28.3,62.4,62.0,0.2
2026-07-03T22:00,25.8,60.3,63.0,0.21
2026-07-03T23:00,22.3,55.1,62.0,0.23
2026-07-04T00:00,19.4,48.3,56.0,0.26
2026-07-04T01:00,14.3,39.2,47.0,0.25
2026-07-04T02:00,13.1,34.6,40.0,0.27
2026-07-04T03:00,11.8,29.9,34.0,0.23
2026-07-04T04:00,11.8,26.7,29.0,0.16
2026-07-04T05:00,8.2,16.4,15.0,0.15
2026-07-04T06:00,8.6,17.2,15.0,0.14
2026-07-04T07:00,8.8,17.3,16.0,0.13
2026-07-04T08:00,9.1,18.6,17.0,0.13
2026-07-04T09:00,9.7,20.6,20.0,0.13
2026-07-04T10:00,10.2,22.6,24.0,0.13
2026-07-04T11:00,10.4,24.3,26.0,0.13
2026-07-04T12:00,9.9,23.2,25.0,0.13
2026-07-04T13:00,9.6,21.7,21.0,0.13
2026-07-04T14:00,9.2,19.7,19.0,0.14
2026-07-04T15:00,8.9,19.2,18.0,0.15
2026-07-04T16:00,8.9,18.9,19.0,0.15
2026-07-04T17:00,9.6,21.7,22.0,0.14
2026-07-04T18:00,9.9,21.3,19.0,0.13
2026-07-04T19:00,10.7,18.7,16.0,0.14
2026-07-04T20:00,11.0,18.0,13.0,0.13
2026-07-04T21:00,10.4,16.7,12.0,0.13
2026-07-04T22:00,10.2,16.2,11.0,0.12
2026-07-04T23:00,10.7,16.2,10.0,0.12
2026-07-05T00:00,11.7,16.3,9.0,0.13
2026-07-05T01:00,12.3,16.0,7.0,0.13
2026-07-05T02:00,12.6,16.0,6.0,0.13
2026-07-05T03:00,12.3,15.7,6.0,0.13
2026-07-05T04:00,11.5,14.9,6.0,0.13
2026-07-05T05:00,10.0,13.3,6.0,0.12
2026-07-05T06:00,9.5,12.6,6.0,0.12
2026-07-05T07:00,9.8,13.0,7.0,0.13
2026-07-05T08:00,10.8,15.7,9.0,0.13
2026-07-05T09:00,10.7,19.9,14.0,0.13
2026-07-05T10:00,10.0,22.1,21.0,0.13
2026-07-05T11:00,9.7,23.3,25.0,0.12
2026-07-05T12:00,9.2,22.8,25.0,0.12
2026-07-05T13:00,8.6,21.4,24.0,0.11
2026-07-05T14:00,7.9,19.8,22.0,0.11
2026-07-05T15:00,7.6,18.6,21.0,0.11
2026-07-05T16:00,7.3,17.6,20.0,0.11
2026-07-05T17:00,2.2,3.9,3.0,0.12
2026-07-05T18:00,2.4,3.5,2.0,0.12
2026-07-05T19:00,5.9,6.6,2.0,0.11
2026-07-05T20:00,8.3,8.8,1.0,0.11
2026-07-05T21:00,7.7,7.9,1.0,0.11
2026-07-05T22:00,6.1,6.3,0.0,0.1
2026-07-05T23:00,5.3,5.4,0.0,0.1
2026-07-06T00:00,5.1,5.3,0.0,0.1
2026-07-06T01:00,5.2,5.4,0.0,0.1
2026-07-06T02:00,5.4,5.5,0.0,0.1
2026-07-06T03:00,5.5,5.7,0.0,0.1
2026-07-06T04:00,5.5,5.7,0.0,0.1
2026-07-06T05:00,6.4,6.6,0.0,0.11
2026-07-06T06:00,6.8,6.9,0.0,0.12
2026-07-06T07:00,7.7,7.9,0.0,0.12
2026-07-06T08:00,8.2,8.5,1.0,0.12
2026-07-06T09:00,7.9,8.4,2.0,0.12
2026-07-06T10:00,8.3,9.3,3.0,0.12
2026-07-06T11:00,8.2,10.0,4.0,0.12
2026-07-06T12:00,7.3,10.0,5.0,0.13
2026-07-06T13:00,6.5,9.7,6.0,0.13
2026-07-06T14:00,6.0,9.6,7.0,0.13
2026-07-06T15:00,5.5,9.3,7.0,0.13
2026-07-06T16:00,5.2,8.9,7.0,0.13
2026-07-06T17:00,2.7,3.5,2.0,0.09
2026-07-06T18:00,2.9,3.5,2.0,0.08
2026-07-06T19:00,7.4,7.8,1.0,0.08
2026-07-06T20:00,13.9,14.3,1.0,0.08
2026-07-06T21:00,17.6,18.2,1.0,0.08
2026-07-06T22:00,18.8,19.4,1.0,0.09
2026-07-06T23:00,19.0,19.6,1.0,0.09
2026-07-07T00:00,18.5,19.0,1.0,0.09
2026-07-07T01:00,17.3,17.9,1.0,0.09
2026-07-07T02:00,16.1,16.8,1.0,0.1
2026-07-07T03:00,15.0,15.7,1.0,0.1
2026-07-07T04:00,13.7,14.3,1.0,0.11
2026-07-07T05:00,8.7,9.9,2.0,0.12
2026-07-07T06:00,8.7,9.7,2.0,0.12
2026-07-07T07:00,9.5,10.3,2.0,0.12
2026-07-07T08:00,9.7,10.8,2.0,0.12
2026-07-07T09:00,9.2,11.2,3.0,0.13
2026-07-07T10:00,10.4,13.1,5.0,0.13
2026-07-07T11:00,11.9,15.7,7.0,0.13
2026-07-07T12:00,12.7,17.6,9.0,0.14
2026-07-07T13:00,12.1,17.5,10.0,0.14
2026-07-07T14:00,10.4,15.8,11.0,0.14
2026-07-07T15:00,9.7,15.2,11.0,0.15
2026-07-07T16:00,9.5,14.9,11.0,0.15
2026-07-07T17:00,8.0,13.7,11.0,0.12
2026-07-07T18:00,8.1,12.9,11.0,0.13
2026-07-07T19:00,11.1,15.5,10.0,0.13
2026-07-07T20:00,16.1,20.4,9.0,0.13
2026-07-07T21:00,20.0,24.3,8.0,0.14
2026-07-07T22:00,22.4,26.3,7.0,0.14
2026-07-07T23:00,23.3,26.6,6.0,0.14
2026-07-08T00:00,23.4,26.1,5.0,0.13
2026-07-08T01:00,22.7,25.1,5.0,0.13
2026-07-08T02:00,21.5,23.6,4.0,0.12
2026-07-08T03:00,20.1,21.8,4.0,0.12
2026-07-08T04:00,18.5,20.0,3.0,0.12
2026-07-08T05:00,18.7,20.6,4.0,0.12
2026-07-08T06:00,17.8,19.5,4.0,0.12
2026-07-08T07:00,18.2,19.6,5.0,0.11
2026-07-08T08:00,17.5,20.0,5.0,0.11
2026-07-08T09:00,13.4,17.0,5.0,0.11
2026-07-08T10:00,11.6,14.8,6.0,0.11
2026-07-08T11:00,11.5,14.6,6.0,0.12
2026-07-08T12:00,12.0,15.1,6.0,0.12
2026-07-08T13:00,11.5,14.3,5.0,0.12
2026-07-08T14:00,9.6,12.3,5.0,0.11
2026-07-08T15:00,7.7,10.0,4.0,0.11
2026-07-08T16:00,6.5,8.3,4.0,0.11
2026-07-08T17:00,8.1,11.1,6.0,0.14
2026-07-08T18:00,7.4,9.8,5.0,0.12
2026-07-08T19:00,8.8,10.8,4.0,0.11
2026-07-08T20:00,10.7,12.4,3.0,0.1
2026-07-08T21:00,10.7,12.1,2.0,0.1
2026-07-08T22:00,9.0,9.9,1.0,0.1
2026-07-08T23:00,7.8,8.5,1.0,0.09
2026-07-09T00:00,7.9,8.5,1.0,0.09
2026-07-09T01:00,9.0,9.6,1.0,0.09
2026-07-09T02:00,10.1,10.7,1.0,0.09
2026-07-09T03:00,10.5,10.9,1.0,0.09
2026-07-09T04:00,10.3,10.7,0.0,0.09
2026-07-09T05:00,9.9,10.0,0.0,0.09
2026-07-09T06:00,9.9,10.1,0.0,0.09
2026-07-09T07:00,10.8,11.1,1.0,0.09
2026-07-09T08:00,12.3,12.9,1.0,0.09
2026-07-09T09:00,11.5,13.0,2.0,0.1
2026-07-09T10:00,11.1,12.8,3.0,0.1
2026-07-09T11:00,10.4,11.8,3.0,0.1
2026-07-09T12:00,8.9,10.2,3.0,0.1
2026-07-09T13:00,6.9,7.9,2.0,0.1
2026-07-09T14:00,5.8,7.0,2.0,0.1
2026-07-09T15:00,5.6,7.0,2.0,0.1
2026-07-09T16:00,5.6,7.0,3.0,0.11
2026-07-09T17:00,4.3,5.4,2.0,0.09
2026-07-09T18:00,5.1,6.2,2.0,0.09
2026-07-09T19:00,8.1,9.0,2.0,0.09
2026-07-09T20:00,10.4,11.3,2.0,0.1
2026-07-09T21:00,11.5,12.4,2.0,0.1
2026-07-09T22:00,12.1,13.2,3.0,0.1
2026-07-09T23:00,12.4,13.7,3.0,0.1
2026-07-10T00:00,12.3,13.6,3.0,0.1
2026-07-10T01:00,11.9,13.1,2.0,0.1
2026-07-10T02:00,11.6,12.6,2.0,0.1
2026-07-10T03:00,11.2,12.0,2.0,0.1
2026-07-10T04:00,10.6,11.2,1.0,0.1
2026-07-10T05:00,13.5,14.0,1.0,0.09
2026-07-10T06:00,12.7,13.2,1.0,0.1
2026-07-10T07:00,13.0,13.5,2.0,0.1
2026-07-10T08:00,12.2,13.1,2.0,0.1
2026-07-10T09:00,8.5,9.9,2.0,0.1
2026-07-10T10:00,7.6,8.8,2.0,0.1
2026-07-10T11:00,7.9,8.9,2.0,0.1
2026-07-10T12:00,7.4,8.9,3.0,0.1
2026-07-10T13:00,7.0,9.2,4.0,0.1
2026-07-10T14:00,6.6,9.3,5.0,0.1
2026-07-10T15:00,6.4,9.1,5.0,0.1
2026-07-10T16:00,6.2,8.5,5.0,0.1
2026-07-10T17:00,4.6,5.8,2.0,0.17
2026-07-10T18:00,5.5,6.7,2.0,0.17
2026-07-10T19:00,7.6,8.5,1.0,0.18
2026-07-10T20:00,8.4,8.9,1.0,0.17
2026-07-10T21:00,7.5,7.8,1.0,0.16
2026-07-10T22:00,6.7,6.9,1.0,0.15
2026-07-10T23:00,7.3,7.6,1.0,0.15
2026-07-11T00:00,9.5,10.0,1.0,0.14
2026-07-11T01:00,11.7,12.2,1.0,0.13
2026-07-11T02:00,13.2,13.7,1.0,0.13
2026-07-11T03:00,13.7,14.3,1.0,0.12
2026-07-11T04:00,13.5,14.0,1.0,0.12
2026-07-11T05:00,12.0,12.5,1.0,0.11
2026-07-11T06:00,12.1,12.6,1.0,0.12
2026-07-11T07:00,12.9,13.3,1.0,0.12
2026-07-11T08:00,12.4,13.0,1.0,0.12
2026-07-11T09:00,9.0,9.9,1.0,0.12
2026-07-11T10:00,6.9,7.6,1.0,0.12
2026-07-11T11:00,5.3,5.8,1.0,0.12
2026-07-11T12:00,4.4,4.9,1.0,0.12
2026-07-11T13:00,3.8,4.4,1.0,0.12
2026-07-11T14:00,3.8,4.4,1.0,0.13
2026-07-11T15:00,4.0,4.8,1.0,0.14
2026-07-11T16:00,4.4,5.3,2.0,0.13
2026-07-11T17:00,10.6,13.6,6.0,0.24
2026-07-11T18:00,10.1,12.6,5.0,0.23
2026-07-11T19:00,11.4,13.3,4.0,0.21
2026-07-11T20:00,11.8,14.0,4.0,0.21
2026-07-11T21:00,13.2,15.9,5.0,0.21
2026-07-11T22:00,14.8,18.2,6.0,0.2
2026-07-11T23:00,15.9,19.6,7.0,0.19
2026-07-12T00:00,16.5,20.3,8.0,0.2
2026-07-12T01:00,16.8,20.7,8.0,0.21
2026-07-12T02:00,16.6,20.7,8.0,0.22
2026-07-12T03:00,16.2,20.1,8.0,0.23
2026-07-12T04:00,15.8,19.4,7.0,0.23
2026-07-12T05:00,14.9,17.6,5.0,0.23
2026-07-12T06:00,14.9,17.3,5.0,0.24
2026-07-12T07:00,15.4,17.8,5.0,0.25
2026-07-12T08:00,15.9,18.5,5.0,0.25
2026-07-12T09:00,14.5,17.6,5.0,0.24
2026-07-12T10:00,11.1,14.1,6.0,0.25
2026-07-12T11:00,10.0,12.8,6.0,0.27
2026-07-12T12:00,9.5,12.0,5.0,0.28
2026-07-12T13:00,9.3,11.3,4.0,0.26
2026-07-12T14:00,9.7,11.4,3.0,0.26
2026-07-12T15:00,10.3,11.9,3.0,0.27
2026-07-12T16:00,10.8,12.3,3.0,0.29
2026-07-12T17:00,26.1,32.6,13.0,0.38
2026-07-12T18:00,26.3,31.7,12.0,0.42
2026-07-12T19:00,28.3,32.4,10.0,0.39
2026-07-12T20:00,30.7,34.8,8.0,0.34
2026-07-12T21:00,31.3,35.2,7.0,0.31
2026-07-12T22:00,31.9,35.7,7.0,0.29
2026-07-12T23:00,32.7,36.2,7.0,0.28
2026-07-13T00:00,32.9,36.0,6.0,0.27
2026-07-13T01:00,31.3,33.8,5.0,0.27
2026-07-13T02:00,28.1,30.3,4.0,0.25
2026-07-13T03:00,25.3,27.1,3.0,0.24
2026-07-13T04:00,23.3,24.9,2.0,0.23
2026-07-13T05:00,22.1,23.3,2.0,0.25
2026-07-13T06:00,20.8,21.8,2.0,0.24
2026-07-13T07:00,20.3,21.4,3.0,0.23
2026-07-13T08:00,21.2,22.6,3.0,0.21
2026-07-13T09:00,19.3,21.5,3.0,0.2
2026-07-13T10:00,14.5,16.1,2.0,0.19
2026-07-13T11:00,11.8,12.9,2.0,0.19
2026-07-13T12:00,11.7,13.0,2.0,0.19
2026-07-13T13:00,12.6,14.0,3.0,0.19
2026-07-13T14:00,12.9,14.3,3.0,0.2
2026-07-13T15:00,12.0,13.3,3.0,0.2
2026-07-13T16:00,10.7,11.8,2.0,0.21
2026-07-13T17:00,7.2,7.7,1.0,0.15
2026-07-13T18:00,7.6,8.0,1.0,0.15
2026-07-13T19:00,13.0,13.4,1.0,0.15
2026-07-13T20:00,17.0,17.5,1.0,0.15
2026-07-13T21:00,20.8,21.2,1.0,0.15
2026-07-13T22:00,22.5,22.9,1.0,0.15
2026-07-13T23:00,21.9,22.3,1.0,0.15
2026-07-14T00:00,20.4,20.7,1.0,0.15
2026-07-14T01:00,19.3,19.6,0.0,0.15
2026-07-14T02:00,18.0,18.2,0.0,0.16
2026-07-14T03:00,16.7,16.9,0.0,0.16
2026-07-14T04:00,15.7,15.8,0.0,0.16
2026-07-14T05:00,16.3,16.5,0.0,0.16
2026-07-14T06:00,15.7,15.8,0.0,0.17
2026-07-14T07:00,16.4,16.6,1.0,0.17
2026-07-14T08:00,18.0,18.5,1.0,0.17
2026-07-14T09:00,17.6,18.8,1.0,0.17
2026-07-14T10:00,15.8,17.1,2.0,0.17
2026-07-14T11:00,13.4,14.4,2.0,0.17
2026-07-14T12:00,12.1,12.9,2.0,0.17
2026-07-14T13:00,11.4,12.0,1.0,0.18
2026-07-14T14:00,10.9,11.4,1.0,0.18
2026-07-14T15:00,10.5,11.0,1.0,0.18
2026-07-14T16:00,10.4,10.9,1.0,0.18
2026-07-14T17:00,5.5,6.4,2.0,0.13
2026-07-14T18:00,6.4,7.1,2.0,0.11
2026-07-14T19:00,12.8,13.3,1.0,0.09
2026-07-14T20:00,18.6,19.2,1.0,0.09
2026-07-14T21:00,21.9,22.4,1.0,0.08
2026-07-14T22:00,22.9,23.4,1.0,0.08
2026-07-14T23:00,22.4,22.8,1.0,0.08
2026-07-15T00:00,21.5,21.9,1.0,0.09
2026-07-15T01:00,20.7,21.0,1.0,0.09
2026-07-15T02:00,19.3,19.6,1.0,0.1
2026-07-15T03:00,17.4,17.8,1.0,0.11
2026-07-15T04:00,15.7,16.0,1.0,0.11
2026-07-15T05:00,12.7,12.9,0.0,0.11
2026-07-15T06:00,12.4,12.6,0.0,0.12
2026-07-15T07:00,13.6,13.8,0.0,0.13
2026-07-15T08:00,15.3,15.6,0.0,0.13
2026-07-15T09:00,15.0,15.5,0.0,0.14
2026-07-15T10:00,15.5,16.2,1.0,0.14
2026-07-15T11:00,15.4,16.2,1.0,0.14
2026-07-15T12:00,14.3,15.1,1.0,0.14
2026-07-15T13:00,12.8,13.6,1.0,0.13
2026-07-15T14:00,11.6,12.4,1.0,0.13
2026-07-15T15:00,10.2,11.0,1.0,0.13
2026-07-15T16:00,9.4,10.2,2.0,0.13
2026-07-15T17:00,7.2,7.4,0.0,0.13
2026-07-15T18:00,7.8,8.1,0.0,0.13
2026-07-15T19:00,11.8,12.0,0.0,0.12
2026-07-15T20:00,16.0,16.2,0.0,0.12
2026-07-15T21:00,19.8,20.1,0.0,0.13
2026-07-15T22:00,23.1,23.2,0.0,0.13
2026-07-15T23:00,24.6,24.7,0.0,0.13
2026-07-16T00:00,24.4,24.6,0.0,0.13
2026-07-16T01:00,22.9,23.1,0.0,0.14
2026-07-16T02:00,20.7,20.8,0.0,0.14
2026-07-16T03:00,18.6,18.7,0.0,0.14
2026-07-16T04:00,16.6,16.7,0.0,0.13
2026-07-16T05:00,14.5,14.6,0.0,0.14
2026-07-16T06:00,13.6,13.7,0.0,0.14
2026-07-16T07:00,14.4,14.5,0.0,0.14
2026-07-16T08:00,16.2,16.3,0.0,0.14
2026-07-16T09:00,14.5,14.6,0.0,0.14
2026-07-16T10:00,12.9,13.1,0.0,0.14
2026-07-16T11:00,11.3,11.5,0.0,0.14
2026-07-16T12:00,10.4,10.7,0.0,0.14
2026-07-16T13:00,9.7,10.0,0.0,0.14
2026-07-16T14:00,9.3,9.6,0.0,0.14
2026-07-16T15:00,8.6,8.9,0.0,0.14
2026-07-16T16:00,8.1,8.4,0.0,0.14
2026-07-16T17:00,6.1,6.3,0.0,0.1
2026-07-16T18:00,6.5,6.7,0.0,0.1
2026-07-16T19:00,11.0,11.1,0.0,0.09
2026-07-16T20:00,16.5,16.6,0.0,0.09
2026-07-16T21:00,20.6,20.8,0.0,0.09
2026-07-16T22:00,22.6,22.8,0.0,0.09
2026-07-16T23:00,22.8,22.9,0.0,0.09
2026-07-17T00:00,21.9,22.0,0.0,0.09
2026-07-17T01:00,20.0,20.1,0.0,0.09
2026-07-17T02:00,17.6,17.6,0.0,0.09
2026-07-17T03:00,15.3,15.3,0.0,0.09
2026-07-17T04:00,13.1,13.1,0.0,0.1
2026-07-17T05:00,11.6,11.6,0.0,0.11
2026-07-17T06:00,11.2,11.2,0.0,0.11
2026-07-17T07:00,12.7,12.7,0.0,0.11
2026-07-17T08:00,15.0,15.0,0.0,0.12
2026-07-17T09:00,14.1,14.3,0.0,0.12
2026-07-17T10:00,12.4,12.6,0.0,0.12
2026-07-17T11:00,11.6,11.7,0.0,0.13
2026-07-17T12:00,10.9,11.1,0.0,0.13
2026-07-17T13:00,10.8,11.0,0.0,0.13
2026-07-17T14:00,10.9,11.1,0.0,0.13
2026-07-17T15:00,10.4,10.8,1.0,0.13
2026-07-17T16:00,9.7,10.6,3.0,0.13
2026-07-17T17:00,12.0,12.6,1.0,0.14
2026-07-17T18:00,12.0,13.0,1.0,0.12
2026-07-17T19:00,17.5,18.2,1.0,0.11
2026-07-17T20:00,22.0,22.6,1.0,0.11
2026-07-17T21:00,24.6,25.3,1.0,0.11
2026-07-17T22:00,26.2,26.8,1.0,0.12
2026-07-17T23:00,26.7,27.3,1.0,0.12
2026-07-18T00:00,26.0,26.5,1.0,0.12
2026-07-18T01:00,24.6,25.0,1.0,0.13
2026-07-18T02:00,22.8,23.1,1.0,0.13
2026-07-18T03:00,20.8,21.1,1.0,0.13
2026-07-18T04:00,19.0,19.3,1.0,0.13
2026-07-18T05:00,15.4,15.5,0.0,0.14
2026-07-18T06:00,14.8,15.0,0.0,0.14
2026-07-18T07:00,16.0,16.2,0.0,0.14
2026-07-18T08:00,19.1,19.3,0.0,0.14
2026-07-18T09:00,16.9,17.5,0.0,0.14
2026-07-18T10:00,15.2,15.7,1.0,0.14
2026-07-18T11:00,14.3,14.8,1.0,0.14
2026-07-18T12:00,13.6,14.2,1.0,0.14
2026-07-18T13:00,12.9,13.8,2.0,0.14
2026-07-18T14:00,12.4,13.4,2.0,0.14
2026-07-18T15:00,12.5,13.5,2.0,0.15
2026-07-18T16:00,12.9,13.8,2.0,0.15
2026-07-18T17:00,16.5,18.3,4.0,0.18
2026-07-18T18:00,18.6,20.1,4.0,0.18
2026-07-18T19:00,23.7,25.0,3.0,0.18
2026-07-18T20:00,26.4,27.8,3.0,0.18
2026-07-18T21:00,27.8,29.2,3.0,0.19
2026-07-18T22:00,28.1,29.4,3.0,0.2
2026-07-18T23:00,27.2,28.6,3.0,0.19
2026-07-19T00:00,25.9,27.2,3.0,0.19
2026-07-19T01:00,24.7,25.9,2.0,0.18
2026-07-19T02:00,23.9,24.9,2.0,0.17
2026-07-19T03:00,23.0,23.8,2.0,0.17
2026-07-19T04:00,21.8,22.5,1.0,0.16
2026-07-19T05:00,23.1,23.6,1.0,0.15
2026-07-19T06:00,21.5,21.9,1.0,0.15
2026-07-19T07:00,21.8,22.2,1.0,0.15
2026-07-19T08:00,24.1,24.7,1.0,0.15
2026-07-19T09:00,21.8,22.9,2.0,0.16
2026-07-19T10:00,18.7,20.1,2.0,0.16
2026-07-19T11:00,17.7,19.3,3.0,0.16
2026-07-19T12:00,18.2,20.0,3.0,0.17
2026-07-19T13:00,19.3,21.2,4.0,0.18
2026-07-19T14:00,20.4,22.2,4.0,0.18
2026-07-19T15:00,21.2,23.1,4.0,0.18
2026-07-19T16:00,22.1,23.9,4.0,0.18
2026-07-19T17:00,17.4,19.8,5.0,0.17
2026-07-19T18:00,18.9,21.0,5.0,0.16
2026-07-19T19:00,22.8,24.7,4.0,0.16
2026-07-19T20:00,27.2,29.0,4.0,0.16
2026-07-19T21:00,28.7,30.5,4.0,0.16
2026-07-19T22:00,27.5,29.2,3.0,0.15
2026-07-19T23:00,23.3,24.9,3.0,0.13
2026-07-20T00:00,19.0,20.4,3.0,0.13
2026-07-20T01:00,17.0,18.1,2.0,0.13
2026-07-20T02:00,16.4,17.4,2.0,0.13
2026-07-20T03:00,15.7,16.6,2.0,0.13
2026-07-20T04:00,15.1,16.0,2.0,0.14
2026-07-20T05:00,10.3,11.1,2.0,0.13
2026-07-20T06:00,11.5,12.4,2.0,0.14
2026-07-20T07:00,13.2,14.0,2.0,0.15
2026-07-20T08:00,13.7,14.7,2.0,0.15
2026-07-20T09:00,11.4,12.5,2.0,0.16
2026-07-20T10:00,9.4,10.5,2.0,0.16
2026-07-20T11:00,8.5,9.5,2.0,0.17
2026-07-20T12:00,8.7,10.0,2.0,0.18
2026-07-20T13:00,9.5,11.1,3.0,0.18
2026-07-20T14:00,10.4,12.4,4.0,0.18
2026-07-20T15:00,11.2,13.6,5.0,0.18
2026-07-20T16:00,11.1,14.1,7.0,0.17
2026-07-20T17:00,10.8,22.1,22.0,0.18
2026-07-20T18:00,10.3,20.6,20.0,0.18
2026-07-20T19:00,10.8,19.2,17.0,0.19
2026-07-20T20:00,11.9,19.4,15.0,0.2
2026-07-20T21:00,12.6,19.0,14.0,0.21
2026-07-20T22:00,12.9,18.8,13.0,0.23
2026-07-20T23:00,13.2,19.2,12.0,0.25
2026-07-21T00:00,13.6,19.4,11.0,0.26
2026-07-21T01:00,13.9,19.0,9.0,0.27
2026-07-21T02:00,14.1,18.5,8.0,0.28
2026-07-21T03:00,14.1,17.7,7.0,0.29
2026-07-21T04:00,14.0,16.7,5.0,0.29
2026-07-21T05:00,13.2,15.2,4.0,0.32
2026-07-21T06:00,12.9,14.7,4.0,0.31
2026-07-21T07:00,13.2,14.7,3.0,0.3
2026-07-21T08:00,11.6,13.3,3.0,0.29
2026-07-21T09:00,10.7,12.8,3.0,0.27
2026-07-21T10:00,10.4,12.7,3.0,0.26
2026-07-21T11:00,10.1,13.3,6.0,0.26
2026-07-21T12:00,9.1,14.8,14.0,0.28
2026-07-21T13:00,7.9,19.0,26.0,0.33
2026-07-21T14:00,8.5,27.0,37.0,0.37
2026-07-21T15:00,8.8,34.7,48.0,0.36
2026-07-21T16:00,9.1,40.2,60.0,0.34
2026-07-21T17:00,11.1,53.2,84.0,0.33
2026-07-21T18:00,12.0,55.1,85.0,0.28
2026-07-21T19:00,12.6,54.7,86.0,0.25
2026-07-21T20:00,15.7,58.1,84.0,0.24
2026-07-21T21:00,19.0,57.4,77.0,0.23
2026-07-21T22:00,18.9,52.0,66.0,0.23
2026-07-21T23:00,18.4,48.5,59.0,0.22
2026-07-22T00:00,18.3,48.3,58.0,0.21
2026-07-22T01:00,18.8,49.7,60.0,0.19
2026-07-22T02:00,19.6,50.5,60.0,0.19
2026-07-22T03:00,19.7,48.9,56.0,0.19
2026-07-22T04:00,19.3,45.9,51.0,0.2
2026-07-22T05:00,13.6,31.4,34.0,0.16
2026-07-22T06:00,12.6,27.6,31.0,0.15
2026-07-22T07:00,12.0,23.8,27.0,0.14
2026-07-22T08:00,10.4,22.5,23.0,0.13
2026-07-22T09:00,8.6,18.0,19.0,0.13
2026-07-22T10:00,8.4,16.2,15.0,0.13
2026-07-22T11:00,7.9,14.3,12.0,0.13
2026-07-22T12:00,7.9,15.0,12.0,0.14
2026-07-22T13:00,8.0,15.8,13.0,0.14
2026-07-22T14:00,7.6,14.7,13.0,0.14
2026-07-22T15:00,6.9,12.9,12.0,0.14
2026-07-22T16:00,6.3,11.3,10.0,0.14
2026-07-22T17:00,7.0,16.8,19.0,0.1
2026-07-22T18:00,7.7,25.2,25.0,0.11
2026-07-22T19:00,8.9,30.0,33.0,0.15
2026-07-22T20:00,10.6,29.5,37.0,0.19
2026-07-22T21:00,10.8,25.1,33.0,0.22
2026-07-22T22:00,10.3,21.4,25.0,0.25
2026-07-22T23:00,9.9,19.4,18.0,0.26
2026-07-23T00:00,9.1,16.9,15.0,0.27
2026-07-23T01:00,8.2,14.8,13.0,0.28
2026-07-23T02:00,7.7,14.5,13.0,0.28
2026-07-23T03:00,7.5,15.7,16.0,0.28
2026-07-23T04:00,7.7,17.8,21.0,0.27
2026-07-23T05:00,8.2,15.4,13.0,0.25
2026-07-23T06:00,8.4,17.8,19.0,0.24
2026-07-23T07:00,9.5,19.7,28.0,0.23
2026-07-23T08:00,11.4,30.2,37.0,0.23
2026-07-23T09:00,13.0,35.3,46.0,0.23
2026-07-23T10:00,12.0,30.2,54.0,0.23
2026-07-23T11:00,13.6,44.7,61.0,0.24
2026-07-23T12:00,15.2,53.7,67.0,0.24
2026-07-23T13:00,15.8,54.2,71.0,0.24
2026-07-23T14:00,15.9,51.8,71.0,0.24
2026-07-23T15:00,15.5,47.3,64.0,0.24
2026-07-23T16:00,14.9,41.1,52.0,0.24
2026-07-23T17:00,15.0,34.7,38.0,0.25
2026-07-23T18:00,13.9,30.3,35.0,0.22
2026-07-23T19:00,13.6,28.8,32.0,0.21
2026-07-23T20:00,16.6,32.0,29.0,0.21
2026-07-23T21:00,19.2,34.5,28.0,0.22
2026-07-23T22:00,21.3,36.1,27.0,0.22
2026-07-23T23:00,24.1,38.4,27.0,0.22
2026-07-24T00:00,26.1,40.2,27.0,0.21
2026-07-24T01:00,26.2,39.9,26.0,0.21
2026-07-24T02:00,25.3,38.9,25.0,0.21
2026-07-24T03:00,24.0,37.1,23.0,0.21
2026-07-24T04:00,22.2,33.9,20.0,0.21
2026-07-24T05:00,22.4,37.6,28.0,0.21
2026-07-24T06:00,22.6,37.4,32.0,0.21
2026-07-24T07:00,22.8,32.8,38.0,0.21
2026-07-24T08:00,23.5,45.6,41.0,0.21
2026-07-24T09:00,22.4,46.3,39.0,0.21
2026-07-24T10:00,19.4,38.8,34.0,0.21
2026-07-24T11:00,16.3,31.9,30.0,0.21
2026-07-24T12:00,13.9,27.5,27.0,0.21
2026-07-24T13:00,12.8,25.3,25.0,0.2
2026-07-24T14:00,12.2,23.7,22.0,0.19
2026-07-24T15:00,11.6,21.9,19.0,0.19
2026-07-24T16:00,11.1,20.0,17.0,0.18
2026-07-24T17:00,7.1,12.5,11.0,0.14
2026-07-24T18:00,6.6,10.3,9.0,0.14
2026-07-24T19:00,7.5,10.1,7.0,0.14
2026-07-24T20:00,12.0,14.5,5.0,0.14
2026-07-24T21:00,15.0,17.3,4.0,0.13
2026-07-24T22:00,15.4,17.6,4.0,0.13
2026-07-24T23:00,15.2,17.3,4.0,0.13
2026-07-25T00:00,15.3,17.3,4.0,0.13
2026-07-25T01:00,15.3,17.3,4.0,0.14
2026-07-25T02:00,15.2,17.1,4.0,0.14
2026-07-25T03:00,14.6,16.0,3.0,0.14
2026-07-25T04:00,13.6,14.7,2.0,0.14
2026-07-25T05:00,14.1,15.0,2.0,0.15
2026-07-25T06:00,13.6,14.5,3.0,0.15
2026-07-25T07:00,14.1,15.1,3.0,0.15
2026-07-25T08:00,14.0,15.9,4.0,0.15
2026-07-25T09:00,12.3,14.6,4.0,0.15
2026-07-25T10:00,12.3,14.2,3.0,0.16
2026-07-25T11:00,12.2,13.9,3.0,0.16
2026-07-25T12:00,11.2,13.1,5.0,0.17
2026-07-25T13:00,10.9,13.9,8.0,0.16
2026-07-25T14:00,10.5,15.6,10.0,0.16
2026-07-25T15:00,10.4,16.2,11.0,0.16
2026-07-25T16:00,10.3,15.9,11.0,0.16
2026-07-25T17:00,8.0,10.9,6.0,0.15
2026-07-25T18:00,7.9,10.1,5.0,0.16
2026-07-25T19:00,10.0,11.7,4.0,0.16
2026-07-25T20:00,14.1,15.6,3.0,0.16
2026-07-25T21:00,16.3,17.6,3.0,0.16
2026-07-25T22:00,15.8,16.9,2.0,0.16
2026-07-25T23:00,15.1,16.1,2.0,0.17
2026-07-26T00:00,14.6,15.5,2.0,0.17
2026-07-26T01:00,14.3,15.3,1.0,0.17
2026-07-26T02:00,14.2,15.0,1.0,0.17
2026-07-26T03:00,13.6,14.2,1.0,0.17
2026-07-26T04:00,12.6,13.0,0.0,0.17
2026-07-26T05:00,12.0,12.4,1.0,0.18
2026-07-26T06:00,11.8,12.0,1.0,0.18
2026-07-26T07:00,12.3,12.5,1.0,0.18
2026-07-26T08:00,12.7,13.1,1.0,0.18
2026-07-26T09:00,11.3,12.3,1.0,0.18
2026-07-26T10:00,11.8,12.7,2.0,0.18
2026-07-26T11:00,12.0,12.8,2.0,0.17
2026-07-26T12:00,11.7,12.6,2.0,0.17
2026-07-26T13:00,11.1,12.2,3.0,0.16
2026-07-26T14:00,10.4,11.8,3.0,0.16
2026-07-26T15:00,9.7,11.8,4.0,0.15
2026-07-26T16:00,9.5,11.8,5.0,0.15
2026-07-26T17:00,4.6,6.4,3.0,0.14
2026-07-26T18:00,4.9,6.3,3.0,0.14
2026-07-26T19:00,8.7,9.9,3.0,0.13
2026-07-26T20:00,12.7,14.1,3.0,0.13
2026-07-26T21:00,15.3,16.7,3.0,0.13
2026-07-26T22:00,17.0,18.2,2.0,0.13
2026-07-26T23:00,17.8,18.8,2.0,0.13
2026-07-27T00:00,17.8,18.5,2.0,0.13
2026-07-27T01:00,16.9,17.5,1.0,0.13
2026-07-27T02:00,15.3,15.7,1.0,0.13
2026-07-27T03:00,13.5,13.8,1.0,0.13
2026-07-27T04:00,11.8,12.1,1.0,0.13
2026-07-27T05:00,12.6,12.8,0.0,0.13
2026-07-27T06:00,11.8,12.0,0.0,0.14
2026-07-27T07:00,12.1,12.5,1.0,0.14
2026-07-27T08:00,12.2,13.0,1.0,0.14
2026-07-27T09:00,10.1,11.2,1.0,0.14
2026-07-27T10:00,9.2,10.1,1.0,0.14
2026-07-27T11:00,9.1,9.7,1.0,0.14
2026-07-27T12:00,9.3,9.7,2.0,0.14
2026-07-27T13:00,9.0,9.8,2.0,0.15
2026-07-27T14:00,8.6,10.0,3.0,0.15
2026-07-27T15:00,8.1,9.9,3.0,0.15
2026-07-27T16:00,7.9,9.9,4.0,0.16
2026-07-27T17:00,10.5,14.9,9.0,0.2
2026-07-27T18:00,10.9,14.3,8.0,0.19
2026-07-27T19:00,14.8,17.6,6.0,0.19
2026-07-27T20:00,16.8,19.6,5.0,0.18
2026-07-27T21:00,18.2,21.0,4.0,0.18
2026-07-27T22:00,19.4,21.8,4.0,0.18
2026-07-27T23:00,19.8,21.8,4.0,0.17
2026-07-28T00:00,19.0,20.9,4.0,0.17
2026-07-28T01:00,17.9,19.7,3.0,0.17
2026-07-28T02:00,17.1,18.7,3.0,0.18
2026-07-28T03:00,16.1,17.5,3.0,0.18
2026-07-28T04:00,15.1,16.2,2.0,0.19
2026-07-28T05:00,17.4,18.5,2.0,0.17
2026-07-28T06:00,16.3,17.3,2.0,0.17
2026-07-28T07:00,16.1,17.1,3.0,0.17
2026-07-28T08:00,14.6,16.0,3.0,0.16
2026-07-28T09:00,10.6,11.9,2.0,0.16
2026-07-28T10:00,8.9,9.7,2.0,0.16
2026-07-28T11:00,8.4,8.9,1.0,0.17
2026-07-28T12:00,8.7,9.1,1.0,0.17
2026-07-28T13:00,9.0,9.4,1.0,0.17
2026-07-28T14:00,9.0,9.3,1.0,0.17
2026-07-28T15:00,8.6,9.0,1.0,0.18
2026-07-28T16:00,8.6,9.2,1.0,0.18
2026-07-28T17:00,6.1,7.1,2.0,0.16
2026-07-28T18:00,6.5,7.5,2.0,0.16
2026-07-28T19:00,11.2,12.0,2.0,0.15
2026-07-28T20:00,13.4,14.3,2.0,0.15
2026-07-28T21:00,15.3,16.2,2.0,0.15
2026-07-28T22:00,17.3,18.1,1.0,0.14
2026-07-28T23:00,19.3,20.0,1.0,0.14
2026-07-29T00:00,20.0,20.5,1.0,0.14
2026-07-29T01:00,19.2,19.7,1.0,0.14
2026-07-29T02:00,17.6,18.1,1.0,0.14
2026-07-29T03:00,16.0,16.4,1.0,0.14
2026-07-29T04:00,14.5,14.9,1.0,0.14
2026-07-29T05:00,14.9,15.3,1.0,0.14
2026-07-29T06:00,13.9,14.3,1.0,0.13
2026-07-29T07:00,14.1,14.4,1.0,0.13
2026-07-29T08:00,12.7,13.1,1.0,0.12
2026-07-29T09:00,8.5,9.0,1.0,0.12
2026-07-29T10:00,7.2,7.6,1.0,0.12
2026-07-29T11:00,7.5,7.8,1.0,0.12
2026-07-29T12:00,8.1,8.4,1.0,0.12
2026-07-29T13:00,8.2,8.6,1.0,0.12
2026-07-29T14:00,7.6,8.1,1.0,0.12
2026-07-29T15:00,7.0,7.7,1.0,0.12
2026-07-29T16:00,6.7,7.3,1.0,0.12
2026-07-29T17:00,5.2,6.6,3.0,0.14
2026-07-29T18:00,5.6,6.9,3.0,0.15
2026-07-29T19:00,8.6,9.5,2.0,0.15
2026-07-29T20:00,8.7,9.6,2.0,0.14
2026-07-29T21:00,8.0,8.9,2.0,0.14
2026-07-29T22:00,7.4,8.3,2.0,0.13
2026-07-29T23:00,7.3,8.1,2.0,0.13
2026-07-30T00:00,8.0,8.8,2.0,0.13
2026-07-30T01:00,9.0,9.7,1.0,0.13
2026-07-30T02:00,9.9,10.6,1.0,0.13
2026-07-30T03:00,10.4,11.1,1.0,0.14
2026-07-30T04:00,10.6,11.2,1.0,0.14
2026-07-30T05:00,13.5,14.3,1.0,0.16
2026-07-30T06:00,13.1,13.9,1.0,0.16
2026-07-30T07:00,13.4,13.9,1.0,0.16
2026-07-30T08:00,12.5,13.2,1.0,0.16
2026-07-30T09:00,7.0,7.6,1.0,0.16
2026-07-30T10:00,6.1,6.5,1.0,0.17
2026-07-30T11:00,6.4,6.9,1.0,0.17
2026-07-30T12:00,7.5,8.0,1.0,0.18
2026-07-30T13:00,8.5,9.1,2.0,0.18
2026-07-30T14:00,8.9,9.7,2.0,0.19
2026-07-30T15:00,8.8,10.2,2.0,0.19
2026-07-30T16:00,8.9,10.5,3.0,0.19
2026-07-30T17:00,9.9,10.7,1.0,0.18
2026-07-30T18:00,11.4,12.0,1.0,0.19
2026-07-30T19:00,15.8,16.4,1.0,0.2
2026-07-30T20:00,16.8,17.3,1.0,0.21
2026-07-30T21:00,17.1,17.6,1.0,0.21
2026-07-30T22:00,16.9,17.5,1.0,0.22
2026-07-30T23:00,16.8,17.3,1.0,0.22
2026-07-31T00:00,16.3,16.8,1.0,0.21
2026-07-31T01:00,15.8,16.3,1.0,0.21
2026-07-31T02:00,15.4,15.8,1.0,0.2
2026-07-31T03:00,14.9,15.2,1.0,0.2
2026-07-31T04:00,14.2,14.5,0.0,0.19
2026-07-31T05:00,16.2,16.5,0.0,0.17
2026-07-31T06:00,15.7,15.9,0.0,0.17
2026-07-31T07:00,16.3,16.5,1.0,0.17
2026-07-31T08:00,16.5,16.8,1.0,0.17
2026-07-31T09:00,14.3,14.6,1.0,0.17
2026-07-31T10:00,13.4,13.6,0.0,0.17
2026-07-31T11:00,13.3,13.4,0.0,0.17
2026-07-31T12:00,13.6,13.9,0.0,0.17
2026-07-31T13:00,13.2,13.4,0.0,0.18
2026-07-31T14:00,11.6,11.8,0.0,0.18
2026-07-31T15:00,10.5,10.8,0.0,0.17
2026-07-31T16:00,9.7,10.0,1.0,0.17
2026-07-31T17:00,4.6,4.8,0.0,0.18
2026-07-31T18:00,6.7,6.8,0.0,0.18
2026-07-31T19:00,13.6,13.7,0.0,0.18
2026-07-31T20:00,16.5,16.6,0.0,0.18
2026-07-31T21:00,16.7,16.8,0.0,0.18
2026-07-31T22:00,16.6,16.8,0.0,0.18
2026-07-31T23:00,16.4,16.5,0.0,0.17
2026-08-01T00:00,15.5,15.7,0.0,0.17
2026-08-01T01:00,14.6,14.7,0.0,0.16
2026-08-01T02:00,14.1,14.2,0.0,0.16
2026-08-01T03:00,14.0,14.1,0.0,0.15
2026-08-01T04:00,13.6,13.7,0.0,0.15
2026-08-01T05:00,12.9,13.0,0.0,0.16
2026-08-01T06:00,12.7,12.9,0.0,0.15
2026-08-01T07:00,13.9,14.0,0.0,0.15
2026-08-01T08:00,15.5,15.5,0.0,0.15
2026-08-01T09:00,9.8,9.9,0.0,0.15
2026-08-01T10:00,7.8,7.9,0.0,0.15
2026-08-01T11:00,7.7,7.9,0.0,0.15
2026-08-01T12:00,8.5,8.6,0.0,0.16
2026-08-01T13:00,9.3,9.5,0.0,0.17
2026-08-01T14:00,9.6,9.7,0.0,0.17
2026-08-01T15:00,9.3,9.5,0.0,0.18
2026-08-01T16:00,9.1,9.4,1.0,0.18
2026-08-01T17:00,5.7,5.8,0.0,0.13
2026-08-01T18:00,8.6,8.7,0.0,0.13
2026-08-01T19:00,13.1,13.2,0.0,0.14
2026-08-01T20:00,14.5,14.6,0.0,0.14
2026-08-01T21:00,13.5,13.6,0.0,0.14
2026-08-01T22:00,12.6,12.7,0.0,0.14
2026-08-01T23:00,12.0,12.1,0.0,0.14
2026-08-02T00:00,12.0,12.0,0.0,0.14
2026-08-02T01:00,12.2,12.2,0.0,0.13
2026-08-02T02:00,12.2,12.2,0.0,0.13
2026-08-02T03:00,11.9,11.9,0.0,0.13
2026-08-02T04:00,11.4,11.4,0.0,0.13
2026-08-02T05:00,10.8,10.8,0.0,0.14
2026-08-02T06:00,10.7,10.8,0.0,0.13
2026-08-02T07:00,11.6,11.6,0.0,0.13
2026-08-02T08:00,12.6,12.7,0.0,0.14
2026-08-02T09:00,9.0,9.1,0.0,0.14
2026-08-02T10:00,8.1,8.2,0.0,0.15
2026-08-02T11:00,8.4,8.5,0.0,0.16
2026-08-02T12:00,9.2,9.3,0.0,0.17
2026-08-02T13:00,9.6,9.8,1.0,0.17
2026-08-02T14:00,8.6,8.9,1.0,0.17
2026-08-02T15:00,6.9,7.7,1.0,0.16
2026-08-02T16:00,5.7,6.9,2.0,0.15
2026-08-02T17:00,3.9,5.0,2.0,0.13
2026-08-02T18:00,4.2,5.4,2.0,0.12
2026-08-02T19:00,6.3,7.7,3.0,0.12
2026-08-02T20:00,7.2,8.9,3.0,0.13
2026-08-02T21:00,6.7,8.4,3.0,0.13
2026-08-02T22:00,5.6,7.4,3.0,0.13
2026-08-02T23:00,5.0,6.8,3.0,0.14
2026-08-03T00:00,4.7,6.4,3.0,0.14
2026-08-03T01:00,4.4,6.1,3.0,0.14
2026-08-03T02:00,4.3,5.9,3.0,0.14
2026-08-03T03:00,4.4,5.8,3.0,0.14
2026-08-03T04:00,4.6,5.9,2.0,0.14
2026-08-03T05:00,5.1,6.7,3.0,0.14
2026-08-03T06:00,5.9,7.5,3.0,0.15
2026-08-03T07:00,8.4,9.6,2.0,0.15
2026-08-03T08:00,9.5,10.7,2.0,0.15
2026-08-03T09:00,8.8,10.2,2.0,0.15
2026-08-03T10:00,9.4,10.9,3.0,0.16
2026-08-03T11:00,10.3,11.9,3.0,0.17
2026-08-03T12:00,10.7,12.5,3.0,0.18
2026-08-03T13:00,10.7,12.8,4.0,0.19
2026-08-03T14:00,10.4,13.1,5.0,0.19
2026-08-03T15:00,9.9,13.4,7.0,0.2
2026-08-03T16:00,9.8,14.3,9.0,0.21
2026-08-03T17:00,5.5,9.5,8.0,0.18
2026-08-03T18:00,5.9,10.4,9.0,0.17
2026-08-03T19:00,9.1,14.2,11.0,0.16
2026-08-03T20:00,13.3,19.1,12.0,0.16
2026-08-03T21:00,15.8,22.3,13.0,0.17
2026-08-03T22:00,15.7,23.1,15.0,0.17
2026-08-03T23:00,15.0,23.3,16.0,0.18
2026-08-04T00:00,14.5,23.2,16.0,0.18
2026-08-04T01:00,14.7,23.5,17.0,0.19
2026-08-04T02:00,15.3,23.7,16.0,0.2
2026-08-04T03:00,15.4,23.2,15.0,0.2
2026-08-04T04:00,15.0,21.8,13.0,0.19
2026-08-04T05:00,12.8,20.4,15.0,0.2
2026-08-04T06:00,12.9,20.4,12.0,0.19
2026-08-04T07:00,12.8,18.0,9.0,0.19
2026-08-04T08:00,12.7,17.0,8.0,0.18
2026-08-04T09:00,10.5,15.8,12.0,0.18
2026-08-04T10:00,9.3,17.8,18.0,0.17
2026-08-04T11:00,9.4,22.0,24.0,0.17
2026-08-04T12:00,10.6,26.7,30.0,0.18
2026-08-04T13:00,11.6,30.4,37.0,0.19
2026-08-04T14:00,13.2,34.7,42.0,0.21
2026-08-04T15:00,15.3,39.0,47.0,0.23
2026-08-04T16:00,16.5,42.1,51.0,0.25
2026-08-04T17:00,15.8,41.7,50.0,0.22
2026-08-04T18:00,14.6,36.6,44.0,0.21
2026-08-04T19:00,14.8,31.0,37.0,0.21
2026-08-04T20:00,17.7,33.9,31.0,0.2
2026-08-04T21:00,19.3,35.3,29.0,0.2
2026-08-04T22:00,19.9,35.7,29.0,0.2
2026-08-04T23:00,20.1,36.0,30.0,0.2
2026-08-05T00:00,19.7,36.0,31.0,0.2
2026-08-05T01:00,19.0,36.1,32.0,0.19
2026-08-05T02:00,18.8,36.1,32.0,0.18
2026-08-05T03:00,19.0,35.7,31.0,0.17
2026-08-05T04:00,19.4,35.4,29.0,0.17
2026-08-05T05:00,18.9,34.1,28.0,0.16
2026-08-05T06:00,19.0,33.2,26.0,0.16
2026-08-05T07:00,19.7,29.8,22.0,0.16
2026-08-05T08:00,17.5,28.1,19.0,0.16
2026-08-05T09:00,14.6,23.9,15.0,0.16
2026-08-05T10:00,10.7,16.5,10.0,0.16
2026-08-05T11:00,8.0,12.1,8.0,0.16
2026-08-05T12:00,6.8,11.2,9.0,0.15
2026-08-05T13:00,6.7,13.0,13.0,0.15
2026-08-05T14:00,6.8,15.1,16.0,0.14
2026-08-05T15:00,6.9,16.8,19.0,0.14
2026-08-05T16:00,6.9,18.0,22.0,0.15
2026-08-05T17:00,6.3,17.3,21.0,0.12
2026-08-05T18:00,6.5,17.1,19.0,0.13
2026-08-05T19:00,7.1,15.9,17.0,0.14
2026-08-05T20:00,9.8,17.5,15.0,0.14
2026-08-05T21:00,10.9,17.1,12.0,0.14
2026-08-05T22:00,11.6,16.6,10.0,0.14
2026-08-05T23:00,12.1,16.5,8.0,0.14
2026-08-06T00:00,12.4,16.6,8.0,0.13
2026-08-06T01:00,12.5,16.9,8.0,0.13
2026-08-06T02:00,12.5,16.9,8.0,0.14
2026-08-06T03:00,12.3,16.5,7.0,0.14
2026-08-06T04:00,11.8,15.5,7.0,0.14
2026-08-06T05:00,11.9,16.5,9.0,0.14
2026-08-06T06:00,12.0,16.5,9.0,0.13
2026-08-06T07:00,13.5,16.3,8.0,0.13
2026-08-06T08:00,12.8,17.2,8.0,0.13
2026-08-06T09:00,10.8,17.7,9.0,0.13
2026-08-06T10:00,10.6,17.4,11.0,0.14
2026-08-06T11:00,10.3,16.9,13.0,0.14
2026-08-06T12:00,9.8,16.5,14.0,0.14
2026-08-06T13:00,9.0,16.0,15.0,0.14
2026-08-06T14:00,7.9,15.4,15.0,0.14
2026-08-06T15:00,7.5,15.2,15.0,0.14
2026-08-06T16:00,7.2,15.0,15.0,0.14
2026-08-06T17:00,2.9,4.7,4.0,0.07
2026-08-06T18:00,3.1,4.5,4.0,0.07
2026-08-06T19:00,6.4,7.8,3.0,0.07
2026-08-06T20:00,10.6,12.0,3.0,0.07
2026-08-06T21:00,12.5,13.9,3.0,0.08
2026-08-06T22:00,13.9,15.4,3.0,0.08
2026-08-06T23:00,14.8,16.2,3.0,0.09
2026-08-07T00:00,15.4,16.8,3.0,0.1
2026-08-07T01:00,15.4,16.5,2.0,0.1
2026-08-07T02:00,14.8,15.7,2.0,0.11
2026-08-07T03:00,13.9,14.7,2.0,0.11
2026-08-07T04:00,12.8,13.5,1.0,0.11
2026-08-07T05:00,14.7,15.3,1.0,0.12
2026-08-07T06:00,13.9,14.6,1.0,0.13
2026-08-07T07:00,14.1,14.7,2.0,0.14
2026-08-07T08:00,13.0,13.8,2.0,0.14
2026-08-07T09:00,8.4,9.9,2.0,0.14
2026-08-07T10:00,6.9,8.0,2.0,0.14
2026-08-07T11:00,6.7,7.5,2.0,0.14
2026-08-07T12:00,7.1,7.8,2.0,0.14
2026-08-07T13:00,7.0,7.9,2.0,0.14
2026-08-07T14:00,6.5,7.9,3.0,0.13
2026-08-07T15:00,6.0,8.5,4.0,0.13
2026-08-07T16:00,6.0,9.0,5.0,0.13
2026-08-07T17:00,7.7,13.5,12.0,0.19
2026-08-07T18:00,7.4,12.0,11.0,0.19
2026-08-07T19:00,9.7,13.3,9.0,0.19
2026-08-07T20:00,10.6,14.0,7.0,0.18
2026-08-07T21:00,10.4,13.6,6.0,0.16
2026-08-07T22:00,10.0,13.0,6.0,0.15
2026-08-07T23:00,10.0,12.8,6.0,0.15
2026-08-08T00:00,10.4,13.3,6.0,0.15
2026-08-08T01:00,11.3,14.1,5.0,0.15
2026-08-08T02:00,12.0,14.5,5.0,0.15
2026-08-08T03:00,12.4,14.6,5.0,0.15
2026-08-08T04:00,12.5,14.6,4.0,0.15
2026-08-08T05:00,13.0,15.0,4.0,0.16
2026-08-08T06:00,13.0,15.2,5.0,0.16
2026-08-08T07:00,14.3,16.4,5.0,0.17
2026-08-08T08:00,14.7,17.8,6.0,0.18
2026-08-08T09:00,11.4,17.0,6.0,0.18
2026-08-08T10:00,9.4,14.0,6.0,0.18
2026-08-08T11:00,8.0,11.2,6.0,0.18
2026-08-08T12:00,7.3,9.9,6.0,0.19
2026-08-08T13:00,7.1,10.0,6.0,0.19
2026-08-08T14:00,7.3,10.9,7.0,0.19
2026-08-08T15:00,7.6,12.2,9.0,0.18
2026-08-08T16:00,7.9,13.5,11.0,0.18
2026-08-08T17:00,12.4,25.2,26.0,0.28
2026-08-08T18:00,13.4,25.3,25.0,0.29
2026-08-08T19:00,17.2,27.3,23.0,0.3
2026-08-08T20:00,19.2,29.5,21.0,0.3
2026-08-08T21:00,20.3,31.2,21.0,0.29
2026-08-08T22:00,20.3,31.4,21.0,0.27
2026-08-08T23:00,19.1,29.5,20.0,0.26
2026-08-09T00:00,17.5,26.1,18.0,0.25
2026-08-09T01:00,16.2,23.2,15.0,0.24
2026-08-09T02:00,15.6,21.6,12.0,0.23
2026-08-09T03:00,15.5,20.8,10.0,0.23
2026-08-09T04:00,15.5,20.0,8.0,0.23
2026-08-09T05:00,14.5,17.2,5.0,0.26
2026-08-09T06:00,13.8,16.6,6.0,0.25
2026-08-09T07:00,14.2,16.9,7.0,0.23
2026-08-09T08:00,14.6,19.0,9.0,0.22
2026-08-09T09:00,13.1,21.5,11.0,0.23
2026-08-09T10:00,11.9,20.4,13.0,0.23
2026-08-09T11:00,10.8,17.6,14.0,0.22
2026-08-09T12:00,10.6,16.9,14.0,0.2
2026-08-09T13:00,10.8,17.6,14.0,0.18
2026-08-09T14:00,10.4,17.4,14.0,0.17
2026-08-09T15:00,9.7,16.8,14.0,0.17
2026-08-09T16:00,9.0,15.7,13.0,0.16
2026-08-09T17:00,11.6,20.0,17.0,0.29
2026-08-09T18:00,12.1,18.7,15.0,0.27
2026-08-09T19:00,13.6,18.9,12.0,0.26
2026-08-09T20:00,14.8,20.0,10.0,0.25
2026-08-09T21:00,14.6,19.3,10.0,0.25
2026-08-09T22:00,14.5,19.0,10.0,0.24
2026-08-09T23:00,14.9,19.8,10.0,0.24
2026-08-10T00:00,16.5,21.7,9.0,0.22
2026-08-10T01:00,18.5,23.2,8.0,0.2
2026-08-10T02:00,19.4,23.1,7.0,0.2
2026-08-10T03:00,19.4,22.3,6.0,0.2
2026-08-10T04:00,18.5,21.1,5.0,0.2
2026-08-10T05:00,18.0,20.6,5.0,0.2
2026-08-10T06:00,16.8,19.3,4.0,0.2
2026-08-10T07:00,16.4,18.6,3.0,0.2
2026-08-10T08:00,16.6,18.9,4.0,0.2
2026-08-10T09:00,14.3,19.3,7.0,0.21
2026-08-10T10:00,12.7,19.8,12.0,0.21
2026-08-10T11:00,12.5,19.8,15.0,0.21
2026-08-10T12:00,12.5,19.5,16.0,0.2
2026-08-10T13:00,12.6,19.7,16.0,0.19
2026-08-10T14:00,12.7,19.9,15.0,0.19
2026-08-10T15:00,12.0,18.8,14.0,0.18
2026-08-10T16:00,10.9,16.9,12.0,0.19
2026-08-10T17:00,10.9,17.4,13.0,0.28
2026-08-10T18:00,11.2,16.9,12.0,0.24
2026-08-10T19:00,13.5,18.3,11.0,0.23
2026-08-10T20:00,15.9,20.8,10.0,0.23
2026-08-10T21:00,17.1,21.4,9.0,0.22
2026-08-10T22:00,17.5,21.4,8.0,0.21
2026-08-10T23:00,18.5,22.2,7.0,0.2
2026-08-11T00:00,19.6,23.1,7.0,0.2
2026-08-11T01:00,20.4,23.5,6.0,0.19
2026-08-11T02:00,20.5,23.5,6.0,0.19
2026-08-11T03:00,20.1,22.8,5.0,0.18
2026-08-11T04:00,19.3,21.6,4.0,0.18
2026-08-11T05:00,13.7,15.4,3.0,0.17
2026-08-11T06:00,13.1,15.0,4.0,0.17
2026-08-11T07:00,13.6,15.5,4.0,0.17
2026-08-11T08:00,14.8,17.1,5.0,0.18
2026-08-11T09:00,13.2,17.6,6.0,0.18
2026-08-11T10:00,10.8,15.0,6.0,0.18
2026-08-11T11:00,10.5,14.2,7.0,0.18
2026-08-11T12:00,10.3,13.7,7.0,0.17
2026-08-11T13:00,10.7,14.3,7.0,0.17
2026-08-11T14:00,10.9,14.5,7.0,0.18
2026-08-11T15:00,10.8,14.4,7.0,0.18
2026-08-11T16:00,10.7,14.2,7.0,0.18
2026-08-11T17:00,9.3,12.5,6.0,0.18
2026-08-11T18:00,11.2,13.6,5.0,0.18
2026-08-11T19:00,13.5,15.4,4.0,0.18
2026-08-11T20:00,14.3,16.2,3.0,0.19
2026-08-11T21:00,15.0,16.8,3.0,0.2
2026-08-11T22:00,16.2,18.2,4.0,0.2
2026-08-11T23:00,17.9,19.8,4.0,0.19
2026-08-12T00:00,19.3,21.1,3.0,0.18
2026-08-12T01:00,19.9,21.5,3.0,0.17
2026-08-12T02:00,19.6,20.9,2.0,0.17
2026-08-12T03:00,18.7,19.9,2.0,0.16
2026-08-12T04:00,17.5,18.6,2.0,0.17
2026-08-12T05:00,16.7,17.5,1.0,0.17
2026-08-12T06:00,15.5,16.6,1.0,0.17
2026-08-12T07:00,15.9,17.0,2.0,0.17
2026-08-12T08:00,16.9,18.6,3.0,0.17
2026-08-12T09:00,15.7,19.3,5.0,0.18
2026-08-12T10:00,13.5,18.2,7.0,0.18
2026-08-12T11:00,13.0,17.1,8.0,0.18
2026-08-12T12:00,13.5,17.2,8.0,0.18
2026-08-12T13:00,13.2,16.6,7.0,0.18
2026-08-12T14:00,12.0,15.1,6.0,0.18
2026-08-12T15:00,10.7,13.5,6.0,0.18
2026-08-12T16:00,9.9,12.4,5.0,0.18
2026-08-12T17:00,10.1,12.8,5.0,0.21
2026-08-12T18:00,12.1,14.1,5.0,0.19
2026-08-12T19:00,18.0,20.0,4.0,0.17
2026-08-12T20:00,22.1,24.2,4.0,0.16
2026-08-12T21:00,25.0,27.1,4.0,0.15
2026-08-12T22:00,26.4,28.3,3.0,0.14
2026-08-12T23:00,26.5,28.2,3.0,0.13
2026-08-13T00:00,25.7,27.1,3.0,0.13
2026-08-13T01:00,24.2,25.3,2.0,0.14
2026-08-13T02:00,22.0,22.9,2.0,0.14
2026-08-13T03:00,19.9,20.7,2.0,0.16
2026-08-13T04:00,18.0,18.7,1.0,0.17
2026-08-13T05:00,16.5,17.1,1.0,0.14
2026-08-13T06:00,15.7,16.4,2.0,0.15
2026-08-13T07:00,16.3,17.2,3.0,0.15
2026-08-13T08:00,19.1,21.1,4.0,0.16
2026-08-13T09:00,19.8,26.1,6.0,0.17
2026-08-13T10:00,19.9,27.5,9.0,0.18
2026-08-13T11:00,17.7,22.9,10.0,0.18
2026-08-13T12:00,15.2,18.5,8.0,0.18
2026-08-13T13:00,13.1,15.3,5.0,0.18
2026-08-13T14:00,11.2,12.7,3.0,0.18
2026-08-13T15:00,9.3,10.5,2.0,0.17
2026-08-13T16:00,7.8,8.8,2.0,0.17
2026-08-13T17:00,4.6,5.0,1.0,0.16
2026-08-13T18:00,7.9,8.2,1.0,0.15
2026-08-13T19:00,15.1,15.4,1.0,0.13
2026-08-13T20:00,20.6,20.9,1.0,0.13
2026-08-13T21:00,23.5,23.8,1.0,0.13
2026-08-13T22:00,21.4,21.7,0.0,0.13
2026-08-13T23:00,16.2,16.5,0.0,0.13
2026-08-14T00:00,12.9,13.1,0.0,0.14
2026-08-14T01:00,10.9,11.1,0.0,0.14
2026-08-14T02:00,9.7,10.0,0.0,0.14
2026-08-14T03:00,9.3,9.4,0.0,0.14
2026-08-14T04:00,8.8,8.9,0.0,0.14
2026-08-14T05:00,7.2,7.2,0.0,0.1
2026-08-14T06:00,7.1,7.2,0.0,0.1
2026-08-14T07:00,8.0,8.1,0.0,0.1
2026-08-14T08:00,8.2,8.3,0.0,0.1
2026-08-14T09:00,6.7,6.8,0.0,0.1
2026-08-14T10:00,6.2,6.3,0.0,0.1
2026-08-14T11:00,6.2,6.2,0.0,0.1
2026-08-14T12:00,6.7,6.7,0.0,0.1
2026-08-14T13:00,7.0,7.0,0.0,0.1
2026-08-14T14:00,6.5,6.5,0.0,0.1
2026-08-14T15:00,5.2,5.3,0.0,0.1
2026-08-14T16:00,4.5,4.8,1.0,0.1
2026-08-14T17:00,9.1,9.4,1.0,0.17
2026-08-14T18:00,12.7,12.8,1.0,0.16
2026-08-14T19:00,19.7,19.8,0.0,0.15
2026-08-14T20:00,24.8,25.0,0.0,0.15
2026-08-14T21:00,27.1,27.3,0.0,0.15
2026-08-14T22:00,27.0,27.1,0.0,0.15
2026-08-14T23:00,25.6,25.8,0.0,0.15
2026-08-15T00:00,24.3,24.5,0.0,0.15
2026-08-15T01:00,23.0,23.1,0.0,0.15
2026-08-15T02:00,21.3,21.4,0.0,0.15
2026-08-15T03:00,19.6,19.7,0.0,0.15
2026-08-15T04:00,18.2,18.3,0.0,0.15
2026-08-15T05:00,18.2,18.3,0.0,0.14
2026-08-15T06:00,17.4,17.5,0.0,0.14
2026-08-15T07:00,17.9,17.9,0.0,0.13
2026-08-15T08:00,19.3,19.4,0.0,0.13
2026-08-15T09:00,16.9,17.1,0.0,0.13
2026-08-15T10:00,13.5,13.7,1.0,0.13
2026-08-15T11:00,12.3,12.7,1.0,0.13
2026-08-15T12:00,11.1,11.6,1.0,0.13
2026-08-15T13:00,9.6,10.1,1.0,0.13
2026-08-15T14:00,8.3,8.9,1.0,0.13
2026-08-15T15:00,7.6,8.5,2.0,0.13
2026-08-15T16:00,7.2,8.4,2.0,0.13
2026-08-15T17:00,6.4,8.5,4.0,0.14
2026-08-15T18:00,11.1,12.9,4.0,0.16
2026-08-15T19:00,17.1,18.7,3.0,0.18
2026-08-15T20:00,20.5,22.1,3.0,0.19
2026-08-15T21:00,22.6,24.0,3.0,0.21
2026-08-15T22:00,23.2,24.5,2.0,0.22
2026-08-15T23:00,23.5,25.0,3.0,0.22
2026-08-16T00:00,22.6,24.7,5.0,0.21
2026-08-16T01:00,18.2,21.7,8.0,0.21
2026-08-16T02:00,14.8,19.7,10.0,0.2
2026-08-16T03:00,13.5,19.4,11.0,0.2
2026-08-16T04:00,12.8,19.0,11.0,0.2
2026-08-16T05:00,9.8,16.7,13.0,0.19
2026-08-16T06:00,9.3,15.4,11.0,0.19
2026-08-16T07:00,10.3,15.5,9.0,0.18
2026-08-16T08:00,10.2,14.2,8.0,0.17
2026-08-16T09:00,9.1,13.9,8.0,0.17
2026-08-16T10:00,9.4,14.7,9.0,0.17
2026-08-16T11:00,9.2,15.3,11.0,0.16
2026-08-16T12:00,8.7,16.1,14.0,0.16
2026-08-16T13:00,7.9,17.0,17.0,0.15
2026-08-16T14:00,6.8,16.3,18.0,0.15
2026-08-16T15:00,5.5,13.8,16.0,0.14
2026-08-16T16:00,4.9,11.5,12.0,0.14
2026-08-16T17:00,3.6,4.7,2.0,0.09
2026-08-16T18:00,4.5,5.1,1.0,0.1
2026-08-16T19:00,5.9,6.2,1.0,0.1
2026-08-16T20:00,7.1,7.4,0.0,0.1
2026-08-16T21:00,7.6,7.9,0.0,0.1
2026-08-16T22:00,7.8,8.1,0.0,0.11
2026-08-16T23:00,7.9,8.1,0.0,0.11
2026-08-17T00:00,7.7,8.1,0.0,0.11
2026-08-17T01:00,7.8,8.1,0.0,0.11
2026-08-17T02:00,8.0,8.3,0.0,0.11
2026-08-17T03:00,8.3,8.6,0.0,0.11
2026-08-17T04:00,8.7,9.0,0.0,0.12
2026-08-17T05:00,8.6,8.9,0.0,0.12
2026-08-17T06:00,9.0,9.2,0.0,0.13
2026-08-17T07:00,10.4,10.6,0.0,0.13
2026-08-17T08:00,9.4,9.7,0.0,0.13
2026-08-17T09:00,8.3,8.6,0.0,0.12
2026-08-17T10:00,8.7,8.9,0.0,0.12
2026-08-17T11:00,9.6,9.9,0.0,0.12
2026-08-17T12:00,10.8,11.0,0.0,0.12
2026-08-17T13:00,11.1,11.5,0.0,0.12
2026-08-17T14:00,9.9,10.3,0.0,0.12
2026-08-17T15:00,7.8,8.3,0.0,0.11
2026-08-17T16:00,6.3,6.9,1.0,0.1
2026-08-17T17:00,4.8,6.5,3.0,0.08
2026-08-17T18:00,6.0,8.3,4.0,0.07
2026-08-17T19:00,8.3,10.8,4.0,0.07
2026-08-17T20:00,9.5,12.1,5.0,0.07
2026-08-17T21:00,8.9,11.5,5.0,0.08
2026-08-17T22:00,8.3,10.9,5.0,0.09
2026-08-17T23:00,8.1,10.7,5.0,0.1
2026-08-18T00:00,8.0,10.6,5.0,0.11
2026-08-18T01:00,8.0,10.5,4.0,0.13
2026-08-18T02:00,7.9,10.3,4.0,0.13
2026-08-18T03:00,7.5,10.0,4.0,0.13
2026-08-18T04:00,7.2,9.6,4.0,0.13
2026-08-18T05:00,7.2,8.8,3.0,0.14
2026-08-18T06:00,7.6,9.2,2.0,0.14
2026-08-18T07:00,9.2,10.5,1.0,0.15
2026-08-18T08:00,10.8,12.0,2.0,0.16
2026-08-18T09:00,10.1,13.0,6.0,0.16
2026-08-18T10:00,9.8,15.1,11.0,0.16
2026-08-18T11:00,10.2,18.9,16.0,0.16
2026-08-18T12:00,11.2,23.1,20.0,0.16
2026-08-18T13:00,11.6,25.1,24.0,0.16
2026-08-18T14:00,11.1,25.1,26.0,0.15
2026-08-18T15:00,10.4,23.7,25.0,0.15
2026-08-18T16:00,9.5,21.7,23.0,0.14
2026-08-18T17:00,6.3,13.9,14.0,0.11
2026-08-18T18:00,7.0,11.9,13.0,0.1
2026-08-18T19:00,12.4,16.9,11.0,0.09
2026-08-18T20:00,18.1,22.7,9.0,0.08
2026-08-18T21:00,21.8,26.5,8.0,0.08
2026-08-18T22:00,22.8,27.0,7.0,0.08
2026-08-18T23:00,22.3,26.1,7.0,0.07
2026-08-19T00:00,21.6,25.3,7.0,0.08
2026-08-19T01:00,20.8,24.3,6.0,0.08
2026-08-19T02:00,19.9,22.9,6.0,0.08
2026-08-19T03:00,18.2,20.5,5.0,0.08
2026-08-19T04:00,16.2,18.2,4.0,0.08
2026-08-19T05:00,18.2,20.5,4.0,0.08
2026-08-19T06:00,17.3,19.4,3.0,0.09
2026-08-19T07:00,17.6,19.0,3.0,0.1
2026-08-19T08:00,17.9,19.3,2.0,0.12
2026-08-19T09:00,13.3,15.6,2.0,0.14
2026-08-19T10:00,9.7,11.8,3.0,0.16
2026-08-19T11:00,7.5,9.1,3.0,0.17
2026-08-19T12:00,6.0,7.5,3.0,0.18
2026-08-19T13:00,5.4,6.6,3.0,0.18
2026-08-19T14:00,5.4,6.7,3.0,0.18
2026-08-19T15:00,5.7,7.3,3.0,0.18
2026-08-19T16:00,6.2,8.2,4.0,0.17
2026-08-19T17:00,13.3,18.9,11.0,0.24
2026-08-19T18:00,19.5,24.0,10.0,0.24
2026-08-19T19:00,26.9,30.7,8.0,0.23
2026-08-19T20:00,28.9,32.4,7.0,0.22
2026-08-19T21:00,23.6,26.7,6.0,0.21
2026-08-19T22:00,18.3,20.6,5.0,0.2
2026-08-19T23:00,15.5,17.6,4.0,0.2
2026-08-20T00:00,14.8,16.7,3.0,0.2
2026-08-20T01:00,14.9,16.8,3.0,0.19
2026-08-20T02:00,15.3,17.1,3.0,0.19
2026-08-20T03:00,15.6,17.3,3.0,0.18
2026-08-20T04:00,15.7,17.3,3.0,0.17
2026-08-20T05:00,16.4,18.2,3.0,0.16
2026-08-20T06:00,16.9,18.9,3.0,0.16
2026-08-20T07:00,18.2,20.0,3.0,0.16
2026-08-20T08:00,21.2,22.8,3.0,0.16
2026-08-20T09:00,22.5,25.6,5.0,0.16
2026-08-20T10:00,18.7,23.2,7.0,0.16
2026-08-20T11:00,16.3,21.0,9.0,0.17
2026-08-20T12:00,15.3,20.3,10.0,0.18
2026-08-20T13:00,13.2,18.5,10.0,0.19
2026-08-20T14:00,10.8,15.8,10.0,0.18
2026-08-20T15:00,9.4,13.9,9.0,0.18
2026-08-20T16:00,8.3,12.0,8.0,0.17
2026-08-20T17:00,4.0,5.9,4.0,0.12
2026-08-20T18:00,6.2,7.7,3.0,0.12
2026-08-20T19:00,11.9,13.2,3.0,0.11
2026-08-20T20:00,14.6,15.8,2.0,0.11
2026-08-20T21:00,14.8,15.8,2.0,0.11
2026-08-20T22:00,15.7,16.5,1.0,0.11
2026-08-20T23:00,17.2,17.9,1.0,0.11
2026-08-21T00:00,18.8,19.4,1.0,0.12
2026-08-21T01:00,19.6,20.4,1.0,0.12
2026-08-21T02:00,18.8,19.5,1.0,0.12
2026-08-21T03:00,17.6,18.3,1.0,0.12
2026-08-21T04:00,16.2,16.7,0.0,0.12
2026-08-21T05:00,11.8,12.1,0.0,0.11
2026-08-21T06:00,11.4,11.7,0.0,0.11
2026-08-21T07:00,12.4,12.7,0.0,0.11
2026-08-21T08:00,14.1,14.5,0.0,0.11
2026-08-21T09:00,11.9,12.5,0.0,0.11
2026-08-21T10:00,10.0,10.6,1.0,0.11
2026-08-21T11:00,9.2,9.6,1.0,0.12
2026-08-21T12:00,8.8,9.2,1.0,0.12
2026-08-21T13:00,8.1,8.5,1.0,0.13
2026-08-21T14:00,7.2,7.5,1.0,0.13
2026-08-21T15:00,6.2,6.5,1.0,0.13
2026-08-21T16:00,5.1,5.3,0.0,0.13
2026-08-21T17:00,2.5,2.6,0.0,0.09
2026-08-21T18:00,4.0,4.1,0.0,0.09
2026-08-21T19:00,8.4,8.6,0.0,0.09
2026-08-21T20:00,11.9,12.0,0.0,0.09
2026-08-21T21:00,12.8,12.9,0.0,0.1
2026-08-21T22:00,12.5,12.7,0.0,0.1
2026-08-21T23:00,12.9,13.0,0.0,0.1
2026-08-22T00:00,14.2,14.3,0.0,0.11
2026-08-22T01:00,15.3,15.4,0.0,0.12
2026-08-22T02:00,15.4,15.5,0.0,0.14
2026-08-22T03:00,14.5,14.6,0.0,0.13
2026-08-22T04:00,13.4,13.5,0.0,0.12
2026-08-22T05:00,11.1,11.2,0.0,0.14
2026-08-22T06:00,9.9,10.0,0.0,0.15
2026-08-22T07:00,9.6,9.7,0.0,0.15
2026-08-22T08:00,8.8,8.9,0.0,0.14
2026-08-22T09:00,5.9,6.2,0.0,0.14
2026-08-22T10:00,5.0,5.7,1.0,0.14
2026-08-22T11:00,5.0,5.9,1.0,0.14
2026-08-22T12:00,5.2,5.9,1.0,0.15
2026-08-22T13:00,5.4,5.8,1.0,0.15
2026-08-22T14:00,5.7,6.2,1.0,0.16
2026-08-22T15:00,5.7,6.2,1.0,0.16
2026-08-22T16:00,5.6,6.2,1.0,0.16
2026-08-22T17:00,8.8,9.5,1.0,0.2
2026-08-22T18:00,9.7,10.2,1.0,0.18
2026-08-22T19:00,12.5,12.9,0.0,0.16
2026-08-22T20:00,14.3,14.6,0.0,0.15
2026-08-22T21:00,14.6,14.8,0.0,0.14
2026-08-22T22:00,14.1,14.3,0.0,0.13
2026-08-22T23:00,13.3,13.6,0.0,0.12
2026-08-23T00:00,12.7,13.1,0.0,0.12
2026-08-23T01:00,12.3,12.9,1.0,0.12
2026-08-23T02:00,12.1,12.8,1.0,0.1
2026-08-23T03:00,12.3,13.0,1.0,0.09
2026-08-23T04:00,12.6,13.4,1.0,0.09
2026-08-23T05:00,11.7,12.5,1.0,0.11
2026-08-23T06:00,11.8,12.7,1.0,0.11
2026-08-23T07:00,13.0,13.6,1.0,0.12
2026-08-23T08:00,13.4,14.3,1.0,0.12
2026-08-23T09:00,9.3,10.8,2.0,0.13
2026-08-23T10:00,6.8,8.0,3.0,0.13
2026-08-23T11:00,5.6,7.4,4.0,0.13
2026-08-23T12:00,5.8,9.4,6.0,0.12
2026-08-23T13:00,6.1,11.3,9.0,0.12
2026-08-23T14:00,6.3,12.1,11.0,0.12
2026-08-23T15:00,6.4,12.1,11.0,0.12
2026-08-23T16:00,6.4,11.9,11.0,0.12
2026-08-23T17:00,4.6,9.3,9.0,0.09
2026-08-23T18:00,6.7,10.3,8.0,0.09
2026-08-23T19:00,8.9,11.7,6.0,0.1
2026-08-23T20:00,10.0,12.6,5.0,0.1
2026-08-23T21:00,10.5,13.0,4.0,0.1
2026-08-23T22:00,11.1,13.3,4.0,0.11
2026-08-23T23:00,11.8,13.8,4.0,0.11
2026-08-24T00:00,12.6,14.4,4.0,0.12
2026-08-24T01:00,12.8,14.4,3.0,0.12
2026-08-24T02:00,12.3,13.9,3.0,0.12
2026-08-24T03:00,11.5,12.9,3.0,0.11
2026-08-24T04:00,10.2,11.4,2.0,0.12
2026-08-24T05:00,9.2,10.2,2.0,0.12
2026-08-24T06:00,8.4,9.4,2.0,0.12
2026-08-24T07:00,8.6,9.6,1.0,0.13
2026-08-24T08:00,9.4,10.5,2.0,0.13
2026-08-24T09:00,7.0,9.7,4.0,0.13
2026-08-24T10:00,5.4,9.4,6.0,0.13
2026-08-24T11:00,5.4,10.0,9.0,0.13
2026-08-24T12:00,5.2,10.2,12.0,0.13
2026-08-24T13:00,5.6,12.0,15.0,0.13
2026-08-24T14:00,6.5,16.6,19.0,0.14
2026-08-24T15:00,7.6,21.7,27.0,0.15
2026-08-24T16:00,8.1,26.0,35.0,0.16
2026-08-24T17:00,11.5,39.2,54.0,0.19
2026-08-24T18:00,11.3,32.6,43.0,0.17
2026-08-24T19:00,11.5,25.4,28.0,0.16
2026-08-24T20:00,10.4,19.3,16.0,0.14
2026-08-24T21:00,8.2,12.9,9.0,0.13
2026-08-24T22:00,6.6,8.8,5.0,0.12
2026-08-24T23:00,5.8,7.4,3.0,0.11
2026-08-25T00:00,5.6,7.4,2.0,0.11
2026-08-25T01:00,5.6,7.8,3.0,0.1
2026-08-25T02:00,6.0,8.9,5.0,0.1
2026-08-25T03:00,6.7,10.5,7.0,0.1
2026-08-25T04:00,7.6,12.6,9.0,0.09
2026-08-25T05:00,9.1,14.7,10.0,0.1
2026-08-25T06:00,10.2,16.9,10.0,0.1
2026-08-25T07:00,12.3,18.6,9.0,0.1
2026-08-25T08:00,12.7,18.2,9.0,0.1
2026-08-25T09:00,10.9,18.3,9.0,0.1
2026-08-25T10:00,8.1,15.0,9.0,0.1
2026-08-25T11:00,5.7,10.2,8.0,0.1
2026-08-25T12:00,4.5,7.4,7.0,0.1
2026-08-25T13:00,4.2,6.2,5.0,0.1
2026-08-25T14:00,3.9,5.5,3.0,0.1
2026-08-25T15:00,3.5,4.7,2.0,0.1
2026-08-25T16:00,3.4,4.2,1.0,0.1
2026-08-25T17:00,2.1,2.4,1.0,0.11
2026-08-25T18:00,3.3,3.5,1.0,0.12
2026-08-25T19:00,8.3,8.4,0.0,0.12
2026-08-25T20:00,11.5,11.6,0.0,0.13
2026-08-25T21:00,12.8,12.9,0.0,0.13
2026-08-25T22:00,14.6,14.7,0.0,0.14
2026-08-25T23:00,16.8,16.8,0.0,0.14
2026-08-26T00:00,18.1,18.2,0.0,0.14
2026-08-26T01:00,18.2,18.3,0.0,0.14
2026-08-26T02:00,17.1,17.2,0.0,0.14
2026-08-26T03:00,15.3,15.4,0.0,0.14
2026-08-26T04:00,13.5,13.6,0.0,0.13
2026-08-26T05:00,15.6,15.7,0.0,0.15
2026-08-26T06:00,14.6,14.7,0.0,0.15
2026-08-26T07:00,15.4,15.4,0.0,0.15
2026-08-26T08:00,16.8,16.9,0.0,0.15
2026-08-26T09:00,11.2,11.4,0.0,0.15
2026-08-26T10:00,9.1,9.2,0.0,0.15
2026-08-26T11:00,8.7,8.8,0.0,0.15
2026-08-26T12:00,8.0,8.1,1.0,0.15
2026-08-26T13:00,7.3,7.7,1.0,0.15
2026-08-26T14:00,6.9,7.8,2.0,0.15
2026-08-26T15:00,6.9,8.1,2.0,0.15
2026-08-26T16:00,7.2,8.6,3.0,0.15
2026-08-26T17:00,1.7,2.0,1.0,0.1
2026-08-26T18:00,4.7,5.0,1.0,0.1
2026-08-26T19:00,12.1,12.5,1.0,0.1
2026-08-26T20:00,15.8,16.2,1.0,0.1
2026-08-26T21:00,15.6,16.0,1.0,0.1
2026-08-26T22:00,14.5,14.9,1.0,0.1
2026-08-26T23:00,14.7,15.1,1.0,0.1
2026-08-27T00:00,15.9,16.4,1.0,0.1
2026-08-27T01:00,16.8,17.2,0.0,0.1
2026-08-27T02:00,16.4,16.6,0.0,0.1
2026-08-27T03:00,15.0,15.2,0.0,0.1
2026-08-27T04:00,13.4,13.7,0.0,0.1
2026-08-27T05:00,14.1,14.4,0.0,0.1
2026-08-27T06:00,13.5,13.8,0.0,0.1
2026-08-27T07:00,14.1,14.4,0.0,0.1
2026-08-27T08:00,15.7,15.9,0.0,0.1
2026-08-27T09:00,10.0,10.4,0.0,0.1
2026-08-27T10:00,7.9,8.3,0.0,0.11
2026-08-27T11:00,8.3,8.6,0.0,0.11
2026-08-27T12:00,8.3,8.5,0.0,0.11
2026-08-27T13:00,7.7,8.1,1.0,0.11
2026-08-27T14:00,7.2,7.6,1.0,0.11
2026-08-27T15:00,6.8,7.2,1.0,0.11
2026-08-27T16:00,6.7,7.0,1.0,0.11
2026-08-27T17:00,6.8,7.2,1.0,0.11
2026-08-27T18:00,9.1,9.3,1.0,0.11
2026-08-27T19:00,16.4,16.7,0.0,0.12
2026-08-27T20:00,21.2,21.4,0.0,0.12
2026-08-27T21:00,20.3,20.6,0.0,0.12
2026-08-27T22:00,18.6,18.8,0.0,0.12
2026-08-27T23:00,17.5,17.8,0.0,0.12
2026-08-28T00:00,16.8,17.0,0.0,0.12
2026-08-28T01:00,16.1,16.4,0.0,0.12
2026-08-28T02:00,15.5,15.7,0.0,0.12
2026-08-28T03:00,14.9,15.0,0.0,0.12
2026-08-28T04:00,14.3,14.4,0.0,0.12
2026-08-28T05:00,13.8,13.9,0.0,0.12
2026-08-28T06:00,14.1,14.1,0.0,0.12
2026-08-28T07:00,15.9,16.0,0.0,0.12
2026-08-28T08:00,18.8,18.8,0.0,0.12
2026-08-28T09:00,15.0,15.0,0.0,0.12
2026-08-28T10:00,14.9,15.0,0.0,0.13
2026-08-28T11:00,15.0,15.3,0.0,0.13
2026-08-28T12:00,14.4,16.0,3.0,0.13
2026-08-28T13:00,12.8,16.8,8.0,0.13
2026-08-28T14:00,10.8,17.8,14.0,0.13
2026-08-28T15:00,9.0,19.8,22.0,0.13
2026-08-28T16:00,9.4,25.0,32.0,0.14
2026-08-28T17:00,7.1,20.7,27.0,0.12
2026-08-28T18:00,7.2,19.0,24.0,0.11
2026-08-28T19:00,8.3,17.8,19.0,0.11
2026-08-28T20:00,9.0,17.3,16.0,0.11
2026-08-28T21:00,9.2,16.8,14.0,0.11
2026-08-28T22:00,9.6,16.7,14.0,0.11
2026-08-28T23:00,10.1,17.0,13.0,0.11
2026-08-29T00:00,10.3,17.3,13.0,0.11
2026-08-29T01:00,10.0,17.0,12.0,0.11
2026-08-29T02:00,9.5,16.3,12.0,0.11
2026-08-29T03:00,9.1,15.5,12.0,0.11
2026-08-29T04:00,9.0,15.1,11.0,0.11
2026-08-29T05:00,9.5,16.4,12.0,0.11
2026-08-29T06:00,10.0,15.7,10.0,0.12
2026-08-29T07:00,11.3,15.0,7.0,0.13
2026-08-29T08:00,13.4,16.6,6.0,0.14
2026-08-29T09:00,11.8,19.5,7.0,0.15
2026-08-29T10:00,11.6,19.0,10.0,0.16
2026-08-29T11:00,10.7,16.8,12.0,0.16
2026-08-29T12:00,10.2,16.5,13.0,0.16
2026-08-29T13:00,8.6,15.7,14.0,0.16
2026-08-29T14:00,6.7,13.7,14.0,0.15
2026-08-29T15:00,5.6,12.2,13.0,0.14
2026-08-29T16:00,4.9,11.1,12.0,0.14
2026-08-29T17:00,5.5,9.3,7.0,0.11
2026-08-29T18:00,5.8,8.7,6.0,0.1
2026-08-29T19:00,7.6,9.9,5.0,0.11
2026-08-29T20:00,9.2,11.2,4.0,0.11
2026-08-29T21:00,9.8,11.7,4.0,0.12
2026-08-29T22:00,10.2,12.0,3.0,0.12
2026-08-29T23:00,10.5,12.2,3.0,0.12
2026-08-30T00:00,10.9,12.4,3.0,0.11
2026-08-30T01:00,11.2,12.5,2.0,0.11
2026-08-30T02:00,11.4,12.5,2.0,0.11
2026-08-30T03:00,11.3,12.1,2.0,0.11
2026-08-30T04:00,10.8,11.4,1.0,0.11
2026-08-30T05:00,10.1,10.5,1.0,0.13
2026-08-30T06:00,9.9,10.2,1.0,0.13
2026-08-30T07:00,10.8,11.1,1.0,0.13
2026-08-30T08:00,12.3,12.7,1.0,0.14
2026-08-30T09:00,10.6,11.8,1.0,0.14
2026-08-30T10:00,10.9,12.4,2.0,0.15
2026-08-30T11:00,11.8,13.5,3.0,0.16
2026-08-30T12:00,12.6,14.7,5.0,0.17
2026-08-30T13:00,12.8,15.8,7.0,0.17
2026-08-30T14:00,12.3,16.9,9.0,0.17
2026-08-30T15:00,11.2,17.8,11.0,0.16
2026-08-30T16:00,9.9,17.5,14.0,0.16
2026-08-30T17:00,8.6,15.4,14.0,0.14
2026-08-30T18:00,11.4,16.8,13.0,0.15
2026-08-30T19:00,18.0,23.5,11.0,0.15
2026-08-30T20:00,23.3,28.6,10.0,0.16
2026-08-30T21:00,26.3,31.1,9.0,0.16
2026-08-30T22:00,27.5,31.5,8.0,0.16
2026-08-30T23:00,27.0,30.4,7.0,0.16
2026-08-31T00:00,25.7,28.6,6.0,0.16
2026-08-31T01:00,23.9,26.6,6.0,0.15
2026-08-31T02:00,22.2,24.6,5.0,0.15
2026-08-31T03:00,20.4,22.6,4.0,0.15
2026-08-31T04:00,18.7,20.7,4.0,0.15
2026-08-31T05:00,16.5,18.3,3.0,0.15
2026-08-31T06:00,15.4,17.3,3.0,0.15
2026-08-31T07:00,15.8,17.5,2.0,0.16
2026-08-31T08:00,18.0,19.6,3.0,0.18
2026-08-31T09:00,15.3,19.3,5.0,0.21
2026-08-31T10:00,13.2,17.9,8.0,0.23
2026-08-31T11:00,13.0,17.9,10.0,0.26
2026-08-31T12:00,12.8,18.1,12.0,0.28
2026-08-31T13:00,11.8,18.0,14.0,0.28
2026-08-31T14:00,9.9,16.8,14.0,0.29
2026-08-31T15:00,7.2,12.8,11.0,0.28
2026-08-31T16:00,4.8,8.5,7.0,0.26
2026-08-31T17:00,2.4,4.6,3.0,0.24
2026-08-31T18:00,2.3,4.2,3.0,0.23
2026-08-31T19:00,3.9,5.3,2.0,0.24
2026-08-31T20:00,4.8,6.0,2.0,0.25
2026-08-31T21:00,5.1,6.2,2.0,0.24
2026-08-31T22:00,5.4,6.2,1.0,0.24
2026-08-31T23:00,5.7,6.2,1.0,0.24
2026-09-01T00:00,6.0,6.4,1.0,0.23
2026-09-01T01:00,6.3,6.7,1.0,0.23
2026-09-01T02:00,6.6,7.0,1.0,0.22
2026-09-01T03:00,6.9,7.3,1.0,0.21
2026-09-01T04:00,7.3,7.8,1.0,0.2
2026-09-01T05:00,7.5,7.8,0.0,0.22
2026-09-01T06:00,8.7,9.2,0.0,0.23
2026-09-01T07:00,11.4,12.0,0.0,0.23
2026-09-01T08:00,9.3,9.6,0.0,0.24
2026-09-01T09:00,7.4,7.6,0.0,0.24
2026-09-01T10:00,7.1,7.2,0.0,0.24
2026-09-01T11:00,7.4,7.7,0.0,0.24
2026-09-01T12:00,8.2,8.5,0.0,0.24
2026-09-01T13:00,8.8,9.3,1.0,0.24
2026-09-01T14:00,8.9,9.5,1.0,0.23
2026-09-01T15:00,8.2,8.8,1.0,0.21
2026-09-01T16:00,7.3,8.0,1.0,0.21
2026-09-01T17:00,0.3,0.3,0.0,0.13
2026-09-01T18:00,1.3,1.3,0.0,0.16
2026-09-01T19:00,4.7,4.7,0.0,0.2
2026-09-01T20:00,6.2,6.3,0.0,0.24
2026-09-01T21:00,5.8,5.9,0.0,0.23
2026-09-01T22:00,5.8,5.8,0.0,0.15
2026-09-01T23:00,6.7,6.8,0.0,0.12
2026-09-02T00:00,7.9,8.0,0.0,0.11
2026-09-02T01:00,9.1,9.1,0.0,0.1
2026-09-02T02:00,9.9,10.0,0.0,0.1
2026-09-02T03:00,10.5,10.6,0.0,0.1
2026-09-02T04:00,10.7,10.9,0.0,0.1
2026-09-02T05:00,11.3,11.4,0.0,0.1
2026-09-02T06:00,11.4,11.5,0.0,0.1
2026-09-02T07:00,12.7,12.8,0.0,0.11
2026-09-02T08:00,11.7,11.8,0.0,0.11
2026-09-02T09:00,7.2,7.3,0.0,0.11
2026-09-02T10:00,6.1,6.2,0.0,0.11
2026-09-02T11:00,5.4,5.4,0.0,0.12
2026-09-02T12:00,4.9,4.9,0.0,0.14
2026-09-02T13:00,4.5,4.6,0.0,0.14
2026-09-02T14:00,4.5,4.5,0.0,0.15
2026-09-02T15:00,4.7,4.8,0.0,0.16
2026-09-02T16:00,5.0,5.0,0.0,0.18
2026-09-02T17:00,2.1,2.1,0.0,0.21
2026-09-02T18:00,6.0,6.0,0.0,0.24
2026-09-02T19:00,9.3,9.3,0.0,0.23
2026-09-02T20:00,9.9,9.9,0.0,0.18
2026-09-02T21:00,10.2,10.2,0.0,0.15
2026-09-02T22:00,10.7,10.7,0.0,0.14
2026-09-02T23:00,11.6,11.7,0.0,0.14
2026-09-03T00:00,13.1,13.2,0.0,0.14
2026-09-03T01:00,13.7,13.9,0.0,0.14
2026-09-03T02:00,13.2,13.3,0.0,0.14
2026-09-03T03:00,11.7,11.8,0.0,0.14
2026-09-03T04:00,10.0,10.2,0.0,0.14
2026-09-03T05:00,7.5,7.7,0.0,0.13
2026-09-03T06:00,7.2,7.5,0.0,0.13
2026-09-03T07:00,7.9,8.3,0.0,0.12
2026-09-03T08:00,7.4,7.8,0.0,0.12
2026-09-03T09:00,3.8,3.9,0.0,0.13
2026-09-03T10:00,2.9,3.0,0.0,0.13
2026-09-03T11:00,3.2,3.2,0.0,0.14
2026-09-03T12:00,3.2,3.2,0.0,0.14
2026-09-03T13:00,3.2,3.4,1.0,0.14
2026-09-03T14:00,3.4,4.1,1.0,0.14
2026-09-03T15:00,3.7,4.9,2.0,0.14
2026-09-03T16:00,3.8,5.3,3.0,0.13
2026-09-03T17:00,3.4,5.7,4.0,0.11
2026-09-03T18:00,5.6,7.0,3.0,0.11
2026-09-03T19:00,9.5,10.7,3.0,0.12
2026-09-03T20:00,10.4,11.4,2.0,0.12
2026-09-03T21:00,9.3,9.9,2.0,0.13
2026-09-03T22:00,8.6,9.1,1.0,0.15
2026-09-03T23:00,9.2,9.6,1.0,0.15
2026-09-04T00:00,10.2,10.7,1.0,0.14
2026-09-04T01:00,10.4,10.9,1.0,0.13
2026-09-04T02:00,9.8,10.3,1.0,0.13
2026-09-04T03:00,9.6,10.1,1.0,0.12
2026-09-04T04:00,9.4,9.9,1.0,0.12
2026-09-04T05:00,6.3,6.7,1.0,0.14
2026-09-04T06:00,6.2,6.6,1.0,0.13
2026-09-04T07:00,6.7,7.0,0.0,0.12
2026-09-04T08:00,6.5,6.6,0.0,0.11
2026-09-04T09:00,4.7,4.8,0.0,0.11
2026-09-04T10:00,4.2,4.3,0.0,0.12
2026-09-04T11:00,4.2,4.6,1.0,0.12
2026-09-04T12:00,4.6,5.5,2.0,0.12
2026-09-04T13:00,5.0,6.9,4.0,0.13
2026-09-04T14:00,5.4,7.9,5.0,0.13
2026-09-04T15:00,5.6,8.6,6.0,0.13
2026-09-04T16:00,5.8,8.8,6.0,0.13
2026-09-04T17:00,10.3,21.9,22.0,0.15
2026-09-04T18:00,11.0,18.8,20.0,0.14
2026-09-04T19:00,16.4,24.4,17.0,0.13
2026-09-04T20:00,18.5,26.4,15.0,0.13
2026-09-04T21:00,18.2,25.8,14.0,0.13
2026-09-04T22:00,19.2,26.7,14.0,0.13
2026-09-04T23:00,20.5,27.5,13.0,0.13
2026-09-05T00:00,21.5,27.7,11.0,0.13
2026-09-05T01:00,22.2,27.2,9.0,0.13
2026-09-05T02:00,22.0,26.0,8.0,0.14
2026-09-05T03:00,21.3,25.0,7.0,0.14
2026-09-05T04:00,19.9,23.6,7.0,0.15
2026-09-05T05:00,18.7,25.3,12.0,0.12
2026-09-05T06:00,20.5,26.9,11.0,0.12
2026-09-05T07:00,23.0,28.1,9.0,0.12
2026-09-05T08:00,19.8,24.4,9.0,0.13
2026-09-05T09:00,15.3,25.1,13.0,0.13
2026-09-05T10:00,13.8,26.3,18.0,0.13
2026-09-05T11:00,12.9,24.2,22.0,0.13
2026-09-05T12:00,11.9,21.8,22.0,0.13
2026-09-05T13:00,11.4,20.7,19.0,0.13
2026-09-05T14:00,10.6,19.1,17.0,0.13
2026-09-05T15:00,9.9,17.6,16.0,0.13
2026-09-05T16:00,9.7,16.7,14.0,0.13
2026-09-05T17:00,7.4,10.9,7.0,0.11
2026-09-05T18:00,12.2,14.6,6.0,0.11
2026-09-05T19:00,20.4,23.0,6.0,0.1
2026-09-05T20:00,26.8,29.6,5.0,0.11
2026-09-05T21:00,30.3,32.8,4.0,0.11
2026-09-05T22:00,31.7,33.8,4.0,0.11
2026-09-05T23:00,31.8,33.2,3.0,0.11
2026-09-06T00:00,29.4,30.4,3.0,0.11
2026-09-06T01:00,26.4,27.3,2.0,0.11
2026-09-06T02:00,23.6,24.6,2.0,0.11
2026-09-06T03:00,21.2,22.2,2.0,0.11
2026-09-06T04:00,19.2,20.3,2.0,0.11
2026-09-06T05:00,18.4,19.6,2.0,0.1
2026-09-06T06:00,17.7,19.0,2.0,0.1
2026-09-06T07:00,18.9,20.2,1.0,0.11
2026-09-06T08:00,19.7,21.0,2.0,0.11
2026-09-06T09:00,15.3,18.9,5.0,0.11
2026-09-06T10:00,13.2,18.9,8.0,0.12
2026-09-06T11:00,12.5,18.3,11.0,0.12
2026-09-06T12:00,11.9,17.2,11.0,0.13
2026-09-06T13:00,10.9,15.7,10.0,0.13
2026-09-06T14:00,9.8,14.4,9.0,0.13
2026-09-06T15:00,9.0,13.4,9.0,0.13
2026-09-06T16:00,8.7,12.9,8.0,0.13
2026-09-06T17:00,5.6,6.7,2.0,0.1
2026-09-06T18:00,8.4,9.3,2.0,0.11
2026-09-06T19:00,14.9,15.8,2.0,0.12
2026-09-06T20:00,20.4,21.2,2.0,0.12
2026-09-06T21:00,23.6,24.4,2.0,0.12
2026-09-06T22:00,25.6,26.3,1.0,0.11
2026-09-06T23:00,26.1,26.8,1.0,0.11
2026-09-07T00:00,26.0,26.5,1.0,0.12
2026-09-07T01:00,24.4,24.9,1.0,0.12
2026-09-07T02:00,21.9,22.3,1.0,0.13
2026-09-07T03:00,19.6,19.8,1.0,0.14
2026-09-07T04:00,17.5,17.8,0.0,0.16
2026-09-07T05:00,16.9,17.2,0.0,0.15
2026-09-07T06:00,16.8,17.1,0.0,0.16
2026-09-07T07:00,19.0,19.3,1.0,0.16
2026-09-07T08:00,20.7,21.1,1.0,0.15
2026-09-07T09:00,16.7,17.4,1.0,0.15
2026-09-07T10:00,14.2,15.2,2.0,0.15
2026-09-07T11:00,14.1,15.1,2.0,0.15
2026-09-07T12:00,12.7,13.7,2.0,0.15
2026-09-07T13:00,10.2,11.4,3.0,0.14
2026-09-07T14:00,8.4,9.9,3.0,0.14
2026-09-07T15:00,7.2,8.9,3.0,0.14
2026-09-07T16:00,6.4,8.1,3.0,0.14
2026-09-07T17:00,9.5,13.1,7.0,0.2
2026-09-07T18:00,12.0,15.0,7.0,0.21
2026-09-07T19:00,18.6,21.7,6.0,0.21
2026-09-07T20:00,24.2,27.2,6.0,0.21
2026-09-07T21:00,27.7,30.6,5.0,0.21
2026-09-07T22:00,29.5,32.1,5.0,0.19
2026-09-07T23:00,29.2,31.5,4.0,0.18
2026-09-08T00:00,27.9,29.8,3.0,0.16
2026-09-08T01:00,26.1,27.5,3.0,0.15
2026-09-08T02:00,23.8,24.9,2.0,0.14
2026-09-08T03:00,21.5,22.5,2.0,0.14
2026-09-08T04:00,19.7,20.6,2.0,0.14
2026-09-08T05:00,20.3,21.4,2.0,0.18
2026-09-08T06:00,19.7,20.8,2.0,0.19
2026-09-08T07:00,21.1,22.2,2.0,0.19
2026-09-08T08:00,22.2,23.3,2.0,0.19
2026-09-08T09:00,17.6,20.3,4.0,0.19
2026-09-08T10:00,14.6,18.5,6.0,0.19
2026-09-08T11:00,13.4,17.3,8.0,0.18
2026-09-08T12:00,12.7,16.4,8.0,0.17
2026-09-08T13:00,11.8,15.5,8.0,0.16
2026-09-08T14:00,11.1,15.3,8.0,0.16
2026-09-08T15:00,10.7,15.8,9.0,0.16
2026-09-08T16:00,10.5,15.7,10.0,0.16
2026-09-08T17:00,8.9,12.7,7.0,0.16
2026-09-08T18:00,11.2,14.0,6.0,0.15
2026-09-08T19:00,15.9,18.6,6.0,0.14
2026-09-08T20:00,18.6,21.3,5.0,0.13
2026-09-08T21:00,21.3,24.1,5.0,0.12
2026-09-08T22:00,24.0,26.7,5.0,0.11
2026-09-08T23:00,25.7,28.3,5.0,0.11
2026-09-09T00:00,26.4,28.7,4.0,0.11
2026-09-09T01:00,26.4,28.2,4.0,0.11
2026-09-09T02:00,24.8,26.2,3.0,0.11
2026-09-09T03:00,23.1,24.0,2.0,0.11
2026-09-09T04:00,21.4,22.2,2.0,0.12
2026-09-09T05:00,20.7,21.5,1.0,0.14
2026-09-09T06:00,20.1,21.0,1.0,0.15
2026-09-09T07:00,21.8,22.5,1.0,0.14
2026-09-09T08:00,23.4,24.2,1.0,0.14
2026-09-09T09:00,20.7,22.3,2.0,0.13
2026-09-09T10:00,15.5,17.9,4.0,0.13
2026-09-09T11:00,13.8,16.1,5.0,0.14
2026-09-09T12:00,12.4,14.5,6.0,0.14
2026-09-09T13:00,11.1,13.2,6.0,0.14
2026-09-09T14:00,9.6,12.6,6.0,0.14
2026-09-09T15:00,8.8,12.5,6.0,0.13
2026-09-09T16:00,8.1,11.8,6.0,0.13
2026-09-09T17:00,10.4,15.2,10.0,0.17
2026-09-09T18:00,14.5,18.3,9.0,0.17
2026-09-09T19:00,21.6,25.3,8.0,0.16
2026-09-09T20:00,26.5,29.9,7.0,0.16
2026-09-09T21:00,28.9,31.9,6.0,0.16
2026-09-09T22:00,29.0,31.9,6.0,0.16
2026-09-09T23:00,27.2,29.6,5.0,0.16
2026-09-10T00:00,25.0,27.0,4.0,0.16
2026-09-10T01:00,23.1,24.6,3.0,0.17
2026-09-10T02:00,21.1,22.1,2.0,0.18
2026-09-10T03:00,19.0,19.8,1.0,0.19
2026-09-10T04:00,17.6,18.3,1.0,0.21
2026-09-10T05:00,15.9,16.5,1.0,0.23
2026-09-10T06:00,16.1,16.7,1.0,0.24
2026-09-10T07:00,18.4,19.0,1.0,0.26
2026-09-10T08:00,21.1,21.8,1.0,0.27
2026-09-10T09:00,20.2,21.4,2.0,0.28
2026-09-10T10:00,17.2,20.3,4.0,0.28
2026-09-10T11:00,16.2,18.9,5.0,0.29
2026-09-10T12:00,15.0,17.2,6.0,0.29
2026-09-10T13:00,13.4,15.5,6.0,0.29
2026-09-10T14:00,11.5,15.0,7.0,0.28
2026-09-10T15:00,10.7,15.6,9.0,0.28
2026-09-10T16:00,10.5,16.8,12.0,0.26
2026-09-10T17:00,2.5,8.0,11.0,0.2
2026-09-10T18:00,8.1,13.0,10.0,0.19
2026-09-10T19:00,16.1,21.0,9.0,0.19
2026-09-10T20:00,21.5,26.0,8.0,0.18
2026-09-10T21:00,23.9,28.1,7.0,0.18
2026-09-10T22:00,24.4,28.5,7.0,0.19
2026-09-10T23:00,24.1,27.8,6.0,0.2
2026-09-11T00:00,23.0,26.2,5.0,0.21
2026-09-11T01:00,21.3,23.9,4.0,0.21
2026-09-11T02:00,19.3,21.5,3.0,0.23
2026-09-11T03:00,17.2,19.0,2.0,0.27
2026-09-11T04:00,15.3,16.7,2.0,0.3
2026-09-11T05:00,11.9,13.0,2.0,0.32
2026-09-11T06:00,11.8,13.2,2.0,0.34
2026-09-11T07:00,13.8,15.0,1.0,0.37
2026-09-11T08:00,16.8,18.0,2.0,0.36
2026-09-11T09:00,16.2,18.3,4.0,0.34
2026-09-11T10:00,10.8,15.0,6.0,0.33
2026-09-11T11:00,9.4,14.2,9.0,0.31
2026-09-11T12:00,9.2,15.3,14.0,0.3
2026-09-11T13:00,9.8,18.0,19.0,0.29
2026-09-11T14:00,11.2,23.6,24.0,0.28
2026-09-11T15:00,12.5,28.1,27.0,0.27
2026-09-11T16:00,12.9,29.1,29.0,0.26
2026-09-11T17:00,13.3,30.2,32.0,0.24
2026-09-11T18:00,13.7,25.3,28.0,0.2
2026-09-11T19:00,17.6,28.5,23.0,0.18
2026-09-11T20:00,17.5,26.8,18.0,0.18
2026-09-11T21:00,16.1,22.6,14.0,0.19
2026-09-11T22:00,15.5,20.5,11.0,0.19
2026-09-11T23:00,15.8,20.4,9.0,0.19
2026-09-12T00:00,16.3,21.1,9.0,0.18
2026-09-12T01:00,16.8,22.2,10.0,0.18
2026-09-12T02:00,17.8,23.7,11.0,0.18
2026-09-12T03:00,18.9,25.1,12.0,0.18
2026-09-12T04:00,19.6,26.0,12.0,0.18
2026-09-12T05:00,20.6,25.9,10.0,0.2
2026-09-12T06:00,21.4,26.6,10.0,0.2
2026-09-12T07:00,24.6,29.7,9.0,0.19
2026-09-12T08:00,22.4,26.9,9.0,0.18
2026-09-12T09:00,16.8,22.2,10.0,0.17
2026-09-12T10:00,14.6,21.0,12.0,0.16
2026-09-12T11:00,12.7,19.4,13.0,0.15
2026-09-12T12:00,11.0,17.9,13.0,0.14
2026-09-12T13:00,9.6,16.3,13.0,0.13
2026-09-12T14:00,8.3,14.4,12.0,0.12
2026-09-12T15:00,7.2,12.9,11.0,0.11
2026-09-12T16:00,6.4,11.9,10.0,0.1
2026-09-12T17:00,3.3,5.8,5.0,0.08
2026-09-12T18:00,4.3,6.8,5.0,0.08
2026-09-12T19:00,7.3,10.0,6.0,0.07
2026-09-12T20:00,7.9,13.0,9.0,0.07
2026-09-12T21:00,8.9,19.1,16.0,0.07
2026-09-12T22:00,10.5,25.1,25.0,0.07
2026-09-12T23:00,11.8,28.0,31.0,0.06
2026-09-13T00:00,12.4,28.7,32.0,0.06
2026-09-13T01:00,12.6,28.3,29.0,0.07
2026-09-13T02:00,12.5,27.2,27.0,0.07
2026-09-13T03:00,12.3,25.7,25.0,0.07
2026-09-13T04:00,12.2,24.5,24.0,0.07
2026-09-13T05:00,12.4,24.6,23.0,0.09
2026-09-13T06:00,13.1,24.1,20.0,0.1
2026-09-13T07:00,15.6,25.4,16.0,0.1
2026-09-13T08:00,17.2,26.1,16.0,0.1
2026-09-13T09:00,14.8,30.5,24.0,0.1
2026-09-13T10:00,15.4,35.9,35.0,0.11
2026-09-13T11:00,16.1,38.6,42.0,0.11
2026-09-13T12:00,15.8,38.0,42.0,0.12
2026-09-13T13:00,14.6,34.8,37.0,0.12
2026-09-13T14:00,13.2,31.3,33.0,0.12
2026-09-13T15:00,11.9,28.5,30.0,0.12
2026-09-13T16:00,10.7,25.8,28.0,0.12
2026-09-13T17:00,7.5,16.2,16.0,0.13
2026-09-13T18:00,7.3,13.5,14.0,0.12
2026-09-13T19:00,9.5,14.9,11.0,0.12
2026-09-13T20:00,9.8,14.4,8.0,0.12
2026-09-13T21:00,8.9,12.6,7.0,0.12
2026-09-13T22:00,8.5,11.7,6.0,0.12
2026-09-13T23:00,9.2,12.3,6.0,0.14
2026-09-14T00:00,10.7,13.9,6.0,0.15
2026-09-14T01:00,12.3,15.4,5.0,0.17
2026-09-14T02:00,13.3,16.2,5.0,0.19
2026-09-14T03:00,13.7,16.4,5.0,0.2
2026-09-14T04:00,13.7,16.4,5.0,0.19
2026-09-14T05:00,14.7,18.0,6.0,0.17
2026-09-14T06:00,15.0,18.8,6.0,0.16
2026-09-14T07:00,17.2,21.2,6.0,0.16
2026-09-14T08:00,17.1,20.8,6.0,0.16
2026-09-14T09:00,12.8,18.8,7.0,0.16
2026-09-14T10:00,10.6,15.8,7.0,0.15
2026-09-14T11:00,9.5,14.2,8.0,0.15
2026-09-14T12:00,8.9,13.2,8.0,0.15
2026-09-14T13:00,8.4,12.3,7.0,0.15
2026-09-14T14:00,8.2,11.7,7.0,0.15
2026-09-14T15:00,7.4,10.5,7.0,0.15
2026-09-14T16:00,6.4,9.3,6.0,0.14
2026-09-14T17:00,8.2,15.4,14.0,0.19
2026-09-14T18:00,10.3,15.9,13.0,0.19
2026-09-14T19:00,16.6,22.1,11.0,0.18
2026-09-14T20:00,20.1,25.3,10.0,0.17
2026-09-14T21:00,21.5,26.3,9.0,0.17
2026-09-14T22:00,22.1,26.5,9.0,0.17
2026-09-14T23:00,22.5,26.5,8.0,0.16
2026-09-15T00:00,23.0,26.7,7.0,0.16
2026-09-15T01:00,22.6,25.5,5.0,0.16
2026-09-15T02:00,21.2,23.2,4.0,0.16
2026-09-15T03:00,19.4,21.0,3.0,0.15
2026-09-15T04:00,17.9,19.3,3.0,0.15
2026-09-15T05:00,17.7,18.9,2.0,0.15
2026-09-15T06:00,17.2,18.5,2.0,0.15
2026-09-15T07:00,19.0,20.4,2.0,0.15
2026-09-15T08:00,20.8,22.6,3.0,0.14
2026-09-15T09:00,16.5,21.5,5.0,0.14
2026-09-15T10:00,14.4,19.6,7.0,0.14
2026-09-15T11:00,13.1,17.2,8.0,0.14
2026-09-15T12:00,12.5,16.1,8.0,0.15
2026-09-15T13:00,12.6,15.9,8.0,0.15
2026-09-15T14:00,12.5,16.1,7.0,0.16
2026-09-15T15:00,12.0,15.5,7.0,0.16
2026-09-15T16:00,11.1,14.5,6.0,0.16
2026-09-15T17:00,7.0,9.3,5.0,0.15
2026-09-15T18:00,8.4,10.2,4.0,0.14
2026-09-15T19:00,11.2,12.8,3.0,0.14
2026-09-15T20:00,10.8,12.0,2.0,0.14
2026-09-15T21:00,9.7,10.5,1.0,0.14
2026-09-15T22:00,10.0,10.7,1.0,0.14
2026-09-15T23:00,11.1,11.8,1.0,0.14
2026-09-16T00:00,12.7,13.2,1.0,0.14
2026-09-16T01:00,13.7,14.1,1.0,0.15
2026-09-16T02:00,14.0,14.4,1.0,0.15
2026-09-16T03:00,13.8,14.2,1.0,0.16
2026-09-16T04:00,13.3,13.7,1.0,0.18
2026-09-16T05:00,12.7,13.0,0.0,0.18
2026-09-16T06:00,12.6,13.0,0.0,0.18
2026-09-16T07:00,14.7,15.1,1.0,0.18
2026-09-16T08:00,16.9,17.4,1.0,0.18
2026-09-16T09:00,12.5,13.8,1.0,0.18
2026-09-16T10:00,10.6,11.6,1.0,0.18
2026-09-16T11:00,10.3,10.9,1.0,0.18
2026-09-16T12:00,10.6,11.0,1.0,0.19
2026-09-16T13:00,10.9,11.4,1.0,0.19
2026-09-16T14:00,11.0,11.7,1.0,0.19
2026-09-16T15:00,9.8,10.6,1.0,0.18
2026-09-16T16:00,7.4,8.2,1.0,0.17
2026-09-16T17:00,4.1,4.8,1.0,0.17
2026-09-16T18:00,3.9,4.2,1.0,0.16
2026-09-16T19:00,5.8,6.1,0.0,0.16
2026-09-16T20:00,6.4,6.7,0.0,0.16
2026-09-16T21:00,7.5,7.9,0.0,0.17
2026-09-16T22:00,10.6,11.0,1.0,0.17
2026-09-16T23:00,14.9,15.5,1.0,0.17
2026-09-17T00:00,16.4,17.2,1.0,0.17
2026-09-17T01:00,16.5,17.6,2.0,0.18
2026-09-17T02:00,16.7,17.9,2.0,0.18
2026-09-17T03:00,16.5,17.8,2.0,0.18
2026-09-17T04:00,15.9,17.2,2.0,0.18
2026-09-17T05:00,16.9,17.6,1.0,0.17
2026-09-17T06:00,16.6,17.5,1.0,0.17
2026-09-17T07:00,18.3,19.1,2.0,0.16
2026-09-17T08:00,18.7,19.7,2.0,0.16
2026-09-17T09:00,13.0,15.2,2.0,0.15
2026-09-17T10:00,10.3,12.0,2.0,0.14
2026-09-17T11:00,8.9,10.0,2.0,0.14
2026-09-17T12:00,6.9,7.6,2.0,0.14
2026-09-17T13:00,5.7,6.4,2.0,0.13
2026-09-17T14:00,5.0,5.9,2.0,0.13
2026-09-17T15:00,4.7,5.8,2.0,0.13
2026-09-17T16:00,4.7,5.9,2.0,0.12
2026-09-17T17:00,1.8,2.5,1.0,0.09
2026-09-17T18:00,5.3,5.9,1.0,0.09
2026-09-17T19:00,10.9,11.5,1.0,0.08
2026-09-17T20:00,12.8,13.4,1.0,0.08
2026-09-17T21:00,12.5,13.1,1.0,0.08
2026-09-17T22:00,12.0,12.5,1.0,0.08
2026-09-17T23:00,12.1,12.7,1.0,0.07
2026-09-18T00:00,12.7,13.3,1.0,0.07
2026-09-18T01:00,13.5,13.9,1.0,0.07
2026-09-18T02:00,14.1,14.5,1.0,0.07
2026-09-18T03:00,14.0,14.3,1.0,0.07
2026-09-18T04:00,13.2,13.5,0.0,0.07
2026-09-18T05:00,13.3,13.6,1.0,0.07
2026-09-18T06:00,12.7,13.0,1.0,0.07
2026-09-18T07:00,14.4,14.8,0.0,0.07
2026-09-18T08:00,16.6,16.9,0.0,0.08
2026-09-18T09:00,11.3,11.8,0.0,0.08
2026-09-18T10:00,5.0,5.5,1.0,0.08
2026-09-18T11:00,3.8,4.2,1.0,0.09
2026-09-18T12:00,3.6,4.2,1.0,0.09
2026-09-18T13:00,3.6,4.5,2.0,0.1
2026-09-18T14:00,3.7,4.9,2.0,0.1
2026-09-18T15:00,3.9,5.5,2.0,0.1
2026-09-18T16:00,4.2,6.0,3.0,0.1
2026-09-18T17:00,0.4,0.5,0.0,0.06
2026-09-18T18:00,4.8,4.9,0.0,0.06
2026-09-18T19:00,13.0,13.1,0.0,0.06
2026-09-18T20:00,18.7,18.8,0.0,0.06
2026-09-18T21:00,22.0,22.2,0.0,0.06
2026-09-18T22:00,24.1,24.3,0.0,0.06
2026-09-18T23:00,25.2,25.4,0.0,0.07
2026-09-19T00:00,24.9,25.0,0.0,0.07
2026-09-19T01:00,23.1,23.2,0.0,0.07
2026-09-19T02:00,20.3,20.4,0.0,0.07
2026-09-19T03:00,17.5,17.6,0.0,0.07
2026-09-19T04:00,15.0,15.1,0.0,0.07
2026-09-19T05:00,13.4,13.5,0.0,0.07
2026-09-19T06:00,12.4,12.5,0.0,0.07
2026-09-19T07:00,13.9,14.0,0.0,0.07
2026-09-19T08:00,15.4,15.6,0.0,0.07
2026-09-19T09:00,14.1,14.4,1.0,0.07
2026-09-19T10:00,6.3,7.3,2.0,0.07
2026-09-19T11:00,4.5,6.0,3.0,0.07
2026-09-19T12:00,3.3,5.1,4.0,0.07
2026-09-19T13:00,3.0,5.3,5.0,0.07
2026-09-19T14:00,2.9,5.6,5.0,0.07
2026-09-19T15:00,3.0,5.8,5.0,0.08
2026-09-19T16:00,3.0,5.8,5.0,0.08
2026-09-19T17:00,7.2,13.9,13.0,0.12
2026-09-19T18:00,12.9,18.7,12.0,0.12
2026-09-19T19:00,20.5,26.4,11.0,0.13
2026-09-19T20:00,25.3,31.0,10.0,0.13
2026-09-19T21:00,26.8,32.4,9.0,0.15
2026-09-19T22:00,26.0,31.2,9.0,0.16
2026-09-19T23:00,24.1,28.4,8.0,0.17
2026-09-20T00:00,22.1,25.7,7.0,0.17
2026-09-20T01:00,20.0,23.0,6.0,0.17
2026-09-20T02:00,17.8,20.4,5.0,0.17
2026-09-20T03:00,15.8,18.2,5.0,0.17
2026-09-20T04:00,13.9,16.2,4.0,0.18
2026-09-20T05:00,13.3,15.3,4.0,0.19
2026-09-20T06:00,12.3,14.1,3.0,0.19
2026-09-20T07:00,13.4,15.1,3.0,0.17
2026-09-20T08:00,14.9,16.4,3.0,0.15
2026-09-20T09:00,11.5,14.7,5.0,0.15
2026-09-20T10:00,9.3,13.9,7.0,0.14
2026-09-20T11:00,9.1,13.9,9.0,0.13
2026-09-20T12:00,8.0,12.9,10.0,0.12
2026-09-20T13:00,6.5,11.5,10.0,0.11
2026-09-20T14:00,5.4,10.4,10.0,0.1
2026-09-20T15:00,4.8,9.7,10.0,0.09
2026-09-20T16:00,4.4,9.6,11.0,0.09
2026-09-20T17:00,5.8,14.9,17.0,0.12
2026-09-20T18:00,6.4,13.3,15.0,0.11
2026-09-20T19:00,9.3,15.7,13.0,0.1
2026-09-20T20:00,9.8,15.4,10.0,0.09
2026-09-20T21:00,9.7,14.1,8.0,0.08
2026-09-20T22:00,9.7,13.1,6.0,0.07
2026-09-20T23:00,9.5,12.0,4.0,0.07
2026-09-21T00:00,9.4,11.6,4.0,0.07
2026-09-21T01:00,9.5,11.6,4.0,0.06
2026-09-21T02:00,9.8,12.1,4.0,0.06
2026-09-21T03:00,10.1,12.6,4.0,0.06
2026-09-21T04:00,10.4,13.0,5.0,0.06
2026-09-21T05:00,13.3,16.6,6.0,0.06
2026-09-21T06:00,13.3,16.8,5.0,0.06
2026-09-21T07:00,14.8,18.0,4.0,0.06
2026-09-21T08:00,15.7,17.9,4.0,0.06
2026-09-21T09:00,12.4,15.7,5.0,0.06
2026-09-21T10:00,6.5,10.9,7.0,0.06
2026-09-21T11:00,5.1,9.3,8.0,0.07
2026-09-21T12:00,4.7,8.6,7.0,0.07
2026-09-21T13:00,4.4,7.7,6.0,0.08
2026-09-21T14:00,4.4,6.9,5.0,0.08
2026-09-21T15:00,4.4,6.5,4.0,0.08
2026-09-21T16:00,4.6,6.3,4.0,0.08
2026-09-21T17:00,2.4,2.4,0.0,0.08
2026-09-21T18:00,8.6,8.6,0.0,0.08
2026-09-21T19:00,16.3,16.3,0.0,0.08
2026-09-21T20:00,21.0,21.0,0.0,0.09
2026-09-21T21:00,23.2,23.2,0.0,0.09
2026-09-21T22:00,24.3,24.3,0.0,0.1
2026-09-21T23:00,24.2,24.3,0.0,0.1
2026-09-22T00:00,23.2,23.3,0.0,0.1
2026-09-22T01:00,21.3,21.4,0.0,0.1
2026-09-22T02:00,18.8,18.9,0.0,0.1
2026-09-22T03:00,16.2,16.2,0.0,0.1
2026-09-22T04:00,13.9,14.0,0.0,0.1
2026-09-22T05:00,13.4,13.4,0.0,0.09
2026-09-22T06:00,12.6,12.7,0.0,0.09
2026-09-22T07:00,14.1,14.3,0.0,0.09
2026-09-22T08:00,16.1,16.3,0.0,0.09
2026-09-22T09:00,15.8,16.2,0.0,0.09
2026-09-22T10:00,7.8,8.8,0.0,0.08
2026-09-22T11:00,6.3,7.0,1.0,0.08
2026-09-22T12:00,5.7,6.2,3.0,0.09
2026-09-22T13:00,5.2,6.7,5.0,0.09
2026-09-22T14:00,5.3,8.3,6.0,0.1
2026-09-22T15:00,5.6,9.3,6.0,0.11
2026-09-22T16:00,5.9,9.3,6.0,0.11
2026-09-22T17:00,4.8,6.3,3.0,0.12
2026-09-22T18:00,10.4,11.5,3.0,0.14
2026-09-22T19:00,17.5,18.7,2.0,0.15
2026-09-22T20:00,22.1,23.2,2.0,0.14
2026-09-22T21:00,25.1,26.4,2.0,0.14
2026-09-22T22:00,27.1,28.3,2.0,0.16
2026-09-22T23:00,29.6,30.9,2.0,0.19
2026-09-23T00:00,30.7,32.0,2.0,0.2
2026-09-23T01:00,28.9,29.9,1.0,0.21
2026-09-23T02:00,25.4,26.1,1.0,0.22
2026-09-23T03:00,21.5,22.1,1.0,0.21
2026-09-23T04:00,18.6,19.2,1.0,0.21
2026-09-23T05:00,15.8,16.2,1.0,0.19
2026-09-23T06:00,13.8,14.7,1.0,0.2
2026-09-23T07:00,14.5,15.7,2.0,0.22
2026-09-23T08:00,16.9,18.5,3.0,0.21
2026-09-23T09:00,13.9,16.5,4.0,0.19
2026-09-23T10:00,6.6,9.9,6.0,0.2
2026-09-23T11:00,5.5,9.1,7.0,0.22
2026-09-23T12:00,5.7,9.5,8.0,0.23
2026-09-23T13:00,5.9,9.9,8.0,0.24
2026-09-23T14:00,6.0,10.1,8.0,0.24
2026-09-23T15:00,6.1,10.2,8.0,0.24
2026-09-23T16:00,6.2,9.9,7.0,0.24
2026-09-23T17:00,11.1,15.8,9.0,0.25
2026-09-23T18:00,15.1,19.0,8.0,0.22
2026-09-23T19:00,19.2,22.5,6.0,0.2
2026-09-23T20:00,19.3,22.1,5.0,0.2
2026-09-23T21:00,18.7,21.1,4.0,0.2
2026-09-23T22:00,20.1,22.4,4.0,0.2
2026-09-23T23:00,22.8,25.1,4.0,0.21
2026-09-24T00:00,24.7,27.2,4.0,0.22
2026-09-24T01:00,24.9,27.4,4.0,0.23
2026-09-24T02:00,23.9,26.1,4.0,0.22
2026-09-24T03:00,22.1,23.6,3.0,0.22
2026-09-24T04:00,20.3,21.6,3.0,0.21
2026-09-24T05:00,16.2,17.3,2.0,0.18
2026-09-24T06:00,16.2,18.2,2.0,0.17
2026-09-24T07:00,17.8,20.1,3.0,0.17
2026-09-24T08:00,15.4,16.8,3.0,0.16
2026-09-24T09:00,9.1,10.1,2.0,0.15
2026-09-24T10:00,6.1,6.8,2.0,0.14
2026-09-24T11:00,4.8,5.4,1.0,0.14
2026-09-24T12:00,4.4,5.1,1.0,0.14
2026-09-24T13:00,4.5,5.3,2.0,0.13
2026-09-24T14:00,5.0,6.0,2.0,0.12
2026-09-24T15:00,5.3,6.3,2.0,0.11
2026-09-24T16:00,5.5,6.5,2.0,0.11
2026-09-24T17:00,8.4,10.8,5.0,0.1
2026-09-24T18:00,12.0,13.8,5.0,0.1
2026-09-24T19:00,17.8,19.6,4.0,0.1
2026-09-24T20:00,19.8,21.7,4.0,0.1
2026-09-24T21:00,20.4,22.4,4.0,0.1
2026-09-24T22:00,21.6,23.7,4.0,0.1
2026-09-24T23:00,23.9,26.0,4.0,0.11
2026-09-25T00:00,26.0,27.9,3.0,0.11
2026-09-25T01:00,27.0,28.6,3.0,0.12
2026-09-25T02:00,26.5,27.8,2.0,0.13
2026-09-25T03:00,25.3,26.4,2.0,0.14
2026-09-25T04:00,24.0,25.1,2.0,0.15
2026-09-25T05:00,17.8,19.2,3.0,0.15
2026-09-25T06:00,18.2,19.6,2.0,0.16
2026-09-25T07:00,20.9,22.3,2.0,0.16
2026-09-25T08:00,23.2,24.3,2.0,0.16
2026-09-25T09:00,14.5,17.9,4.0,0.16
2026-09-25T10:00,12.0,16.8,8.0,0.17
2026-09-25T11:00,11.6,16.6,10.0,0.16
2026-09-25T12:00,11.4,16.3,10.0,0.16
2026-09-25T13:00,11.1,15.8,9.0,0.15
2026-09-25T14:00,10.8,15.1,8.0,0.14
2026-09-25T15:00,10.3,14.1,7.0,0.14
2026-09-25T16:00,9.9,13.4,7.0,0.13
2026-09-25T17:00,14.3,18.6,8.0,0.23
2026-09-25T18:00,18.3,21.7,7.0,0.27
2026-09-25T19:00,19.0,21.6,5.0,0.3
2026-09-25T20:00,16.6,18.6,4.0,0.3
2026-09-25T21:00,14.0,15.7,3.0,0.27
2026-09-25T22:00,12.1,13.7,3.0,0.24
2026-09-25T23:00,11.1,12.8,3.0,0.22
2026-09-26T00:00,11.0,13.1,3.0,0.19
2026-09-26T01:00,12.1,14.3,4.0,0.17
2026-09-26T02:00,13.9,16.0,4.0,0.16
2026-09-26T03:00,15.3,17.2,4.0,0.15
2026-09-26T04:00,16.1,18.0,4.0,0.16
2026-09-26T05:00,14.3,16.4,4.0,0.14
2026-09-26T06:00,14.1,16.5,4.0,0.13
2026-09-26T07:00,14.8,17.2,3.0,0.12
2026-09-26T08:00,13.1,14.9,3.0,0.11
2026-09-26T09:00,8.2,11.1,3.0,0.1
2026-09-26T10:00,5.8,8.7,4.0,0.1
2026-09-26T11:00,5.2,7.1,4.0,0.09
2026-09-26T12:00,4.6,6.0,4.0,0.09
2026-09-26T13:00,4.3,5.8,3.0,0.09
2026-09-26T14:00,4.7,6.0,3.0,0.09
2026-09-26T15:00,5.4,6.6,2.0,0.1
2026-09-26T16:00,6.5,7.5,2.0,0.12
2026-09-26T17:00,2.8,3.1,0.0,0.12
2026-09-26T18:00,4.6,4.8,0.0,0.12
2026-09-26T19:00,9.7,9.9,0.0,0.1
2026-09-26T20:00,10.9,11.0,0.0,0.09
2026-09-26T21:00,10.4,10.5,0.0,0.09
2026-09-26T22:00,10.4,10.5,0.0,0.08
2026-09-26T23:00,10.8,10.9,0.0,0.08
2026-09-27T00:00,12.2,12.3,0.0,0.07
2026-09-27T01:00,13.5,13.6,0.0,0.07
2026-09-27T02:00,14.5,14.7,0.0,0.07
2026-09-27T03:00,14.4,14.6,0.0,0.08
2026-09-27T04:00,13.5,13.7,0.0,0.08
2026-09-27T05:00,14.4,14.6,0.0,0.08
2026-09-27T06:00,15.3,15.4,0.0,0.09
2026-09-27T07:00,18.6,18.7,0.0,0.09
2026-09-27T08:00,20.5,20.7,0.0,0.1
2026-09-27T09:00,7.7,7.9,0.0,0.1
2026-09-27T10:00,8.0,8.3,0.0,0.1
2026-09-27T11:00,9.3,9.6,0.0,0.1
2026-09-27T12:00,9.2,9.6,1.0,0.1
2026-09-27T13:00,8.3,9.1,1.0,0.11
2026-09-27T14:00,7.6,8.6,2.0,0.1
2026-09-27T15:00,7.1,8.1,2.0,0.1
2026-09-27T16:00,6.6,7.4,1.0,0.1
2026-09-27T17:00,2.9,3.3,1.0,0.09
2026-09-27T18:00,4.6,4.9,1.0,0.09
2026-09-27T19:00,10.7,11.0,1.0,0.09
2026-09-27T20:00,15.2,15.5,1.0,0.09
2026-09-27T21:00,18.2,18.6,1.0,0.09
2026-09-27T22:00,21.6,22.0,1.0,0.09
2026-09-27T23:00,24.2,24.6,1.0,0.08
2026-09-28T00:00,25.6,26.0,1.0,0.08
2026-09-28T01:00,26.0,26.4,1.0,0.08
2026-09-28T02:00,25.8,26.3,1.0,0.08
2026-09-28T03:00,25.1,25.7,1.0,0.08
2026-09-28T04:00,24.3,24.7,1.0,0.08
2026-09-28T05:00,26.0,26.6,1.0,0.1
2026-09-28T06:00,25.5,26.3,1.0,0.1
2026-09-28T07:00,27.5,28.3,1.0,0.11
2026-09-28T08:00,29.8,30.4,1.0,0.11
2026-09-28T09:00,18.9,19.4,1.0,0.11
2026-09-28T10:00,11.7,12.2,1.0,0.1
2026-09-28T11:00,9.3,9.7,1.0,0.1
2026-09-28T12:00,7.9,8.2,1.0,0.1
2026-09-28T13:00,7.6,8.0,1.0,0.11
2026-09-28T14:00,7.7,8.3,1.0,0.11
2026-09-28T15:00,7.8,8.6,1.0,0.11
2026-09-28T16:00,7.9,8.9,2.0,0.11
2026-09-28T17:00,6.6,8.3,3.0,0.12
2026-09-28T18:00,8.9,10.0,2.0,0.13
2026-09-28T19:00,13.0,14.0,2.0,0.15
2026-09-28T20:00,13.3,14.0,1.0,0.17
2026-09-28T21:00,13.1,13.7,1.0,0.16
2026-09-28T22:00,13.5,14.0,1.0,0.16
2026-09-28T23:00,14.3,14.8,1.0,0.15
2026-09-29T00:00,15.0,15.5,1.0,0.15
2026-09-29T01:00,15.4,15.9,1.0,0.15
2026-09-29T02:00,15.6,16.1,1.0,0.14
2026-09-29T03:00,15.4,15.8,1.0,0.13
2026-09-29T04:00,15.0,15.4,1.0,0.12
2026-09-29T05:00,13.3,13.5,0.0,0.12
2026-09-29T06:00,13.8,14.1,0.0,0.13
2026-09-29T07:00,16.3,16.8,1.0,0.13
2026-09-29T08:00,17.6,18.1,1.0,0.13
2026-09-29T09:00,11.9,12.5,1.0,0.13
2026-09-29T10:00,10.6,11.0,1.0,0.13
2026-09-29T11:00,9.7,10.2,1.0,0.13
2026-09-29T12:00,9.2,10.0,2.0,0.13
2026-09-29T13:00,9.1,10.5,3.0,0.12
2026-09-29T14:00,9.1,11.2,4.0,0.12
2026-09-29T15:00,9.1,11.5,4.0,0.11
2026-09-29T16:00,8.8,11.1,4.0,0.1
2026-09-29T17:00,6.6,8.1,3.0,0.1
2026-09-29T18:00,10.2,11.4,3.0,0.09
2026-09-29T19:00,15.5,16.7,2.0,0.09
2026-09-29T20:00,19.2,20.4,2.0,0.09
2026-09-29T21:00,22.2,23.5,2.0,0.08
2026-09-29T22:00,26.4,27.6,2.0,0.08
2026-09-29T23:00,28.3,29.5,2.0,0.07
2026-09-30T00:00,28.3,29.3,2.0,0.08
2026-09-30T01:00,26.7,27.5,1.0,0.09
2026-09-30T02:00,24.4,25.1,1.0,0.1
2026-09-30T03:00,22.1,22.6,1.0,0.11
2026-09-30T04:00,19.8,20.3,1.0,0.11
2026-09-30T05:00,22.4,22.7,1.0,0.12
2026-09-30T06:00,21.1,21.5,1.0,0.17
2026-09-30T07:00,22.5,22.9,1.0,0.22
2026-09-30T08:00,23.3,23.7,1.0,0.28
2026-09-30T09:00,22.1,22.8,1.0,0.31
2026-09-30T10:00,16.1,17.2,1.0,0.3
2026-09-30T11:00,15.0,16.3,2.0,0.31
2026-09-30T12:00,11.3,13.6,5.0,0.34
2026-09-30T13:00,9.7,13.7,9.0,0.37
2026-09-30T14:00,9.0,15.1,12.0,0.4
2026-09-30T15:00,9.3,16.6,13.0,0.37
2026-09-30T16:00,9.8,17.4,14.0,0.32
2026-09-30T17:00,19.3,36.3,32.0,0.44
2026-09-30T18:00,25.1,40.9,29.0,0.47
2026-09-30T19:00,31.3,45.6,26.0,0.35
2026-09-30T20:00,27.7,39.6,23.0,0.26
2026-09-30T21:00,25.6,38.6,22.0,0.25
2026-09-30T22:00,28.1,40.7,22.0,0.26
2026-09-30T23:00,31.1,42.8,22.0,0.3
