vaqt,harorat_C,namlik_foiz,yogin_mm
2025-10-02T00:00,12.3,71,0.0
2025-10-02T01:00,11.8,69,0.0
2025-10-02T02:00,11.5,65,0.0
2025-10-02T03:00,11.1,63,0.0
2025-10-02T04:00,10.7,64,0.1
2025-10-02T05:00,10.8,60,0.0
2025-10-02T06:00,9.9,66,0.2
2025-10-02T07:00,9.5,68,0.0
2025-10-02T08:00,10.6,65,0.0
2025-10-02T09:00,11.8,59,0.0
2025-10-02T10:00,13.2,52,0.0
2025-10-02T11:00,14.4,43,0.0
2025-10-02T12:00,15.3,41,0.0
2025-10-02T13:00,13.1,51,1.1
2025-10-02T14:00,14.0,55,0.3
2025-10-02T15:00,15.6,51,0.0
2025-10-02T16:00,15.8,45,0.0
2025-10-02T17:00,14.8,50,0.0
2025-10-02T18:00,13.8,64,0.0
2025-10-02T19:00,13.2,65,0.0
2025-10-02T20:00,12.5,69,0.0
2025-10-02T21:00,12.1,72,0.0
2025-10-02T22:00,12.0,66,0.0
2025-10-02T23:00,11.6,70,0.0
2025-10-03T00:00,11.1,72,0.0
2025-10-03T01:00,10.7,76,0.1
2025-10-03T02:00,10.1,81,0.1
2025-10-03T03:00,9.6,79,0.7
2025-10-03T04:00,9.1,83,0.0
2025-10-03T05:00,9.5,79,0.0
2025-10-03T06:00,8.6,84,0.0
2025-10-03T07:00,9.3,79,0.0
2025-10-03T08:00,11.3,73,0.0
2025-10-03T09:00,13.1,60,0.0
2025-10-03T10:00,15.2,43,0.0
2025-10-03T11:00,17.4,35,0.0
2025-10-03T12:00,18.7,33,0.0
2025-10-03T13:00,19.5,31,0.0
2025-10-03T14:00,20.1,29,0.0
2025-10-03T15:00,20.4,28,0.0
2025-10-03T16:00,20.5,28,0.0
2025-10-03T17:00,20.1,30,0.0
2025-10-03T18:00,18.1,49,0.0
2025-10-03T19:00,17.4,47,0.0
2025-10-03T20:00,16.5,50,0.0
2025-10-03T21:00,15.5,46,0.0
2025-10-03T22:00,14.8,52,0.0
2025-10-03T23:00,14.7,52,0.0
2025-10-04T00:00,13.0,59,0.0
2025-10-04T01:00,12.2,65,0.0
2025-10-04T02:00,11.7,69,0.0
2025-10-04T03:00,11.1,73,0.0
2025-10-04T04:00,10.7,75,0.0
2025-10-04T05:00,10.0,80,0.0
2025-10-04T06:00,9.1,81,0.0
2025-10-04T07:00,9.5,82,0.0
2025-10-04T08:00,12.2,69,0.0
2025-10-04T09:00,15.3,56,0.0
2025-10-04T10:00,17.9,45,0.0
2025-10-04T11:00,20.4,39,0.0
2025-10-04T12:00,22.2,34,0.0
2025-10-04T13:00,23.3,31,0.0
2025-10-04T14:00,23.9,29,0.0
2025-10-04T15:00,24.2,28,0.0
2025-10-04T16:00,23.9,28,0.0
2025-10-04T17:00,23.1,29,0.0
2025-10-04T18:00,21.5,31,0.0
2025-10-04T19:00,20.0,35,0.0
2025-10-04T20:00,18.9,36,0.0
2025-10-04T21:00,18.0,35,0.0
2025-10-04T22:00,17.1,35,0.0
2025-10-04T23:00,16.3,39,0.0
2025-10-05T00:00,15.2,47,0.0
2025-10-05T01:00,14.4,53,0.0
2025-10-05T02:00,13.8,56,0.0
2025-10-05T03:00,13.1,62,0.0
2025-10-05T04:00,12.5,65,0.0
2025-10-05T05:00,12.7,64,0.0
2025-10-05T06:00,11.5,67,0.0
2025-10-05T07:00,11.1,65,0.0
2025-10-05T08:00,12.3,59,0.0
2025-10-05T09:00,14.1,55,0.0
2025-10-05T10:00,16.5,48,0.0
2025-10-05T11:00,18.7,41,0.0
2025-10-05T12:00,20.6,36,0.0
2025-10-05T13:00,22.0,33,0.0
2025-10-05T14:00,23.3,30,0.0
2025-10-05T15:00,23.8,27,0.0
2025-10-05T16:00,23.8,25,0.0
2025-10-05T17:00,23.5,25,0.0
2025-10-05T18:00,21.5,30,0.0
2025-10-05T19:00,19.7,33,0.0
2025-10-05T20:00,17.9,36,0.0
2025-10-05T21:00,16.2,41,0.0
2025-10-05T22:00,15.7,44,0.0
2025-10-05T23:00,14.7,47,0.0
2025-10-06T00:00,13.9,49,0.0
2025-10-06T01:00,13.3,52,0.0
2025-10-06T02:00,13.1,53,0.0
2025-10-06T03:00,13.0,53,0.0
2025-10-06T04:00,12.7,54,0.0
2025-10-06T05:00,11.7,57,0.0
2025-10-06T06:00,11.0,61,0.0
2025-10-06T07:00,11.0,60,0.0
2025-10-06T08:00,12.3,55,0.0
2025-10-06T09:00,14.1,49,0.0
2025-10-06T10:00,16.2,42,0.0
2025-10-06T11:00,18.6,39,0.0
2025-10-06T12:00,20.6,34,0.0
2025-10-06T13:00,22.2,30,0.0
2025-10-06T14:00,23.2,26,0.0
2025-10-06T15:00,23.7,24,0.0
2025-10-06T16:00,23.5,24,0.0
2025-10-06T17:00,22.5,25,0.0
2025-10-06T18:00,20.6,30,0.0
2025-10-06T19:00,19.3,33,0.0
2025-10-06T20:00,18.5,33,0.0
2025-10-06T21:00,17.5,37,0.0
2025-10-06T22:00,16.2,49,0.0
2025-10-06T23:00,15.1,48,0.0
2025-10-07T00:00,14.0,49,0.0
2025-10-07T01:00,13.7,50,0.0
2025-10-07T02:00,13.5,52,0.0
2025-10-07T03:00,12.7,55,0.0
2025-10-07T04:00,12.5,57,0.0
2025-10-07T05:00,11.9,59,0.0
2025-10-07T06:00,11.0,63,0.0
2025-10-07T07:00,11.0,65,0.0
2025-10-07T08:00,13.0,54,0.0
2025-10-07T09:00,15.8,43,0.0
2025-10-07T10:00,18.4,34,0.0
2025-10-07T11:00,20.3,34,0.0
2025-10-07T12:00,22.1,30,0.0
2025-10-07T13:00,23.7,25,0.0
2025-10-07T14:00,24.6,21,0.0
2025-10-07T15:00,24.9,20,0.0
2025-10-07T16:00,24.6,18,0.0
2025-10-07T17:00,23.7,19,0.0
2025-10-07T18:00,21.7,22,0.0
2025-10-07T19:00,20.0,23,0.0
2025-10-07T20:00,18.7,26,0.0
2025-10-07T21:00,17.5,29,0.0
2025-10-07T22:00,16.2,33,0.0
2025-10-07T23:00,15.3,38,0.0
2025-10-08T00:00,14.4,42,0.0
2025-10-08T01:00,13.5,45,0.0
2025-10-08T02:00,12.8,45,0.0
2025-10-08T03:00,12.3,52,0.0
2025-10-08T04:00,11.8,54,0.0
2025-10-08T05:00,11.6,54,0.0
2025-10-08T06:00,10.7,55,0.0
2025-10-08T07:00,10.4,57,0.0
2025-10-08T08:00,11.9,53,0.0
2025-10-08T09:00,14.7,45,0.0
2025-10-08T10:00,17.9,33,0.0
2025-10-08T11:00,20.7,23,0.0
2025-10-08T12:00,22.7,17,0.0
2025-10-08T13:00,23.9,15,0.0
2025-10-08T14:00,24.3,15,0.0
2025-10-08T15:00,24.3,16,0.0
2025-10-08T16:00,23.9,17,0.0
2025-10-08T17:00,23.3,17,0.0
2025-10-08T18:00,21.4,19,0.0
2025-10-08T19:00,20.5,19,0.0
2025-10-08T20:00,19.5,20,0.0
2025-10-08T21:00,18.4,22,0.0
2025-10-08T22:00,16.9,25,0.0
2025-10-08T23:00,15.8,29,0.0
2025-10-09T00:00,14.7,33,0.0
2025-10-09T01:00,14.0,37,0.0
2025-10-09T02:00,13.7,39,0.0
2025-10-09T03:00,13.8,38,0.0
2025-10-09T04:00,13.4,38,0.0
2025-10-09T05:00,13.0,41,0.0
2025-10-09T06:00,11.7,45,0.0
2025-10-09T07:00,11.6,45,0.0
2025-10-09T08:00,13.4,40,0.0
2025-10-09T09:00,16.3,33,0.0
2025-10-09T10:00,18.5,29,0.0
2025-10-09T11:00,20.9,26,0.0
2025-10-09T12:00,22.5,21,0.0
2025-10-09T13:00,23.9,18,0.0
2025-10-09T14:00,24.5,17,0.0
2025-10-09T15:00,24.6,18,0.0
2025-10-09T16:00,24.3,18,0.0
2025-10-09T17:00,23.7,19,0.0
2025-10-09T18:00,21.5,23,0.0
2025-10-09T19:00,20.3,25,0.0
2025-10-09T20:00,19.3,26,0.0
2025-10-09T21:00,18.1,28,0.0
2025-10-09T22:00,16.8,31,0.0
2025-10-09T23:00,15.8,36,0.0
2025-10-10T00:00,14.9,38,0.0
2025-10-10T01:00,14.1,41,0.0
2025-10-10T02:00,12.9,45,0.0
2025-10-10T03:00,12.5,47,0.0
2025-10-10T04:00,12.0,47,0.0
2025-10-10T05:00,12.4,45,0.0
2025-10-10T06:00,12.4,44,0.0
2025-10-10T07:00,11.6,55,0.0
2025-10-10T08:00,12.6,56,0.0
2025-10-10T09:00,15.0,48,0.0
2025-10-10T10:00,17.2,39,0.0
2025-10-10T11:00,19.8,31,0.0
2025-10-10T12:00,21.4,26,0.0
2025-10-10T13:00,22.6,23,0.0
2025-10-10T14:00,23.5,21,0.0
2025-10-10T15:00,23.8,20,0.0
2025-10-10T16:00,23.8,20,0.0
2025-10-10T17:00,23.4,20,0.0
2025-10-10T18:00,20.9,26,0.0
2025-10-10T19:00,19.8,26,0.0
2025-10-10T20:00,19.0,27,0.0
2025-10-10T21:00,18.2,29,0.0
2025-10-10T22:00,17.1,30,0.0
2025-10-10T23:00,16.3,34,0.0
2025-10-11T00:00,14.1,44,0.0
2025-10-11T01:00,13.0,51,0.0
2025-10-11T02:00,12.4,52,0.0
2025-10-11T03:00,11.7,55,0.0
2025-10-11T04:00,11.3,55,0.0
2025-10-11T05:00,10.6,50,0.0
2025-10-11T06:00,9.7,52,0.0
2025-10-11T07:00,9.8,50,0.0
2025-10-11T08:00,12.1,41,0.0
2025-10-11T09:00,16.1,30,0.0
2025-10-11T10:00,19.6,22,0.0
2025-10-11T11:00,22.4,20,0.0
2025-10-11T12:00,24.7,16,0.0
2025-10-11T13:00,25.8,15,0.0
2025-10-11T14:00,26.3,15,0.0
2025-10-11T15:00,26.3,15,0.0
2025-10-11T16:00,25.7,16,0.0
2025-10-11T17:00,24.9,17,0.0
2025-10-11T18:00,22.1,22,0.0
2025-10-11T19:00,21.0,25,0.0
2025-10-11T20:00,20.0,27,0.0
2025-10-11T21:00,19.3,27,0.0
2025-10-11T22:00,18.5,29,0.0
2025-10-11T23:00,17.7,31,0.0
2025-10-12T00:00,16.8,30,0.0
2025-10-12T01:00,15.7,30,0.0
2025-10-12T02:00,14.8,30,0.0
2025-10-12T03:00,14.1,28,0.0
2025-10-12T04:00,15.5,22,0.0
2025-10-12T05:00,15.7,22,0.0
2025-10-12T06:00,15.4,24,0.0
2025-10-12T07:00,15.0,24,0.0
2025-10-12T08:00,17.3,22,0.0
2025-10-12T09:00,18.9,21,0.0
2025-10-12T10:00,22.1,18,0.0
2025-10-12T11:00,23.0,16,0.0
2025-10-12T12:00,25.8,13,0.0
2025-10-12T13:00,26.3,13,0.0
2025-10-12T14:00,26.6,14,0.0
2025-10-12T15:00,24.6,21,0.0
2025-10-12T16:00,24.3,21,0.0
2025-10-12T17:00,24.2,20,0.0
2025-10-12T18:00,22.6,24,0.0
2025-10-12T19:00,20.4,30,0.0
2025-10-12T20:00,19.3,36,0.0
2025-10-12T21:00,18.8,39,0.0
2025-10-12T22:00,17.8,45,0.3
2025-10-12T23:00,17.8,43,0.0
2025-10-13T00:00,17.4,50,0.0
2025-10-13T01:00,16.5,44,0.0
2025-10-13T02:00,15.7,47,0.0
2025-10-13T03:00,14.8,50,0.0
2025-10-13T04:00,14.5,47,0.0
2025-10-13T05:00,13.2,57,0.0
2025-10-13T06:00,11.9,63,0.0
2025-10-13T07:00,11.5,64,0.0
2025-10-13T08:00,12.7,60,0.0
2025-10-13T09:00,15.2,54,0.0
2025-10-13T10:00,18.2,43,0.0
2025-10-13T11:00,20.8,34,0.0
2025-10-13T12:00,23.3,28,0.0
2025-10-13T13:00,24.7,19,0.0
2025-10-13T14:00,25.0,18,0.0
2025-10-13T15:00,24.7,19,0.0
2025-10-13T16:00,23.9,20,0.0
2025-10-13T17:00,22.6,22,0.0
2025-10-13T18:00,20.4,25,0.0
2025-10-13T19:00,19.2,27,0.0
2025-10-13T20:00,18.1,29,0.0
2025-10-13T21:00,17.0,32,0.0
2025-10-13T22:00,16.2,34,0.0
2025-10-13T23:00,14.7,41,0.0
2025-10-14T00:00,13.2,48,0.0
2025-10-14T01:00,12.4,50,0.0
2025-10-14T02:00,12.1,52,0.0
2025-10-14T03:00,11.7,56,0.0
2025-10-14T04:00,11.3,59,0.0
2025-10-14T05:00,11.0,59,0.0
2025-10-14T06:00,9.5,61,0.0
2025-10-14T07:00,9.3,62,0.0
2025-10-14T08:00,11.2,55,0.0
2025-10-14T09:00,14.1,46,0.0
2025-10-14T10:00,17.1,37,0.0
2025-10-14T11:00,20.1,29,0.0
2025-10-14T12:00,22.3,24,0.0
2025-10-14T13:00,23.7,22,0.0
2025-10-14T14:00,24.5,19,0.0
2025-10-14T15:00,24.9,17,0.0
2025-10-14T16:00,24.5,17,0.0
2025-10-14T17:00,23.0,21,0.0
2025-10-14T18:00,20.3,26,0.0
2025-10-14T19:00,18.7,31,0.0
2025-10-14T20:00,17.2,39,0.0
2025-10-14T21:00,16.8,45,0.0
2025-10-14T22:00,15.3,45,0.0
2025-10-14T23:00,14.4,48,0.0
2025-10-15T00:00,13.4,48,0.0
2025-10-15T01:00,13.1,48,0.0
2025-10-15T02:00,13.0,47,0.0
2025-10-15T03:00,12.4,50,0.0
2025-10-15T04:00,11.6,52,0.0
2025-10-15T05:00,11.5,50,0.0
2025-10-15T06:00,10.7,50,0.0
2025-10-15T07:00,10.5,50,0.0
2025-10-15T08:00,12.5,44,0.0
2025-10-15T09:00,15.7,36,0.0
2025-10-15T10:00,18.6,30,0.0
2025-10-15T11:00,21.4,26,0.0
2025-10-15T12:00,23.6,21,0.0
2025-10-15T13:00,24.9,18,0.0
2025-10-15T14:00,25.7,16,0.0
2025-10-15T15:00,25.8,16,0.0
2025-10-15T16:00,25.6,15,0.0
2025-10-15T17:00,24.2,27,0.0
2025-10-15T18:00,22.0,26,0.0
2025-10-15T19:00,20.5,28,0.0
2025-10-15T20:00,19.4,27,0.0
2025-10-15T21:00,18.6,27,0.0
2025-10-15T22:00,17.7,30,0.0
2025-10-15T23:00,16.6,32,0.0
2025-10-16T00:00,14.7,34,0.0
2025-10-16T01:00,14.0,35,0.0
2025-10-16T02:00,13.1,38,0.0
2025-10-16T03:00,12.5,38,0.0
2025-10-16T04:00,13.1,34,0.0
2025-10-16T05:00,13.5,29,0.0
2025-10-16T06:00,11.8,36,0.0
2025-10-16T07:00,11.6,38,0.0
2025-10-16T08:00,14.0,31,0.0
2025-10-16T09:00,18.2,24,0.0
2025-10-16T10:00,22.1,19,0.0
2025-10-16T11:00,25.2,15,0.0
2025-10-16T12:00,27.1,13,0.0
2025-10-16T13:00,27.6,13,0.0
2025-10-16T14:00,27.7,14,0.0
2025-10-16T15:00,27.7,14,0.0
2025-10-16T16:00,27.3,16,0.0
2025-10-16T17:00,26.2,17,0.0
2025-10-16T18:00,23.4,22,0.0
2025-10-16T19:00,22.3,26,0.0
2025-10-16T20:00,21.0,28,0.0
2025-10-16T21:00,19.5,30,0.0
2025-10-16T22:00,18.7,31,0.0
2025-10-16T23:00,17.6,36,0.0
2025-10-17T00:00,16.2,38,0.0
2025-10-17T01:00,15.9,38,0.0
2025-10-17T02:00,15.6,39,0.0
2025-10-17T03:00,14.8,46,0.0
2025-10-17T04:00,14.0,56,0.0
2025-10-17T05:00,13.0,67,0.0
2025-10-17T06:00,12.7,68,0.0
2025-10-17T07:00,12.5,66,0.0
2025-10-17T08:00,13.7,61,0.0
2025-10-17T09:00,16.1,52,0.0
2025-10-17T10:00,18.9,42,0.0
2025-10-17T11:00,21.9,35,0.0
2025-10-17T12:00,24.1,30,0.0
2025-10-17T13:00,25.5,27,0.0
2025-10-17T14:00,26.0,25,0.0
2025-10-17T15:00,26.1,23,0.0
2025-10-17T16:00,25.6,21,0.0
2025-10-17T17:00,24.6,22,0.0
2025-10-17T18:00,22.4,25,0.0
2025-10-17T19:00,20.9,29,0.0
2025-10-17T20:00,19.7,32,0.0
2025-10-17T21:00,18.2,37,0.0
2025-10-17T22:00,17.1,40,0.0
2025-10-17T23:00,16.7,40,0.0
2025-10-18T00:00,16.0,40,0.0
2025-10-18T01:00,15.6,39,0.0
2025-10-18T02:00,14.7,41,0.0
2025-10-18T03:00,13.8,46,0.0
2025-10-18T04:00,13.1,51,0.0
2025-10-18T05:00,12.1,55,0.0
2025-10-18T06:00,11.2,60,0.0
2025-10-18T07:00,11.1,61,0.0
2025-10-18T08:00,12.5,56,0.0
2025-10-18T09:00,14.6,51,0.0
2025-10-18T10:00,17.2,43,0.0
2025-10-18T11:00,20.0,34,0.0
2025-10-18T12:00,21.7,28,0.0
2025-10-18T13:00,22.4,26,0.0
2025-10-18T14:00,22.7,24,0.0
2025-10-18T15:00,22.4,24,0.0
2025-10-18T16:00,21.6,24,0.0
2025-10-18T17:00,20.6,25,0.0
2025-10-18T18:00,19.1,27,0.0
2025-10-18T19:00,17.9,27,0.0
2025-10-18T20:00,16.7,28,0.0
2025-10-18T21:00,16.5,28,0.0
2025-10-18T22:00,15.6,29,0.0
2025-10-18T23:00,14.7,31,0.0
2025-10-19T00:00,14.0,30,0.0
2025-10-19T01:00,13.2,30,0.0
2025-10-19T02:00,12.5,32,0.0
2025-10-19T03:00,11.8,35,0.0
2025-10-19T04:00,11.1,38,0.0
2025-10-19T05:00,10.3,40,0.0
2025-10-19T06:00,9.6,43,0.0
2025-10-19T07:00,8.8,49,0.0
2025-10-19T08:00,9.7,44,0.0
2025-10-19T09:00,11.3,40,0.0
2025-10-19T10:00,13.1,36,0.0
2025-10-19T11:00,14.6,34,0.0
2025-10-19T12:00,16.5,30,0.0
2025-10-19T13:00,17.8,26,0.0
2025-10-19T14:00,18.6,22,0.0
2025-10-19T15:00,18.9,20,0.0
2025-10-19T16:00,18.4,20,0.0
2025-10-19T17:00,17.4,21,0.0
2025-10-19T18:00,15.8,24,0.0
2025-10-19T19:00,14.5,25,0.0
2025-10-19T20:00,13.4,26,0.0
2025-10-19T21:00,12.6,27,0.0
2025-10-19T22:00,12.0,28,0.0
2025-10-19T23:00,11.3,31,0.0
2025-10-20T00:00,9.8,35,0.0
2025-10-20T01:00,9.5,38,0.0
2025-10-20T02:00,9.3,39,0.0
2025-10-20T03:00,9.7,38,0.0
2025-10-20T04:00,9.0,41,0.0
2025-10-20T05:00,7.8,44,0.0
2025-10-20T06:00,7.0,48,0.0
2025-10-20T07:00,7.0,50,0.0
2025-10-20T08:00,8.5,46,0.0
2025-10-20T09:00,10.7,39,0.0
2025-10-20T10:00,13.4,31,0.0
2025-10-20T11:00,15.5,27,0.0
2025-10-20T12:00,17.9,24,0.0
2025-10-20T13:00,19.6,22,0.0
2025-10-20T14:00,20.7,22,0.0
2025-10-20T15:00,21.3,22,0.0
2025-10-20T16:00,21.2,22,0.0
2025-10-20T17:00,20.5,22,0.0
2025-10-20T18:00,18.6,27,0.0
2025-10-20T19:00,17.1,31,0.0
2025-10-20T20:00,15.6,31,0.0
2025-10-20T21:00,15.2,28,0.0
2025-10-20T22:00,14.5,29,0.0
2025-10-20T23:00,13.3,37,0.0
2025-10-21T00:00,12.1,45,0.0
2025-10-21T01:00,11.7,46,0.0
2025-10-21T02:00,11.7,46,0.0
2025-10-21T03:00,11.3,47,0.0
2025-10-21T04:00,11.3,46,0.0
2025-10-21T05:00,10.3,51,0.0
2025-10-21T06:00,9.5,55,0.0
2025-10-21T07:00,9.1,56,0.0
2025-10-21T08:00,10.9,49,0.0
2025-10-21T09:00,13.7,40,0.0
2025-10-21T10:00,16.9,32,0.0
2025-10-21T11:00,19.4,26,0.0
2025-10-21T12:00,21.3,22,0.0
2025-10-21T13:00,22.5,20,0.0
2025-10-21T14:00,23.2,19,0.0
2025-10-21T15:00,23.5,19,0.0
2025-10-21T16:00,23.2,20,0.0
2025-10-21T17:00,21.9,22,0.0
2025-10-21T18:00,19.3,28,0.0
2025-10-21T19:00,18.1,30,0.0
2025-10-21T20:00,17.1,32,0.0
2025-10-21T21:00,16.7,31,0.0
2025-10-21T22:00,16.4,31,0.0
2025-10-21T23:00,15.2,36,0.0
2025-10-22T00:00,13.9,40,0.0
2025-10-22T01:00,13.6,41,0.0
2025-10-22T02:00,12.7,44,0.0
2025-10-22T03:00,11.7,46,0.0
2025-10-22T04:00,11.0,49,0.0
2025-10-22T05:00,11.0,49,0.0
2025-10-22T06:00,10.5,51,0.0
2025-10-22T07:00,10.0,52,0.0
2025-10-22T08:00,11.9,46,0.0
2025-10-22T09:00,15.8,35,0.0
2025-10-22T10:00,18.9,29,0.0
2025-10-22T11:00,21.2,25,0.0
2025-10-22T12:00,23.4,21,0.0
2025-10-22T13:00,24.6,20,0.0
2025-10-22T14:00,25.2,19,0.0
2025-10-22T15:00,25.2,19,0.0
2025-10-22T16:00,24.4,20,0.0
2025-10-22T17:00,23.0,21,0.0
2025-10-22T18:00,21.1,24,0.0
2025-10-22T19:00,20.2,27,0.0
2025-10-22T20:00,19.0,29,0.0
2025-10-22T21:00,17.8,31,0.0
2025-10-22T22:00,16.6,34,0.0
2025-10-22T23:00,15.8,37,0.0
2025-10-23T00:00,14.9,40,0.0
2025-10-23T01:00,13.7,43,0.0
2025-10-23T02:00,13.5,42,0.0
2025-10-23T03:00,13.4,40,0.0
2025-10-23T04:00,13.5,37,0.0
2025-10-23T05:00,14.1,32,0.0
2025-10-23T06:00,12.5,36,0.0
2025-10-23T07:00,12.1,36,0.0
2025-10-23T08:00,14.0,32,0.0
2025-10-23T09:00,17.2,26,0.0
2025-10-23T10:00,21.2,20,0.0
2025-10-23T11:00,24.4,16,0.0
2025-10-23T12:00,26.4,14,0.0
2025-10-23T13:00,27.3,13,0.0
2025-10-23T14:00,27.7,13,0.0
2025-10-23T15:00,27.8,13,0.0
2025-10-23T16:00,27.2,14,0.0
2025-10-23T17:00,25.5,16,0.0
2025-10-23T18:00,23.6,19,0.0
2025-10-23T19:00,22.6,21,0.0
2025-10-23T20:00,22.1,21,0.0
2025-10-23T21:00,20.3,23,0.0
2025-10-23T22:00,18.6,27,0.0
2025-10-23T23:00,18.2,29,0.0
2025-10-24T00:00,17.4,31,0.0
2025-10-24T01:00,16.0,34,0.0
2025-10-24T02:00,15.6,34,0.0
2025-10-24T03:00,15.3,33,0.0
2025-10-24T04:00,14.9,31,0.0
2025-10-24T05:00,14.6,29,0.0
2025-10-24T06:00,13.5,32,0.0
2025-10-24T07:00,12.9,34,0.0
2025-10-24T08:00,15.0,30,0.0
2025-10-24T09:00,18.5,24,0.0
2025-10-24T10:00,22.5,19,0.0
2025-10-24T11:00,25.7,16,0.0
2025-10-24T12:00,27.8,14,0.0
2025-10-24T13:00,29.0,13,0.0
2025-10-24T14:00,29.5,13,0.0
2025-10-24T15:00,29.4,13,0.0
2025-10-24T16:00,28.7,14,0.0
2025-10-24T17:00,26.9,16,0.0
2025-10-24T18:00,24.4,22,0.0
2025-10-24T19:00,22.5,28,0.0
2025-10-24T20:00,21.8,28,0.0
2025-10-24T21:00,20.9,29,0.0
2025-10-24T22:00,20.4,31,0.0
2025-10-24T23:00,19.2,37,0.0
2025-10-25T00:00,18.4,42,0.0
2025-10-25T01:00,18.1,41,0.0
2025-10-25T02:00,17.4,41,0.0
2025-10-25T03:00,16.0,46,0.0
2025-10-25T04:00,15.4,47,0.0
2025-10-25T05:00,14.4,49,0.0
2025-10-25T06:00,13.9,50,0.0
2025-10-25T07:00,13.5,54,0.0
2025-10-25T08:00,14.7,49,0.0
2025-10-25T09:00,16.7,43,0.0
2025-10-25T10:00,18.6,39,0.0
2025-10-25T11:00,20.7,35,0.0
2025-10-25T12:00,22.6,30,0.0
2025-10-25T13:00,23.8,27,0.0
2025-10-25T14:00,24.1,27,0.0
2025-10-25T15:00,23.9,28,0.0
2025-10-25T16:00,23.5,28,0.0
2025-10-25T17:00,22.8,29,0.0
2025-10-25T18:00,21.0,35,0.0
2025-10-25T19:00,20.1,36,0.0
2025-10-25T20:00,19.4,37,0.0
2025-10-25T21:00,18.4,41,0.0
2025-10-25T22:00,18.2,44,0.0
2025-10-25T23:00,18.0,45,0.0
2025-10-26T00:00,17.9,45,0.0
2025-10-26T01:00,17.8,44,0.0
2025-10-26T02:00,17.3,45,0.0
2025-10-26T03:00,17.0,45,0.0
2025-10-26T04:00,16.5,47,0.0
2025-10-26T05:00,16.5,46,0.0
2025-10-26T06:00,15.8,49,0.0
2025-10-26T07:00,15.1,50,0.0
2025-10-26T08:00,15.5,48,0.0
2025-10-26T09:00,16.5,45,0.0
2025-10-26T10:00,18.5,39,0.0
2025-10-26T11:00,20.8,33,0.0
2025-10-26T12:00,22.5,28,0.0
2025-10-26T13:00,23.7,26,0.0
2025-10-26T14:00,23.9,25,0.0
2025-10-26T15:00,23.8,26,0.0
2025-10-26T16:00,23.5,26,0.0
2025-10-26T17:00,22.3,29,0.0
2025-10-26T18:00,20.8,30,0.0
2025-10-26T19:00,19.6,29,0.0
2025-10-26T20:00,18.4,30,0.0
2025-10-26T21:00,17.6,30,0.0
2025-10-26T22:00,16.9,31,0.0
2025-10-26T23:00,16.0,34,0.0
2025-10-27T00:00,15.4,39,0.0
2025-10-27T01:00,14.8,44,0.0
2025-10-27T02:00,14.1,49,0.0
2025-10-27T03:00,13.4,52,0.0
2025-10-27T04:00,12.8,55,0.0
2025-10-27T05:00,12.3,56,0.0
2025-10-27T06:00,11.9,57,0.0
2025-10-27T07:00,11.5,59,0.0
2025-10-27T08:00,12.9,54,0.0
2025-10-27T09:00,16.0,44,0.0
2025-10-27T10:00,18.6,39,0.0
2025-10-27T11:00,21.3,29,0.0
2025-10-27T12:00,23.5,24,0.0
2025-10-27T13:00,24.9,22,0.0
2025-10-27T14:00,25.5,20,0.0
2025-10-27T15:00,25.6,20,0.0
2025-10-27T16:00,25.0,21,0.0
2025-10-27T17:00,23.9,23,0.0
2025-10-27T18:00,21.8,27,0.0
2025-10-27T19:00,21.4,28,0.0
2025-10-27T20:00,20.2,30,0.0
2025-10-27T21:00,18.7,33,0.0
2025-10-27T22:00,17.9,37,0.0
2025-10-27T23:00,17.1,40,0.0
2025-10-28T00:00,16.4,42,0.0
2025-10-28T01:00,15.8,43,0.0
2025-10-28T02:00,15.1,46,0.0
2025-10-28T03:00,14.3,48,0.0
2025-10-28T04:00,14.7,45,0.0
2025-10-28T05:00,15.7,43,0.0
2025-10-28T06:00,15.7,40,0.0
2025-10-28T07:00,16.8,37,0.0
2025-10-28T08:00,17.5,38,0.0
2025-10-28T09:00,19.3,36,0.0
2025-10-28T10:00,22.4,29,0.0
2025-10-28T11:00,22.3,29,0.0
2025-10-28T12:00,21.6,32,0.0
2025-10-28T13:00,19.7,48,2.1
2025-10-28T14:00,18.8,53,0.6
2025-10-28T15:00,17.0,69,2.1
2025-10-28T16:00,16.6,71,3.6
2025-10-28T17:00,16.1,76,1.0
2025-10-28T18:00,16.0,78,0.3
2025-10-28T19:00,15.9,81,0.0
2025-10-28T20:00,15.8,83,0.0
2025-10-28T21:00,15.2,84,0.0
2025-10-28T22:00,14.3,90,0.0
2025-10-28T23:00,13.7,87,0.0
2025-10-29T00:00,14.1,78,0.0
2025-10-29T01:00,14.5,68,0.0
2025-10-29T02:00,14.1,71,0.0
2025-10-29T03:00,13.7,74,0.0
2025-10-29T04:00,13.6,76,0.0
2025-10-29T05:00,12.9,84,0.0
2025-10-29T06:00,12.6,87,0.0
2025-10-29T07:00,12.4,88,0.0
2025-10-29T08:00,12.8,85,0.0
2025-10-29T09:00,14.2,78,0.0
2025-10-29T10:00,15.9,68,0.0
2025-10-29T11:00,17.6,62,0.0
2025-10-29T12:00,18.6,56,0.0
2025-10-29T13:00,19.2,52,0.0
2025-10-29T14:00,19.4,50,0.0
2025-10-29T15:00,19.5,50,0.0
2025-10-29T16:00,19.2,52,0.0
2025-10-29T17:00,18.6,61,0.0
2025-10-29T18:00,17.0,68,0.0
2025-10-29T19:00,16.2,66,0.0
2025-10-29T20:00,15.1,69,0.0
2025-10-29T21:00,14.0,74,0.0
2025-10-29T22:00,13.5,75,0.0
2025-10-29T23:00,12.6,84,0.0
2025-10-30T00:00,11.8,87,0.0
2025-10-30T01:00,11.9,83,0.0
2025-10-30T02:00,10.8,89,0.0
2025-10-30T03:00,10.2,91,0.0
2025-10-30T04:00,9.6,93,0.0
2025-10-30T05:00,9.7,84,0.0
2025-10-30T06:00,9.6,78,0.0
2025-10-30T07:00,9.6,72,0.0
2025-10-30T08:00,11.4,63,0.0
2025-10-30T09:00,14.2,54,0.0
2025-10-30T10:00,16.6,50,0.0
2025-10-30T11:00,19.3,48,0.0
2025-10-30T12:00,20.6,38,0.0
2025-10-30T13:00,21.3,32,0.0
2025-10-30T14:00,21.5,29,0.0
2025-10-30T15:00,21.5,29,0.0
2025-10-30T16:00,20.1,52,0.0
2025-10-30T17:00,18.8,43,0.0
2025-10-30T18:00,17.4,43,0.0
2025-10-30T19:00,15.5,55,0.0
2025-10-30T20:00,13.9,64,0.0
2025-10-30T21:00,12.9,69,0.0
2025-10-30T22:00,12.3,69,0.0
2025-10-30T23:00,12.1,66,0.0
2025-10-31T00:00,9.7,76,0.0
2025-10-31T01:00,8.8,78,0.0
2025-10-31T02:00,8.4,74,0.0
2025-10-31T03:00,8.2,71,0.0
2025-10-31T04:00,8.4,61,0.0
2025-10-31T05:00,8.1,58,0.0
2025-10-31T06:00,7.3,57,0.0
2025-10-31T07:00,6.4,64,0.0
2025-10-31T08:00,8.2,62,0.0
2025-10-31T09:00,11.8,54,0.0
2025-10-31T10:00,15.3,43,0.0
2025-10-31T11:00,17.9,36,0.0
2025-10-31T12:00,19.4,37,0.0
2025-10-31T13:00,20.8,35,0.0
2025-10-31T14:00,21.8,34,0.0
2025-10-31T15:00,22.3,33,0.0
2025-10-31T16:00,20.7,37,0.0
2025-10-31T17:00,17.9,47,0.0
2025-10-31T18:00,15.6,57,0.0
2025-10-31T19:00,14.9,63,0.0
2025-10-31T20:00,14.4,69,0.0
2025-10-31T21:00,13.0,83,0.5
2025-10-31T22:00,12.4,87,0.0
2025-10-31T23:00,11.7,89,0.0
2025-11-01T00:00,11.0,89,0.0
2025-11-01T01:00,9.8,89,0.0
2025-11-01T02:00,8.6,91,0.0
2025-11-01T03:00,8.2,90,0.0
2025-11-01T04:00,8.0,88,0.0
2025-11-01T05:00,8.1,84,0.0
2025-11-01T06:00,7.3,90,0.0
2025-11-01T07:00,7.1,91,0.0
2025-11-01T08:00,7.9,88,0.0
2025-11-01T09:00,9.7,79,0.0
2025-11-01T10:00,11.4,65,0.0
2025-11-01T11:00,12.5,52,0.0
2025-11-01T12:00,13.8,48,0.0
2025-11-01T13:00,14.6,46,0.0
2025-11-01T14:00,15.0,46,0.0
2025-11-01T15:00,15.0,46,0.0
2025-11-01T16:00,14.5,47,0.0
2025-11-01T17:00,13.2,63,0.0
2025-11-01T18:00,12.2,59,0.0
2025-11-01T19:00,11.5,61,0.0
2025-11-01T20:00,10.4,65,0.0
2025-11-01T21:00,9.2,73,0.0
2025-11-01T22:00,8.7,76,0.0
2025-11-01T23:00,8.4,79,0.0
2025-11-02T00:00,8.0,78,0.0
2025-11-02T01:00,7.5,80,0.0
2025-11-02T02:00,7.0,82,0.0
2025-11-02T03:00,6.7,81,0.0
2025-11-02T04:00,6.6,77,0.0
2025-11-02T05:00,6.1,73,0.0
2025-11-02T06:00,5.6,72,0.0
2025-11-02T07:00,5.5,73,0.0
2025-11-02T08:00,7.0,70,0.0
2025-11-02T09:00,9.4,66,0.0
2025-11-02T10:00,12.9,56,0.0
2025-11-02T11:00,15.1,49,0.0
2025-11-02T12:00,17.1,41,0.0
2025-11-02T13:00,18.4,38,0.0
2025-11-02T14:00,19.2,37,0.0
2025-11-02T15:00,19.2,39,0.0
2025-11-02T16:00,18.3,52,0.0
2025-11-02T17:00,17.0,55,0.0
2025-11-02T18:00,16.6,54,0.0
2025-11-02T19:00,16.1,53,0.0
2025-11-02T20:00,14.4,63,0.0
2025-11-02T21:00,13.1,70,0.0
2025-11-02T22:00,12.1,71,0.0
2025-11-02T23:00,12.7,66,0.0
2025-11-03T00:00,12.4,64,0.0
2025-11-03T01:00,11.8,64,0.0
2025-11-03T02:00,10.8,66,0.0
2025-11-03T03:00,9.4,72,0.0
2025-11-03T04:00,8.5,76,0.0
2025-11-03T05:00,7.6,82,0.0
2025-11-03T06:00,7.4,83,0.0
2025-11-03T07:00,7.0,86,0.0
2025-11-03T08:00,7.7,84,0.0
2025-11-03T09:00,9.4,78,0.0
2025-11-03T10:00,11.3,70,0.0
2025-11-03T11:00,13.0,61,0.0
2025-11-03T12:00,14.5,52,0.0
2025-11-03T13:00,14.2,50,0.0
2025-11-03T14:00,14.5,52,0.2
2025-11-03T15:00,13.2,57,0.2
2025-11-03T16:00,12.7,61,0.1
2025-11-03T17:00,11.9,64,1.1
2025-11-03T18:00,10.9,73,0.0
2025-11-03T19:00,10.5,78,0.3
2025-11-03T20:00,10.0,82,0.7
2025-11-03T21:00,9.4,85,0.8
2025-11-03T22:00,9.0,91,1.0
2025-11-03T23:00,7.9,88,0.5
2025-11-04T00:00,7.6,87,0.9
2025-11-04T01:00,7.1,85,0.5
2025-11-04T02:00,6.9,86,0.3
2025-11-04T03:00,7.0,90,0.5
2025-11-04T04:00,7.0,85,0.5
2025-11-04T05:00,6.6,93,0.9
2025-11-04T06:00,6.4,91,1.7
2025-11-04T07:00,6.1,93,2.1
2025-11-04T08:00,5.7,92,0.7
2025-11-04T09:00,5.9,89,0.2
2025-11-04T10:00,6.6,80,0.2
2025-11-04T11:00,5.4,87,0.8
2025-11-04T12:00,5.5,85,0.4
2025-11-04T13:00,5.2,85,0.4
2025-11-04T14:00,5.0,85,0.3
2025-11-04T15:00,5.0,85,0.0
2025-11-04T16:00,5.4,82,0.0
2025-11-04T17:00,4.5,86,0.0
2025-11-04T18:00,3.8,93,0.3
2025-11-04T19:00,2.8,95,0.0
2025-11-04T20:00,3.7,94,0.0
2025-11-04T21:00,4.0,87,0.0
2025-11-04T22:00,3.8,86,0.0
2025-11-04T23:00,3.6,88,0.0
2025-11-05T00:00,3.2,87,0.1
2025-11-05T01:00,2.7,86,0.1
2025-11-05T02:00,2.2,89,0.1
2025-11-05T03:00,1.8,89,0.0
2025-11-05T04:00,1.5,89,0.0
2025-11-05T05:00,0.5,89,0.0
2025-11-05T06:00,-0.3,90,0.0
2025-11-05T07:00,-0.6,90,0.0
2025-11-05T08:00,-0.1,89,0.0
2025-11-05T09:00,1.1,82,0.0
2025-11-05T10:00,2.5,73,0.0
2025-11-05T11:00,3.5,65,0.0
2025-11-05T12:00,4.5,58,0.0
2025-11-05T13:00,5.1,51,0.0
2025-11-05T14:00,5.2,49,0.0
2025-11-05T15:00,5.2,48,0.0
2025-11-05T16:00,4.8,48,0.0
2025-11-05T17:00,4.5,55,0.0
2025-11-05T18:00,3.3,64,0.0
2025-11-05T19:00,2.5,66,0.0
2025-11-05T20:00,1.9,67,0.0
2025-11-05T21:00,1.4,69,0.0
2025-11-05T22:00,0.6,71,0.0
2025-11-05T23:00,-0.1,78,0.0
2025-11-06T00:00,-0.7,77,0.0
2025-11-06T01:00,-1.5,76,0.0
2025-11-06T02:00,-2.1,74,0.0
2025-11-06T03:00,-2.5,72,0.0
2025-11-06T04:00,-2.8,71,0.0
2025-11-06T05:00,-2.4,73,0.0
2025-11-06T06:00,-2.6,73,0.0
2025-11-06T07:00,-2.8,73,0.0
2025-11-06T08:00,-1.3,66,0.0
2025-11-06T09:00,0.8,65,0.0
2025-11-06T10:00,3.3,56,0.0
2025-11-06T11:00,5.4,48,0.0
2025-11-06T12:00,7.0,40,0.0
2025-11-06T13:00,8.0,37,0.0
2025-11-06T14:00,8.4,36,0.0
2025-11-06T15:00,8.4,37,0.0
2025-11-06T16:00,7.9,45,0.0
2025-11-06T17:00,6.5,50,0.0
2025-11-06T18:00,5.4,53,0.0
2025-11-06T19:00,4.6,56,0.0
2025-11-06T20:00,4.0,57,0.0
2025-11-06T21:00,3.5,58,0.0
2025-11-06T22:00,2.2,65,0.0
2025-11-06T23:00,2.1,65,0.0
2025-11-07T00:00,1.1,67,0.0
2025-11-07T01:00,0.5,69,0.0
2025-11-07T02:00,-0.4,74,0.0
2025-11-07T03:00,-1.1,79,0.0
2025-11-07T04:00,-1.3,80,0.0
2025-11-07T05:00,-0.1,73,0.0
2025-11-07T06:00,-0.6,72,0.0
2025-11-07T07:00,-0.7,72,0.0
2025-11-07T08:00,0.1,69,0.0
2025-11-07T09:00,2.4,60,0.0
2025-11-07T10:00,4.5,51,0.0
2025-11-07T11:00,6.1,49,0.0
2025-11-07T12:00,7.3,45,0.0
2025-11-07T13:00,8.3,42,0.0
2025-11-07T14:00,9.1,41,0.0
2025-11-07T15:00,9.2,42,0.0
2025-11-07T16:00,8.4,61,0.0
2025-11-07T17:00,8.0,57,0.0
2025-11-07T18:00,7.0,60,0.0
2025-11-07T19:00,6.5,59,0.0
2025-11-07T20:00,6.1,60,0.0
2025-11-07T21:00,5.1,66,0.0
2025-11-07T22:00,4.4,69,0.0
2025-11-07T23:00,4.0,70,0.0
2025-11-08T00:00,3.0,74,0.0
2025-11-08T01:00,2.7,76,0.0
2025-11-08T02:00,2.0,77,0.0
2025-11-08T03:00,1.5,78,0.0
2025-11-08T04:00,1.0,76,0.0
2025-11-08T05:00,1.1,75,0.0
2025-11-08T06:00,0.4,72,0.0
2025-11-08T07:00,0.3,69,0.0
2025-11-08T08:00,1.4,62,0.0
2025-11-08T09:00,4.7,46,0.0
2025-11-08T10:00,7.5,42,0.0
2025-11-08T11:00,9.7,41,0.0
2025-11-08T12:00,10.8,40,0.0
2025-11-08T13:00,11.6,38,0.0
2025-11-08T14:00,12.0,38,0.0
2025-11-08T15:00,12.0,40,0.0
2025-11-08T16:00,10.8,57,0.0
2025-11-08T17:00,11.2,47,0.0
2025-11-08T18:00,10.4,52,0.0
2025-11-08T19:00,9.3,56,0.0
2025-11-08T20:00,7.8,63,0.0
2025-11-08T21:00,6.7,68,0.0
2025-11-08T22:00,5.6,71,0.0
2025-11-08T23:00,5.5,68,0.0
2025-11-09T00:00,3.4,76,0.0
2025-11-09T01:00,2.7,77,0.0
2025-11-09T02:00,2.3,74,0.0
2025-11-09T03:00,2.0,72,0.0
2025-11-09T04:00,1.6,71,0.0
2025-11-09T05:00,2.5,67,0.0
2025-11-09T06:00,1.8,65,0.0
2025-11-09T07:00,1.9,63,0.0
2025-11-09T08:00,3.1,61,0.0
2025-11-09T09:00,6.0,53,0.0
2025-11-09T10:00,9.1,46,0.0
2025-11-09T11:00,11.7,43,0.0
2025-11-09T12:00,13.0,41,0.0
2025-11-09T13:00,14.0,38,0.0
2025-11-09T14:00,14.4,37,0.0
2025-11-09T15:00,14.5,38,0.0
2025-11-09T16:00,13.7,50,0.0
2025-11-09T17:00,11.4,52,0.0
2025-11-09T18:00,10.1,57,0.0
2025-11-09T19:00,9.0,60,0.0
2025-11-09T20:00,7.9,66,0.0
2025-11-09T21:00,7.0,71,0.0
2025-11-09T22:00,6.2,73,0.0
2025-11-09T23:00,5.7,76,0.0
2025-11-10T00:00,4.5,78,0.0
2025-11-10T01:00,3.8,78,0.0
2025-11-10T02:00,3.5,77,0.0
2025-11-10T03:00,3.1,78,0.0
2025-11-10T04:00,3.0,76,0.0
2025-11-10T05:00,3.2,74,0.0
2025-11-10T06:00,2.1,76,0.0
2025-11-10T07:00,1.4,78,0.0
2025-11-10T08:00,2.2,79,0.0
2025-11-10T09:00,5.3,74,0.0
2025-11-10T10:00,8.7,63,0.0
2025-11-10T11:00,11.2,53,0.0
2025-11-10T12:00,12.5,49,0.0
2025-11-10T13:00,13.4,44,0.0
2025-11-10T14:00,13.7,43,0.0
2025-11-10T15:00,13.5,45,0.0
2025-11-10T16:00,12.2,63,0.0
2025-11-10T17:00,12.1,54,0.0
2025-11-10T18:00,11.8,55,0.0
2025-11-10T19:00,11.2,57,0.0
2025-11-10T20:00,10.1,65,0.0
2025-11-10T21:00,9.4,68,0.0
2025-11-10T22:00,8.3,70,0.0
2025-11-10T23:00,7.6,71,0.0
2025-11-11T00:00,6.3,73,0.0
2025-11-11T01:00,6.0,74,0.0
2025-11-11T02:00,5.5,76,0.1
2025-11-11T03:00,4.8,80,0.0
2025-11-11T04:00,4.6,78,0.0
2025-11-11T05:00,4.3,79,0.0
2025-11-11T06:00,3.9,81,0.0
2025-11-11T07:00,3.2,83,0.0
2025-11-11T08:00,4.1,81,0.0
2025-11-11T09:00,6.7,72,0.0
2025-11-11T10:00,9.5,66,0.0
2025-11-11T11:00,11.7,56,0.0
2025-11-11T12:00,13.3,51,0.0
2025-11-11T13:00,14.4,47,0.0
2025-11-11T14:00,14.9,44,0.0
2025-11-11T15:00,14.9,45,0.0
2025-11-11T16:00,13.7,61,0.0
2025-11-11T17:00,12.1,60,0.0
2025-11-11T18:00,11.5,58,0.0
2025-11-11T19:00,10.1,64,0.0
2025-11-11T20:00,8.8,70,0.0
2025-11-11T21:00,8.1,73,0.0
2025-11-11T22:00,7.2,77,0.0
2025-11-11T23:00,6.7,76,0.0
2025-11-12T00:00,5.8,78,0.0
2025-11-12T01:00,5.2,78,0.0
2025-11-12T02:00,4.7,76,0.0
2025-11-12T03:00,4.4,75,0.0
2025-11-12T04:00,4.1,74,0.0
2025-11-12T05:00,5.1,64,0.0
2025-11-12T06:00,4.9,61,0.0
2025-11-12T07:00,4.6,61,0.0
2025-11-12T08:00,5.2,59,0.0
2025-11-12T09:00,7.3,55,0.0
2025-11-12T10:00,10.1,58,0.0
2025-11-12T11:00,13.8,47,0.0
2025-11-12T12:00,15.7,43,0.0
2025-11-12T13:00,16.8,43,0.0
2025-11-12T14:00,17.4,42,0.0
2025-11-12T15:00,17.3,45,0.0
2025-11-12T16:00,15.7,52,0.0
2025-11-12T17:00,13.6,57,0.0
2025-11-12T18:00,12.4,59,0.0
2025-11-12T19:00,10.8,65,0.0
2025-11-12T20:00,10.0,70,0.0
2025-11-12T21:00,8.4,77,0.0
2025-11-12T22:00,7.7,80,0.0
2025-11-12T23:00,7.6,77,0.0
2025-11-13T00:00,6.2,81,0.0
2025-11-13T01:00,5.7,78,0.0
2025-11-13T02:00,5.1,77,0.0
2025-11-13T03:00,5.0,73,0.0
2025-11-13T04:00,5.5,66,0.0
2025-11-13T05:00,6.3,60,0.0
2025-11-13T06:00,5.8,57,0.0
2025-11-13T07:00,5.7,55,0.0
2025-11-13T08:00,6.5,53,0.0
2025-11-13T09:00,9.1,49,0.0
2025-11-13T10:00,12.0,47,0.0
2025-11-13T11:00,15.6,45,0.0
2025-11-13T12:00,17.5,41,0.0
2025-11-13T13:00,18.6,39,0.0
2025-11-13T14:00,19.2,32,0.0
2025-11-13T15:00,18.7,37,0.0
2025-11-13T16:00,16.7,46,0.0
2025-11-13T17:00,14.9,42,0.0
2025-11-13T18:00,13.7,46,0.0
2025-11-13T19:00,12.5,48,0.0
2025-11-13T20:00,10.7,59,0.0
2025-11-13T21:00,9.6,64,0.0
2025-11-13T22:00,9.4,64,0.0
2025-11-13T23:00,9.3,64,0.0
2025-11-14T00:00,8.0,68,0.0
2025-11-14T01:00,7.1,70,0.0
2025-11-14T02:00,6.6,69,0.0
2025-11-14T03:00,6.1,70,0.0
2025-11-14T04:00,5.3,72,0.0
2025-11-14T05:00,6.2,62,0.0
2025-11-14T06:00,4.7,68,0.0
2025-11-14T07:00,3.2,76,0.0
2025-11-14T08:00,3.7,77,0.0
2025-11-14T09:00,6.5,67,0.0
2025-11-14T10:00,9.3,59,0.0
2025-11-14T11:00,13.4,51,0.0
2025-11-14T12:00,15.1,45,0.0
2025-11-14T13:00,16.4,41,0.0
2025-11-14T14:00,16.9,39,0.0
2025-11-14T15:00,16.8,45,0.0
2025-11-14T16:00,15.4,57,0.0
2025-11-14T17:00,13.2,56,0.0
2025-11-14T18:00,12.7,55,0.0
2025-11-14T19:00,11.9,56,0.0
2025-11-14T20:00,10.2,64,0.0
2025-11-14T21:00,9.0,72,0.0
2025-11-14T22:00,8.5,74,0.0
2025-11-14T23:00,8.3,71,0.0
2025-11-15T00:00,6.6,78,0.0
2025-11-15T01:00,5.7,79,0.0
2025-11-15T02:00,4.8,80,0.0
2025-11-15T03:00,4.3,80,0.0
2025-11-15T04:00,4.0,77,0.0
2025-11-15T05:00,3.9,74,0.0
2025-11-15T06:00,2.9,74,0.0
2025-11-15T07:00,2.4,76,0.0
2025-11-15T08:00,3.1,72,0.0
2025-11-15T09:00,6.2,62,0.0
2025-11-15T10:00,9.6,53,0.0
2025-11-15T11:00,13.3,46,0.0
2025-11-15T12:00,15.7,40,0.0
2025-11-15T13:00,17.1,37,0.0
2025-11-15T14:00,17.8,37,0.0
2025-11-15T15:00,17.5,42,0.0
2025-11-15T16:00,15.5,51,0.0
2025-11-15T17:00,14.2,44,0.0
2025-11-15T18:00,12.7,49,0.0
2025-11-15T19:00,11.6,51,0.0
2025-11-15T20:00,10.2,57,0.0
2025-11-15T21:00,9.0,66,0.0
2025-11-15T22:00,8.6,69,0.0
2025-11-15T23:00,8.4,69,0.0
2025-11-16T00:00,7.0,74,0.0
2025-11-16T01:00,5.9,75,0.0
2025-11-16T02:00,4.8,77,0.0
2025-11-16T03:00,4.4,76,0.0
2025-11-16T04:00,4.8,71,0.0
2025-11-16T05:00,5.6,61,0.0
2025-11-16T06:00,5.3,62,0.0
2025-11-16T07:00,5.6,60,0.0
2025-11-16T08:00,6.6,55,0.0
2025-11-16T09:00,8.9,49,0.0
2025-11-16T10:00,11.1,47,0.0
2025-11-16T11:00,13.6,45,0.0
2025-11-16T12:00,14.6,45,0.0
2025-11-16T13:00,15.7,41,0.0
2025-11-16T14:00,15.7,43,0.0
2025-11-16T15:00,15.4,47,0.0
2025-11-16T16:00,13.8,57,0.0
2025-11-16T17:00,12.8,59,0.0
2025-11-16T18:00,12.9,56,0.0
2025-11-16T19:00,11.5,67,0.0
2025-11-16T20:00,10.9,67,0.0
2025-11-16T21:00,10.2,71,0.0
2025-11-16T22:00,9.9,70,0.0
2025-11-16T23:00,9.1,72,0.0
2025-11-17T00:00,8.1,77,0.0
2025-11-17T01:00,7.8,76,0.0
2025-11-17T02:00,7.7,74,0.0
2025-11-17T03:00,7.3,73,0.0
2025-11-17T04:00,7.2,73,0.0
2025-11-17T05:00,7.2,74,0.0
2025-11-17T06:00,5.6,75,0.0
2025-11-17T07:00,5.1,78,0.0
2025-11-17T08:00,6.1,75,0.0
2025-11-17T09:00,8.4,63,0.0
2025-11-17T10:00,11.4,56,0.0
2025-11-17T11:00,15.2,48,0.0
2025-11-17T12:00,17.3,40,0.0
2025-11-17T13:00,18.5,35,0.0
2025-11-17T14:00,19.0,34,0.0
2025-11-17T15:00,18.6,46,0.0
2025-11-17T16:00,17.2,46,0.0
2025-11-17T17:00,15.2,47,0.0
2025-11-17T18:00,14.1,53,0.0
2025-11-17T19:00,12.7,58,0.0
2025-11-17T20:00,11.7,63,0.0
2025-11-17T21:00,10.5,68,0.0
2025-11-17T22:00,9.3,72,0.0
2025-11-17T23:00,8.4,73,0.0
2025-11-18T00:00,7.4,68,0.0
2025-11-18T01:00,6.7,65,0.0
2025-11-18T02:00,6.1,65,0.0
2025-11-18T03:00,5.9,64,0.0
2025-11-18T04:00,5.7,64,0.0
2025-11-18T05:00,5.7,63,0.0
2025-11-18T06:00,4.5,67,0.0
2025-11-18T07:00,3.7,73,0.0
2025-11-18T08:00,4.3,72,0.0
2025-11-18T09:00,7.3,64,0.0
2025-11-18T10:00,11.2,53,0.0
2025-11-18T11:00,15.1,49,0.0
2025-11-18T12:00,17.3,40,0.0
2025-11-18T13:00,18.5,37,0.0
2025-11-18T14:00,18.9,37,0.0
2025-11-18T15:00,18.4,45,0.0
2025-11-18T16:00,16.6,48,0.0
2025-11-18T17:00,14.3,46,0.0
2025-11-18T18:00,12.9,55,0.0
2025-11-18T19:00,12.4,55,0.0
2025-11-18T20:00,11.5,61,0.0
2025-11-18T21:00,10.6,65,0.0
2025-11-18T22:00,9.2,71,0.0
2025-11-18T23:00,7.8,77,0.0
2025-11-19T00:00,7.6,75,0.0
2025-11-19T01:00,8.2,69,0.0
2025-11-19T02:00,8.2,67,0.0
2025-11-19T03:00,7.0,72,0.0
2025-11-19T04:00,6.3,73,0.0
2025-11-19T05:00,5.5,77,0.0
2025-11-19T06:00,5.2,77,0.0
2025-11-19T07:00,4.9,78,0.0
2025-11-19T08:00,5.5,76,0.0
2025-11-19T09:00,8.3,66,0.0
2025-11-19T10:00,11.2,58,0.0
2025-11-19T11:00,13.3,52,0.0
2025-11-19T12:00,14.7,49,0.0
2025-11-19T13:00,15.6,47,0.0
2025-11-19T14:00,16.0,46,0.0
2025-11-19T15:00,15.8,47,0.0
2025-11-19T16:00,14.7,61,0.0
2025-11-19T17:00,12.3,62,0.0
2025-11-19T18:00,11.4,65,0.0
2025-11-19T19:00,10.7,69,0.0
2025-11-19T20:00,9.9,74,0.0
2025-11-19T21:00,9.0,75,0.0
2025-11-19T22:00,8.5,77,0.1
2025-11-19T23:00,7.6,80,0.2
2025-11-20T00:00,6.8,82,0.8
2025-11-20T01:00,6.4,86,0.6
2025-11-20T02:00,6.0,88,0.0
2025-11-20T03:00,5.8,85,0.0
2025-11-20T04:00,5.2,88,0.0
2025-11-20T05:00,4.8,85,0.0
2025-11-20T06:00,3.7,90,0.0
2025-11-20T07:00,3.4,91,0.0
2025-11-20T08:00,4.3,89,0.0
2025-11-20T09:00,6.0,85,0.0
2025-11-20T10:00,7.8,79,0.0
2025-11-20T11:00,9.7,72,0.0
2025-11-20T12:00,11.8,64,0.0
2025-11-20T13:00,13.2,59,0.0
2025-11-20T14:00,13.9,55,0.0
2025-11-20T15:00,14.1,52,0.0
2025-11-20T16:00,13.2,68,0.0
2025-11-20T17:00,11.8,64,0.0
2025-11-20T18:00,10.6,69,0.0
2025-11-20T19:00,9.5,74,0.0
2025-11-20T20:00,8.9,74,0.0
2025-11-20T21:00,8.0,78,0.0
2025-11-20T22:00,7.6,80,0.0
2025-11-20T23:00,7.2,79,0.0
2025-11-21T00:00,6.2,81,0.0
2025-11-21T01:00,5.4,83,0.0
2025-11-21T02:00,5.1,82,0.0
2025-11-21T03:00,4.7,81,0.0
2025-11-21T04:00,4.0,80,0.0
2025-11-21T05:00,3.5,84,0.0
2025-11-21T06:00,2.5,86,0.0
2025-11-21T07:00,2.2,86,0.0
2025-11-21T08:00,2.8,84,0.0
2025-11-21T09:00,5.3,76,0.0
2025-11-21T10:00,8.4,70,0.0
2025-11-21T11:00,10.5,64,0.0
2025-11-21T12:00,12.0,59,0.0
2025-11-21T13:00,13.2,55,0.0
2025-11-21T14:00,13.9,53,0.0
2025-11-21T15:00,14.2,53,0.0
2025-11-21T16:00,13.0,67,0.0
2025-11-21T17:00,11.2,64,0.0
2025-11-21T18:00,10.2,68,0.0
2025-11-21T19:00,8.7,77,0.0
2025-11-21T20:00,8.1,76,0.0
2025-11-21T21:00,6.9,82,0.0
2025-11-21T22:00,6.3,85,0.0
2025-11-21T23:00,6.2,83,0.0
2025-11-22T00:00,5.2,84,0.0
2025-11-22T01:00,4.4,87,0.0
2025-11-22T02:00,3.9,88,0.0
2025-11-22T03:00,3.9,86,0.0
2025-11-22T04:00,3.3,86,0.0
2025-11-22T05:00,3.2,84,0.0
2025-11-22T06:00,2.5,84,0.0
2025-11-22T07:00,2.0,86,0.0
2025-11-22T08:00,2.0,89,0.0
2025-11-22T09:00,5.1,79,0.0
2025-11-22T10:00,8.7,70,0.0
2025-11-22T11:00,10.6,65,0.0
2025-11-22T12:00,12.0,62,0.0
2025-11-22T13:00,13.1,59,0.0
2025-11-22T14:00,13.7,57,0.0
2025-11-22T15:00,13.7,57,0.0
2025-11-22T16:00,12.9,68,0.0
2025-11-22T17:00,11.4,67,0.0
2025-11-22T18:00,10.1,72,0.0
2025-11-22T19:00,9.0,75,0.0
2025-11-22T20:00,8.6,74,0.0
2025-11-22T21:00,7.6,78,0.0
2025-11-22T22:00,6.4,84,0.0
2025-11-22T23:00,6.0,85,0.0
2025-11-23T00:00,4.8,88,0.0
2025-11-23T01:00,4.6,89,0.0
2025-11-23T02:00,4.2,88,0.0
2025-11-23T03:00,3.7,88,0.0
2025-11-23T04:00,3.3,88,0.0
2025-11-23T05:00,3.6,86,0.0
2025-11-23T06:00,2.8,85,0.0
2025-11-23T07:00,2.6,84,0.0
2025-11-23T08:00,3.2,83,0.0
2025-11-23T09:00,5.6,78,0.0
2025-11-23T10:00,8.0,75,0.0
2025-11-23T11:00,9.9,72,0.0
2025-11-23T12:00,11.5,66,0.0
2025-11-23T13:00,12.5,61,0.0
2025-11-23T14:00,13.1,58,0.0
2025-11-23T15:00,13.1,58,0.0
2025-11-23T16:00,12.0,70,0.0
2025-11-23T17:00,10.7,67,0.0
2025-11-23T18:00,10.1,69,0.0
2025-11-23T19:00,9.3,71,0.0
2025-11-23T20:00,8.3,75,0.0
2025-11-23T21:00,6.8,83,0.0
2025-11-23T22:00,5.6,88,0.0
2025-11-23T23:00,5.3,87,0.0
2025-11-24T00:00,3.6,92,0.0
2025-11-24T01:00,2.7,94,0.0
2025-11-24T02:00,2.7,92,0.0
2025-11-24T03:00,2.6,90,0.0
2025-11-24T04:00,2.6,88,0.0
2025-11-24T05:00,3.5,83,0.0
2025-11-24T06:00,2.3,86,0.0
2025-11-24T07:00,0.9,92,0.0
2025-11-24T08:00,0.9,93,0.0
2025-11-24T09:00,3.5,84,0.0
2025-11-24T10:00,7.4,75,0.0
2025-11-24T11:00,10.3,65,0.0
2025-11-24T12:00,11.8,61,0.0
2025-11-24T13:00,12.9,56,0.0
2025-11-24T14:00,13.5,54,0.0
2025-11-24T15:00,13.7,55,0.0
2025-11-24T16:00,12.3,66,0.0
2025-11-24T17:00,10.2,68,0.0
2025-11-24T18:00,9.3,70,0.0
2025-11-24T19:00,8.5,73,0.0
2025-11-24T20:00,8.0,72,0.0
2025-11-24T21:00,7.0,77,0.0
2025-11-24T22:00,6.1,81,0.0
2025-11-24T23:00,5.5,82,0.0
2025-11-25T00:00,4.4,85,0.0
2025-11-25T01:00,4.0,86,0.0
2025-11-25T02:00,3.7,85,0.0
2025-11-25T03:00,3.2,86,0.0
2025-11-25T04:00,2.9,86,0.0
2025-11-25T05:00,3.7,79,0.0
2025-11-25T06:00,2.9,78,0.0
2025-11-25T07:00,1.7,82,0.0
2025-11-25T08:00,1.5,84,0.0
2025-11-25T09:00,3.8,79,0.0
2025-11-25T10:00,7.8,71,0.0
2025-11-25T11:00,10.6,64,0.0
2025-11-25T12:00,12.1,58,0.0
2025-11-25T13:00,13.4,51,0.0
2025-11-25T14:00,14.3,49,0.0
2025-11-25T15:00,14.2,55,0.0
2025-11-25T16:00,12.4,63,0.0
2025-11-25T17:00,10.7,63,0.0
2025-11-25T18:00,9.0,71,0.0
2025-11-25T19:00,8.3,74,0.0
2025-11-25T20:00,7.4,77,0.0
2025-11-25T21:00,6.4,81,0.0
2025-11-25T22:00,5.6,83,0.0
2025-11-25T23:00,5.0,85,0.0
2025-11-26T00:00,4.1,83,0.0
2025-11-26T01:00,3.1,83,0.0
2025-11-26T02:00,2.4,82,0.0
2025-11-26T03:00,1.4,84,0.0
2025-11-26T04:00,0.7,85,0.0
2025-11-26T05:00,2.9,79,0.0
2025-11-26T06:00,2.9,78,0.0
2025-11-26T07:00,2.6,79,0.0
2025-11-26T08:00,2.7,80,0.0
2025-11-26T09:00,4.2,76,0.0
2025-11-26T10:00,6.5,71,0.0
2025-11-26T11:00,9.1,64,0.0
2025-11-26T12:00,10.9,57,0.0
2025-11-26T13:00,12.3,53,0.0
2025-11-26T14:00,13.0,52,0.0
2025-11-26T15:00,13.1,54,0.0
2025-11-26T16:00,11.5,65,0.0
2025-11-26T17:00,9.8,73,0.0
2025-11-26T18:00,9.4,72,0.0
2025-11-26T19:00,8.3,75,0.0
2025-11-26T20:00,7.3,76,0.0
2025-11-26T21:00,6.8,73,0.0
2025-11-26T22:00,5.9,76,0.0
2025-11-26T23:00,5.4,74,0.0
2025-11-27T00:00,4.3,75,0.0
2025-11-27T01:00,3.0,79,0.0
2025-11-27T02:00,3.1,74,0.0
2025-11-27T03:00,3.3,68,0.0
2025-11-27T04:00,3.5,63,0.0
2025-11-27T05:00,2.6,68,0.0
2025-11-27T06:00,1.5,67,0.0
2025-11-27T07:00,1.8,61,0.0
2025-11-27T08:00,2.9,55,0.0
2025-11-27T09:00,5.2,48,0.0
2025-11-27T10:00,7.9,42,0.0
2025-11-27T11:00,9.8,49,0.0
2025-11-27T12:00,11.5,49,0.0
2025-11-27T13:00,12.3,48,0.0
2025-11-27T14:00,12.5,48,0.0
2025-11-27T15:00,11.9,60,0.0
2025-11-27T16:00,9.8,63,0.0
2025-11-27T17:00,10.4,58,0.0
2025-11-27T18:00,9.8,59,0.0
2025-11-27T19:00,8.8,61,0.0
2025-11-27T20:00,7.8,64,0.0
2025-11-27T21:00,6.2,71,0.0
2025-11-27T22:00,4.5,78,0.0
2025-11-27T23:00,4.2,75,0.0
2025-11-28T00:00,2.5,79,0.0
2025-11-28T01:00,1.8,81,0.0
2025-11-28T02:00,0.9,84,0.0
2025-11-28T03:00,0.6,84,0.0
2025-11-28T04:00,0.5,82,0.0
2025-11-28T05:00,2.0,65,0.0
2025-11-28T06:00,1.2,65,0.0
2025-11-28T07:00,1.2,59,0.0
2025-11-28T08:00,1.7,52,0.0
2025-11-28T09:00,4.2,44,0.0
2025-11-28T10:00,7.1,36,0.0
2025-11-28T11:00,9.8,35,0.0
2025-11-28T12:00,11.7,32,0.0
2025-11-28T13:00,12.2,35,0.0
2025-11-28T14:00,12.3,39,0.0
2025-11-28T15:00,11.5,54,0.0
2025-11-28T16:00,9.7,50,0.0
2025-11-28T17:00,9.3,54,0.0
2025-11-28T18:00,8.1,59,0.0
2025-11-28T19:00,7.0,60,0.0
2025-11-28T20:00,6.1,62,0.0
2025-11-28T21:00,4.7,71,0.0
2025-11-28T22:00,4.1,75,0.0
2025-11-28T23:00,3.8,72,0.0
2025-11-29T00:00,2.9,74,0.0
2025-11-29T01:00,3.0,72,0.0
2025-11-29T02:00,2.5,74,0.0
2025-11-29T03:00,2.0,77,0.0
2025-11-29T04:00,1.7,78,0.0
2025-11-29T05:00,0.3,86,0.0
2025-11-29T06:00,0.2,86,0.0
2025-11-29T07:00,-0.2,86,0.0
2025-11-29T08:00,0.4,84,0.0
2025-11-29T09:00,2.5,73,0.0
2025-11-29T10:00,4.8,65,0.0
2025-11-29T11:00,6.3,66,0.0
2025-11-29T12:00,7.7,62,0.0
2025-11-29T13:00,8.6,60,0.0
2025-11-29T14:00,9.1,58,0.0
2025-11-29T15:00,9.0,57,0.0
2025-11-29T16:00,7.5,68,0.0
2025-11-29T17:00,7.6,67,0.0
2025-11-29T18:00,7.0,71,0.0
2025-11-29T19:00,6.1,74,0.0
2025-11-29T20:00,4.8,79,0.0
2025-11-29T21:00,3.7,84,0.0
2025-11-29T22:00,3.0,86,0.0
2025-11-29T23:00,3.1,82,0.0
2025-11-30T00:00,2.0,84,0.0
2025-11-30T01:00,1.2,87,0.0
2025-11-30T02:00,0.9,86,0.0
2025-11-30T03:00,0.8,83,0.0
2025-11-30T04:00,0.6,83,0.0
2025-11-30T05:00,0.1,86,0.0
2025-11-30T06:00,-0.5,85,0.0
2025-11-30T07:00,-0.3,81,0.0
2025-11-30T08:00,0.6,77,0.0
2025-11-30T09:00,2.4,68,0.0
2025-11-30T10:00,4.7,59,0.0
2025-11-30T11:00,6.3,57,0.0
2025-11-30T12:00,7.7,54,0.0
2025-11-30T13:00,8.2,56,0.0
2025-11-30T14:00,8.3,57,0.0
2025-11-30T15:00,8.0,62,0.0
2025-11-30T16:00,6.3,70,0.0
2025-11-30T17:00,7.3,64,0.0
2025-11-30T18:00,6.6,67,0.0
2025-11-30T19:00,5.7,70,0.0
2025-11-30T20:00,4.9,73,0.0
2025-11-30T21:00,3.9,77,0.0
2025-11-30T22:00,3.1,81,0.0
2025-11-30T23:00,2.4,81,0.0
2025-12-01T00:00,1.4,83,0.0
2025-12-01T01:00,0.8,84,0.0
2025-12-01T02:00,0.3,84,0.0
2025-12-01T03:00,-0.3,86,0.0
2025-12-01T04:00,-0.9,88,0.0
2025-12-01T05:00,-0.5,84,0.0
2025-12-01T06:00,-1.2,86,0.0
2025-12-01T07:00,-1.8,88,0.0
2025-12-01T08:00,-1.4,86,0.0
2025-12-01T09:00,1.0,73,0.0
2025-12-01T10:00,3.9,59,0.0
2025-12-01T11:00,5.3,58,0.0
2025-12-01T12:00,7.0,52,0.0
2025-12-01T13:00,7.5,53,0.0
2025-12-01T14:00,7.8,54,0.0
2025-12-01T15:00,7.3,67,0.0
2025-12-01T16:00,5.9,64,0.0
2025-12-01T17:00,5.7,63,0.0
2025-12-01T18:00,4.8,67,0.0
2025-12-01T19:00,4.4,67,0.0
2025-12-01T20:00,3.0,73,0.0
2025-12-01T21:00,2.1,78,0.0
2025-12-01T22:00,1.7,80,0.0
2025-12-01T23:00,1.5,79,0.0
2025-12-02T00:00,-0.1,85,0.0
2025-12-02T01:00,-0.9,88,0.0
2025-12-02T02:00,-1.3,90,0.0
2025-12-02T03:00,-1.7,90,0.0
2025-12-02T04:00,-2.0,89,0.0
2025-12-02T05:00,-0.8,85,0.0
2025-12-02T06:00,-1.2,82,0.0
2025-12-02T07:00,-1.2,82,0.0
2025-12-02T08:00,-1.1,82,0.0
2025-12-02T09:00,1.3,72,0.0
2025-12-02T10:00,5.0,57,0.0
2025-12-02T11:00,8.0,51,0.0
2025-12-02T12:00,9.9,40,0.0
2025-12-02T13:00,10.7,39,0.0
2025-12-02T14:00,10.7,43,0.0
2025-12-02T15:00,9.5,54,0.0
2025-12-02T16:00,6.8,56,0.0
2025-12-02T17:00,4.8,57,0.0
2025-12-02T18:00,4.5,63,0.0
2025-12-02T19:00,3.6,70,0.0
2025-12-02T20:00,3.2,73,0.0
2025-12-02T21:00,2.7,74,0.0
2025-12-02T22:00,2.0,75,0.0
2025-12-02T23:00,1.4,75,0.0
2025-12-03T00:00,0.9,68,0.0
2025-12-03T01:00,0.5,64,0.0
2025-12-03T02:00,0.3,64,0.0
2025-12-03T03:00,0.0,65,0.0
2025-12-03T04:00,-0.2,68,0.0
2025-12-03T05:00,1.5,61,0.0
2025-12-03T06:00,0.7,67,0.0
2025-12-03T07:00,-0.2,73,0.0
2025-12-03T08:00,0.2,72,0.0
2025-12-03T09:00,2.0,62,0.0
2025-12-03T10:00,5.5,47,0.0
2025-12-03T11:00,8.8,37,0.0
2025-12-03T12:00,10.7,37,0.0
2025-12-03T13:00,11.5,41,0.0
2025-12-03T14:00,11.7,42,0.0
2025-12-03T15:00,10.5,61,0.0
2025-12-03T16:00,8.3,64,0.0
2025-12-03T17:00,6.6,74,0.0
2025-12-03T18:00,6.8,74,0.0
2025-12-03T19:00,6.0,74,0.0
2025-12-03T20:00,5.4,73,0.0
2025-12-03T21:00,5.3,70,0.0
2025-12-03T22:00,4.2,73,0.0
2025-12-03T23:00,3.9,70,0.0
2025-12-04T00:00,3.7,69,0.0
2025-12-04T01:00,3.6,69,0.0
2025-12-04T02:00,4.0,65,0.0
2025-12-04T03:00,4.0,66,0.0
2025-12-04T04:00,4.1,62,0.0
2025-12-04T05:00,4.3,62,0.0
2025-12-04T06:00,4.9,64,0.0
2025-12-04T07:00,5.3,59,0.0
2025-12-04T08:00,5.5,58,0.0
2025-12-04T09:00,5.4,57,0.0
2025-12-04T10:00,5.8,65,0.0
2025-12-04T11:00,7.4,60,0.0
2025-12-04T12:00,8.2,57,0.0
2025-12-04T13:00,8.4,64,0.0
2025-12-04T14:00,9.0,57,0.7
2025-12-04T15:00,9.1,64,0.0
2025-12-04T16:00,7.6,75,1.2
2025-12-04T17:00,7.2,82,0.0
2025-12-04T18:00,8.4,78,0.1
2025-12-04T19:00,7.9,77,0.3
2025-12-04T20:00,7.7,80,0.2
2025-12-04T21:00,7.8,83,0.0
2025-12-04T22:00,7.2,86,0.0
2025-12-04T23:00,7.1,90,0.0
2025-12-05T00:00,7.5,87,0.1
2025-12-05T01:00,7.4,87,0.1
2025-12-05T02:00,6.9,89,0.0
2025-12-05T03:00,5.9,92,0.0
2025-12-05T04:00,5.7,95,0.0
2025-12-05T05:00,4.0,99,0.1
2025-12-05T06:00,4.8,99,0.0
2025-12-05T07:00,5.3,98,0.0
2025-12-05T08:00,4.9,97,0.0
2025-12-05T09:00,5.8,96,0.1
2025-12-05T10:00,7.0,94,0.4
2025-12-05T11:00,7.4,94,0.1
2025-12-05T12:00,8.1,90,0.1
2025-12-05T13:00,8.6,88,0.0
2025-12-05T14:00,8.5,83,0.7
2025-12-05T15:00,8.4,85,0.2
2025-12-05T16:00,7.9,90,0.1
2025-12-05T17:00,6.9,94,0.0
2025-12-05T18:00,6.4,94,0.0
2025-12-05T19:00,6.1,95,0.0
2025-12-05T20:00,6.0,94,0.0
2025-12-05T21:00,4.7,95,0.0
2025-12-05T22:00,4.3,94,0.0
2025-12-05T23:00,4.8,97,0.0
2025-12-06T00:00,3.2,100,0.0
2025-12-06T01:00,2.2,100,0.0
2025-12-06T02:00,2.1,100,0.0
2025-12-06T03:00,2.3,100,0.0
2025-12-06T04:00,2.0,100,0.0
2025-12-06T05:00,1.7,95,0.0
2025-12-06T06:00,1.5,96,0.0
2025-12-06T07:00,1.6,95,0.0
2025-12-06T08:00,1.9,92,0.0
2025-12-06T09:00,3.8,87,0.0
2025-12-06T10:00,6.1,80,0.0
2025-12-06T11:00,8.3,79,0.0
2025-12-06T12:00,10.5,66,0.0
2025-12-06T13:00,11.7,58,0.0
2025-12-06T14:00,12.1,56,0.0
2025-12-06T15:00,11.9,58,0.0
2025-12-06T16:00,10.5,67,0.0
2025-12-06T17:00,8.5,74,0.0
2025-12-06T18:00,7.9,78,0.0
2025-12-06T19:00,7.0,82,0.0
2025-12-06T20:00,6.7,82,0.2
2025-12-06T21:00,6.1,87,0.1
2025-12-06T22:00,5.5,89,0.2
2025-12-06T23:00,4.5,94,0.2
2025-12-07T00:00,3.6,93,0.0
2025-12-07T01:00,4.2,87,0.0
2025-12-07T02:00,4.6,79,0.0
2025-12-07T03:00,4.7,74,0.0
2025-12-07T04:00,5.6,73,0.8
2025-12-07T05:00,5.3,78,1.4
2025-12-07T06:00,5.1,82,0.0
2025-12-07T07:00,4.7,83,0.0
2025-12-07T08:00,3.8,89,0.0
2025-12-07T09:00,4.4,93,0.0
2025-12-07T10:00,6.4,85,0.0
2025-12-07T11:00,8.4,78,0.0
2025-12-07T12:00,10.7,73,0.0
2025-12-07T13:00,11.2,71,0.2
2025-12-07T14:00,11.4,68,0.0
2025-12-07T15:00,10.9,71,0.2
2025-12-07T16:00,10.2,75,0.3
2025-12-07T17:00,9.8,71,0.0
2025-12-07T18:00,8.4,76,0.0
2025-12-07T19:00,7.9,75,0.0
2025-12-07T20:00,7.1,79,0.1
2025-12-07T21:00,6.7,84,0.0
2025-12-07T22:00,6.1,86,0.0
2025-12-07T23:00,6.3,85,0.0
2025-12-08T00:00,6.5,86,0.0
2025-12-08T01:00,6.5,88,0.2
2025-12-08T02:00,6.3,88,0.3
2025-12-08T03:00,5.5,89,0.1
2025-12-08T04:00,6.3,86,0.0
2025-12-08T05:00,5.9,91,0.0
2025-12-08T06:00,5.8,93,1.4
2025-12-08T07:00,5.6,97,0.5
2025-12-08T08:00,5.6,97,2.3
2025-12-08T09:00,6.1,96,1.4
2025-12-08T10:00,6.5,96,1.3
2025-12-08T11:00,6.4,95,0.6
2025-12-08T12:00,6.7,89,0.1
2025-12-08T13:00,6.6,88,0.0
2025-12-08T14:00,6.8,83,0.0
2025-12-08T15:00,6.7,81,0.0
2025-12-08T16:00,6.6,82,0.0
2025-12-08T17:00,5.6,88,0.0
2025-12-08T18:00,5.2,89,0.0
2025-12-08T19:00,4.3,91,0.0
2025-12-08T20:00,3.6,94,0.0
2025-12-08T21:00,3.4,93,0.0
2025-12-08T22:00,3.3,92,0.0
2025-12-08T23:00,3.1,92,0.0
2025-12-09T00:00,2.6,94,0.0
2025-12-09T01:00,2.1,95,0.0
2025-12-09T02:00,1.8,94,0.0
2025-12-09T03:00,1.8,92,0.0
2025-12-09T04:00,1.4,90,0.0
2025-12-09T05:00,2.2,87,0.0
2025-12-09T06:00,2.7,82,0.0
2025-12-09T07:00,3.9,78,0.0
2025-12-09T08:00,4.7,71,0.1
2025-12-09T09:00,5.2,68,0.5
2025-12-09T10:00,4.7,86,1.6
2025-12-09T11:00,4.8,92,1.9
2025-12-09T12:00,5.2,93,1.5
2025-12-09T13:00,5.8,93,1.3
2025-12-09T14:00,6.6,93,0.6
2025-12-09T15:00,7.4,93,0.4
2025-12-09T16:00,7.2,94,0.5
2025-12-09T17:00,6.7,97,0.2
2025-12-09T18:00,6.1,99,0.2
2025-12-09T19:00,6.0,98,0.2
2025-12-09T20:00,6.0,98,0.1
2025-12-09T21:00,6.2,97,0.4
2025-12-09T22:00,6.3,97,0.8
2025-12-09T23:00,6.2,96,1.1
2025-12-10T00:00,6.1,96,1.5
2025-12-10T01:00,6.0,95,1.6
2025-12-10T02:00,5.9,95,1.7
2025-12-10T03:00,5.8,94,0.2
2025-12-10T04:00,5.1,96,0.5
2025-12-10T05:00,4.0,96,1.0
2025-12-10T06:00,3.7,98,0.5
2025-12-10T07:00,3.6,95,0.3
2025-12-10T08:00,3.8,93,0.1
2025-12-10T09:00,3.9,91,0.0
2025-12-10T10:00,4.0,89,0.0
2025-12-10T11:00,4.3,90,0.0
2025-12-10T12:00,5.4,85,0.0
2025-12-10T13:00,6.9,78,0.0
2025-12-10T14:00,7.7,72,0.0
2025-12-10T15:00,7.7,68,0.0
2025-12-10T16:00,6.8,71,0.0
2025-12-10T17:00,5.7,78,0.0
2025-12-10T18:00,4.2,85,0.0
2025-12-10T19:00,3.3,86,0.0
2025-12-10T20:00,2.7,87,0.0
2025-12-10T21:00,2.1,89,0.0
2025-12-10T22:00,1.5,92,0.0
2025-12-10T23:00,0.8,98,0.0
2025-12-11T00:00,0.6,98,0.0
2025-12-11T01:00,0.3,99,0.0
2025-12-11T02:00,0.3,100,0.0
2025-12-11T03:00,0.8,100,0.0
2025-12-11T04:00,0.9,99,0.0
2025-12-11T05:00,0.4,96,0.0
2025-12-11T06:00,0.5,95,0.0
2025-12-11T07:00,0.9,89,0.0
2025-12-11T08:00,1.0,89,0.0
2025-12-11T09:00,1.9,87,0.0
2025-12-11T10:00,3.3,84,0.0
2025-12-11T11:00,5.2,77,0.0
2025-12-11T12:00,7.3,76,0.0
2025-12-11T13:00,8.9,66,0.0
2025-12-11T14:00,9.5,67,0.0
2025-12-11T15:00,8.9,72,0.0
2025-12-11T16:00,8.1,78,0.4
2025-12-11T17:00,8.3,78,0.9
2025-12-11T18:00,10.6,63,1.1
2025-12-11T19:00,10.9,63,0.0
2025-12-11T20:00,9.5,69,0.0
2025-12-11T21:00,8.6,71,0.0
2025-12-11T22:00,7.7,72,0.0
2025-12-11T23:00,8.3,71,0.0
2025-12-12T00:00,9.4,68,0.0
2025-12-12T01:00,7.9,72,0.0
2025-12-12T02:00,6.5,78,0.0
2025-12-12T03:00,7.0,73,0.0
2025-12-12T04:00,8.2,65,0.0
2025-12-12T05:00,9.4,66,0.0
2025-12-12T06:00,8.9,67,0.0
2025-12-12T07:00,8.4,68,0.0
2025-12-12T08:00,7.4,72,0.0
2025-12-12T09:00,7.9,75,0.0
2025-12-12T10:00,9.5,70,0.0
2025-12-12T11:00,10.9,68,0.0
2025-12-12T12:00,12.5,63,0.0
2025-12-12T13:00,11.1,60,0.0
2025-12-12T14:00,9.7,64,0.0
2025-12-12T15:00,9.6,68,0.0
2025-12-12T16:00,8.2,77,1.5
2025-12-12T17:00,7.9,84,2.0
2025-12-12T18:00,7.9,87,0.5
2025-12-12T19:00,7.2,94,0.2
2025-12-12T20:00,7.6,91,0.1
2025-12-12T21:00,8.6,86,0.5
2025-12-12T22:00,8.3,88,2.5
2025-12-12T23:00,7.8,92,0.3
2025-12-13T00:00,7.7,91,0.0
2025-12-13T01:00,7.3,92,0.0
2025-12-13T02:00,7.1,92,0.0
2025-12-13T03:00,6.6,92,0.0
2025-12-13T04:00,6.7,96,0.0
2025-12-13T05:00,6.1,97,0.0
2025-12-13T06:00,5.7,97,0.0
2025-12-13T07:00,5.2,98,0.0
2025-12-13T08:00,5.1,97,0.0
2025-12-13T09:00,6.1,97,0.0
2025-12-13T10:00,7.7,94,0.0
2025-12-13T11:00,8.8,91,0.0
2025-12-13T12:00,9.5,86,0.0
2025-12-13T13:00,9.6,86,0.0
2025-12-13T14:00,9.8,85,0.0
2025-12-13T15:00,9.2,86,0.0
2025-12-13T16:00,8.8,89,0.1
2025-12-13T17:00,7.9,94,0.4
2025-12-13T18:00,7.8,95,1.6
2025-12-13T19:00,7.8,96,4.2
2025-12-13T20:00,7.5,98,1.2
2025-12-13T21:00,7.3,98,0.5
2025-12-13T22:00,7.2,98,0.5
2025-12-13T23:00,7.7,99,0.7
2025-12-14T00:00,7.8,99,1.1
2025-12-14T01:00,7.8,98,1.3
2025-12-14T02:00,7.6,99,0.6
2025-12-14T03:00,7.6,98,0.4
2025-12-14T04:00,7.6,98,0.0
2025-12-14T05:00,6.3,99,0.0
2025-12-14T06:00,6.5,99,0.0
2025-12-14T07:00,6.6,96,0.0
2025-12-14T08:00,6.7,93,0.0
2025-12-14T09:00,7.9,88,0.0
2025-12-14T10:00,10.4,78,0.0
2025-12-14T11:00,13.3,69,0.0
2025-12-14T12:00,15.0,56,0.0
2025-12-14T13:00,15.5,53,0.0
2025-12-14T14:00,15.6,54,0.0
2025-12-14T15:00,15.1,58,0.0
2025-12-14T16:00,13.3,67,0.0
2025-12-14T17:00,12.0,72,0.2
2025-12-14T18:00,11.1,80,0.2
2025-12-14T19:00,10.2,85,0.3
2025-12-14T20:00,9.9,87,0.4
2025-12-14T21:00,9.2,90,0.2
2025-12-14T22:00,8.8,93,0.1
2025-12-14T23:00,8.6,96,0.0
2025-12-15T00:00,8.5,94,0.1
2025-12-15T01:00,7.1,94,0.1
2025-12-15T02:00,5.7,93,0.1
2025-12-15T03:00,4.7,89,0.0
2025-12-15T04:00,4.2,89,0.1
2025-12-15T05:00,3.0,89,0.1
2025-12-15T06:00,2.5,91,0.2
2025-12-15T07:00,2.0,91,0.1
2025-12-15T08:00,1.5,93,0.2
2025-12-15T09:00,1.7,90,0.0
2025-12-15T10:00,2.2,86,0.0
2025-12-15T11:00,0.9,88,0.0
2025-12-15T12:00,1.3,83,0.0
2025-12-15T13:00,1.4,80,0.0
2025-12-15T14:00,1.8,79,0.0
2025-12-15T15:00,2.6,79,0.0
2025-12-15T16:00,2.2,82,0.0
2025-12-15T17:00,1.8,82,0.0
2025-12-15T18:00,0.9,86,0.0
2025-12-15T19:00,1.2,86,0.0
2025-12-15T20:00,0.2,87,0.0
2025-12-15T21:00,-0.1,85,0.0
2025-12-15T22:00,-0.5,86,0.0
2025-12-15T23:00,-0.9,91,0.0
2025-12-16T00:00,-0.5,89,0.0
2025-12-16T01:00,-0.6,89,0.0
2025-12-16T02:00,-0.6,89,0.0
2025-12-16T03:00,-0.4,86,0.0
2025-12-16T04:00,-0.3,82,0.0
2025-12-16T05:00,0.1,82,0.0
2025-12-16T06:00,0.0,78,0.0
2025-12-16T07:00,0.3,75,0.0
2025-12-16T08:00,0.7,76,0.0
2025-12-16T09:00,2.0,73,0.0
2025-12-16T10:00,4.4,68,0.0
2025-12-16T11:00,5.8,73,0.0
2025-12-16T12:00,7.2,64,0.0
2025-12-16T13:00,8.4,58,0.0
2025-12-16T14:00,9.0,57,0.0
2025-12-16T15:00,9.0,62,0.0
2025-12-16T16:00,8.2,62,0.0
2025-12-16T17:00,6.9,70,0.0
2025-12-16T18:00,6.6,71,0.0
2025-12-16T19:00,5.9,74,0.2
2025-12-16T20:00,5.4,77,0.8
2025-12-16T21:00,5.1,88,0.4
2025-12-16T22:00,5.4,88,0.2
2025-12-16T23:00,5.3,91,0.1
2025-12-17T00:00,4.7,91,0.0
2025-12-17T01:00,5.1,93,0.0
2025-12-17T02:00,4.5,96,0.1
2025-12-17T03:00,4.9,95,0.2
2025-12-17T04:00,5.1,94,0.2
2025-12-17T05:00,5.3,96,0.3
2025-12-17T06:00,5.4,96,0.4
2025-12-17T07:00,5.3,96,0.3
2025-12-17T08:00,5.5,96,0.4
2025-12-17T09:00,6.1,96,0.4
2025-12-17T10:00,6.6,96,0.4
2025-12-17T11:00,7.1,96,0.5
2025-12-17T12:00,7.1,98,0.8
2025-12-17T13:00,7.1,97,0.6
2025-12-17T14:00,7.0,98,0.5
2025-12-17T15:00,6.7,98,0.5
2025-12-17T16:00,6.1,99,0.5
2025-12-17T17:00,4.8,99,0.4
2025-12-17T18:00,4.4,99,0.9
2025-12-17T19:00,4.0,98,0.2
2025-12-17T20:00,3.8,98,0.1
2025-12-17T21:00,3.8,97,0.0
2025-12-17T22:00,3.6,99,0.0
2025-12-17T23:00,2.8,98,0.0
2025-12-18T00:00,2.3,97,0.2
2025-12-18T01:00,1.9,96,0.2
2025-12-18T02:00,1.7,96,0.2
2025-12-18T03:00,1.6,95,0.3
2025-12-18T04:00,1.3,97,0.6
2025-12-18T05:00,0.6,98,1.1
2025-12-18T06:00,0.3,97,1.8
2025-12-18T07:00,-0.2,98,1.6
2025-12-18T08:00,-0.6,97,1.3
2025-12-18T09:00,-1.4,97,0.9
2025-12-18T10:00,-1.8,96,0.5
2025-12-18T11:00,-2.4,94,0.4
2025-12-18T12:00,-2.6,93,0.6
2025-12-18T13:00,-2.8,94,0.2
2025-12-18T14:00,-3.0,94,0.4
2025-12-18T15:00,-2.9,94,0.3
2025-12-18T16:00,-3.1,93,0.2
2025-12-18T17:00,-3.4,93,0.2
2025-12-18T18:00,-3.5,93,0.1
2025-12-18T19:00,-3.4,93,0.1
2025-12-18T20:00,-3.3,93,0.0
2025-12-18T21:00,-3.3,93,0.0
2025-12-18T22:00,-3.8,93,0.0
2025-12-18T23:00,-3.9,96,0.0
2025-12-19T00:00,-3.8,96,0.0
2025-12-19T01:00,-4.3,95,0.0
2025-12-19T02:00,-4.1,95,0.0
2025-12-19T03:00,-3.8,94,0.0
2025-12-19T04:00,-3.4,93,0.0
2025-12-19T05:00,-3.6,94,0.0
2025-12-19T06:00,-3.5,93,0.0
2025-12-19T07:00,-3.5,92,0.0
2025-12-19T08:00,-4.4,95,0.0
2025-12-19T09:00,-3.4,93,0.0
2025-12-19T10:00,-1.6,92,0.0
2025-12-19T11:00,-0.5,92,0.0
2025-12-19T12:00,0.3,90,0.0
2025-12-19T13:00,0.9,87,0.0
2025-12-19T14:00,1.2,86,0.0
2025-12-19T15:00,1.1,87,0.0
2025-12-19T16:00,-0.4,89,0.0
2025-12-19T17:00,-1.1,95,0.0
2025-12-19T18:00,-1.6,95,0.0
2025-12-19T19:00,-1.6,95,0.0
2025-12-19T20:00,-1.4,94,0.0
2025-12-19T21:00,-1.5,95,0.0
2025-12-19T22:00,-1.8,95,0.0
2025-12-19T23:00,-1.6,96,0.0
2025-12-20T00:00,-2.4,97,0.0
2025-12-20T01:00,-2.4,98,0.0
2025-12-20T02:00,-2.2,98,0.0
2025-12-20T03:00,-1.9,98,0.0
2025-12-20T04:00,-2.0,99,0.0
2025-12-20T05:00,-1.8,99,0.0
2025-12-20T06:00,-1.9,97,0.0
2025-12-20T07:00,-1.8,95,0.0
2025-12-20T08:00,-1.7,94,0.0
2025-12-20T09:00,-1.5,96,0.1
2025-12-20T10:00,-1.4,97,0.1
2025-12-20T11:00,-1.4,95,0.1
2025-12-20T12:00,-1.7,95,0.3
2025-12-20T13:00,-1.4,95,0.8
2025-12-20T14:00,-1.4,96,0.7
2025-12-20T15:00,-1.3,96,0.5
2025-12-20T16:00,-1.4,96,0.5
2025-12-20T17:00,-1.7,97,0.7
2025-12-20T18:00,-1.7,98,1.1
2025-12-20T19:00,-1.6,98,0.7
2025-12-20T20:00,-1.6,98,0.8
2025-12-20T21:00,-1.7,97,0.9
2025-12-20T22:00,-1.7,97,0.8
2025-12-20T23:00,-2.0,97,0.6
2025-12-21T00:00,-2.0,97,0.3
2025-12-21T01:00,-2.0,97,0.3
2025-12-21T02:00,-2.0,97,0.2
2025-12-21T03:00,-2.1,97,0.1
2025-12-21T04:00,-2.2,97,0.1
2025-12-21T05:00,-2.0,96,0.1
2025-12-21T06:00,-2.4,97,0.2
2025-12-21T07:00,-2.0,96,0.1
2025-12-21T08:00,-2.0,95,0.1
2025-12-21T09:00,-1.8,93,0.1
2025-12-21T10:00,-1.5,93,0.1
2025-12-21T11:00,-0.9,92,0.1
2025-12-21T12:00,-0.2,91,0.1
2025-12-21T13:00,0.2,90,0.0
2025-12-21T14:00,0.3,90,0.0
2025-12-21T15:00,-0.1,91,0.0
2025-12-21T16:00,-0.9,91,0.0
2025-12-21T17:00,-0.8,94,0.0
2025-12-21T18:00,-3.1,99,0.0
2025-12-21T19:00,-3.6,99,0.0
2025-12-21T20:00,-3.9,96,0.0
2025-12-21T21:00,-3.8,96,0.0
2025-12-21T22:00,-4.6,96,0.0
2025-12-21T23:00,-4.1,98,0.0
2025-12-22T00:00,-4.7,98,0.0
2025-12-22T01:00,-5.1,98,0.0
2025-12-22T02:00,-5.9,96,0.0
2025-12-22T03:00,-5.4,94,0.0
2025-12-22T04:00,-4.3,96,0.0
2025-12-22T05:00,-4.6,96,0.0
2025-12-22T06:00,-5.5,97,0.0
2025-12-22T07:00,-7.0,97,0.0
2025-12-22T08:00,-6.9,96,0.0
2025-12-22T09:00,-6.2,95,0.0
2025-12-22T10:00,-4.3,91,0.0
2025-12-22T11:00,-2.7,92,0.0
2025-12-22T12:00,-1.0,88,0.0
2025-12-22T13:00,-0.3,87,0.0
2025-12-22T14:00,-0.3,88,0.0
2025-12-22T15:00,-0.9,89,0.0
2025-12-22T16:00,-2.3,92,0.0
2025-12-22T17:00,-3.3,97,0.0
2025-12-22T18:00,-2.5,95,0.0
2025-12-22T19:00,-2.5,99,0.3
2025-12-22T20:00,-2.5,97,0.1
2025-12-22T21:00,-2.5,96,0.0
2025-12-22T22:00,-2.4,96,0.0
2025-12-22T23:00,-2.2,94,0.0
2025-12-23T00:00,-1.8,92,0.0
2025-12-23T01:00,-2.4,94,0.0
2025-12-23T02:00,-2.8,95,0.1
2025-12-23T03:00,-2.7,94,0.0
2025-12-23T04:00,-2.8,95,0.0
2025-12-23T05:00,-4.3,95,0.0
2025-12-23T06:00,-3.3,89,0.0
2025-12-23T07:00,-4.5,87,0.0
2025-12-23T08:00,-4.5,85,0.0
2025-12-23T09:00,-2.3,80,0.0
2025-12-23T10:00,-1.1,81,0.0
2025-12-23T11:00,0.4,81,0.0
2025-12-23T12:00,1.1,80,0.0
2025-12-23T13:00,1.5,79,0.0
2025-12-23T14:00,1.6,81,0.0
2025-12-23T15:00,1.1,84,0.0
2025-12-23T16:00,-0.4,85,0.0
2025-12-23T17:00,-1.2,87,0.0
2025-12-23T18:00,-3.5,91,0.0
2025-12-23T19:00,-5.0,91,0.0
2025-12-23T20:00,-4.2,82,0.0
2025-12-23T21:00,-2.2,75,0.0
2025-12-23T22:00,-0.5,73,0.0
2025-12-23T23:00,-0.5,76,0.0
2025-12-24T00:00,-0.6,75,0.0
2025-12-24T01:00,-0.8,76,0.0
2025-12-24T02:00,-1.5,75,0.0
2025-12-24T03:00,-1.6,75,0.0
2025-12-24T04:00,-1.8,76,0.0
2025-12-24T05:00,-2.5,77,0.0
2025-12-24T06:00,-2.5,76,0.0
2025-12-24T07:00,-3.4,79,0.0
2025-12-24T08:00,-4.3,84,0.0
2025-12-24T09:00,-3.7,85,0.0
2025-12-24T10:00,-1.4,82,0.0
2025-12-24T11:00,1.4,77,0.0
2025-12-24T12:00,2.0,76,0.0
2025-12-24T13:00,2.4,76,0.0
2025-12-24T14:00,2.8,74,0.0
2025-12-24T15:00,3.1,73,0.0
2025-12-24T16:00,2.4,79,0.0
2025-12-24T17:00,1.2,80,0.0
2025-12-24T18:00,0.6,81,0.0
2025-12-24T19:00,0.3,81,0.0
2025-12-24T20:00,-0.3,80,0.0
2025-12-24T21:00,-1.0,79,0.0
2025-12-24T22:00,-1.4,78,0.0
2025-12-24T23:00,-2.0,79,0.0
2025-12-25T00:00,-2.4,80,0.0
2025-12-25T01:00,-3.0,82,0.0
2025-12-25T02:00,-3.8,82,0.0
2025-12-25T03:00,-2.1,77,0.0
2025-12-25T04:00,-1.0,73,0.0
2025-12-25T05:00,0.7,72,0.0
2025-12-25T06:00,-0.6,74,0.0
2025-12-25T07:00,-0.9,76,0.0
2025-12-25T08:00,-1.0,79,0.0
2025-12-25T09:00,-0.3,80,0.0
2025-12-25T10:00,1.0,77,0.0
2025-12-25T11:00,1.3,75,0.0
2025-12-25T12:00,1.5,76,0.0
2025-12-25T13:00,1.8,75,0.0
2025-12-25T14:00,2.3,71,0.0
2025-12-25T15:00,2.8,68,0.0
2025-12-25T16:00,2.4,68,0.0
2025-12-25T17:00,2.5,70,0.0
2025-12-25T18:00,2.1,74,0.0
2025-12-25T19:00,1.9,73,0.0
2025-12-25T20:00,1.4,79,0.0
2025-12-25T21:00,1.5,78,0.0
2025-12-25T22:00,2.1,76,0.0
2025-12-25T23:00,1.6,82,0.0
2025-12-26T00:00,2.1,78,0.0
2025-12-26T01:00,2.0,81,0.0
2025-12-26T02:00,1.9,83,0.0
2025-12-26T03:00,1.5,85,0.0
2025-12-26T04:00,0.8,87,0.0
2025-12-26T05:00,0.9,90,0.0
2025-12-26T06:00,1.1,90,0.0
2025-12-26T07:00,1.3,90,0.0
2025-12-26T08:00,0.9,91,0.0
2025-12-26T09:00,1.6,92,0.0
2025-12-26T10:00,1.8,92,0.2
2025-12-26T11:00,2.5,93,0.1
2025-12-26T12:00,2.9,92,0.0
2025-12-26T13:00,2.9,92,0.0
2025-12-26T14:00,2.4,93,0.1
2025-12-26T15:00,2.4,94,0.0
2025-12-26T16:00,2.2,92,0.0
2025-12-26T17:00,1.4,94,0.0
2025-12-26T18:00,0.4,94,0.0
2025-12-26T19:00,-0.5,94,0.0
2025-12-26T20:00,-1.3,96,0.0
2025-12-26T21:00,-1.9,96,0.0
2025-12-26T22:00,-1.6,95,0.0
2025-12-26T23:00,-1.2,96,0.0
2025-12-27T00:00,-2.1,96,0.0
2025-12-27T01:00,-2.5,96,0.0
2025-12-27T02:00,-2.1,94,0.0
2025-12-27T03:00,-2.4,93,0.0
2025-12-27T04:00,-2.5,92,0.0
2025-12-27T05:00,-1.3,88,0.0
2025-12-27T06:00,-2.6,88,0.0
2025-12-27T07:00,-2.5,86,0.0
2025-12-27T08:00,-1.5,81,0.0
2025-12-27T09:00,0.2,76,0.0
2025-12-27T10:00,2.0,73,0.0
2025-12-27T11:00,3.7,69,0.0
2025-12-27T12:00,3.9,68,0.0
2025-12-27T13:00,4.5,69,0.0
2025-12-27T14:00,5.0,69,0.0
2025-12-27T15:00,5.4,67,0.0
2025-12-27T16:00,5.0,67,0.0
2025-12-27T17:00,3.3,75,0.0
2025-12-27T18:00,2.0,78,0.0
2025-12-27T19:00,0.4,86,0.0
2025-12-27T20:00,-1.1,91,0.0
2025-12-27T21:00,-1.9,91,0.0
2025-12-27T22:00,-2.2,89,0.0
2025-12-27T23:00,-1.3,89,0.0
2025-12-28T00:00,-1.3,87,0.0
2025-12-28T01:00,-1.1,83,0.0
2025-12-28T02:00,-0.9,82,0.0
2025-12-28T03:00,-0.9,84,0.0
2025-12-28T04:00,0.4,81,0.0
2025-12-28T05:00,0.9,82,0.0
2025-12-28T06:00,0.6,82,0.0
2025-12-28T07:00,0.8,79,0.0
2025-12-28T08:00,1.8,74,0.0
2025-12-28T09:00,3.6,72,0.0
2025-12-28T10:00,3.8,72,0.0
2025-12-28T11:00,5.2,70,0.0
2025-12-28T12:00,5.3,64,0.0
2025-12-28T13:00,7.1,55,0.0
2025-12-28T14:00,7.7,61,0.0
2025-12-28T15:00,7.4,70,0.0
2025-12-28T16:00,7.3,71,0.0
2025-12-28T17:00,6.1,77,0.0
2025-12-28T18:00,6.6,72,0.0
2025-12-28T19:00,5.6,70,0.0
2025-12-28T20:00,3.9,75,0.0
2025-12-28T21:00,4.0,74,0.0
2025-12-28T22:00,6.9,65,0.1
2025-12-28T23:00,5.6,70,0.2
2025-12-29T00:00,6.4,67,0.0
2025-12-29T01:00,6.4,67,0.0
2025-12-29T02:00,5.4,73,0.0
2025-12-29T03:00,5.6,71,0.0
2025-12-29T04:00,4.8,72,0.0
2025-12-29T05:00,6.0,73,0.0
2025-12-29T06:00,6.1,70,0.0
2025-12-29T07:00,7.1,64,0.0
2025-12-29T08:00,6.9,64,0.0
2025-12-29T09:00,8.6,59,0.0
2025-12-29T10:00,11.3,54,0.0
2025-12-29T11:00,13.9,53,0.0
2025-12-29T12:00,15.8,49,0.0
2025-12-29T13:00,16.5,47,0.0
2025-12-29T14:00,17.0,43,0.0
2025-12-29T15:00,15.7,52,0.0
2025-12-29T16:00,13.7,50,0.0
2025-12-29T17:00,11.4,54,0.0
2025-12-29T18:00,10.8,53,0.0
2025-12-29T19:00,10.2,51,0.0
2025-12-29T20:00,9.1,54,0.0
2025-12-29T21:00,8.0,54,0.0
2025-12-29T22:00,8.4,55,0.0
2025-12-29T23:00,8.5,59,0.0
2025-12-30T00:00,7.4,66,0.0
2025-12-30T01:00,6.6,73,0.1
2025-12-30T02:00,7.7,66,0.0
2025-12-30T03:00,7.8,66,0.0
2025-12-30T04:00,7.7,69,0.0
2025-12-30T05:00,7.5,77,0.0
2025-12-30T06:00,7.2,77,0.2
2025-12-30T07:00,7.0,80,0.0
2025-12-30T08:00,7.1,80,0.0
2025-12-30T09:00,7.6,80,0.0
2025-12-30T10:00,9.4,75,0.1
2025-12-30T11:00,10.8,77,0.0
2025-12-30T12:00,11.7,71,0.0
2025-12-30T13:00,13.3,70,0.0
2025-12-30T14:00,12.8,72,0.0
2025-12-30T15:00,11.8,74,0.0
2025-12-30T16:00,10.9,78,0.0
2025-12-30T17:00,10.9,88,0.0
2025-12-30T18:00,10.0,93,0.1
2025-12-30T19:00,9.6,95,0.5
2025-12-30T20:00,9.1,96,1.0
2025-12-30T21:00,8.0,98,0.8
2025-12-30T22:00,7.9,96,0.3
2025-12-30T23:00,9.1,93,0.0
2025-12-31T00:00,9.3,88,0.0
2025-12-31T01:00,8.4,87,0.0
2025-12-31T02:00,6.8,86,0.0
2025-12-31T03:00,7.1,86,0.0
2025-12-31T04:00,7.6,76,0.0
2025-12-31T05:00,7.6,84,0.0
2025-12-31T06:00,7.1,88,0.0
2025-12-31T07:00,6.1,91,0.0
2025-12-31T08:00,6.1,92,0.0
2025-12-31T09:00,6.3,92,0.2
2025-12-31T10:00,6.3,94,0.8
2025-12-31T11:00,5.5,94,2.1
2025-12-31T12:00,4.0,99,3.6
2025-12-31T13:00,2.4,100,2.9
2025-12-31T14:00,2.2,99,1.5
2025-12-31T15:00,2.6,98,0.5
2025-12-31T16:00,2.7,97,0.6
2025-12-31T17:00,2.6,96,0.5
2025-12-31T18:00,2.6,95,0.3
2025-12-31T19:00,2.7,94,0.1
2025-12-31T20:00,2.6,95,0.0
2025-12-31T21:00,2.1,96,0.0
2025-12-31T22:00,2.1,96,0.0
2025-12-31T23:00,3.3,97,0.0
2026-01-01T00:00,3.1,97,0.0
2026-01-01T01:00,3.2,96,0.0
2026-01-01T02:00,3.4,95,0.0
2026-01-01T03:00,3.4,95,0.0
2026-01-01T04:00,3.1,96,0.0
2026-01-01T05:00,1.9,98,0.0
2026-01-01T06:00,1.3,99,0.0
2026-01-01T07:00,0.7,99,0.0
2026-01-01T08:00,0.5,100,0.0
2026-01-01T09:00,1.1,98,0.0
2026-01-01T10:00,1.6,98,0.0
2026-01-01T11:00,2.1,98,0.0
2026-01-01T12:00,2.9,92,0.0
2026-01-01T13:00,3.3,90,0.0
2026-01-01T14:00,3.7,87,0.0
2026-01-01T15:00,4.0,84,0.0
2026-01-01T16:00,4.1,82,0.0
2026-01-01T17:00,3.3,89,0.0
2026-01-01T18:00,2.5,89,0.0
2026-01-01T19:00,1.8,90,0.0
2026-01-01T20:00,1.6,91,0.0
2026-01-01T21:00,0.6,94,0.0
2026-01-01T22:00,0.4,94,0.0
2026-01-01T23:00,0.3,96,0.0
2026-01-02T00:00,0.5,92,0.0
2026-01-02T01:00,0.1,91,0.0
2026-01-02T02:00,0.3,89,0.0
2026-01-02T03:00,0.0,87,0.0
2026-01-02T04:00,-0.1,85,0.0
2026-01-02T05:00,0.8,81,0.0
2026-01-02T06:00,0.3,81,0.0
2026-01-02T07:00,0.2,81,0.0
2026-01-02T08:00,-0.4,84,0.0
2026-01-02T09:00,1.1,81,0.0
2026-01-02T10:00,3.2,77,0.0
2026-01-02T11:00,5.8,75,0.0
2026-01-02T12:00,8.2,64,0.0
2026-01-02T13:00,10.1,56,0.0
2026-01-02T14:00,11.1,53,0.0
2026-01-02T15:00,11.4,57,0.0
2026-01-02T16:00,9.9,62,0.0
2026-01-02T17:00,6.8,77,0.0
2026-01-02T18:00,6.3,79,0.0
2026-01-02T19:00,6.2,72,0.0
2026-01-02T20:00,6.0,67,0.0
2026-01-02T21:00,5.1,72,0.0
2026-01-02T22:00,5.0,67,0.0
2026-01-02T23:00,4.3,70,0.0
2026-01-03T00:00,3.7,68,0.0
2026-01-03T01:00,3.4,66,0.0
2026-01-03T02:00,2.8,69,0.0
2026-01-03T03:00,2.3,70,0.0
2026-01-03T04:00,1.8,71,0.0
2026-01-03T05:00,2.7,72,0.0
2026-01-03T06:00,2.7,70,0.0
2026-01-03T07:00,1.8,73,0.0
2026-01-03T08:00,1.3,73,0.0
2026-01-03T09:00,2.9,73,0.0
2026-01-03T10:00,5.7,66,0.0
2026-01-03T11:00,8.5,66,0.0
2026-01-03T12:00,9.8,55,0.0
2026-01-03T13:00,10.6,51,0.0
2026-01-03T14:00,11.2,50,0.0
2026-01-03T15:00,11.1,53,0.0
2026-01-03T16:00,9.7,62,0.0
2026-01-03T17:00,7.7,69,0.0
2026-01-03T18:00,6.9,75,0.0
2026-01-03T19:00,6.4,79,0.0
2026-01-03T20:00,6.1,81,0.0
2026-01-03T21:00,5.6,83,0.0
2026-01-03T22:00,5.0,88,0.0
2026-01-03T23:00,4.5,94,0.0
2026-01-04T00:00,4.2,97,0.0
2026-01-04T01:00,4.1,98,0.0
2026-01-04T02:00,4.0,98,0.0
2026-01-04T03:00,3.9,98,0.0
2026-01-04T04:00,3.9,97,0.0
2026-01-04T05:00,3.3,98,0.0
2026-01-04T06:00,3.5,98,0.1
2026-01-04T07:00,3.4,97,0.1
2026-01-04T08:00,3.3,98,0.1
2026-01-04T09:00,3.5,96,0.1
2026-01-04T10:00,3.9,93,0.0
2026-01-04T11:00,3.9,92,0.0
2026-01-04T12:00,4.4,90,0.0
2026-01-04T13:00,5.2,85,0.0
2026-01-04T14:00,5.7,82,0.0
2026-01-04T15:00,5.7,81,0.0
2026-01-04T16:00,5.7,80,0.0
2026-01-04T17:00,4.6,87,0.0
2026-01-04T18:00,4.4,87,0.0
2026-01-04T19:00,4.2,86,0.0
2026-01-04T20:00,4.0,86,0.0
2026-01-04T21:00,3.8,86,0.0
2026-01-04T22:00,3.6,87,0.0
2026-01-04T23:00,3.8,90,0.0
2026-01-05T00:00,3.8,90,0.0
2026-01-05T01:00,3.8,90,0.0
2026-01-05T02:00,3.8,90,0.0
2026-01-05T03:00,3.5,91,0.0
2026-01-05T04:00,3.6,90,0.0
2026-01-05T05:00,3.3,93,0.0
2026-01-05T06:00,3.4,94,0.0
2026-01-05T07:00,3.4,94,0.0
2026-01-05T08:00,3.4,94,0.0
2026-01-05T09:00,3.9,91,0.0
2026-01-05T10:00,4.6,83,0.0
2026-01-05T11:00,4.8,80,0.0
2026-01-05T12:00,5.6,76,0.0
2026-01-05T13:00,6.6,72,0.0
2026-01-05T14:00,7.0,70,0.0
2026-01-05T15:00,7.1,70,0.0
2026-01-05T16:00,6.7,71,0.0
2026-01-05T17:00,5.4,83,0.0
2026-01-05T18:00,4.4,85,0.0
2026-01-05T19:00,3.4,88,0.0
2026-01-05T20:00,2.5,90,0.0
2026-01-05T21:00,1.6,92,0.0
2026-01-05T22:00,1.0,93,0.0
2026-01-05T23:00,0.9,96,0.0
2026-01-06T00:00,1.0,95,0.0
2026-01-06T01:00,0.7,95,0.0
2026-01-06T02:00,0.1,96,0.0
2026-01-06T03:00,-0.5,94,0.0
2026-01-06T04:00,-1.1,92,0.0
2026-01-06T05:00,-1.0,85,0.0
2026-01-06T06:00,-1.3,90,0.0
2026-01-06T07:00,-1.5,94,0.0
2026-01-06T08:00,-1.7,97,0.0
2026-01-06T09:00,-0.6,97,0.0
2026-01-06T10:00,0.7,98,0.0
2026-01-06T11:00,1.2,100,0.0
2026-01-06T12:00,2.8,93,0.0
2026-01-06T13:00,4.3,86,0.0
2026-01-06T14:00,5.1,82,0.0
2026-01-06T15:00,5.2,80,0.0
2026-01-06T16:00,4.4,80,0.0
2026-01-06T17:00,1.6,90,0.0
2026-01-06T18:00,-0.4,95,0.0
2026-01-06T19:00,-0.8,97,0.0
2026-01-06T20:00,-1.0,97,0.0
2026-01-06T21:00,-1.2,99,0.0
2026-01-06T22:00,-1.0,99,0.0
2026-01-06T23:00,0.3,97,0.0
2026-01-07T00:00,0.4,97,0.0
2026-01-07T01:00,0.3,97,0.0
2026-01-07T02:00,0.3,96,0.0
2026-01-07T03:00,0.3,96,0.0
2026-01-07T04:00,0.2,96,0.0
2026-01-07T05:00,-0.7,95,0.0
2026-01-07T06:00,-0.3,95,0.0
2026-01-07T07:00,-0.1,94,0.0
2026-01-07T08:00,0.1,93,0.0
2026-01-07T09:00,0.4,91,0.0
2026-01-07T10:00,0.8,93,0.0
2026-01-07T11:00,0.0,99,0.0
2026-01-07T12:00,1.0,91,0.0
2026-01-07T13:00,2.2,83,0.0
2026-01-07T14:00,3.0,80,0.0
2026-01-07T15:00,3.1,80,0.0
2026-01-07T16:00,2.5,84,0.0
2026-01-07T17:00,0.6,92,0.0
2026-01-07T18:00,-0.4,92,0.0
2026-01-07T19:00,-1.2,93,0.0
2026-01-07T20:00,-1.2,92,0.0
2026-01-07T21:00,-1.8,94,0.0
2026-01-07T22:00,-1.8,95,0.0
2026-01-07T23:00,-1.8,99,0.0
2026-01-08T00:00,-1.4,93,0.0
2026-01-08T01:00,-1.1,85,0.0
2026-01-08T02:00,-0.8,81,0.0
2026-01-08T03:00,-0.6,77,0.0
2026-01-08T04:00,-0.5,77,0.0
2026-01-08T05:00,-2.2,93,0.0
2026-01-08T06:00,-2.0,95,0.0
2026-01-08T07:00,-1.9,88,0.0
2026-01-08T08:00,-1.8,85,0.0
2026-01-08T09:00,-1.3,83,0.0
2026-01-08T10:00,-0.9,89,0.0
2026-01-08T11:00,-1.6,96,0.0
2026-01-08T12:00,0.1,88,0.0
2026-01-08T13:00,1.4,79,0.0
2026-01-08T14:00,2.5,71,0.0
2026-01-08T15:00,2.7,72,0.0
2026-01-08T16:00,2.0,78,0.0
2026-01-08T17:00,-0.6,94,0.0
2026-01-08T18:00,-1.9,96,0.0
2026-01-08T19:00,-2.2,98,0.0
2026-01-08T20:00,-2.4,99,0.0
2026-01-08T21:00,-3.0,98,0.0
2026-01-08T22:00,-2.9,98,0.0
2026-01-08T23:00,-2.5,98,0.0
2026-01-09T00:00,-2.7,97,0.0
2026-01-09T01:00,-3.1,94,0.0
2026-01-09T02:00,-3.2,95,0.0
2026-01-09T03:00,-3.4,96,0.0
2026-01-09T04:00,-3.2,92,0.0
2026-01-09T05:00,-4.6,97,0.0
2026-01-09T06:00,-4.6,95,0.0
2026-01-09T07:00,-4.4,94,0.0
2026-01-09T08:00,-4.4,92,0.0
2026-01-09T09:00,-2.9,86,0.0
2026-01-09T10:00,-1.1,86,0.0
2026-01-09T11:00,-0.2,88,0.0
2026-01-09T12:00,3.3,66,0.0
2026-01-09T13:00,5.8,50,0.0
2026-01-09T14:00,6.8,45,0.0
2026-01-09T15:00,7.0,46,0.0
2026-01-09T16:00,5.3,55,0.0
2026-01-09T17:00,3.6,59,0.0
2026-01-09T18:00,3.2,63,0.0
2026-01-09T19:00,1.3,73,0.0
2026-01-09T20:00,0.1,77,0.0
2026-01-09T21:00,0.3,70,0.0
2026-01-09T22:00,0.5,64,0.0
2026-01-09T23:00,-0.1,73,0.0
2026-01-10T00:00,-0.2,71,0.0
2026-01-10T01:00,-0.5,68,0.0
2026-01-10T02:00,-0.7,61,0.0
2026-01-10T03:00,-0.4,52,0.0
2026-01-10T04:00,-0.1,46,0.0
2026-01-10T05:00,-0.8,44,0.0
2026-01-10T06:00,-1.9,50,0.0
2026-01-10T07:00,-2.0,48,0.0
2026-01-10T08:00,-2.1,44,0.0
2026-01-10T09:00,0.5,33,0.0
2026-01-10T10:00,4.8,21,0.0
2026-01-10T11:00,8.1,22,0.0
2026-01-10T12:00,9.9,21,0.0
2026-01-10T13:00,10.7,26,0.0
2026-01-10T14:00,11.2,32,0.0
2026-01-10T15:00,10.7,46,0.0
2026-01-10T16:00,8.3,44,0.0
2026-01-10T17:00,6.4,47,0.0
2026-01-10T18:00,4.7,52,0.0
2026-01-10T19:00,3.2,61,0.0
2026-01-10T20:00,2.4,66,0.0
2026-01-10T21:00,1.8,67,0.0
2026-01-10T22:00,2.3,60,0.0
2026-01-10T23:00,2.9,59,0.0
2026-01-11T00:00,2.4,60,0.0
2026-01-11T01:00,1.1,67,0.0
2026-01-11T02:00,0.6,68,0.0
2026-01-11T03:00,1.5,62,0.0
2026-01-11T04:00,2.0,56,0.0
2026-01-11T05:00,2.5,62,0.0
2026-01-11T06:00,3.1,57,0.0
2026-01-11T07:00,3.4,55,0.0
2026-01-11T08:00,3.4,56,0.0
2026-01-11T09:00,5.8,46,0.0
2026-01-11T10:00,7.9,39,0.0
2026-01-11T11:00,10.5,30,0.0
2026-01-11T12:00,13.4,17,0.0
2026-01-11T13:00,13.9,37,0.0
2026-01-11T14:00,13.9,41,0.0
2026-01-11T15:00,12.7,38,0.0
2026-01-11T16:00,11.9,33,0.0
2026-01-11T17:00,9.7,46,0.0
2026-01-11T18:00,9.1,46,0.0
2026-01-11T19:00,8.7,46,0.0
2026-01-11T20:00,8.3,50,0.0
2026-01-11T21:00,7.5,54,0.0
2026-01-11T22:00,6.3,58,0.0
2026-01-11T23:00,6.4,60,0.0
2026-01-12T00:00,7.4,59,0.0
2026-01-12T01:00,7.3,71,0.0
2026-01-12T02:00,6.3,76,0.0
2026-01-12T03:00,5.3,81,0.0
2026-01-12T04:00,5.0,81,0.0
2026-01-12T05:00,5.4,80,0.0
2026-01-12T06:00,5.1,85,0.0
2026-01-12T07:00,3.7,90,0.0
2026-01-12T08:00,3.5,90,0.0
2026-01-12T09:00,4.5,87,0.0
2026-01-12T10:00,6.2,81,0.0
2026-01-12T11:00,7.7,84,0.0
2026-01-12T12:00,9.2,79,0.0
2026-01-12T13:00,9.5,72,0.0
2026-01-12T14:00,10.0,64,0.0
2026-01-12T15:00,10.7,62,0.0
2026-01-12T16:00,10.3,67,0.0
2026-01-12T17:00,8.8,77,0.0
2026-01-12T18:00,8.3,75,0.0
2026-01-12T19:00,7.4,75,0.0
2026-01-12T20:00,6.3,73,0.0
2026-01-12T21:00,4.6,73,0.0
2026-01-12T22:00,3.4,71,0.0
2026-01-12T23:00,3.1,73,0.0
2026-01-13T00:00,3.6,63,0.0
2026-01-13T01:00,3.5,59,0.0
2026-01-13T02:00,3.2,57,0.0
2026-01-13T03:00,2.9,57,0.0
2026-01-13T04:00,3.0,54,0.0
2026-01-13T05:00,2.8,55,0.0
2026-01-13T06:00,3.6,49,0.0
2026-01-13T07:00,4.7,43,0.0
2026-01-13T08:00,4.0,44,0.0
2026-01-13T09:00,5.5,44,0.0
2026-01-13T10:00,7.8,52,0.0
2026-01-13T11:00,10.6,43,0.0
2026-01-13T12:00,12.0,47,0.0
2026-01-13T13:00,13.1,46,0.0
2026-01-13T14:00,13.8,44,0.0
2026-01-13T15:00,13.7,47,0.0
2026-01-13T16:00,11.9,53,0.0
2026-01-13T17:00,8.8,62,0.0
2026-01-13T18:00,8.1,62,0.0
2026-01-13T19:00,7.5,62,0.0
2026-01-13T20:00,5.8,71,0.0
2026-01-13T21:00,5.2,72,0.0
2026-01-13T22:00,4.4,72,0.0
2026-01-13T23:00,4.2,72,0.0
2026-01-14T00:00,3.8,72,0.0
2026-01-14T01:00,2.9,72,0.0
2026-01-14T02:00,2.5,72,0.0
2026-01-14T03:00,2.9,63,0.0
2026-01-14T04:00,3.3,57,0.0
2026-01-14T05:00,3.1,62,0.0
2026-01-14T06:00,2.5,61,0.0
2026-01-14T07:00,1.7,63,0.0
2026-01-14T08:00,1.3,61,0.0
2026-01-14T09:00,3.4,59,0.0
2026-01-14T10:00,5.9,51,0.0
2026-01-14T11:00,8.8,48,0.0
2026-01-14T12:00,11.7,44,0.0
2026-01-14T13:00,14.1,41,0.0
2026-01-14T14:00,15.6,39,0.0
2026-01-14T15:00,15.8,55,0.0
2026-01-14T16:00,15.4,47,0.0
2026-01-14T17:00,12.2,54,0.0
2026-01-14T18:00,11.1,55,0.0
2026-01-14T19:00,9.5,60,0.0
2026-01-14T20:00,8.5,61,0.0
2026-01-14T21:00,6.9,66,0.0
2026-01-14T22:00,5.4,69,0.0
2026-01-14T23:00,5.4,70,0.0
2026-01-15T00:00,5.7,67,0.0
2026-01-15T01:00,6.0,69,0.0
2026-01-15T02:00,5.9,65,0.0
2026-01-15T03:00,5.0,69,0.0
2026-01-15T04:00,4.9,70,0.0
2026-01-15T05:00,5.1,75,0.0
2026-01-15T06:00,5.8,69,0.1
2026-01-15T07:00,5.0,69,0.0
2026-01-15T08:00,4.7,72,0.0
2026-01-15T09:00,5.7,70,0.0
2026-01-15T10:00,7.5,66,0.0
2026-01-15T11:00,10.4,59,0.0
2026-01-15T12:00,12.9,62,0.0
2026-01-15T13:00,12.1,60,0.0
2026-01-15T14:00,11.3,55,0.0
2026-01-15T15:00,9.7,58,0.4
2026-01-15T16:00,8.8,69,0.0
2026-01-15T17:00,8.8,67,0.0
2026-01-15T18:00,7.2,77,1.5
2026-01-15T19:00,6.5,86,1.7
2026-01-15T20:00,6.4,88,1.3
2026-01-15T21:00,6.6,86,0.5
2026-01-15T22:00,6.4,90,0.9
2026-01-15T23:00,6.3,93,0.4
2026-01-16T00:00,6.6,92,0.4
2026-01-16T01:00,6.5,94,0.5
2026-01-16T02:00,6.0,95,0.0
2026-01-16T03:00,6.1,95,0.0
2026-01-16T04:00,6.1,95,0.1
2026-01-16T05:00,6.7,95,0.3
2026-01-16T06:00,6.4,95,0.3
2026-01-16T07:00,6.4,95,0.2
2026-01-16T08:00,6.4,94,0.5
2026-01-16T09:00,6.7,92,0.8
2026-01-16T10:00,7.3,91,1.0
2026-01-16T11:00,8.0,89,0.0
2026-01-16T12:00,7.4,87,0.0
2026-01-16T13:00,6.9,84,0.0
2026-01-16T14:00,6.2,85,0.0
2026-01-16T15:00,5.4,88,0.1
2026-01-16T16:00,4.5,92,0.2
2026-01-16T17:00,3.0,94,0.5
2026-01-16T18:00,2.2,99,1.5
2026-01-16T19:00,1.2,100,2.4
2026-01-16T20:00,0.8,98,1.6
2026-01-16T21:00,0.4,99,0.8
2026-01-16T22:00,0.2,96,0.4
2026-01-16T23:00,-0.2,96,0.2
2026-01-17T00:00,-0.5,96,0.2
2026-01-17T01:00,-0.4,97,0.1
2026-01-17T02:00,-0.2,97,0.0
2026-01-17T03:00,-0.3,97,0.0
2026-01-17T04:00,-0.3,98,0.0
2026-01-17T05:00,-0.4,98,0.1
2026-01-17T06:00,-0.5,98,0.1
2026-01-17T07:00,-0.6,97,0.1
2026-01-17T08:00,-0.7,96,0.1
2026-01-17T09:00,-0.6,94,0.1
2026-01-17T10:00,-0.4,92,0.1
2026-01-17T11:00,0.5,89,0.0
2026-01-17T12:00,0.5,89,0.0
2026-01-17T13:00,0.6,89,0.0
2026-01-17T14:00,1.5,78,0.0
2026-01-17T15:00,2.1,71,0.0
2026-01-17T16:00,2.1,71,0.0
2026-01-17T17:00,1.5,82,0.0
2026-01-17T18:00,0.9,86,0.0
2026-01-17T19:00,0.4,90,0.0
2026-01-17T20:00,-0.2,92,0.0
2026-01-17T21:00,-1.0,93,0.0
2026-01-17T22:00,-0.4,93,0.0
2026-01-17T23:00,-0.2,93,0.0
2026-01-18T00:00,-0.5,94,0.1
2026-01-18T01:00,-0.7,95,0.0
2026-01-18T02:00,-0.8,95,0.0
2026-01-18T03:00,-0.9,95,0.0
2026-01-18T04:00,-0.8,94,0.0
2026-01-18T05:00,-0.6,87,0.0
2026-01-18T06:00,-0.7,90,0.0
2026-01-18T07:00,-1.0,93,0.0
2026-01-18T08:00,-0.9,93,0.0
2026-01-18T09:00,-0.6,87,0.0
2026-01-18T10:00,-0.1,80,0.0
2026-01-18T11:00,0.7,75,0.0
2026-01-18T12:00,1.5,70,0.0
2026-01-18T13:00,2.2,67,0.0
2026-01-18T14:00,2.8,64,0.0
2026-01-18T15:00,2.8,64,0.0
2026-01-18T16:00,2.4,65,0.0
2026-01-18T17:00,1.7,74,0.0
2026-01-18T18:00,0.9,77,0.0
2026-01-18T19:00,0.1,80,0.0
2026-01-18T20:00,-0.1,81,0.0
2026-01-18T21:00,-0.3,82,0.0
2026-01-18T22:00,-0.6,84,0.0
2026-01-18T23:00,-0.3,84,0.0
2026-01-19T00:00,-0.8,86,0.0
2026-01-19T01:00,-0.8,86,0.0
2026-01-19T02:00,-0.8,84,0.0
2026-01-19T03:00,-1.0,84,0.0
2026-01-19T04:00,-1.1,83,0.0
2026-01-19T05:00,-0.8,82,0.0
2026-01-19T06:00,-0.9,81,0.0
2026-01-19T07:00,-1.1,82,0.0
2026-01-19T08:00,-1.2,83,0.0
2026-01-19T09:00,-0.9,84,0.0
2026-01-19T10:00,0.3,80,0.0
2026-01-19T11:00,1.7,73,0.1
2026-01-19T12:00,2.4,70,0.0
2026-01-19T13:00,2.4,71,0.0
2026-01-19T14:00,2.6,72,0.0
2026-01-19T15:00,2.1,74,0.1
2026-01-19T16:00,1.3,80,0.4
2026-01-19T17:00,0.4,90,0.4
2026-01-19T18:00,0.2,89,0.8
2026-01-19T19:00,0.1,91,0.1
2026-01-19T20:00,0.1,91,0.0
2026-01-19T21:00,0.2,91,0.0
2026-01-19T22:00,0.3,90,0.0
2026-01-19T23:00,0.5,91,0.0
2026-01-20T00:00,0.5,91,0.0
2026-01-20T01:00,0.4,92,0.0
2026-01-20T02:00,0.6,90,0.0
2026-01-20T03:00,-0.6,91,0.0
2026-01-20T04:00,-1.6,92,0.0
2026-01-20T05:00,-1.9,88,0.0
2026-01-20T06:00,-1.9,90,0.0
2026-01-20T07:00,-1.8,88,0.0
2026-01-20T08:00,-2.1,86,0.0
2026-01-20T09:00,-1.1,77,0.0
2026-01-20T10:00,0.6,64,0.0
2026-01-20T11:00,1.6,67,0.0
2026-01-20T12:00,3.0,62,0.0
2026-01-20T13:00,3.5,63,0.0
2026-01-20T14:00,3.9,64,0.0
2026-01-20T15:00,3.9,65,0.0
2026-01-20T16:00,3.2,70,0.0
2026-01-20T17:00,2.0,77,0.0
2026-01-20T18:00,0.5,82,0.0
2026-01-20T19:00,-0.3,85,0.0
2026-01-20T20:00,-0.7,85,0.0
2026-01-20T21:00,-0.7,84,0.0
2026-01-20T22:00,-0.6,83,0.0
2026-01-20T23:00,-0.2,87,0.0
2026-01-21T00:00,-0.1,82,0.0
2026-01-21T01:00,-0.4,77,0.0
2026-01-21T02:00,0.2,71,0.0
2026-01-21T03:00,-0.9,75,0.0
2026-01-21T04:00,-0.3,71,0.0
2026-01-21T05:00,1.1,69,0.0
2026-01-21T06:00,1.0,67,0.0
2026-01-21T07:00,0.8,68,0.0
2026-01-21T08:00,0.8,70,0.0
2026-01-21T09:00,1.9,66,0.0
2026-01-21T10:00,4.2,56,0.0
2026-01-21T11:00,5.5,55,0.0
2026-01-21T12:00,6.9,45,0.0
2026-01-21T13:00,6.7,51,0.0
2026-01-21T14:00,6.7,55,0.0
2026-01-21T15:00,5.9,62,0.0
2026-01-21T16:00,5.1,67,0.0
2026-01-21T17:00,3.4,72,0.0
2026-01-21T18:00,2.3,73,0.0
2026-01-21T19:00,1.7,77,0.0
2026-01-21T20:00,1.1,79,0.0
2026-01-21T21:00,1.3,78,0.0
2026-01-21T22:00,1.0,81,0.0
2026-01-21T23:00,1.2,84,0.2
2026-01-22T00:00,1.2,85,0.1
2026-01-22T01:00,0.9,86,0.0
2026-01-22T02:00,1.0,85,0.0
2026-01-22T03:00,0.6,86,0.0
2026-01-22T04:00,0.8,83,0.0
2026-01-22T05:00,1.1,86,0.0
2026-01-22T06:00,0.8,90,0.0
2026-01-22T07:00,1.0,91,0.1
2026-01-22T08:00,0.5,96,0.6
2026-01-22T09:00,0.4,98,1.6
2026-01-22T10:00,0.4,95,1.5
2026-01-22T11:00,-0.2,95,1.8
2026-01-22T12:00,-0.4,96,1.6
2026-01-22T13:00,-0.3,95,0.8
2026-01-22T14:00,-0.4,92,0.9
2026-01-22T15:00,-0.6,92,0.6
2026-01-22T16:00,-0.9,93,0.5
2026-01-22T17:00,-1.1,95,0.4
2026-01-22T18:00,-1.2,96,0.8
2026-01-22T19:00,-1.5,94,0.4
2026-01-22T20:00,-1.8,95,0.3
2026-01-22T21:00,-2.0,94,0.1
2026-01-22T22:00,-2.3,95,0.1
2026-01-22T23:00,-2.4,88,0.1
2026-01-23T00:00,-2.6,93,0.4
2026-01-23T01:00,-2.9,95,0.6
2026-01-23T02:00,-3.5,93,0.2
2026-01-23T03:00,-4.1,91,0.1
2026-01-23T04:00,-5.0,91,0.0
2026-01-23T05:00,-5.1,91,0.0
2026-01-23T06:00,-5.1,92,0.1
2026-01-23T07:00,-6.0,92,0.0
2026-01-23T08:00,-6.9,93,0.0
2026-01-23T09:00,-6.0,91,0.0
2026-01-23T10:00,-5.5,89,0.0
2026-01-23T11:00,-4.0,88,0.0
2026-01-23T12:00,-3.5,84,0.0
2026-01-23T13:00,-3.1,82,0.0
2026-01-23T14:00,-3.0,82,0.0
2026-01-23T15:00,-3.4,82,0.0
2026-01-23T16:00,-4.1,80,0.0
2026-01-23T17:00,-5.6,90,0.0
2026-01-23T18:00,-7.0,90,0.0
2026-01-23T19:00,-7.7,87,0.0
2026-01-23T20:00,-8.0,83,0.0
2026-01-23T21:00,-8.6,81,0.0
2026-01-23T22:00,-8.6,79,0.0
2026-01-23T23:00,-8.3,75,0.0
2026-01-24T00:00,-8.1,72,0.0
2026-01-24T01:00,-8.0,71,0.0
2026-01-24T02:00,-7.5,69,0.0
2026-01-24T03:00,-7.0,67,0.0
2026-01-24T04:00,-6.9,66,0.0
2026-01-24T05:00,-7.5,67,0.0
2026-01-24T06:00,-8.4,67,0.0
2026-01-24T07:00,-8.2,66,0.0
2026-01-24T08:00,-8.2,68,0.0
2026-01-24T09:00,-5.8,68,0.0
2026-01-24T10:00,-3.4,65,0.0
2026-01-24T11:00,0.0,60,0.0
2026-01-24T12:00,1.2,68,0.0
2026-01-24T13:00,1.3,66,0.0
2026-01-24T14:00,0.8,71,0.0
2026-01-24T15:00,0.6,72,0.0
2026-01-24T16:00,0.0,78,0.0
2026-01-24T17:00,-0.9,75,0.0
2026-01-24T18:00,-2.1,75,0.0
2026-01-24T19:00,-2.1,76,0.0
2026-01-24T20:00,-2.3,79,0.0
2026-01-24T21:00,-2.0,76,0.0
2026-01-24T22:00,-1.3,71,0.0
2026-01-24T23:00,0.2,72,0.0
2026-01-25T00:00,1.4,76,0.2
2026-01-25T01:00,2.5,77,0.1
2026-01-25T02:00,2.7,79,0.0
2026-01-25T03:00,2.7,81,0.0
2026-01-25T04:00,2.6,81,0.0
2026-01-25T05:00,2.5,84,0.0
2026-01-25T06:00,2.3,84,0.0
2026-01-25T07:00,2.3,84,0.0
2026-01-25T08:00,2.2,84,0.0
2026-01-25T09:00,2.3,83,0.0
2026-01-25T10:00,2.7,82,0.0
2026-01-25T11:00,3.6,82,0.0
2026-01-25T12:00,3.8,81,0.0
2026-01-25T13:00,3.9,82,0.0
2026-01-25T14:00,4.0,83,0.0
2026-01-25T15:00,3.7,85,0.0
2026-01-25T16:00,3.4,87,0.0
2026-01-25T17:00,3.0,91,0.0
2026-01-25T18:00,0.9,91,0.0
2026-01-25T19:00,-0.1,92,0.0
2026-01-25T20:00,-0.4,94,0.0
2026-01-25T21:00,-0.7,95,0.0
2026-01-25T22:00,-1.0,95,0.0
2026-01-25T23:00,-2.2,98,0.0
2026-01-26T00:00,-2.9,96,0.0
2026-01-26T01:00,-2.5,96,0.0
2026-01-26T02:00,-1.5,93,0.0
2026-01-26T03:00,-1.3,90,0.0
2026-01-26T04:00,-0.8,88,0.0
2026-01-26T05:00,0.4,84,0.0
2026-01-26T06:00,0.4,84,0.0
2026-01-26T07:00,0.2,84,0.0
2026-01-26T08:00,1.6,82,0.0
2026-01-26T09:00,2.4,80,0.0
2026-01-26T10:00,3.2,78,0.0
2026-01-26T11:00,5.7,80,0.0
2026-01-26T12:00,5.9,73,0.0
2026-01-26T13:00,6.5,70,0.0
2026-01-26T14:00,6.4,71,0.0
2026-01-26T15:00,9.0,62,0.0
2026-01-26T16:00,8.3,71,0.0
2026-01-26T17:00,6.0,77,0.0
2026-01-26T18:00,4.8,80,0.0
2026-01-26T19:00,4.4,83,0.0
2026-01-26T20:00,4.0,85,0.0
2026-01-26T21:00,3.5,86,0.0
2026-01-26T22:00,2.9,89,0.0
2026-01-26T23:00,2.9,90,0.0
2026-01-27T00:00,3.2,88,0.0
2026-01-27T01:00,3.6,85,0.0
2026-01-27T02:00,3.0,87,0.0
2026-01-27T03:00,2.5,89,0.0
2026-01-27T04:00,2.3,90,0.0
2026-01-27T05:00,2.2,92,0.0
2026-01-27T06:00,2.4,89,0.0
2026-01-27T07:00,2.4,86,0.0
2026-01-27T08:00,2.5,84,0.0
2026-01-27T09:00,3.4,81,0.0
2026-01-27T10:00,4.6,81,0.0
2026-01-27T11:00,5.1,76,0.0
2026-01-27T12:00,6.1,73,0.0
2026-01-27T13:00,7.4,70,0.0
2026-01-27T14:00,8.1,68,0.0
2026-01-27T15:00,8.4,68,0.0
2026-01-27T16:00,8.2,70,0.0
2026-01-27T17:00,7.4,76,0.0
2026-01-27T18:00,6.0,82,0.0
2026-01-27T19:00,5.2,81,0.0
2026-01-27T20:00,4.7,81,0.0
2026-01-27T21:00,4.3,85,0.0
2026-01-27T22:00,4.0,82,0.0
2026-01-27T23:00,4.3,82,0.0
2026-01-28T00:00,4.3,76,0.0
2026-01-28T01:00,4.1,71,0.0
2026-01-28T02:00,4.1,68,0.0
2026-01-28T03:00,3.5,69,0.0
2026-01-28T04:00,2.6,77,0.3
2026-01-28T05:00,2.9,76,0.3
2026-01-28T06:00,2.7,86,0.1
2026-01-28T07:00,1.9,86,0.2
2026-01-28T08:00,0.6,92,0.0
2026-01-28T09:00,1.2,93,0.4
2026-01-28T10:00,2.5,90,0.4
2026-01-28T11:00,1.2,99,0.5
2026-01-28T12:00,1.6,96,1.3
2026-01-28T13:00,1.0,95,1.7
2026-01-28T14:00,0.7,94,1.0
2026-01-28T15:00,0.4,94,0.9
2026-01-28T16:00,0.3,95,1.0
2026-01-28T17:00,-0.5,94,0.8
2026-01-28T18:00,-1.2,97,0.5
2026-01-28T19:00,-1.1,97,0.1
2026-01-28T20:00,-1.6,97,0.0
2026-01-28T21:00,-2.0,96,0.0
2026-01-28T22:00,-1.9,95,0.0
2026-01-28T23:00,-2.8,90,0.0
2026-01-29T00:00,-4.5,91,0.0
2026-01-29T01:00,-4.8,93,0.0
2026-01-29T02:00,-5.7,96,0.0
2026-01-29T03:00,-3.6,96,0.0
2026-01-29T04:00,-3.8,96,0.0
2026-01-29T05:00,-3.2,94,0.0
2026-01-29T06:00,-4.2,93,0.0
2026-01-29T07:00,-4.8,95,0.0
2026-01-29T08:00,-5.3,96,0.0
2026-01-29T09:00,-3.2,90,0.0
2026-01-29T10:00,-2.2,85,0.0
2026-01-29T11:00,-0.6,83,0.0
2026-01-29T12:00,0.4,77,0.0
2026-01-29T13:00,1.1,80,0.0
2026-01-29T14:00,1.4,80,0.4
2026-01-29T15:00,1.3,78,0.1
2026-01-29T16:00,0.7,82,0.0
2026-01-29T17:00,-0.1,88,0.0
2026-01-29T18:00,-2.1,93,0.0
2026-01-29T19:00,-3.4,94,0.0
2026-01-29T20:00,-3.7,93,0.0
2026-01-29T21:00,-3.0,91,0.0
2026-01-29T22:00,-3.5,91,0.0
2026-01-29T23:00,-5.1,94,0.0
2026-01-30T00:00,-5.0,93,0.0
2026-01-30T01:00,-5.8,94,0.0
2026-01-30T02:00,-6.1,93,0.0
2026-01-30T03:00,-6.1,91,0.0
2026-01-30T04:00,-6.2,90,0.0
2026-01-30T05:00,-5.6,94,0.0
2026-01-30T06:00,-6.2,94,0.0
2026-01-30T07:00,-6.1,96,0.0
2026-01-30T08:00,-6.0,96,0.0
2026-01-30T09:00,-5.0,92,0.0
2026-01-30T10:00,-3.2,86,0.0
2026-01-30T11:00,-1.5,81,0.0
2026-01-30T12:00,-0.8,78,0.0
2026-01-30T13:00,-0.3,76,0.0
2026-01-30T14:00,-0.1,76,0.0
2026-01-30T15:00,0.2,77,0.6
2026-01-30T16:00,0.5,81,0.0
2026-01-30T17:00,1.0,75,0.4
2026-01-30T18:00,0.0,80,0.0
2026-01-30T19:00,-0.2,86,0.0
2026-01-30T20:00,-1.0,88,0.1
2026-01-30T21:00,-1.3,88,0.0
2026-01-30T22:00,-2.3,87,0.0
2026-01-30T23:00,-1.9,87,0.0
2026-01-31T00:00,-2.4,83,0.0
2026-01-31T01:00,-3.0,83,0.0
2026-01-31T02:00,-3.5,86,0.0
2026-01-31T03:00,-1.7,81,0.0
2026-01-31T04:00,-2.1,83,0.0
2026-01-31T05:00,0.5,77,0.0
2026-01-31T06:00,0.4,78,0.0
2026-01-31T07:00,-0.3,80,0.0
2026-01-31T08:00,-0.7,80,0.0
2026-01-31T09:00,0.1,80,0.0
2026-01-31T10:00,1.5,74,0.0
2026-01-31T11:00,3.7,67,0.0
2026-01-31T12:00,4.1,70,0.0
2026-01-31T13:00,7.8,61,0.0
2026-01-31T14:00,8.8,61,0.0
2026-01-31T15:00,8.7,62,0.0
2026-01-31T16:00,8.5,64,0.0
2026-01-31T17:00,6.6,71,0.0
2026-01-31T18:00,5.6,73,0.0
2026-01-31T19:00,4.1,79,0.0
2026-01-31T20:00,2.3,86,0.0
2026-01-31T21:00,1.8,85,0.0
2026-01-31T22:00,1.9,81,0.0
2026-01-31T23:00,2.3,84,0.0
2026-02-01T00:00,2.1,85,0.0
2026-02-01T01:00,0.8,90,0.0
2026-02-01T02:00,0.1,90,0.0
2026-02-01T03:00,0.3,86,0.0
2026-02-01T04:00,0.9,77,0.0
2026-02-01T05:00,0.6,83,0.0
2026-02-01T06:00,0.8,79,0.0
2026-02-01T07:00,1.0,81,0.0
2026-02-01T08:00,1.9,78,0.4
2026-02-01T09:00,2.8,74,0.0
2026-02-01T10:00,3.3,78,0.0
2026-02-01T11:00,6.3,72,0.0
2026-02-01T12:00,7.8,67,0.0
2026-02-01T13:00,9.2,62,0.0
2026-02-01T14:00,11.3,55,0.0
2026-02-01T15:00,12.2,54,0.0
2026-02-01T16:00,12.0,62,0.0
2026-02-01T17:00,8.8,71,0.0
2026-02-01T18:00,7.0,69,0.0
2026-02-01T19:00,6.5,69,0.0
2026-02-01T20:00,4.6,75,0.0
2026-02-01T21:00,4.0,72,0.0
2026-02-01T22:00,3.5,71,0.0
2026-02-01T23:00,3.7,72,0.0
2026-02-02T00:00,4.4,69,0.0
2026-02-02T01:00,3.1,72,0.0
2026-02-02T02:00,3.0,78,0.0
2026-02-02T03:00,2.9,77,0.0
2026-02-02T04:00,3.1,78,0.0
2026-02-02T05:00,3.4,80,0.0
2026-02-02T06:00,4.1,83,0.0
2026-02-02T07:00,6.3,75,0.0
2026-02-02T08:00,6.3,75,0.0
2026-02-02T09:00,6.6,72,0.0
2026-02-02T10:00,9.4,64,0.0
2026-02-02T11:00,11.1,61,0.0
2026-02-02T12:00,13.9,56,0.0
2026-02-02T13:00,14.9,50,0.0
2026-02-02T14:00,13.7,56,1.6
2026-02-02T15:00,10.1,87,3.8
2026-02-02T16:00,10.0,81,0.1
2026-02-02T17:00,11.7,76,0.0
2026-02-02T18:00,9.3,88,0.5
2026-02-02T19:00,8.8,83,0.4
2026-02-02T20:00,7.2,84,0.7
2026-02-02T21:00,6.6,92,1.5
2026-02-02T22:00,6.2,94,0.9
2026-02-02T23:00,7.0,92,1.2
2026-02-03T00:00,7.2,91,0.3
2026-02-03T01:00,6.4,92,0.0
2026-02-03T02:00,6.1,88,0.0
2026-02-03T03:00,6.1,84,0.0
2026-02-03T04:00,5.5,84,0.0
2026-02-03T05:00,6.5,90,0.0
2026-02-03T06:00,6.5,89,0.2
2026-02-03T07:00,5.0,94,0.5
2026-02-03T08:00,5.5,92,0.0
2026-02-03T09:00,6.8,88,0.0
2026-02-03T10:00,7.8,84,0.0
2026-02-03T11:00,10.1,80,0.0
2026-02-03T12:00,12.5,65,0.0
2026-02-03T13:00,13.5,57,0.0
2026-02-03T14:00,14.0,55,0.0
2026-02-03T15:00,14.1,54,0.0
2026-02-03T16:00,13.8,56,0.0
2026-02-03T17:00,12.5,64,0.0
2026-02-03T18:00,10.7,67,0.0
2026-02-03T19:00,9.0,70,0.0
2026-02-03T20:00,8.2,68,0.0
2026-02-03T21:00,7.5,68,0.0
2026-02-03T22:00,6.8,70,0.0
2026-02-03T23:00,6.3,79,0.0
2026-02-04T00:00,5.7,80,0.0
2026-02-04T01:00,5.8,77,0.0
2026-02-04T02:00,6.0,71,0.0
2026-02-04T03:00,6.2,67,0.0
2026-02-04T04:00,6.2,63,0.0
2026-02-04T05:00,6.4,64,0.0
2026-02-04T06:00,6.0,62,0.0
2026-02-04T07:00,5.6,60,0.0
2026-02-04T08:00,5.8,55,0.0
2026-02-04T09:00,7.0,52,0.0
2026-02-04T10:00,9.3,48,0.0
2026-02-04T11:00,12.2,54,0.0
2026-02-04T12:00,14.6,50,0.0
2026-02-04T13:00,15.9,43,0.0
2026-02-04T14:00,16.6,40,0.0
2026-02-04T15:00,16.6,44,0.0
2026-02-04T16:00,15.5,51,0.0
2026-02-04T17:00,13.5,55,0.0
2026-02-04T18:00,10.9,55,0.0
2026-02-04T19:00,9.6,47,0.0
2026-02-04T20:00,8.5,46,0.0
2026-02-04T21:00,7.7,49,0.0
2026-02-04T22:00,7.3,49,0.0
2026-02-04T23:00,6.2,60,0.0
2026-02-05T00:00,6.3,60,0.0
2026-02-05T01:00,6.8,53,0.0
2026-02-05T02:00,7.5,50,0.0
2026-02-05T03:00,7.9,50,0.0
2026-02-05T04:00,7.0,62,0.0
2026-02-05T05:00,7.4,64,0.0
2026-02-05T06:00,7.6,66,0.0
2026-02-05T07:00,8.7,55,0.0
2026-02-05T08:00,9.4,51,0.0
2026-02-05T09:00,11.2,45,0.0
2026-02-05T10:00,13.0,45,0.0
2026-02-05T11:00,13.4,55,0.0
2026-02-05T12:00,15.0,46,0.0
2026-02-05T13:00,15.2,46,0.0
2026-02-05T14:00,15.9,50,0.0
2026-02-05T15:00,15.0,57,0.0
2026-02-05T16:00,13.6,70,0.6
2026-02-05T17:00,12.1,54,0.0
2026-02-05T18:00,12.1,66,0.0
2026-02-05T19:00,10.8,79,0.1
2026-02-05T20:00,9.8,84,0.1
2026-02-05T21:00,9.1,88,1.5
2026-02-05T22:00,7.9,97,0.7
2026-02-05T23:00,7.0,93,0.7
2026-02-06T00:00,6.6,97,0.3
2026-02-06T01:00,5.7,96,0.1
2026-02-06T02:00,5.3,93,0.2
2026-02-06T03:00,4.7,93,0.1
2026-02-06T04:00,3.9,92,0.0
2026-02-06T05:00,2.9,89,0.0
2026-02-06T06:00,2.3,87,0.0
2026-02-06T07:00,2.0,87,0.1
2026-02-06T08:00,1.6,92,0.4
2026-02-06T09:00,1.5,94,0.6
2026-02-06T10:00,1.8,91,0.3
2026-02-06T11:00,1.8,87,0.1
2026-02-06T12:00,2.2,86,0.1
2026-02-06T13:00,2.4,87,0.2
2026-02-06T14:00,2.6,87,0.1
2026-02-06T15:00,4.0,76,0.0
2026-02-06T16:00,4.4,72,0.0
2026-02-06T17:00,4.7,70,0.0
2026-02-06T18:00,4.2,80,0.0
2026-02-06T19:00,2.9,78,0.0
2026-02-06T20:00,1.8,83,0.0
2026-02-06T21:00,1.6,85,0.0
2026-02-06T22:00,1.5,85,0.0
2026-02-06T23:00,2.2,86,0.0
2026-02-07T00:00,2.0,89,0.0
2026-02-07T01:00,1.9,88,0.0
2026-02-07T02:00,1.7,86,0.0
2026-02-07T03:00,1.7,86,0.0
2026-02-07T04:00,1.7,83,0.0
2026-02-07T05:00,1.5,83,0.0
2026-02-07T06:00,1.4,82,0.0
2026-02-07T07:00,1.7,76,0.0
2026-02-07T08:00,2.1,75,0.0
2026-02-07T09:00,3.3,73,0.0
2026-02-07T10:00,4.7,71,0.0
2026-02-07T11:00,6.3,65,0.0
2026-02-07T12:00,7.8,61,0.0
2026-02-07T13:00,8.8,57,0.0
2026-02-07T14:00,9.2,56,0.0
2026-02-07T15:00,9.0,57,0.0
2026-02-07T16:00,8.3,62,0.0
2026-02-07T17:00,8.4,66,0.0
2026-02-07T18:00,6.0,74,0.0
2026-02-07T19:00,4.4,79,0.0
2026-02-07T20:00,3.6,83,0.0
2026-02-07T21:00,3.0,84,0.0
2026-02-07T22:00,2.2,86,0.0
2026-02-07T23:00,2.5,87,0.0
2026-02-08T00:00,1.8,88,0.0
2026-02-08T01:00,1.1,90,0.0
2026-02-08T02:00,0.3,89,0.0
2026-02-08T03:00,0.6,84,0.0
2026-02-08T04:00,1.5,71,0.0
2026-02-08T05:00,2.4,64,0.0
2026-02-08T06:00,3.0,59,0.0
2026-02-08T07:00,2.2,62,0.0
2026-02-08T08:00,2.5,57,0.0
2026-02-08T09:00,4.8,50,0.0
2026-02-08T10:00,7.7,42,0.0
2026-02-08T11:00,10.6,36,0.0
2026-02-08T12:00,12.1,39,0.0
2026-02-08T13:00,13.1,40,0.0
2026-02-08T14:00,13.6,41,0.0
2026-02-08T15:00,13.1,44,0.0
2026-02-08T16:00,11.5,50,0.0
2026-02-08T17:00,10.0,56,0.0
2026-02-08T18:00,8.7,66,0.0
2026-02-08T19:00,7.6,71,0.0
2026-02-08T20:00,7.1,72,0.0
2026-02-08T21:00,6.9,71,0.0
2026-02-08T22:00,6.5,71,0.0
2026-02-08T23:00,5.9,79,0.0
2026-02-09T00:00,5.9,73,0.0
2026-02-09T01:00,6.3,69,0.0
2026-02-09T02:00,6.3,69,0.0
2026-02-09T03:00,5.9,70,0.0
2026-02-09T04:00,5.4,68,0.0
2026-02-09T05:00,5.9,69,0.0
2026-02-09T06:00,5.4,72,0.0
2026-02-09T07:00,5.8,68,0.0
2026-02-09T08:00,7.7,53,0.0
2026-02-09T09:00,9.3,51,0.0
2026-02-09T10:00,9.9,56,0.0
2026-02-09T11:00,10.2,50,0.0
2026-02-09T12:00,11.4,52,0.0
2026-02-09T13:00,10.6,61,0.0
2026-02-09T14:00,11.0,55,0.0
2026-02-09T15:00,10.4,61,0.0
2026-02-09T16:00,10.5,64,0.0
2026-02-09T17:00,10.9,73,0.0
2026-02-09T18:00,10.3,70,0.0
2026-02-09T19:00,9.3,76,5.7
2026-02-09T20:00,9.3,77,0.5
2026-02-09T21:00,8.6,79,0.0
2026-02-09T22:00,7.8,81,0.0
2026-02-09T23:00,7.7,87,0.0
2026-02-10T00:00,8.1,83,0.0
2026-02-10T01:00,8.7,76,0.0
2026-02-10T02:00,8.7,70,0.0
2026-02-10T03:00,8.4,67,0.0
2026-02-10T04:00,7.0,72,0.0
2026-02-10T05:00,8.0,71,0.0
2026-02-10T06:00,7.2,75,0.0
2026-02-10T07:00,6.0,80,0.0
2026-02-10T08:00,6.2,79,0.0
2026-02-10T09:00,8.4,71,0.0
2026-02-10T10:00,10.7,66,0.0
2026-02-10T11:00,13.5,53,0.0
2026-02-10T12:00,15.3,46,0.0
2026-02-10T13:00,15.7,46,0.0
2026-02-10T14:00,16.2,45,0.0
2026-02-10T15:00,16.2,47,0.0
2026-02-10T16:00,13.4,62,0.0
2026-02-10T17:00,14.9,54,0.0
2026-02-10T18:00,11.9,69,0.0
2026-02-10T19:00,11.5,71,0.3
2026-02-10T20:00,10.2,79,0.2
2026-02-10T21:00,9.1,85,2.3
2026-02-10T22:00,9.3,77,3.4
2026-02-10T23:00,9.6,89,0.0
2026-02-11T00:00,8.6,93,1.3
2026-02-11T01:00,8.9,88,1.8
2026-02-11T02:00,8.7,88,0.0
2026-02-11T03:00,8.9,80,0.0
2026-02-11T04:00,8.8,82,0.0
2026-02-11T05:00,8.0,91,0.4
2026-02-11T06:00,8.0,92,0.8
2026-02-11T07:00,8.1,94,0.2
2026-02-11T08:00,6.6,97,0.3
2026-02-11T09:00,5.1,91,0.5
2026-02-11T10:00,5.5,90,1.2
2026-02-11T11:00,5.5,93,3.7
2026-02-11T12:00,5.9,93,1.9
2026-02-11T13:00,5.9,94,2.1
2026-02-11T14:00,5.6,95,1.4
2026-02-11T15:00,5.5,95,0.9
2026-02-11T16:00,5.2,96,1.1
2026-02-11T17:00,5.1,98,0.7
2026-02-11T18:00,5.0,99,1.3
2026-02-11T19:00,5.3,97,1.4
2026-02-11T20:00,5.4,97,1.3
2026-02-11T21:00,5.5,95,1.2
2026-02-11T22:00,5.5,94,0.9
2026-02-11T23:00,5.0,95,0.4
2026-02-12T00:00,4.8,96,0.4
2026-02-12T01:00,5.0,96,0.1
2026-02-12T02:00,4.9,96,2.7
2026-02-12T03:00,4.6,97,1.5
2026-02-12T04:00,4.3,97,3.0
2026-02-12T05:00,4.3,99,5.4
2026-02-12T06:00,4.4,99,0.2
2026-02-12T07:00,4.0,99,1.9
2026-02-12T08:00,4.3,100,1.3
2026-02-12T09:00,4.7,99,0.4
2026-02-12T10:00,5.6,97,1.6
2026-02-12T11:00,6.5,96,0.2
2026-02-12T12:00,7.6,94,0.0
2026-02-12T13:00,8.6,89,2.2
2026-02-12T14:00,10.3,86,0.0
2026-02-12T15:00,10.4,85,0.0
2026-02-12T16:00,10.0,88,0.0
2026-02-12T17:00,8.9,94,0.0
2026-02-12T18:00,7.6,96,0.0
2026-02-12T19:00,6.7,96,0.1
2026-02-12T20:00,7.3,94,0.1
2026-02-12T21:00,6.8,92,0.3
2026-02-12T22:00,5.8,96,0.1
2026-02-12T23:00,6.8,94,0.0
2026-02-13T00:00,7.0,95,2.5
2026-02-13T01:00,6.4,97,0.9
2026-02-13T02:00,6.8,97,0.0
2026-02-13T03:00,6.4,97,0.0
2026-02-13T04:00,6.2,97,0.0
2026-02-13T05:00,6.0,98,0.0
2026-02-13T06:00,6.3,96,0.0
2026-02-13T07:00,6.6,94,0.1
2026-02-13T08:00,6.8,96,0.0
2026-02-13T09:00,7.9,95,0.0
2026-02-13T10:00,9.6,92,0.0
2026-02-13T11:00,9.9,89,0.0
2026-02-13T12:00,11.2,81,0.0
2026-02-13T13:00,12.0,77,0.0
2026-02-13T14:00,12.7,75,0.0
2026-02-13T15:00,13.3,71,0.0
2026-02-13T16:00,13.3,71,0.0
2026-02-13T17:00,11.3,85,0.0
2026-02-13T18:00,9.6,94,1.0
2026-02-13T19:00,8.2,97,2.0
2026-02-13T20:00,7.9,95,3.7
2026-02-13T21:00,8.2,94,1.6
2026-02-13T22:00,8.1,96,1.1
2026-02-13T23:00,8.5,96,0.6
2026-02-14T00:00,8.5,94,2.0
2026-02-14T01:00,8.3,86,0.1
2026-02-14T02:00,6.8,90,0.0
2026-02-14T03:00,6.2,93,0.0
2026-02-14T04:00,6.2,92,0.0
2026-02-14T05:00,6.5,90,0.0
2026-02-14T06:00,5.1,92,0.0
2026-02-14T07:00,4.6,94,0.0
2026-02-14T08:00,5.1,93,0.0
2026-02-14T09:00,7.8,85,0.0
2026-02-14T10:00,10.4,78,0.0
2026-02-14T11:00,12.1,70,0.0
2026-02-14T12:00,14.1,63,0.0
2026-02-14T13:00,15.3,57,0.0
2026-02-14T14:00,15.7,53,0.0
2026-02-14T15:00,15.7,52,0.0
2026-02-14T16:00,15.4,54,0.0
2026-02-14T17:00,14.5,67,0.0
2026-02-14T18:00,12.6,67,0.0
2026-02-14T19:00,11.9,69,0.0
2026-02-14T20:00,11.0,74,0.0
2026-02-14T21:00,10.3,77,0.0
2026-02-14T22:00,9.1,80,0.0
2026-02-14T23:00,8.4,86,0.0
2026-02-15T00:00,7.9,86,0.0
2026-02-15T01:00,7.7,82,0.0
2026-02-15T02:00,7.9,73,0.0
2026-02-15T03:00,8.2,64,0.0
2026-02-15T04:00,8.1,62,0.0
2026-02-15T05:00,7.7,68,0.0
2026-02-15T06:00,7.3,70,0.0
2026-02-15T07:00,7.7,68,0.0
2026-02-15T08:00,8.9,63,0.0
2026-02-15T09:00,11.2,60,0.0
2026-02-15T10:00,13.9,57,0.0
2026-02-15T11:00,15.7,60,0.0
2026-02-15T12:00,17.5,52,0.0
2026-02-15T13:00,18.8,46,0.0
2026-02-15T14:00,19.3,47,0.0
2026-02-15T15:00,19.8,47,0.0
2026-02-15T16:00,19.4,50,0.0
2026-02-15T17:00,18.1,64,0.0
2026-02-15T18:00,15.2,66,0.0
2026-02-15T19:00,13.4,71,0.0
2026-02-15T20:00,13.3,55,0.0
2026-02-15T21:00,13.7,50,0.0
2026-02-15T22:00,12.9,53,0.0
2026-02-15T23:00,11.0,67,0.0
2026-02-16T00:00,11.2,62,0.0
2026-02-16T01:00,11.5,61,0.0
2026-02-16T02:00,12.4,58,0.0
2026-02-16T03:00,12.2,62,0.0
2026-02-16T04:00,13.8,50,0.0
2026-02-16T05:00,11.2,68,0.0
2026-02-16T06:00,10.6,70,0.0
2026-02-16T07:00,11.5,67,0.0
2026-02-16T08:00,12.4,64,0.0
2026-02-16T09:00,12.4,69,0.0
2026-02-16T10:00,13.7,64,0.0
2026-02-16T11:00,15.5,61,0.0
2026-02-16T12:00,18.2,57,0.0
2026-02-16T13:00,19.2,54,0.0
2026-02-16T14:00,19.2,55,0.0
2026-02-16T15:00,19.0,52,0.0
2026-02-16T16:00,18.0,56,0.0
2026-02-16T17:00,15.2,82,0.2
2026-02-16T18:00,13.6,89,0.3
2026-02-16T19:00,12.6,95,0.8
2026-02-16T20:00,12.0,94,1.4
2026-02-16T21:00,11.6,94,0.7
2026-02-16T22:00,11.5,94,0.2
2026-02-16T23:00,11.9,96,1.1
2026-02-17T00:00,11.7,96,0.6
2026-02-17T01:00,11.5,97,0.3
2026-02-17T02:00,11.1,97,0.2
2026-02-17T03:00,10.8,97,0.3
2026-02-17T04:00,10.8,97,0.5
2026-02-17T05:00,10.1,97,0.1
2026-02-17T06:00,10.0,97,0.1
2026-02-17T07:00,9.4,99,0.1
2026-02-17T08:00,9.5,99,0.0
2026-02-17T09:00,10.6,96,0.0
2026-02-17T10:00,12.0,92,0.0
2026-02-17T11:00,11.6,92,0.0
2026-02-17T12:00,12.9,85,0.0
2026-02-17T13:00,13.8,80,0.0
2026-02-17T14:00,14.6,76,0.0
2026-02-17T15:00,14.8,74,0.0
2026-02-17T16:00,15.1,71,0.0
2026-02-17T17:00,14.9,72,0.0
2026-02-17T18:00,13.1,79,0.0
2026-02-17T19:00,12.1,82,0.0
2026-02-17T20:00,11.2,85,0.0
2026-02-17T21:00,10.6,89,0.0
2026-02-17T22:00,9.8,92,0.0
2026-02-17T23:00,9.3,94,0.0
2026-02-18T00:00,9.5,94,0.0
2026-02-18T01:00,8.8,95,0.0
2026-02-18T02:00,8.3,95,0.0
2026-02-18T03:00,8.5,91,0.0
2026-02-18T04:00,8.2,85,0.0
2026-02-18T05:00,8.1,81,0.0
2026-02-18T06:00,7.9,85,0.0
2026-02-18T07:00,7.6,88,0.0
2026-02-18T08:00,7.9,90,0.0
2026-02-18T09:00,9.7,84,0.0
2026-02-18T10:00,12.4,81,0.0
2026-02-18T11:00,14.9,64,0.0
2026-02-18T12:00,16.6,57,0.0
2026-02-18T13:00,18.0,53,0.0
2026-02-18T14:00,19.0,50,0.0
2026-02-18T15:00,19.6,50,0.0
2026-02-18T16:00,19.4,56,0.0
2026-02-18T17:00,18.2,67,0.0
2026-02-18T18:00,16.1,68,0.0
2026-02-18T19:00,14.3,75,0.0
2026-02-18T20:00,14.2,73,0.0
2026-02-18T21:00,13.2,71,0.0
2026-02-18T22:00,12.7,66,0.0
2026-02-18T23:00,10.9,82,0.0
2026-02-19T00:00,10.5,83,0.0
2026-02-19T01:00,10.4,81,0.0
2026-02-19T02:00,10.7,77,0.0
2026-02-19T03:00,10.5,75,0.0
2026-02-19T04:00,9.8,74,0.0
2026-02-19T05:00,10.0,73,0.0
2026-02-19T06:00,9.1,76,0.0
2026-02-19T07:00,7.7,82,0.0
2026-02-19T08:00,8.4,79,0.0
2026-02-19T09:00,11.6,65,0.0
2026-02-19T10:00,15.2,53,0.0
2026-02-19T11:00,17.2,52,0.0
2026-02-19T12:00,20.1,47,0.0
2026-02-19T13:00,22.1,38,0.0
2026-02-19T14:00,23.0,33,0.0
2026-02-19T15:00,22.8,35,0.0
2026-02-19T16:00,21.9,40,0.0
2026-02-19T17:00,20.4,48,0.0
2026-02-19T18:00,18.0,52,0.0
2026-02-19T19:00,16.7,54,0.0
2026-02-19T20:00,15.4,56,0.0
2026-02-19T21:00,13.9,60,0.0
2026-02-19T22:00,12.4,67,0.0
2026-02-19T23:00,11.5,71,0.0
2026-02-20T00:00,10.9,73,0.0
2026-02-20T01:00,10.0,74,0.0
2026-02-20T02:00,9.6,72,0.0
2026-02-20T03:00,9.2,69,0.0
2026-02-20T04:00,8.7,68,0.0
2026-02-20T05:00,9.3,65,0.0
2026-02-20T06:00,8.8,66,0.0
2026-02-20T07:00,8.5,64,0.0
2026-02-20T08:00,9.2,61,0.0
2026-02-20T09:00,11.9,56,0.0
2026-02-20T10:00,15.1,53,0.0
2026-02-20T11:00,18.6,49,0.0
2026-02-20T12:00,21.1,44,0.0
2026-02-20T13:00,22.5,39,0.0
2026-02-20T14:00,23.1,32,0.0
2026-02-20T15:00,23.2,30,0.0
2026-02-20T16:00,22.4,35,0.0
2026-02-20T17:00,20.1,50,0.0
2026-02-20T18:00,17.6,57,0.0
2026-02-20T19:00,16.2,62,0.0
2026-02-20T20:00,15.0,66,0.0
2026-02-20T21:00,14.7,67,0.0
2026-02-20T22:00,13.6,70,0.0
2026-02-20T23:00,13.7,57,0.0
2026-02-21T00:00,13.0,54,0.0
2026-02-21T01:00,12.2,64,0.0
2026-02-21T02:00,12.7,91,0.0
2026-02-21T03:00,11.9,93,0.4
2026-02-21T04:00,10.7,94,0.4
2026-02-21T05:00,9.6,92,0.1
2026-02-21T06:00,9.1,93,0.2
2026-02-21T07:00,8.5,90,0.2
2026-02-21T08:00,8.2,90,0.0
2026-02-21T09:00,8.6,88,0.0
2026-02-21T10:00,9.5,79,0.0
2026-02-21T11:00,10.7,74,0.0
2026-02-21T12:00,11.6,67,0.0
2026-02-21T13:00,12.3,59,0.0
2026-02-21T14:00,12.4,57,0.0
2026-02-21T15:00,12.5,53,0.0
2026-02-21T16:00,12.3,50,0.0
2026-02-21T17:00,12.0,56,0.0
2026-02-21T18:00,10.1,66,0.0
2026-02-21T19:00,9.2,73,0.0
2026-02-21T20:00,8.1,79,0.0
2026-02-21T21:00,7.4,80,0.0
2026-02-21T22:00,6.7,83,0.0
2026-02-21T23:00,7.3,85,0.0
2026-02-22T00:00,6.6,86,0.0
2026-02-22T01:00,6.0,88,0.0
2026-02-22T02:00,5.3,90,0.0
2026-02-22T03:00,4.7,92,0.0
2026-02-22T04:00,4.2,92,0.0
2026-02-22T05:00,3.9,83,0.0
2026-02-22T06:00,3.7,80,0.0
2026-02-22T07:00,3.4,79,0.0
2026-02-22T08:00,4.5,75,0.0
2026-02-22T09:00,7.0,72,0.0
2026-02-22T10:00,9.9,67,0.0
2026-02-22T11:00,11.7,62,0.0
2026-02-22T12:00,13.2,56,0.0
2026-02-22T13:00,14.1,52,0.0
2026-02-22T14:00,14.6,51,0.0
2026-02-22T15:00,14.7,51,0.0
2026-02-22T16:00,14.5,53,0.0
2026-02-22T17:00,14.1,59,0.0
2026-02-22T18:00,11.5,71,0.0
2026-02-22T19:00,10.2,76,0.0
2026-02-22T20:00,9.1,83,0.0
2026-02-22T21:00,8.1,86,0.0
2026-02-22T22:00,7.6,86,0.0
2026-02-22T23:00,7.9,84,0.0
2026-02-23T00:00,7.6,85,0.0
2026-02-23T01:00,7.2,86,0.0
2026-02-23T02:00,6.1,90,0.0
2026-02-23T03:00,5.0,95,0.0
2026-02-23T04:00,4.1,99,0.0
2026-02-23T05:00,4.6,93,0.0
2026-02-23T06:00,4.0,90,0.0
2026-02-23T07:00,3.3,92,0.0
2026-02-23T08:00,3.9,92,0.0
2026-02-23T09:00,6.6,85,0.0
2026-02-23T10:00,9.3,78,0.0
2026-02-23T11:00,11.2,63,0.0
2026-02-23T12:00,13.0,52,0.0
2026-02-23T13:00,14.0,47,0.0
2026-02-23T14:00,14.6,46,0.0
2026-02-23T15:00,14.7,46,0.0
2026-02-23T16:00,14.5,47,0.0
2026-02-23T17:00,13.7,54,0.0
2026-02-23T18:00,11.0,62,0.0
2026-02-23T19:00,9.5,65,0.0
2026-02-23T20:00,8.2,67,0.0
2026-02-23T21:00,7.1,69,0.0
2026-02-23T22:00,6.5,71,0.0
2026-02-23T23:00,6.1,79,0.0
2026-02-24T00:00,5.8,83,0.0
2026-02-24T01:00,5.7,85,0.0
2026-02-24T02:00,6.0,84,0.0
2026-02-24T03:00,6.3,84,0.3
2026-02-24T04:00,5.9,85,0.0
2026-02-24T05:00,6.2,82,0.0
2026-02-24T06:00,6.3,83,0.0
2026-02-24T07:00,5.7,82,0.0
2026-02-24T08:00,5.9,81,0.0
2026-02-24T09:00,7.7,76,0.0
2026-02-24T10:00,9.5,74,0.3
2026-02-24T11:00,10.9,72,0.0
2026-02-24T12:00,11.7,68,0.0
2026-02-24T13:00,13.1,61,0.0
2026-02-24T14:00,13.6,58,0.0
2026-02-24T15:00,13.7,58,0.0
2026-02-24T16:00,13.7,59,0.0
2026-02-24T17:00,13.0,68,0.0
2026-02-24T18:00,11.8,72,0.0
2026-02-24T19:00,11.2,69,0.0
2026-02-24T20:00,9.4,77,0.0
2026-02-24T21:00,8.8,79,0.0
2026-02-24T22:00,8.2,75,0.0
2026-02-24T23:00,7.5,79,0.0
2026-02-25T00:00,7.8,77,0.0
2026-02-25T01:00,7.2,77,0.0
2026-02-25T02:00,5.9,79,0.0
2026-02-25T03:00,5.2,80,0.0
2026-02-25T04:00,5.0,79,0.0
2026-02-25T05:00,5.4,77,0.0
2026-02-25T06:00,5.8,68,0.0
2026-02-25T07:00,7.0,57,0.0
2026-02-25T08:00,7.9,56,0.0
2026-02-25T09:00,9.7,54,0.0
2026-02-25T10:00,11.8,55,0.0
2026-02-25T11:00,13.8,53,0.0
2026-02-25T12:00,16.4,46,0.0
2026-02-25T13:00,18.3,41,0.0
2026-02-25T14:00,19.6,39,0.0
2026-02-25T15:00,20.2,39,0.0
2026-02-25T16:00,20.2,41,0.0
2026-02-25T17:00,18.7,54,0.0
2026-02-25T18:00,17.1,50,0.0
2026-02-25T19:00,15.7,52,0.0
2026-02-25T20:00,14.7,52,0.0
2026-02-25T21:00,14.2,52,0.0
2026-02-25T22:00,13.9,51,0.0
2026-02-25T23:00,12.2,68,0.0
2026-02-26T00:00,12.1,70,0.0
2026-02-26T01:00,11.3,79,0.0
2026-02-26T02:00,10.3,85,0.6
2026-02-26T03:00,8.7,91,2.5
2026-02-26T04:00,8.4,92,3.5
2026-02-26T05:00,7.3,92,1.3
2026-02-26T06:00,7.0,91,0.4
2026-02-26T07:00,7.0,92,0.1
2026-02-26T08:00,7.1,92,0.0
2026-02-26T09:00,7.5,82,0.0
2026-02-26T10:00,7.1,81,0.1
2026-02-26T11:00,6.8,78,0.1
2026-02-26T12:00,7.1,75,0.0
2026-02-26T13:00,7.5,76,0.1
2026-02-26T14:00,8.0,73,0.1
2026-02-26T15:00,8.0,72,0.0
2026-02-26T16:00,8.0,71,0.0
2026-02-26T17:00,8.1,69,0.0
2026-02-26T18:00,6.8,79,0.0
2026-02-26T19:00,6.5,81,0.0
2026-02-26T20:00,5.7,84,0.0
2026-02-26T21:00,5.2,84,0.0
2026-02-26T22:00,4.8,85,0.0
2026-02-26T23:00,6.2,79,0.0
2026-02-27T00:00,5.3,85,0.0
2026-02-27T01:00,4.5,84,0.0
2026-02-27T02:00,4.8,81,0.0
2026-02-27T03:00,4.4,81,0.0
2026-02-27T04:00,4.0,81,0.0
2026-02-27T05:00,3.5,83,0.0
2026-02-27T06:00,3.2,86,0.0
2026-02-27T07:00,3.0,85,0.0
2026-02-27T08:00,4.1,80,0.0
2026-02-27T09:00,6.4,76,0.0
2026-02-27T10:00,8.9,68,0.0
2026-02-27T11:00,10.6,64,0.0
2026-02-27T12:00,11.8,58,0.0
2026-02-27T13:00,12.8,50,0.0
2026-02-27T14:00,13.2,46,0.0
2026-02-27T15:00,13.5,43,0.0
2026-02-27T16:00,13.2,42,0.0
2026-02-27T17:00,13.0,49,0.0
2026-02-27T18:00,11.3,61,0.0
2026-02-27T19:00,8.5,76,0.0
2026-02-27T20:00,5.7,91,0.0
2026-02-27T21:00,5.1,87,0.0
2026-02-27T22:00,4.2,87,0.0
2026-02-27T23:00,2.9,89,0.0
2026-02-28T00:00,2.3,89,0.0
2026-02-28T01:00,1.6,88,0.0
2026-02-28T02:00,1.4,86,0.0
2026-02-28T03:00,1.1,85,0.0
2026-02-28T04:00,0.8,86,0.0
2026-02-28T05:00,0.6,86,0.0
2026-02-28T06:00,0.3,86,0.0
2026-02-28T07:00,0.3,85,0.0
2026-02-28T08:00,0.2,85,0.0
2026-02-28T09:00,1.1,83,0.0
2026-02-28T10:00,2.9,78,0.0
2026-02-28T11:00,3.0,79,0.0
2026-02-28T12:00,4.0,76,0.0
2026-02-28T13:00,5.2,73,0.0
2026-02-28T14:00,6.3,68,0.0
2026-02-28T15:00,6.8,64,0.0
2026-02-28T16:00,7.1,62,0.0
2026-02-28T17:00,6.7,67,0.0
2026-02-28T18:00,5.6,74,0.0
2026-02-28T19:00,4.7,77,0.0
2026-02-28T20:00,3.8,80,0.0
2026-02-28T21:00,3.1,82,0.0
2026-02-28T22:00,2.5,83,0.0
2026-02-28T23:00,1.9,88,0.0
2026-03-01T00:00,1.3,91,0.0
2026-03-01T01:00,1.0,92,0.0
2026-03-01T02:00,0.6,94,0.0
2026-03-01T03:00,0.3,96,0.0
2026-03-01T04:00,-0.2,98,0.0
2026-03-01T05:00,-0.5,100,0.0
2026-03-01T06:00,-0.9,99,0.0
2026-03-01T07:00,-0.9,99,0.0
2026-03-01T08:00,-0.4,96,0.0
2026-03-01T09:00,0.8,96,0.0
2026-03-01T10:00,2.8,93,0.0
2026-03-01T11:00,5.5,82,0.0
2026-03-01T12:00,8.2,70,0.0
2026-03-01T13:00,10.1,60,0.0
2026-03-01T14:00,11.3,53,0.0
2026-03-01T15:00,12.1,51,0.0
2026-03-01T16:00,11.8,54,0.0
2026-03-01T17:00,11.8,61,0.0
2026-03-01T18:00,9.5,70,0.0
2026-03-01T19:00,8.5,69,0.0
2026-03-01T20:00,7.2,75,0.0
2026-03-01T21:00,6.3,78,0.0
2026-03-01T22:00,5.7,81,0.0
2026-03-01T23:00,4.6,90,0.0
2026-03-02T00:00,4.1,91,0.0
2026-03-02T01:00,4.6,87,0.0
2026-03-02T02:00,5.4,80,0.0
2026-03-02T03:00,5.1,81,0.0
2026-03-02T04:00,5.2,78,0.0
2026-03-02T05:00,5.2,78,0.0
2026-03-02T06:00,5.3,79,0.2
2026-03-02T07:00,4.7,87,1.4
2026-03-02T08:00,5.4,86,0.3
2026-03-02T09:00,6.1,88,0.4
2026-03-02T10:00,6.9,86,0.0
2026-03-02T11:00,9.8,80,0.0
2026-03-02T12:00,12.9,69,0.0
2026-03-02T13:00,15.2,53,0.0
2026-03-02T14:00,15.6,49,0.0
2026-03-02T15:00,14.0,57,0.2
2026-03-02T16:00,12.3,67,0.0
2026-03-02T17:00,10.5,74,0.2
2026-03-02T18:00,9.1,82,0.5
2026-03-02T19:00,8.5,87,1.3
2026-03-02T20:00,7.9,91,0.6
2026-03-02T21:00,8.1,91,0.0
2026-03-02T22:00,6.8,94,0.0
2026-03-02T23:00,8.0,93,0.0
2026-03-03T00:00,7.8,94,0.0
2026-03-03T01:00,6.2,97,0.0
2026-03-03T02:00,5.6,96,0.0
2026-03-03T03:00,6.0,96,0.0
2026-03-03T04:00,5.0,98,0.0
2026-03-03T05:00,5.8,100,0.0
2026-03-03T06:00,5.4,100,0.0
2026-03-03T07:00,5.3,100,0.0
2026-03-03T08:00,6.0,98,0.0
2026-03-03T09:00,7.1,96,0.0
2026-03-03T10:00,8.9,91,0.0
2026-03-03T11:00,9.3,90,0.0
2026-03-03T12:00,10.2,84,0.0
2026-03-03T13:00,10.8,79,0.0
2026-03-03T14:00,12.0,74,0.0
2026-03-03T15:00,12.1,73,0.0
2026-03-03T16:00,12.0,74,0.0
2026-03-03T17:00,11.5,77,0.0
2026-03-03T18:00,10.2,88,0.0
2026-03-03T19:00,9.2,88,0.0
2026-03-03T20:00,9.1,88,0.0
2026-03-03T21:00,9.4,86,0.0
2026-03-03T22:00,9.1,89,0.0
2026-03-03T23:00,9.1,92,0.0
2026-03-04T00:00,9.3,92,0.0
2026-03-04T01:00,8.6,94,0.5
2026-03-04T02:00,8.7,96,0.0
2026-03-04T03:00,8.4,96,0.0
2026-03-04T04:00,8.4,97,0.0
2026-03-04T05:00,7.3,97,0.0
2026-03-04T06:00,7.2,98,0.0
2026-03-04T07:00,7.9,96,0.4
2026-03-04T08:00,8.0,98,1.5
2026-03-04T09:00,7.4,93,1.2
2026-03-04T10:00,6.8,94,2.2
2026-03-04T11:00,6.3,88,1.7
2026-03-04T12:00,5.7,93,1.1
2026-03-04T13:00,6.0,87,0.7
2026-03-04T14:00,6.2,85,0.3
2026-03-04T15:00,6.2,86,0.1
2026-03-04T16:00,6.1,85,0.1
2026-03-04T17:00,6.3,82,0.0
2026-03-04T18:00,5.9,85,0.0
2026-03-04T19:00,5.6,89,0.0
2026-03-04T20:00,5.6,90,0.0
2026-03-04T21:00,5.5,92,0.0
2026-03-04T22:00,5.6,91,0.0
2026-03-04T23:00,5.7,92,0.0
2026-03-05T00:00,5.5,93,0.0
2026-03-05T01:00,5.5,93,0.0
2026-03-05T02:00,5.5,93,0.0
2026-03-05T03:00,5.5,91,0.0
2026-03-05T04:00,5.7,90,0.0
2026-03-05T05:00,5.7,88,0.0
2026-03-05T06:00,5.8,89,0.1
2026-03-05T07:00,5.7,91,0.1
2026-03-05T08:00,5.9,92,0.2
2026-03-05T09:00,6.1,93,0.5
2026-03-05T10:00,6.8,94,0.9
2026-03-05T11:00,7.1,95,0.7
2026-03-05T12:00,7.6,95,1.0
2026-03-05T13:00,7.1,98,1.1
2026-03-05T14:00,7.2,95,1.7
2026-03-05T15:00,7.4,94,1.1
2026-03-05T16:00,7.0,96,1.6
2026-03-05T17:00,5.9,97,1.2
2026-03-05T18:00,5.4,98,0.6
2026-03-05T19:00,5.0,98,0.6
2026-03-05T20:00,4.6,98,0.4
2026-03-05T21:00,4.4,97,0.1
2026-03-05T22:00,4.3,97,0.0
2026-03-05T23:00,3.7,95,0.0
2026-03-06T00:00,3.5,96,0.0
2026-03-06T01:00,3.3,96,0.0
2026-03-06T02:00,3.1,95,0.0
2026-03-06T03:00,2.9,97,0.0
2026-03-06T04:00,2.5,99,0.0
2026-03-06T05:00,2.7,97,0.0
2026-03-06T06:00,2.4,98,0.0
2026-03-06T07:00,2.5,98,0.0
2026-03-06T08:00,3.1,96,0.0
2026-03-06T09:00,4.8,90,0.0
2026-03-06T10:00,6.4,82,0.0
2026-03-06T11:00,6.5,82,0.0
2026-03-06T12:00,7.9,77,0.0
2026-03-06T13:00,9.2,70,0.0
2026-03-06T14:00,10.5,63,0.0
2026-03-06T15:00,11.0,60,0.0
2026-03-06T16:00,10.8,61,0.0
2026-03-06T17:00,11.8,61,0.0
2026-03-06T18:00,10.4,70,0.0
2026-03-06T19:00,8.5,78,0.0
2026-03-06T20:00,7.0,85,0.0
2026-03-06T21:00,6.3,87,0.0
2026-03-06T22:00,6.2,88,0.0
2026-03-06T23:00,5.5,91,0.0
2026-03-07T00:00,5.7,92,0.0
2026-03-07T01:00,5.5,93,0.0
2026-03-07T02:00,5.3,92,0.0
2026-03-07T03:00,4.8,92,0.0
2026-03-07T04:00,4.5,92,0.0
2026-03-07T05:00,4.5,87,0.0
2026-03-07T06:00,4.9,80,0.0
2026-03-07T07:00,4.7,81,0.0
2026-03-07T08:00,6.1,79,0.0
2026-03-07T09:00,8.7,77,0.0
2026-03-07T10:00,11.8,69,0.0
2026-03-07T11:00,13.6,62,0.0
2026-03-07T12:00,15.2,57,0.0
2026-03-07T13:00,16.3,53,0.0
2026-03-07T14:00,16.7,51,0.0
2026-03-07T15:00,17.1,50,0.0
2026-03-07T16:00,17.0,51,0.0
2026-03-07T17:00,16.9,57,0.0
2026-03-07T18:00,14.3,70,0.0
2026-03-07T19:00,12.4,78,0.0
2026-03-07T20:00,11.2,81,0.0
2026-03-07T21:00,10.3,84,0.0
2026-03-07T22:00,9.8,84,0.0
2026-03-07T23:00,10.3,83,0.0
2026-03-08T00:00,9.7,86,0.1
2026-03-08T01:00,8.8,91,0.0
2026-03-08T02:00,8.5,91,0.0
2026-03-08T03:00,8.3,91,0.0
2026-03-08T04:00,7.6,92,0.0
2026-03-08T05:00,7.2,94,0.0
2026-03-08T06:00,7.0,93,0.0
2026-03-08T07:00,6.5,94,0.0
2026-03-08T08:00,7.6,92,0.0
2026-03-08T09:00,10.6,81,0.0
2026-03-08T10:00,13.3,73,0.0
2026-03-08T11:00,14.9,65,0.0
2026-03-08T12:00,16.3,58,0.0
2026-03-08T13:00,17.3,51,0.0
2026-03-08T14:00,17.9,49,0.0
2026-03-08T15:00,18.0,48,0.0
2026-03-08T16:00,17.9,48,0.0
2026-03-08T17:00,17.9,50,0.0
2026-03-08T18:00,15.7,62,0.0
2026-03-08T19:00,14.1,68,0.0
2026-03-08T20:00,13.0,73,0.0
2026-03-08T21:00,12.5,74,0.0
2026-03-08T22:00,11.5,76,0.0
2026-03-08T23:00,11.5,80,0.0
2026-03-09T00:00,10.8,81,0.0
2026-03-09T01:00,9.9,84,0.0
2026-03-09T02:00,9.3,85,0.0
2026-03-09T03:00,8.5,85,0.0
2026-03-09T04:00,7.7,84,0.0
2026-03-09T05:00,7.3,81,0.0
2026-03-09T06:00,7.7,73,0.0
2026-03-09T07:00,8.6,68,0.0
2026-03-09T08:00,9.2,75,0.0
2026-03-09T09:00,9.9,79,0.0
2026-03-09T10:00,11.3,78,0.1
2026-03-09T11:00,11.1,77,0.0
2026-03-09T12:00,13.7,67,0.0
2026-03-09T13:00,15.7,61,0.0
2026-03-09T14:00,16.6,58,0.0
2026-03-09T15:00,16.3,57,0.0
2026-03-09T16:00,15.3,67,0.0
2026-03-09T17:00,12.9,86,0.4
2026-03-09T18:00,11.7,93,1.5
2026-03-09T19:00,11.0,96,3.2
2026-03-09T20:00,10.0,97,4.2
2026-03-09T21:00,6.8,97,1.9
2026-03-09T22:00,6.1,98,1.6
2026-03-09T23:00,3.4,97,1.5
2026-03-10T00:00,2.8,96,1.7
2026-03-10T01:00,1.6,96,1.6
2026-03-10T02:00,1.4,94,1.7
2026-03-10T03:00,1.0,94,0.9
2026-03-10T04:00,1.1,92,0.2
2026-03-10T05:00,0.9,89,0.3
2026-03-10T06:00,0.8,91,0.2
2026-03-10T07:00,0.7,93,0.3
2026-03-10T08:00,0.6,92,0.0
2026-03-10T09:00,1.0,88,0.0
2026-03-10T10:00,1.8,81,0.0
2026-03-10T11:00,2.4,75,0.0
2026-03-10T12:00,3.6,71,0.0
2026-03-10T13:00,3.6,71,0.1
2026-03-10T14:00,3.1,78,0.2
2026-03-10T15:00,3.1,85,0.3
2026-03-10T16:00,1.9,95,0.6
2026-03-10T17:00,1.6,96,0.4
2026-03-10T18:00,1.1,99,1.1
2026-03-10T19:00,-0.7,86,0.8
2026-03-10T20:00,-0.8,83,0.1
2026-03-10T21:00,-1.1,77,0.0
2026-03-10T22:00,-1.3,76,0.0
2026-03-10T23:00,-0.8,81,0.0
2026-03-11T00:00,-0.9,80,0.0
2026-03-11T01:00,-1.7,83,0.0
2026-03-11T02:00,-3.1,88,0.0
2026-03-11T03:00,-4.3,87,0.0
2026-03-11T04:00,-4.5,81,0.0
2026-03-11T05:00,-5.6,77,0.0
2026-03-11T06:00,-6.0,77,0.0
2026-03-11T07:00,-6.2,77,0.0
2026-03-11T08:00,-5.4,68,0.0
2026-03-11T09:00,-4.0,56,0.0
2026-03-11T10:00,-2.6,53,0.0
2026-03-11T11:00,-2.2,54,0.0
2026-03-11T12:00,-0.5,41,0.0
2026-03-11T13:00,0.2,45,0.0
2026-03-11T14:00,0.6,47,0.0
2026-03-11T15:00,0.7,48,0.0
2026-03-11T16:00,0.4,51,0.0
2026-03-11T17:00,-0.9,54,0.0
2026-03-11T18:00,-2.3,63,0.0
2026-03-11T19:00,-3.5,71,0.0
2026-03-11T20:00,-4.0,72,0.0
2026-03-11T21:00,-4.3,75,0.0
2026-03-11T22:00,-4.5,78,0.0
2026-03-11T23:00,-3.6,84,0.0
2026-03-12T00:00,-3.5,86,0.0
2026-03-12T01:00,-3.5,87,0.0
2026-03-12T02:00,-3.6,88,0.0
2026-03-12T03:00,-3.8,88,0.0
2026-03-12T04:00,-4.0,88,0.0
2026-03-12T05:00,-3.4,83,0.0
2026-03-12T06:00,-3.8,82,0.0
2026-03-12T07:00,-3.8,80,0.0
2026-03-12T08:00,-2.5,70,0.0
2026-03-12T09:00,-0.5,53,0.0
2026-03-12T10:00,1.5,44,0.0
2026-03-12T11:00,2.5,35,0.0
2026-03-12T12:00,4.2,23,0.0
2026-03-12T13:00,4.6,31,0.0
2026-03-12T14:00,5.0,32,0.0
2026-03-12T15:00,5.1,32,0.0
2026-03-12T16:00,4.9,31,0.0
2026-03-12T17:00,4.8,33,0.0
2026-03-12T18:00,2.7,56,0.0
2026-03-12T19:00,1.3,53,0.0
2026-03-12T20:00,0.8,52,0.0
2026-03-12T21:00,0.3,51,0.0
2026-03-12T22:00,-0.6,57,0.0
2026-03-12T23:00,-0.9,65,0.0
2026-03-13T00:00,-1.4,75,0.0
2026-03-13T01:00,-1.7,76,0.0
2026-03-13T02:00,-1.9,79,0.0
2026-03-13T03:00,-2.1,80,0.0
2026-03-13T04:00,-2.1,81,0.0
2026-03-13T05:00,-1.8,77,0.0
2026-03-13T06:00,-1.7,78,0.0
2026-03-13T07:00,-1.6,78,0.0
2026-03-13T08:00,0.3,72,0.0
2026-03-13T09:00,2.7,63,0.0
2026-03-13T10:00,4.5,53,0.0
2026-03-13T11:00,5.2,50,0.0
2026-03-13T12:00,6.9,47,0.0
2026-03-13T13:00,7.9,42,0.0
2026-03-13T14:00,8.6,38,0.0
2026-03-13T15:00,9.0,36,0.0
2026-03-13T16:00,8.9,34,0.0
2026-03-13T17:00,8.4,40,0.0
2026-03-13T18:00,6.5,54,0.0
2026-03-13T19:00,4.3,63,0.0
2026-03-13T20:00,2.9,67,0.0
2026-03-13T21:00,1.6,74,0.0
2026-03-13T22:00,0.8,77,0.0
2026-03-13T23:00,0.4,80,0.0
2026-03-14T00:00,0.7,79,0.0
2026-03-14T01:00,0.3,79,0.0
2026-03-14T02:00,-0.2,80,0.0
2026-03-14T03:00,-0.5,77,0.0
2026-03-14T04:00,-0.8,74,0.0
2026-03-14T05:00,-1.2,77,0.0
2026-03-14T06:00,-1.2,75,0.0
2026-03-14T07:00,-1.1,75,0.0
2026-03-14T08:00,1.1,67,0.0
2026-03-14T09:00,4.2,65,0.0
2026-03-14T10:00,7.3,48,0.0
2026-03-14T11:00,8.7,43,0.0
2026-03-14T12:00,10.4,39,0.0
2026-03-14T13:00,11.2,38,0.0
2026-03-14T14:00,11.7,36,0.0
2026-03-14T15:00,11.8,36,0.0
2026-03-14T16:00,11.3,39,0.0
2026-03-14T17:00,10.9,51,0.0
2026-03-14T18:00,9.0,64,0.0
2026-03-14T19:00,7.4,74,0.0
2026-03-14T20:00,6.5,83,0.0
2026-03-14T21:00,6.2,85,0.0
2026-03-14T22:00,6.3,82,0.0
2026-03-14T23:00,6.1,85,0.0
2026-03-15T00:00,6.4,83,0.0
2026-03-15T01:00,6.0,85,0.0
2026-03-15T02:00,5.8,84,0.0
2026-03-15T03:00,5.5,82,0.0
2026-03-15T04:00,5.1,84,0.0
2026-03-15T05:00,4.7,87,0.0
2026-03-15T06:00,4.7,84,0.0
2026-03-15T07:00,4.5,83,0.0
2026-03-15T08:00,5.4,81,0.0
2026-03-15T09:00,7.2,74,0.0
2026-03-15T10:00,9.0,66,0.0
2026-03-15T11:00,10.8,56,0.0
2026-03-15T12:00,11.5,52,0.0
2026-03-15T13:00,11.7,50,0.0
2026-03-15T14:00,12.3,47,0.0
2026-03-15T15:00,12.7,47,0.0
2026-03-15T16:00,12.6,49,0.0
2026-03-15T17:00,13.4,47,0.0
2026-03-15T18:00,11.9,62,0.0
2026-03-15T19:00,10.3,70,0.0
2026-03-15T20:00,8.8,76,0.0
2026-03-15T21:00,7.4,83,0.0
2026-03-15T22:00,6.9,84,0.0
2026-03-15T23:00,7.0,86,0.0
2026-03-16T00:00,6.4,86,0.0
2026-03-16T01:00,5.8,88,0.0
2026-03-16T02:00,5.3,88,0.0
2026-03-16T03:00,4.9,88,0.0
2026-03-16T04:00,4.2,90,0.0
2026-03-16T05:00,3.3,93,0.0
2026-03-16T06:00,3.0,92,0.0
2026-03-16T07:00,3.2,89,0.0
2026-03-16T08:00,4.9,83,0.0
2026-03-16T09:00,7.2,78,0.0
2026-03-16T10:00,9.3,69,0.0
2026-03-16T11:00,11.0,61,0.0
2026-03-16T12:00,12.5,57,0.0
2026-03-16T13:00,13.4,54,0.0
2026-03-16T14:00,13.9,50,0.0
2026-03-16T15:00,14.2,49,0.0
2026-03-16T16:00,14.2,49,0.0
2026-03-16T17:00,14.3,49,0.0
2026-03-16T18:00,12.5,68,0.0
2026-03-16T19:00,10.7,68,0.0
2026-03-16T20:00,9.8,69,0.0
2026-03-16T21:00,8.5,73,0.0
2026-03-16T22:00,7.8,72,0.0
2026-03-16T23:00,7.3,78,0.0
2026-03-17T00:00,7.2,79,0.0
2026-03-17T01:00,6.5,82,0.0
2026-03-17T02:00,5.6,83,0.0
2026-03-17T03:00,4.9,83,0.0
2026-03-17T04:00,4.4,80,0.0
2026-03-17T05:00,3.8,81,0.0
2026-03-17T06:00,3.6,80,0.0
2026-03-17T07:00,3.7,78,0.0
2026-03-17T08:00,5.7,74,0.0
2026-03-17T09:00,9.0,68,0.0
2026-03-17T10:00,12.0,54,0.0
2026-03-17T11:00,13.6,50,0.0
2026-03-17T12:00,15.2,46,0.0
2026-03-17T13:00,16.3,43,0.0
2026-03-17T14:00,17.2,40,0.0
2026-03-17T15:00,17.5,39,0.0
2026-03-17T16:00,17.4,40,0.0
2026-03-17T17:00,17.4,41,0.0
2026-03-17T18:00,14.8,53,0.0
2026-03-17T19:00,12.6,59,0.0
2026-03-17T20:00,11.3,63,0.0
2026-03-17T21:00,10.1,69,0.0
2026-03-17T22:00,9.3,70,0.0
2026-03-17T23:00,8.6,75,0.0
2026-03-18T00:00,8.6,76,0.0
2026-03-18T01:00,7.8,80,0.0
2026-03-18T02:00,7.2,81,0.0
2026-03-18T03:00,6.8,80,0.0
2026-03-18T04:00,6.4,79,0.0
2026-03-18T05:00,6.1,78,0.0
2026-03-18T06:00,6.0,76,0.0
2026-03-18T07:00,5.9,76,0.0
2026-03-18T08:00,7.9,70,0.0
2026-03-18T09:00,11.0,66,0.0
2026-03-18T10:00,14.2,52,0.0
2026-03-18T11:00,16.0,48,0.0
2026-03-18T12:00,17.6,41,0.0
2026-03-18T13:00,18.6,38,0.0
2026-03-18T14:00,19.1,36,0.0
2026-03-18T15:00,19.2,35,0.0
2026-03-18T16:00,18.7,37,0.0
2026-03-18T17:00,18.4,45,0.0
2026-03-18T18:00,16.1,55,0.0
2026-03-18T19:00,14.3,62,0.0
2026-03-18T20:00,13.5,68,0.0
2026-03-18T21:00,12.6,74,0.0
2026-03-18T22:00,11.3,82,0.0
2026-03-18T23:00,10.8,82,0.0
2026-03-19T00:00,10.0,85,0.0
2026-03-19T01:00,9.2,88,0.0
2026-03-19T02:00,8.9,87,0.0
2026-03-19T03:00,8.9,85,0.0
2026-03-19T04:00,8.9,88,0.0
2026-03-19T05:00,9.5,85,0.0
2026-03-19T06:00,9.5,87,0.0
2026-03-19T07:00,9.1,89,0.0
2026-03-19T08:00,9.8,87,0.0
2026-03-19T09:00,9.8,88,0.1
2026-03-19T10:00,10.2,86,0.2
2026-03-19T11:00,10.5,84,0.1
2026-03-19T12:00,11.9,74,0.0
2026-03-19T13:00,12.7,69,0.0
2026-03-19T14:00,13.4,66,0.0
2026-03-19T15:00,14.2,62,0.0
2026-03-19T16:00,13.8,64,0.0
2026-03-19T17:00,14.2,61,0.5
2026-03-19T18:00,12.4,78,0.7
2026-03-19T19:00,11.5,87,0.3
2026-03-19T20:00,10.6,93,0.0
2026-03-19T21:00,10.4,93,0.0
2026-03-19T22:00,9.9,93,0.1
2026-03-19T23:00,9.6,94,0.2
2026-03-20T00:00,9.4,93,0.0
2026-03-20T01:00,8.8,96,0.0
2026-03-20T02:00,7.9,96,0.0
2026-03-20T03:00,7.3,96,0.0
2026-03-20T04:00,7.0,95,0.0
2026-03-20T05:00,7.8,95,0.0
2026-03-20T06:00,7.8,95,0.0
2026-03-20T07:00,8.1,94,0.0
2026-03-20T08:00,9.3,90,0.1
2026-03-20T09:00,10.5,87,0.0
2026-03-20T10:00,11.4,80,0.0
2026-03-20T11:00,13.2,67,0.0
2026-03-20T12:00,15.3,57,0.0
2026-03-20T13:00,16.2,53,0.0
2026-03-20T14:00,16.7,50,0.0
2026-03-20T15:00,16.9,49,0.0
2026-03-20T16:00,17.0,49,0.0
2026-03-20T17:00,16.3,54,0.0
2026-03-20T18:00,14.9,68,0.0
2026-03-20T19:00,13.4,74,0.0
2026-03-20T20:00,12.5,77,0.0
2026-03-20T21:00,11.8,80,0.0
2026-03-20T22:00,10.6,85,0.0
2026-03-20T23:00,10.4,85,0.0
2026-03-21T00:00,10.2,83,0.0
2026-03-21T01:00,9.5,84,0.0
2026-03-21T02:00,8.5,85,0.0
2026-03-21T03:00,8.0,83,0.0
2026-03-21T04:00,7.6,81,0.0
2026-03-21T05:00,7.4,80,0.0
2026-03-21T06:00,7.2,80,0.0
2026-03-21T07:00,7.3,78,0.0
2026-03-21T08:00,9.1,73,0.0
2026-03-21T09:00,12.2,67,0.0
2026-03-21T10:00,15.1,55,0.0
2026-03-21T11:00,16.8,51,0.0
2026-03-21T12:00,18.4,45,0.0
2026-03-21T13:00,19.4,41,0.0
2026-03-21T14:00,20.2,39,0.0
2026-03-21T15:00,20.5,37,0.0
2026-03-21T16:00,20.5,37,0.0
2026-03-21T17:00,20.7,36,0.0
2026-03-21T18:00,18.0,62,0.0
2026-03-21T19:00,16.1,63,0.0
2026-03-21T20:00,14.2,72,0.0
2026-03-21T21:00,13.8,70,0.0
2026-03-21T22:00,12.4,73,0.0
2026-03-21T23:00,12.6,73,0.0
2026-03-22T00:00,12.9,70,0.0
2026-03-22T01:00,12.7,71,0.0
2026-03-22T02:00,12.5,74,0.0
2026-03-22T03:00,11.5,79,0.0
2026-03-22T04:00,11.9,78,0.0
2026-03-22T05:00,12.2,74,0.0
2026-03-22T06:00,11.5,81,6.6
2026-03-22T07:00,11.3,80,1.5
2026-03-22T08:00,12.3,80,0.0
2026-03-22T09:00,13.3,76,0.0
2026-03-22T10:00,16.2,68,0.0
2026-03-22T11:00,18.0,55,0.0
2026-03-22T12:00,19.6,50,0.0
2026-03-22T13:00,20.9,44,0.0
2026-03-22T14:00,21.4,42,0.0
2026-03-22T15:00,21.6,42,0.0
2026-03-22T16:00,20.2,50,0.3
2026-03-22T17:00,19.9,48,0.1
2026-03-22T18:00,17.8,62,0.0
2026-03-22T19:00,15.7,74,0.1
2026-03-22T20:00,14.1,79,0.0
2026-03-22T21:00,14.3,74,0.0
2026-03-22T22:00,13.4,76,0.0
2026-03-22T23:00,12.5,87,0.0
2026-03-23T00:00,12.7,85,0.0
2026-03-23T01:00,12.0,88,1.7
2026-03-23T02:00,11.8,94,2.4
2026-03-23T03:00,11.8,91,0.0
2026-03-23T04:00,11.7,91,0.0
2026-03-23T05:00,11.0,92,1.8
2026-03-23T06:00,11.8,92,0.2
2026-03-23T07:00,11.8,92,0.1
2026-03-23T08:00,12.4,90,0.0
2026-03-23T09:00,13.3,87,0.1
2026-03-23T10:00,14.8,80,0.0
2026-03-23T11:00,17.3,63,0.0
2026-03-23T12:00,18.7,55,0.0
2026-03-23T13:00,19.5,51,0.0
2026-03-23T14:00,19.8,49,0.0
2026-03-23T15:00,19.9,47,0.0
2026-03-23T16:00,19.0,48,0.0
2026-03-23T17:00,17.9,60,0.0
2026-03-23T18:00,17.2,67,0.0
2026-03-23T19:00,15.8,72,0.0
2026-03-23T20:00,14.5,74,0.0
2026-03-23T21:00,13.8,70,0.0
2026-03-23T22:00,12.7,73,0.0
2026-03-23T23:00,12.0,79,0.0
2026-03-24T00:00,11.9,78,0.0
2026-03-24T01:00,11.6,76,0.0
2026-03-24T02:00,11.0,76,0.0
2026-03-24T03:00,10.4,77,0.0
2026-03-24T04:00,9.8,77,0.0
2026-03-24T05:00,9.4,78,0.0
2026-03-24T06:00,10.2,70,0.0
2026-03-24T07:00,10.9,61,0.0
2026-03-24T08:00,12.7,55,0.0
2026-03-24T09:00,15.1,53,0.0
2026-03-24T10:00,17.5,54,0.0
2026-03-24T11:00,20.0,47,0.0
2026-03-24T12:00,21.0,39,0.0
2026-03-24T13:00,21.7,37,0.0
2026-03-24T14:00,22.1,35,0.0
2026-03-24T15:00,22.2,34,0.0
2026-03-24T16:00,21.8,36,0.0
2026-03-24T17:00,21.5,43,0.0
2026-03-24T18:00,18.8,55,0.0
2026-03-24T19:00,16.6,61,0.0
2026-03-24T20:00,15.2,62,0.0
2026-03-24T21:00,13.5,69,0.0
2026-03-24T22:00,12.4,73,0.0
2026-03-24T23:00,12.0,77,0.0
2026-03-25T00:00,11.7,78,0.0
2026-03-25T01:00,11.2,77,0.0
2026-03-25T02:00,10.6,77,0.0
2026-03-25T03:00,9.9,78,0.0
2026-03-25T04:00,9.3,77,0.0
2026-03-25T05:00,9.6,62,0.0
2026-03-25T06:00,10.7,52,0.0
2026-03-25T07:00,11.3,49,0.0
2026-03-25T08:00,13.2,48,0.0
2026-03-25T09:00,15.9,52,0.0
2026-03-25T10:00,18.8,48,0.0
2026-03-25T11:00,21.6,38,0.0
2026-03-25T12:00,22.7,33,0.0
2026-03-25T13:00,23.3,31,0.0
2026-03-25T14:00,23.9,30,0.0
2026-03-25T15:00,24.1,30,0.0
2026-03-25T16:00,23.8,32,0.0
2026-03-25T17:00,23.1,36,0.0
2026-03-25T18:00,20.2,50,0.0
2026-03-25T19:00,17.7,60,0.0
2026-03-25T20:00,16.5,61,0.0
2026-03-25T21:00,15.6,62,0.0
2026-03-25T22:00,14.2,60,0.0
2026-03-25T23:00,13.1,58,0.0
2026-03-26T00:00,12.1,61,0.0
2026-03-26T01:00,11.2,65,0.0
2026-03-26T02:00,10.6,64,0.0
2026-03-26T03:00,10.6,58,0.0
2026-03-26T04:00,10.6,53,0.0
2026-03-26T05:00,11.4,51,0.0
2026-03-26T06:00,10.4,52,0.0
2026-03-26T07:00,10.7,51,0.0
2026-03-26T08:00,13.3,44,0.0
2026-03-26T09:00,16.3,46,0.0
2026-03-26T10:00,19.5,42,0.0
2026-03-26T11:00,22.4,36,0.0
2026-03-26T12:00,24.2,37,0.0
2026-03-26T13:00,25.5,35,0.0
2026-03-26T14:00,26.1,33,0.0
2026-03-26T15:00,26.0,33,0.0
2026-03-26T16:00,25.6,37,0.0
2026-03-26T17:00,25.2,38,0.0
2026-03-26T18:00,22.7,57,0.0
2026-03-26T19:00,20.4,62,0.0
2026-03-26T20:00,19.0,68,0.0
2026-03-26T21:00,18.1,72,0.0
2026-03-26T22:00,17.3,75,0.0
2026-03-26T23:00,18.8,60,0.0
2026-03-27T00:00,18.3,59,0.0
2026-03-27T01:00,17.2,55,0.0
2026-03-27T02:00,17.1,47,0.0
2026-03-27T03:00,16.4,46,0.0
2026-03-27T04:00,16.7,39,0.0
2026-03-27T05:00,17.1,45,0.0
2026-03-27T06:00,16.8,45,0.0
2026-03-27T07:00,17.0,45,0.0
2026-03-27T08:00,18.6,43,0.0
2026-03-27T09:00,20.2,45,0.0
2026-03-27T10:00,22.2,44,0.0
2026-03-27T11:00,25.3,41,0.0
2026-03-27T12:00,26.9,30,0.0
2026-03-27T13:00,27.7,26,0.0
2026-03-27T14:00,28.1,24,0.0
2026-03-27T15:00,28.1,24,0.0
2026-03-27T16:00,27.8,25,0.0
2026-03-27T17:00,27.5,28,0.0
2026-03-27T18:00,26.1,30,0.0
2026-03-27T19:00,23.5,41,0.0
2026-03-27T20:00,21.8,43,0.0
2026-03-27T21:00,20.7,34,0.0
2026-03-27T22:00,20.1,31,0.0
2026-03-27T23:00,18.9,33,0.0
2026-03-28T00:00,18.1,34,0.0
2026-03-28T01:00,17.6,34,0.0
2026-03-28T02:00,18.2,30,0.0
2026-03-28T03:00,18.7,27,0.0
2026-03-28T04:00,18.7,27,0.0
2026-03-28T05:00,19.0,26,0.0
2026-03-28T06:00,18.5,28,0.0
2026-03-28T07:00,18.1,31,0.0
2026-03-28T08:00,19.0,31,0.0
2026-03-28T09:00,21.7,28,0.0
2026-03-28T10:00,24.9,22,0.0
2026-03-28T11:00,27.0,20,0.0
2026-03-28T12:00,28.8,19,0.0
2026-03-28T13:00,29.1,21,0.0
2026-03-28T14:00,29.1,22,0.0
2026-03-28T15:00,28.8,25,0.0
2026-03-28T16:00,28.1,29,0.0
2026-03-28T17:00,28.0,29,0.0
2026-03-28T18:00,25.9,39,0.0
2026-03-28T19:00,23.8,48,0.0
2026-03-28T20:00,22.8,49,0.0
2026-03-28T21:00,22.0,49,0.0
2026-03-28T22:00,20.2,56,0.0
2026-03-28T23:00,18.6,66,0.0
2026-03-29T00:00,17.7,72,0.0
2026-03-29T01:00,17.2,75,0.0
2026-03-29T02:00,17.0,80,0.0
2026-03-29T03:00,16.8,88,0.0
2026-03-29T04:00,16.9,85,0.0
2026-03-29T05:00,16.4,87,0.0
2026-03-29T06:00,16.1,82,0.0
2026-03-29T07:00,15.9,81,0.4
2026-03-29T08:00,15.5,85,0.5
2026-03-29T09:00,15.4,89,1.4
2026-03-29T10:00,14.9,95,2.4
2026-03-29T11:00,16.1,87,0.6
2026-03-29T12:00,17.1,79,0.2
2026-03-29T13:00,19.7,64,0.0
2026-03-29T14:00,20.5,60,0.0
2026-03-29T15:00,20.7,60,0.0
2026-03-29T16:00,20.1,64,0.2
2026-03-29T17:00,20.5,64,0.4
2026-03-29T18:00,19.5,69,0.0
2026-03-29T19:00,18.4,75,0.0
2026-03-29T20:00,17.4,80,0.0
2026-03-29T21:00,16.5,82,0.0
2026-03-29T22:00,15.8,85,0.0
2026-03-29T23:00,15.8,84,0.0
2026-03-30T00:00,15.4,86,0.0
2026-03-30T01:00,14.9,88,0.0
2026-03-30T02:00,14.4,88,0.0
2026-03-30T03:00,14.2,81,0.0
2026-03-30T04:00,13.7,68,0.0
2026-03-30T05:00,13.6,67,0.0
2026-03-30T06:00,12.9,69,0.0
2026-03-30T07:00,13.2,69,0.0
2026-03-30T08:00,15.1,64,0.0
2026-03-30T09:00,17.7,54,0.0
2026-03-30T10:00,19.6,51,0.0
2026-03-30T11:00,20.8,52,0.0
2026-03-30T12:00,22.6,47,0.0
2026-03-30T13:00,23.2,45,0.0
2026-03-30T14:00,22.7,50,0.0
2026-03-30T15:00,21.4,57,0.0
2026-03-30T16:00,20.7,62,0.0
2026-03-30T17:00,21.3,62,0.0
2026-03-30T18:00,20.6,68,0.0
2026-03-30T19:00,19.5,76,0.0
2026-03-30T20:00,18.3,84,0.0
2026-03-30T21:00,18.1,84,0.0
2026-03-30T22:00,17.1,89,0.0
2026-03-30T23:00,17.2,88,0.0
2026-03-31T00:00,16.4,88,0.0
2026-03-31T01:00,15.8,84,0.0
2026-03-31T02:00,16.0,75,0.0
2026-03-31T03:00,15.5,74,0.0
2026-03-31T04:00,14.2,79,0.0
2026-03-31T05:00,14.1,85,0.0
2026-03-31T06:00,13.7,83,0.0
2026-03-31T07:00,13.9,79,0.0
2026-03-31T08:00,15.8,68,0.0
2026-03-31T09:00,18.9,56,0.0
2026-03-31T10:00,21.8,45,0.0
2026-03-31T11:00,23.9,38,0.0
2026-03-31T12:00,25.5,31,0.0
2026-03-31T13:00,26.7,25,0.0
2026-03-31T14:00,27.3,22,0.0
2026-03-31T15:00,27.3,23,0.0
2026-03-31T16:00,26.8,24,0.0
2026-03-31T17:00,26.6,25,0.0
2026-03-31T18:00,25.0,31,0.0
2026-03-31T19:00,23.3,35,0.0
2026-03-31T20:00,21.8,40,0.0
2026-03-31T21:00,20.6,45,0.0
2026-03-31T22:00,19.6,47,0.0
2026-03-31T23:00,19.1,49,0.0
2026-04-01T00:00,17.8,51,0.0
2026-04-01T01:00,16.6,53,0.0
2026-04-01T02:00,15.8,53,0.0
2026-04-01T03:00,14.9,55,0.0
2026-04-01T04:00,14.6,54,0.0
2026-04-01T05:00,16.0,44,0.0
2026-04-01T06:00,15.9,42,0.0
2026-04-01T07:00,16.6,39,0.0
2026-04-01T08:00,18.3,35,0.0
2026-04-01T09:00,20.7,32,0.0
2026-04-01T10:00,23.5,27,0.0
2026-04-01T11:00,25.6,24,0.0
2026-04-01T12:00,27.0,25,0.0
2026-04-01T13:00,27.6,25,0.0
2026-04-01T14:00,28.0,26,0.0
2026-04-01T15:00,27.7,29,0.0
2026-04-01T16:00,27.7,28,0.0
2026-04-01T17:00,27.3,24,0.0
2026-04-01T18:00,26.1,29,0.0
2026-04-01T19:00,24.2,36,0.0
2026-04-01T20:00,22.3,46,0.0
2026-04-01T21:00,21.1,54,0.0
2026-04-01T22:00,20.0,53,0.0
2026-04-01T23:00,19.6,57,0.0
2026-04-02T00:00,18.5,61,0.0
2026-04-02T01:00,17.7,63,0.0
2026-04-02T02:00,16.8,64,0.0
2026-04-02T03:00,16.3,61,0.0
2026-04-02T04:00,16.2,57,0.0
2026-04-02T05:00,15.5,59,0.0
2026-04-02T06:00,15.5,60,0.0
2026-04-02T07:00,16.2,59,0.0
2026-04-02T08:00,18.3,53,0.0
2026-04-02T09:00,20.6,48,0.0
2026-04-02T10:00,22.9,44,0.0
2026-04-02T11:00,24.6,43,0.0
2026-04-02T12:00,26.3,39,0.0
2026-04-02T13:00,27.1,36,0.0
2026-04-02T14:00,27.0,36,0.5
2026-04-02T15:00,27.0,35,0.0
2026-04-02T16:00,26.7,36,0.0
2026-04-02T17:00,25.9,43,0.0
2026-04-02T18:00,24.4,50,0.0
2026-04-02T19:00,22.6,61,0.0
2026-04-02T20:00,21.5,66,0.0
2026-04-02T21:00,20.5,69,0.0
2026-04-02T22:00,19.7,70,0.1
2026-04-02T23:00,19.5,68,0.8
2026-04-03T00:00,18.7,69,0.0
2026-04-03T01:00,17.9,72,0.0
2026-04-03T02:00,17.1,74,0.0
2026-04-03T03:00,16.7,74,0.0
2026-04-03T04:00,16.0,76,0.0
2026-04-03T05:00,15.5,78,0.0
2026-04-03T06:00,15.1,77,0.0
2026-04-03T07:00,15.2,74,0.0
2026-04-03T08:00,16.3,67,0.0
2026-04-03T09:00,18.2,59,0.0
2026-04-03T10:00,20.0,54,0.0
2026-04-03T11:00,20.5,54,0.0
2026-04-03T12:00,22.1,49,0.0
2026-04-03T13:00,22.4,48,0.0
2026-04-03T14:00,22.7,47,0.0
2026-04-03T15:00,22.1,50,0.0
2026-04-03T16:00,21.4,56,0.0
2026-04-03T17:00,20.5,64,0.0
2026-04-03T18:00,19.7,69,0.0
2026-04-03T19:00,19.0,70,0.0
2026-04-03T20:00,18.5,72,0.0
2026-04-03T21:00,17.6,76,0.1
2026-04-03T22:00,16.8,81,0.2
2026-04-03T23:00,17.1,84,0.1
2026-04-04T00:00,16.6,85,0.0
2026-04-04T01:00,16.4,84,0.0
2026-04-04T02:00,16.1,85,0.1
2026-04-04T03:00,15.7,88,0.2
2026-04-04T04:00,15.5,89,0.1
2026-04-04T05:00,15.4,92,1.2
2026-04-04T06:00,15.4,91,0.1
2026-04-04T07:00,15.2,92,0.1
2026-04-04T08:00,15.5,89,0.1
2026-04-04T09:00,16.0,84,0.0
2026-04-04T10:00,16.7,79,0.1
2026-04-04T11:00,17.4,74,0.0
2026-04-04T12:00,19.0,64,0.1
2026-04-04T13:00,19.9,59,0.2
2026-04-04T14:00,20.5,57,0.6
2026-04-04T15:00,19.4,64,1.1
2026-04-04T16:00,18.3,71,0.9
2026-04-04T17:00,17.9,74,0.0
2026-04-04T18:00,17.9,74,0.0
2026-04-04T19:00,17.1,79,0.0
2026-04-04T20:00,16.3,87,0.0
2026-04-04T21:00,15.7,92,0.0
2026-04-04T22:00,15.3,96,0.0
2026-04-04T23:00,14.8,95,0.9
2026-04-05T00:00,15.0,93,0.0
2026-04-05T01:00,14.7,95,0.0
2026-04-05T02:00,14.0,97,0.0
2026-04-05T03:00,13.9,97,0.0
2026-04-05T04:00,13.7,96,0.0
2026-04-05T05:00,13.7,99,0.0
2026-04-05T06:00,13.4,100,0.0
2026-04-05T07:00,14.2,98,0.0
2026-04-05T08:00,14.6,92,0.1
2026-04-05T09:00,14.8,90,0.1
2026-04-05T10:00,15.8,86,0.0
2026-04-05T11:00,17.7,77,0.0
2026-04-05T12:00,20.8,50,0.0
2026-04-05T13:00,22.2,38,0.0
2026-04-05T14:00,22.9,35,0.0
2026-04-05T15:00,23.3,34,0.0
2026-04-05T16:00,23.3,35,0.0
2026-04-05T17:00,23.5,33,0.0
2026-04-05T18:00,22.1,43,0.0
2026-04-05T19:00,19.9,51,0.0
2026-04-05T20:00,18.4,53,0.0
2026-04-05T21:00,17.4,56,0.0
2026-04-05T22:00,16.5,61,0.0
2026-04-05T23:00,16.3,64,0.0
2026-04-06T00:00,15.5,66,0.0
2026-04-06T01:00,14.7,65,0.0
2026-04-06T02:00,14.0,62,0.0
2026-04-06T03:00,13.3,66,0.0
2026-04-06T04:00,12.9,69,0.0
2026-04-06T05:00,14.0,67,0.0
2026-04-06T06:00,13.4,72,0.0
2026-04-06T07:00,14.2,72,0.0
2026-04-06T08:00,15.7,71,0.3
2026-04-06T09:00,17.6,69,0.0
2026-04-06T10:00,19.6,64,0.0
2026-04-06T11:00,21.7,55,0.0
2026-04-06T12:00,23.1,45,0.0
2026-04-06T13:00,23.7,43,0.0
2026-04-06T14:00,23.9,42,0.0
2026-04-06T15:00,23.7,43,0.0
2026-04-06T16:00,23.7,42,0.0
2026-04-06T17:00,23.5,39,0.8
2026-04-06T18:00,22.6,42,0.0
2026-04-06T19:00,20.4,56,0.0
2026-04-06T20:00,18.8,66,0.0
2026-04-06T21:00,17.7,68,0.0
2026-04-06T22:00,16.8,67,0.0
2026-04-06T23:00,16.9,68,0.0
2026-04-07T00:00,16.5,72,0.0
2026-04-07T01:00,15.8,75,0.0
2026-04-07T02:00,15.6,75,0.0
2026-04-07T03:00,14.4,82,0.0
2026-04-07T04:00,13.9,84,0.0
2026-04-07T05:00,13.9,85,0.0
2026-04-07T06:00,13.1,93,0.0
2026-04-07T07:00,13.8,90,0.0
2026-04-07T08:00,14.5,85,0.2
2026-04-07T09:00,15.2,83,0.1
2026-04-07T10:00,16.3,78,0.2
2026-04-07T11:00,15.3,84,0.1
2026-04-07T12:00,15.4,83,0.5
2026-04-07T13:00,14.5,87,1.0
2026-04-07T14:00,14.2,86,0.4
2026-04-07T15:00,13.6,88,0.9
2026-04-07T16:00,13.5,88,1.2
2026-04-07T17:00,12.0,90,1.7
2026-04-07T18:00,12.2,89,0.4
2026-04-07T19:00,12.0,91,0.2
2026-04-07T20:00,11.8,92,0.1
2026-04-07T21:00,11.8,92,0.0
2026-04-07T22:00,11.6,93,0.0
2026-04-07T23:00,12.0,87,0.2
2026-04-08T00:00,11.6,92,0.6
2026-04-08T01:00,11.4,90,0.4
2026-04-08T02:00,11.4,93,0.5
2026-04-08T03:00,11.2,97,1.1
2026-04-08T04:00,11.0,97,1.0
2026-04-08T05:00,10.8,96,0.5
2026-04-08T06:00,10.8,97,0.4
2026-04-08T07:00,10.9,97,0.1
2026-04-08T08:00,11.3,95,0.1
2026-04-08T09:00,12.0,91,0.1
2026-04-08T10:00,12.2,89,0.3
2026-04-08T11:00,13.2,82,0.2
2026-04-08T12:00,14.4,73,0.1
2026-04-08T13:00,14.9,69,0.0
2026-04-08T14:00,15.0,67,0.0
2026-04-08T15:00,15.2,66,0.0
2026-04-08T16:00,15.6,64,0.0
2026-04-08T17:00,15.6,63,0.0
2026-04-08T18:00,15.0,68,0.0
2026-04-08T19:00,13.9,75,0.0
2026-04-08T20:00,12.8,81,0.0
2026-04-08T21:00,12.5,82,0.0
2026-04-08T22:00,12.2,84,0.0
2026-04-08T23:00,12.1,88,0.0
2026-04-09T00:00,12.2,86,0.0
2026-04-09T01:00,11.9,85,0.0
2026-04-09T02:00,11.3,85,0.0
2026-04-09T03:00,10.7,87,0.0
2026-04-09T04:00,10.2,87,0.0
2026-04-09T05:00,10.8,82,0.0
2026-04-09T06:00,10.4,83,0.0
2026-04-09T07:00,11.1,81,0.0
2026-04-09T08:00,12.9,79,0.0
2026-04-09T09:00,15.1,71,0.0
2026-04-09T10:00,17.0,62,0.0
2026-04-09T11:00,18.2,51,0.0
2026-04-09T12:00,19.0,48,0.0
2026-04-09T13:00,19.5,46,0.0
2026-04-09T14:00,20.0,44,0.0
2026-04-09T15:00,20.1,43,0.0
2026-04-09T16:00,20.1,42,0.0
2026-04-09T17:00,20.5,38,0.0
2026-04-09T18:00,19.5,50,0.0
2026-04-09T19:00,17.0,65,0.0
2026-04-09T20:00,15.8,71,0.0
2026-04-09T21:00,14.8,73,0.0
2026-04-09T22:00,13.8,74,0.0
2026-04-09T23:00,13.4,77,0.0
2026-04-10T00:00,13.0,77,0.0
2026-04-10T01:00,12.5,77,0.0
2026-04-10T02:00,12.1,75,0.0
2026-04-10T03:00,11.8,72,0.0
2026-04-10T04:00,11.2,71,0.0
2026-04-10T05:00,11.0,68,0.0
2026-04-10T06:00,10.7,68,0.0
2026-04-10T07:00,11.7,66,0.0
2026-04-10T08:00,13.5,66,0.0
2026-04-10T09:00,15.8,60,0.0
2026-04-10T10:00,18.1,49,0.0
2026-04-10T11:00,20.0,48,0.0
2026-04-10T12:00,21.1,41,0.0
2026-04-10T13:00,21.5,40,0.0
2026-04-10T14:00,21.3,41,0.0
2026-04-10T15:00,20.8,41,0.0
2026-04-10T16:00,20.3,44,0.0
2026-04-10T17:00,19.8,47,0.0
2026-04-10T18:00,19.0,56,0.0
2026-04-10T19:00,17.3,65,0.0
2026-04-10T20:00,16.0,68,0.0
2026-04-10T21:00,14.5,73,0.0
2026-04-10T22:00,13.5,78,0.0
2026-04-10T23:00,13.8,79,0.0
2026-04-11T00:00,13.7,81,0.0
2026-04-11T01:00,13.1,83,0.0
2026-04-11T02:00,12.6,85,0.0
2026-04-11T03:00,12.3,84,0.0
2026-04-11T04:00,12.1,83,0.0
2026-04-11T05:00,12.0,83,0.0
2026-04-11T06:00,12.0,82,0.0
2026-04-11T07:00,13.0,78,0.0
2026-04-11T08:00,15.1,73,0.0
2026-04-11T09:00,17.1,62,0.0
2026-04-11T10:00,18.5,60,0.0
2026-04-11T11:00,20.3,56,0.0
2026-04-11T12:00,21.3,49,0.0
2026-04-11T13:00,21.6,45,0.0
2026-04-11T14:00,21.5,42,0.0
2026-04-11T15:00,21.5,40,0.0
2026-04-11T16:00,21.5,40,0.0
2026-04-11T17:00,22.3,37,0.0
2026-04-11T18:00,20.8,49,0.0
2026-04-11T19:00,19.0,59,0.0
2026-04-11T20:00,17.5,66,0.0
2026-04-11T21:00,16.4,69,0.0
2026-04-11T22:00,15.4,71,0.0
2026-04-11T23:00,15.7,73,0.0
2026-04-12T00:00,15.2,71,0.0
2026-04-12T01:00,15.2,71,0.0
2026-04-12T02:00,14.4,73,0.0
2026-04-12T03:00,13.6,73,0.0
2026-04-12T04:00,13.1,73,0.0
2026-04-12T05:00,12.3,74,0.0
2026-04-12T06:00,11.9,75,0.0
2026-04-12T07:00,12.9,73,0.0
2026-04-12T08:00,15.4,67,0.0
2026-04-12T09:00,18.0,56,0.0
2026-04-12T10:00,20.3,44,0.0
2026-04-12T11:00,22.2,36,0.0
2026-04-12T12:00,23.4,32,0.0
2026-04-12T13:00,24.0,29,0.0
2026-04-12T14:00,24.4,29,0.0
2026-04-12T15:00,24.6,29,0.0
2026-04-12T16:00,24.1,30,0.0
2026-04-12T17:00,24.0,29,0.0
2026-04-12T18:00,23.2,29,0.0
2026-04-12T19:00,21.0,41,0.0
2026-04-12T20:00,19.3,48,0.0
2026-04-12T21:00,18.4,52,0.0
2026-04-12T22:00,17.2,60,0.0
2026-04-12T23:00,16.8,68,0.0
2026-04-13T00:00,16.5,68,0.0
2026-04-13T01:00,15.7,68,0.0
2026-04-13T02:00,15.1,62,0.0
2026-04-13T03:00,14.6,56,0.0
2026-04-13T04:00,14.0,53,0.0
2026-04-13T05:00,12.9,54,0.0
2026-04-13T06:00,12.3,56,0.0
2026-04-13T07:00,13.6,52,0.0
2026-04-13T08:00,16.4,45,0.0
2026-04-13T09:00,19.8,37,0.0
2026-04-13T10:00,22.1,28,0.0
2026-04-13T11:00,23.9,25,0.0
2026-04-13T12:00,25.6,22,0.0
2026-04-13T13:00,26.1,22,0.0
2026-04-13T14:00,26.5,21,0.0
2026-04-13T15:00,26.6,20,0.0
2026-04-13T16:00,26.5,20,0.0
2026-04-13T17:00,26.4,20,0.0
2026-04-13T18:00,24.6,31,0.0
2026-04-13T19:00,22.5,38,0.0
2026-04-13T20:00,21.1,38,0.0
2026-04-13T21:00,20.2,34,0.0
2026-04-13T22:00,19.4,35,0.0
2026-04-13T23:00,18.4,42,0.0
2026-04-14T00:00,17.0,48,0.0
2026-04-14T01:00,15.9,52,0.0
2026-04-14T02:00,15.0,55,0.0
2026-04-14T03:00,14.4,56,0.0
2026-04-14T04:00,13.1,60,0.0
2026-04-14T05:00,13.3,53,0.0
2026-04-14T06:00,12.7,51,0.0
2026-04-14T07:00,14.0,45,0.0
2026-04-14T08:00,17.0,36,0.0
2026-04-14T09:00,20.8,29,0.0
2026-04-14T10:00,23.9,23,0.0
2026-04-14T11:00,25.6,18,0.0
2026-04-14T12:00,27.3,17,0.0
2026-04-14T13:00,28.1,16,0.0
2026-04-14T14:00,28.5,16,0.0
2026-04-14T15:00,28.6,15,0.0
2026-04-14T16:00,28.4,15,0.0
2026-04-14T17:00,28.3,16,0.0
2026-04-14T18:00,26.8,23,0.0
2026-04-14T19:00,25.5,27,0.0
2026-04-14T20:00,23.9,30,0.0
2026-04-14T21:00,21.2,38,0.0
2026-04-14T22:00,21.0,41,0.0
2026-04-14T23:00,20.4,45,0.0
2026-04-15T00:00,19.1,48,0.0
2026-04-15T01:00,18.0,47,0.0
2026-04-15T02:00,17.6,40,0.0
2026-04-15T03:00,17.3,33,0.0
2026-04-15T04:00,15.7,35,0.0
2026-04-15T05:00,16.9,41,0.2
2026-04-15T06:00,17.1,48,0.0
2026-04-15T07:00,16.1,80,0.6
2026-04-15T08:00,15.9,79,0.4
2026-04-15T09:00,16.0,78,0.2
2026-04-15T10:00,16.7,76,1.5
2026-04-15T11:00,18.2,67,2.1
2026-04-15T12:00,18.1,68,0.0
2026-04-15T13:00,18.8,61,0.0
2026-04-15T14:00,18.1,55,0.5
2026-04-15T15:00,16.5,61,2.9
2026-04-15T16:00,15.4,58,0.7
2026-04-15T17:00,16.0,61,0.1
2026-04-15T18:00,15.2,67,0.0
2026-04-15T19:00,14.3,68,0.1
2026-04-15T20:00,13.4,69,0.0
2026-04-15T21:00,12.9,72,0.0
2026-04-15T22:00,12.5,76,0.0
2026-04-15T23:00,12.6,81,0.0
2026-04-16T00:00,12.8,83,0.0
2026-04-16T01:00,12.8,84,0.0
2026-04-16T02:00,12.7,85,0.0
2026-04-16T03:00,12.4,87,0.0
2026-04-16T04:00,11.7,89,0.0
2026-04-16T05:00,11.1,85,0.0
2026-04-16T06:00,10.9,85,0.0
2026-04-16T07:00,11.6,81,0.4
2026-04-16T08:00,12.5,74,1.0
2026-04-16T09:00,12.8,72,0.0
2026-04-16T10:00,14.0,66,0.0
2026-04-16T11:00,14.4,63,0.0
2026-04-16T12:00,13.3,65,0.0
2026-04-16T13:00,12.7,74,2.0
2026-04-16T14:00,11.6,85,2.7
2026-04-16T15:00,11.8,85,0.8
2026-04-16T16:00,13.4,76,0.1
2026-04-16T17:00,13.0,73,0.0
2026-04-16T18:00,12.4,71,0.2
2026-04-16T19:00,11.8,73,0.0
2026-04-16T20:00,11.4,71,0.0
2026-04-16T21:00,11.0,70,0.0
2026-04-16T22:00,10.7,70,0.0
2026-04-16T23:00,11.5,73,0.0
2026-04-17T00:00,11.5,72,0.0
2026-04-17T01:00,10.7,77,0.0
2026-04-17T02:00,10.1,79,0.0
2026-04-17T03:00,9.5,81,0.0
2026-04-17T04:00,9.1,85,0.6
2026-04-17T05:00,8.5,90,0.1
2026-04-17T06:00,8.6,92,0.0
2026-04-17T07:00,9.8,85,0.4
2026-04-17T08:00,10.5,81,0.1
2026-04-17T09:00,11.1,74,0.0
2026-04-17T10:00,12.4,67,0.1
2026-04-17T11:00,12.9,62,0.1
2026-04-17T12:00,13.5,59,0.0
2026-04-17T13:00,14.2,58,0.0
2026-04-17T14:00,14.6,56,0.1
2026-04-17T15:00,15.1,54,0.0
2026-04-17T16:00,14.9,55,0.0
2026-04-17T17:00,14.6,57,0.0
2026-04-17T18:00,14.3,58,0.0
2026-04-17T19:00,12.9,72,0.0
2026-04-17T20:00,12.0,74,0.0
2026-04-17T21:00,11.5,74,0.0
2026-04-17T22:00,10.7,77,0.0
2026-04-17T23:00,10.4,77,0.0
2026-04-18T00:00,10.2,77,0.0
2026-04-18T01:00,10.0,79,0.0
2026-04-18T02:00,9.5,80,0.0
2026-04-18T03:00,9.1,80,0.0
2026-04-18T04:00,8.8,79,0.0
2026-04-18T05:00,9.7,72,0.0
2026-04-18T06:00,10.0,72,0.0
2026-04-18T07:00,10.3,70,0.2
2026-04-18T08:00,10.7,77,2.1
2026-04-18T09:00,12.1,77,0.4
2026-04-18T10:00,11.6,73,0.5
2026-04-18T11:00,14.2,62,0.0
2026-04-18T12:00,15.8,54,0.0
2026-04-18T13:00,16.6,51,0.0
2026-04-18T14:00,17.2,49,0.0
2026-04-18T15:00,17.6,46,0.0
2026-04-18T16:00,17.5,45,0.0
2026-04-18T17:00,17.6,45,0.0
2026-04-18T18:00,16.6,51,0.0
2026-04-18T19:00,14.9,62,0.0
2026-04-18T20:00,13.7,67,0.0
2026-04-18T21:00,12.7,71,0.0
2026-04-18T22:00,12.0,74,0.1
2026-04-18T23:00,12.5,74,0.3
2026-04-19T00:00,11.9,75,0.0
2026-04-19T01:00,11.1,80,0.0
2026-04-19T02:00,10.2,85,0.0
2026-04-19T03:00,9.8,87,0.0
2026-04-19T04:00,9.2,89,0.0
2026-04-19T05:00,9.4,92,0.0
2026-04-19T06:00,9.3,93,0.0
2026-04-19T07:00,10.5,87,0.0
2026-04-19T08:00,12.8,77,0.0
2026-04-19T09:00,15.3,62,0.0
2026-04-19T10:00,17.1,46,0.0
2026-04-19T11:00,18.7,37,0.0
2026-04-19T12:00,19.6,36,0.0
2026-04-19T13:00,20.2,35,0.0
2026-04-19T14:00,20.8,35,0.0
2026-04-19T15:00,20.4,36,0.0
2026-04-19T16:00,20.0,36,0.0
2026-04-19T17:00,19.9,32,0.0
2026-04-19T18:00,19.1,33,0.0
2026-04-19T19:00,17.4,43,0.0
2026-04-19T20:00,16.2,48,0.0
2026-04-19T21:00,15.1,50,0.0
2026-04-19T22:00,14.1,52,0.0
2026-04-19T23:00,13.8,57,0.0
2026-04-20T00:00,13.4,60,0.0
2026-04-20T01:00,12.6,65,0.0
2026-04-20T02:00,12.1,67,0.0
2026-04-20T03:00,11.7,64,0.0
2026-04-20T04:00,11.3,59,0.0
2026-04-20T05:00,11.3,51,0.0
2026-04-20T06:00,11.4,48,0.0
2026-04-20T07:00,13.0,42,0.0
2026-04-20T08:00,15.6,36,0.0
2026-04-20T09:00,18.5,33,0.0
2026-04-20T10:00,21.5,27,0.0
2026-04-20T11:00,23.8,21,0.0
2026-04-20T12:00,25.3,17,0.0
2026-04-20T13:00,25.9,17,0.0
2026-04-20T14:00,26.2,19,0.0
2026-04-20T15:00,26.5,19,0.0
2026-04-20T16:00,26.6,19,0.0
2026-04-20T17:00,26.7,16,0.0
2026-04-20T18:00,25.4,19,0.0
2026-04-20T19:00,23.1,28,0.0
2026-04-20T20:00,21.1,38,0.0
2026-04-20T21:00,20.3,40,0.0
2026-04-20T22:00,19.6,42,0.0
2026-04-20T23:00,19.6,49,0.0
2026-04-21T00:00,19.6,49,0.0
2026-04-21T01:00,20.0,43,0.0
2026-04-21T02:00,19.5,37,0.0
2026-04-21T03:00,18.6,38,0.0
2026-04-21T04:00,18.3,36,0.0
2026-04-21T05:00,18.3,39,0.0
2026-04-21T06:00,18.5,47,0.0
2026-04-21T07:00,19.3,44,0.0
2026-04-21T08:00,20.2,42,0.0
2026-04-21T09:00,23.1,37,0.0
2026-04-21T10:00,26.7,31,0.0
2026-04-21T11:00,29.4,23,0.0
2026-04-21T12:00,28.8,29,0.0
2026-04-21T13:00,29.7,23,0.0
2026-04-21T14:00,28.7,23,0.0
2026-04-21T15:00,27.8,22,0.0
2026-04-21T16:00,28.0,25,0.0
2026-04-21T17:00,27.2,30,0.0
2026-04-21T18:00,25.4,40,0.0
2026-04-21T19:00,24.0,43,0.0
2026-04-21T20:00,23.1,42,0.0
2026-04-21T21:00,21.2,53,0.0
2026-04-21T22:00,19.7,62,0.5
2026-04-21T23:00,18.8,75,0.5
2026-04-22T00:00,18.8,74,0.3
2026-04-22T01:00,18.8,72,0.1
2026-04-22T02:00,18.4,73,0.1
2026-04-22T03:00,18.2,75,0.0
2026-04-22T04:00,17.6,74,0.0
2026-04-22T05:00,18.2,68,0.0
2026-04-22T06:00,17.7,70,0.0
2026-04-22T07:00,18.3,66,0.0
2026-04-22T08:00,19.8,61,0.0
2026-04-22T09:00,20.9,56,0.0
2026-04-22T10:00,22.6,49,0.0
2026-04-22T11:00,23.0,46,0.0
2026-04-22T12:00,23.5,45,0.0
2026-04-22T13:00,24.7,38,0.0
2026-04-22T14:00,25.6,36,0.0
2026-04-22T15:00,26.4,35,0.0
2026-04-22T16:00,25.7,37,0.0
2026-04-22T17:00,23.3,48,0.0
2026-04-22T18:00,21.1,58,0.3
2026-04-22T19:00,19.9,65,0.5
2026-04-22T20:00,17.8,89,2.9
2026-04-22T21:00,17.6,92,3.1
2026-04-22T22:00,17.4,93,1.2
2026-04-22T23:00,16.4,90,0.1
2026-04-23T00:00,16.0,96,2.6
2026-04-23T01:00,16.0,97,0.8
2026-04-23T02:00,15.7,97,0.1
2026-04-23T03:00,15.7,96,0.2
2026-04-23T04:00,15.8,97,0.0
2026-04-23T05:00,15.5,98,0.0
2026-04-23T06:00,15.4,94,0.5
2026-04-23T07:00,15.3,95,0.9
2026-04-23T08:00,15.7,94,0.2
2026-04-23T09:00,16.6,91,0.0
2026-04-23T10:00,17.7,84,0.1
2026-04-23T11:00,17.1,80,0.3
2026-04-23T12:00,17.2,80,0.2
2026-04-23T13:00,19.7,67,0.1
2026-04-23T14:00,20.6,66,0.1
2026-04-23T15:00,19.9,68,0.7
2026-04-23T16:00,19.8,68,0.9
2026-04-23T17:00,19.8,62,0.4
2026-04-23T18:00,19.0,67,0.1
2026-04-23T19:00,17.9,78,0.0
2026-04-23T20:00,17.1,85,0.0
2026-04-23T21:00,16.5,89,0.0
2026-04-23T22:00,15.9,90,0.0
2026-04-23T23:00,15.4,94,0.0
2026-04-24T00:00,15.5,92,0.0
2026-04-24T01:00,14.9,92,0.0
2026-04-24T02:00,14.5,93,0.0
2026-04-24T03:00,13.9,94,0.0
2026-04-24T04:00,13.5,94,0.0
2026-04-24T05:00,13.4,93,0.0
2026-04-24T06:00,13.0,91,0.0
2026-04-24T07:00,14.0,84,0.0
2026-04-24T08:00,16.4,75,0.0
2026-04-24T09:00,19.1,65,0.0
2026-04-24T10:00,21.6,52,0.0
2026-04-24T11:00,23.1,46,0.0
2026-04-24T12:00,24.3,43,0.0
2026-04-24T13:00,25.1,41,0.0
2026-04-24T14:00,25.7,38,0.0
2026-04-24T15:00,26.0,35,0.0
2026-04-24T16:00,25.8,34,0.0
2026-04-24T17:00,26.3,30,0.0
2026-04-24T18:00,24.3,47,0.0
2026-04-24T19:00,21.6,61,0.0
2026-04-24T20:00,20.1,60,0.0
2026-04-24T21:00,18.7,64,0.0
2026-04-24T22:00,17.5,69,0.0
2026-04-24T23:00,16.7,74,0.0
2026-04-25T00:00,16.0,73,0.0
2026-04-25T01:00,15.1,71,0.0
2026-04-25T02:00,14.4,70,0.0
2026-04-25T03:00,14.3,63,0.0
2026-04-25T04:00,14.2,56,0.0
2026-04-25T05:00,14.5,51,0.0
2026-04-25T06:00,14.0,55,0.0
2026-04-25T07:00,14.9,58,0.0
2026-04-25T08:00,18.3,54,0.0
2026-04-25T09:00,21.6,51,0.0
2026-04-25T10:00,24.0,48,0.0
2026-04-25T11:00,26.5,38,0.0
2026-04-25T12:00,27.8,32,0.0
2026-04-25T13:00,28.4,29,0.0
2026-04-25T14:00,28.5,28,0.0
2026-04-25T15:00,27.4,29,0.0
2026-04-25T16:00,28.0,27,0.0
2026-04-25T17:00,28.4,23,0.0
2026-04-25T18:00,27.0,30,0.0
2026-04-25T19:00,25.2,34,0.0
2026-04-25T20:00,23.1,43,0.0
2026-04-25T21:00,21.3,50,0.0
2026-04-25T22:00,19.9,49,0.0
2026-04-25T23:00,19.4,53,0.0
2026-04-26T00:00,18.9,53,0.0
2026-04-26T01:00,18.3,54,0.0
2026-04-26T02:00,17.4,55,0.0
2026-04-26T03:00,16.6,56,0.0
2026-04-26T04:00,16.2,55,0.0
2026-04-26T05:00,15.8,55,0.0
2026-04-26T06:00,15.3,56,0.0
2026-04-26T07:00,17.4,48,0.0
2026-04-26T08:00,20.0,44,0.0
2026-04-26T09:00,22.6,39,0.0
2026-04-26T10:00,26.4,31,0.0
2026-04-26T11:00,29.1,30,0.0
2026-04-26T12:00,30.2,28,0.0
2026-04-26T13:00,30.4,25,0.0
2026-04-26T14:00,27.2,42,0.8
2026-04-26T15:00,26.9,43,0.0
2026-04-26T16:00,26.8,43,0.0
2026-04-26T17:00,20.7,70,0.0
2026-04-26T18:00,20.6,67,0.0
2026-04-26T19:00,20.5,66,0.0
2026-04-26T20:00,19.8,69,0.0
2026-04-26T21:00,19.4,70,0.0
2026-04-26T22:00,18.3,77,0.0
2026-04-26T23:00,18.2,60,0.0
2026-04-27T00:00,17.0,61,0.0
2026-04-27T01:00,16.2,61,0.0
2026-04-27T02:00,15.3,63,0.0
2026-04-27T03:00,15.0,67,0.0
2026-04-27T04:00,14.8,68,0.0
2026-04-27T05:00,14.5,68,0.0
2026-04-27T06:00,14.3,70,0.0
2026-04-27T07:00,15.3,67,0.0
2026-04-27T08:00,16.4,69,0.0
2026-04-27T09:00,17.7,68,0.0
2026-04-27T10:00,19.4,62,0.0
2026-04-27T11:00,21.4,56,0.0
2026-04-27T12:00,23.4,50,0.0
2026-04-27T13:00,24.9,46,0.0
2026-04-27T14:00,25.7,45,0.0
2026-04-27T15:00,26.1,43,0.0
2026-04-27T16:00,26.2,43,0.0
2026-04-27T17:00,26.2,42,0.0
2026-04-27T18:00,25.3,44,0.0
2026-04-27T19:00,24.1,51,0.0
2026-04-27T20:00,22.7,57,0.0
2026-04-27T21:00,21.6,59,0.0
2026-04-27T22:00,20.5,63,0.0
2026-04-27T23:00,19.5,70,0.0
2026-04-28T00:00,18.6,75,0.0
2026-04-28T01:00,18.5,79,0.0
2026-04-28T02:00,17.9,81,0.0
2026-04-28T03:00,16.9,82,0.0
2026-04-28T04:00,16.1,82,0.0
2026-04-28T05:00,15.8,82,0.0
2026-04-28T06:00,15.5,82,0.0
2026-04-28T07:00,16.8,75,0.0
2026-04-28T08:00,18.3,66,0.0
2026-04-28T09:00,20.3,58,0.0
2026-04-28T10:00,22.7,51,0.0
2026-04-28T11:00,25.1,44,0.0
2026-04-28T12:00,26.9,40,0.0
2026-04-28T13:00,27.8,37,0.0
2026-04-28T14:00,28.8,33,0.0
2026-04-28T15:00,28.9,33,0.0
2026-04-28T16:00,28.8,32,0.0
2026-04-28T17:00,29.7,27,0.0
2026-04-28T18:00,28.6,28,0.0
2026-04-28T19:00,27.0,32,0.0
2026-04-28T20:00,24.3,55,0.0
2026-04-28T21:00,23.0,63,0.0
2026-04-28T22:00,21.7,67,0.0
2026-04-28T23:00,21.6,69,0.0
2026-04-29T00:00,20.4,73,0.0
2026-04-29T01:00,19.3,77,0.0
2026-04-29T02:00,18.8,78,0.0
2026-04-29T03:00,18.8,75,0.0
2026-04-29T04:00,18.7,72,0.0
2026-04-29T05:00,18.1,73,0.0
2026-04-29T06:00,17.9,72,0.0
2026-04-29T07:00,19.3,64,0.0
2026-04-29T08:00,21.4,56,0.0
2026-04-29T09:00,23.5,51,0.0
2026-04-29T10:00,25.1,47,0.0
2026-04-29T11:00,27.0,39,0.0
2026-04-29T12:00,28.3,31,0.0
2026-04-29T13:00,29.1,27,0.0
2026-04-29T14:00,29.6,26,0.0
2026-04-29T15:00,29.7,26,0.0
2026-04-29T16:00,29.4,26,0.0
2026-04-29T17:00,29.1,24,0.0
2026-04-29T18:00,28.2,24,0.0
2026-04-29T19:00,27.4,24,0.0
2026-04-29T20:00,26.1,27,0.0
2026-04-29T21:00,24.8,31,0.0
2026-04-29T22:00,23.7,36,0.0
2026-04-29T23:00,22.8,40,0.0
2026-04-30T00:00,21.7,47,0.0
2026-04-30T01:00,20.9,52,0.0
2026-04-30T02:00,20.0,55,0.0
2026-04-30T03:00,19.4,55,0.0
2026-04-30T04:00,18.8,53,0.0
2026-04-30T05:00,17.5,61,0.0
2026-04-30T06:00,17.3,61,0.0
2026-04-30T07:00,19.4,54,0.0
2026-04-30T08:00,22.2,48,0.0
2026-04-30T09:00,24.3,45,0.0
2026-04-30T10:00,26.0,41,0.0
2026-04-30T11:00,28.4,32,0.0
2026-04-30T12:00,29.7,26,0.0
2026-04-30T13:00,30.1,24,0.0
2026-04-30T14:00,30.7,23,0.0
2026-04-30T15:00,30.5,23,0.0
2026-04-30T16:00,30.3,23,0.0
2026-04-30T17:00,30.1,22,0.0
2026-04-30T18:00,29.3,24,0.0
2026-04-30T19:00,27.8,26,0.0
2026-04-30T20:00,26.4,30,0.0
2026-04-30T21:00,24.8,43,0.0
2026-04-30T22:00,23.3,52,0.0
2026-04-30T23:00,22.7,56,0.0
2026-05-01T00:00,21.8,59,0.0
2026-05-01T01:00,21.2,59,0.0
2026-05-01T02:00,20.7,58,0.0
2026-05-01T03:00,19.9,58,0.0
2026-05-01T04:00,18.9,58,0.0
2026-05-01T05:00,18.6,57,0.0
2026-05-01T06:00,18.6,55,0.0
2026-05-01T07:00,20.1,52,0.0
2026-05-01T08:00,22.5,47,0.0
2026-05-01T09:00,24.3,45,0.0
2026-05-01T10:00,26.5,40,0.0
2026-05-01T11:00,27.4,38,0.0
2026-05-01T12:00,28.0,38,0.0
2026-05-01T13:00,26.0,43,0.6
2026-05-01T14:00,27.1,35,0.1
2026-05-01T15:00,26.3,37,0.2
2026-05-01T16:00,27.6,33,0.0
2026-05-01T17:00,28.4,28,0.0
2026-05-01T18:00,27.2,28,0.0
2026-05-01T19:00,25.0,46,0.0
2026-05-01T20:00,23.6,60,0.0
2026-05-01T21:00,22.3,65,0.0
2026-05-01T22:00,20.1,68,1.3
2026-05-01T23:00,19.2,74,0.0
2026-05-02T00:00,18.3,74,0.0
2026-05-02T01:00,17.4,77,0.0
2026-05-02T02:00,16.8,81,0.6
2026-05-02T03:00,16.3,85,0.5
2026-05-02T04:00,15.6,91,1.1
2026-05-02T05:00,15.6,87,1.7
2026-05-02T06:00,15.7,86,0.0
2026-05-02T07:00,15.8,85,0.0
2026-05-02T08:00,16.5,82,0.2
2026-05-02T09:00,16.3,82,0.2
2026-05-02T10:00,17.7,76,0.1
2026-05-02T11:00,17.6,75,0.1
2026-05-02T12:00,19.6,64,0.0
2026-05-02T13:00,20.8,58,0.0
2026-05-02T14:00,21.3,56,0.0
2026-05-02T15:00,21.8,54,0.1
2026-05-02T16:00,21.7,54,0.1
2026-05-02T17:00,19.5,66,0.1
2026-05-02T18:00,18.8,72,0.1
2026-05-02T19:00,18.1,77,0.0
2026-05-02T20:00,17.3,85,0.0
2026-05-02T21:00,17.1,84,0.0
2026-05-02T22:00,16.7,86,0.0
2026-05-02T23:00,16.9,80,0.0
2026-05-03T00:00,16.4,85,0.0
2026-05-03T01:00,15.8,88,0.0
2026-05-03T02:00,15.3,90,0.0
2026-05-03T03:00,14.6,92,0.0
2026-05-03T04:00,14.1,94,0.0
2026-05-03T05:00,14.6,93,0.0
2026-05-03T06:00,14.9,93,0.0
2026-05-03T07:00,16.0,90,0.0
2026-05-03T08:00,17.5,83,0.0
2026-05-03T09:00,19.1,70,0.0
2026-05-03T10:00,20.1,64,0.0
2026-05-03T11:00,20.8,63,0.0
2026-05-03T12:00,21.8,58,0.0
2026-05-03T13:00,22.1,55,0.0
2026-05-03T14:00,22.7,52,0.0
2026-05-03T15:00,22.3,53,0.0
2026-05-03T16:00,21.0,60,0.4
2026-05-03T17:00,18.0,77,0.3
2026-05-03T18:00,17.9,81,0.3
2026-05-03T19:00,16.9,84,0.5
2026-05-03T20:00,16.9,85,0.0
2026-05-03T21:00,16.2,87,0.1
2026-05-03T22:00,15.6,91,0.1
2026-05-03T23:00,15.2,95,0.1
2026-05-04T00:00,15.2,95,0.1
2026-05-04T01:00,15.3,95,0.0
2026-05-04T02:00,14.6,98,0.0
2026-05-04T03:00,14.6,98,0.0
2026-05-04T04:00,14.0,99,0.0
2026-05-04T05:00,14.2,98,0.0
2026-05-04T06:00,14.3,98,0.0
2026-05-04T07:00,15.5,93,0.0
2026-05-04T08:00,16.8,89,0.0
2026-05-04T09:00,18.3,79,0.1
2026-05-04T10:00,19.5,71,0.0
2026-05-04T11:00,20.1,65,0.0
2026-05-04T12:00,21.3,61,0.0
2026-05-04T13:00,22.0,59,0.0
2026-05-04T14:00,22.5,58,0.0
2026-05-04T15:00,22.9,57,0.0
2026-05-04T16:00,22.7,57,0.0
2026-05-04T17:00,22.7,46,0.2
2026-05-04T18:00,21.6,55,0.1
2026-05-04T19:00,20.4,69,0.0
2026-05-04T20:00,19.3,75,0.0
2026-05-04T21:00,18.4,79,0.0
2026-05-04T22:00,17.8,82,0.0
2026-05-04T23:00,17.8,85,0.0
2026-05-05T00:00,17.4,86,0.0
2026-05-05T01:00,16.8,85,0.0
2026-05-05T02:00,16.0,87,0.0
2026-05-05T03:00,15.3,86,0.0
2026-05-05T04:00,15.1,80,0.0
2026-05-05T05:00,14.2,79,0.0
2026-05-05T06:00,13.9,80,0.0
2026-05-05T07:00,15.7,76,0.0
2026-05-05T08:00,18.9,69,0.0
2026-05-05T09:00,21.7,54,0.0
2026-05-05T10:00,23.5,47,0.0
2026-05-05T11:00,25.3,39,0.0
2026-05-05T12:00,26.5,34,0.0
2026-05-05T13:00,26.7,34,0.0
2026-05-05T14:00,27.0,34,0.0
2026-05-05T15:00,27.1,34,0.0
2026-05-05T16:00,26.9,35,0.0
2026-05-05T17:00,26.9,31,0.0
2026-05-05T18:00,26.1,40,0.0
2026-05-05T19:00,24.1,46,0.0
2026-05-05T20:00,22.7,47,0.0
2026-05-05T21:00,21.8,49,0.0
2026-05-05T22:00,20.5,52,0.0
2026-05-05T23:00,19.5,58,0.0
2026-05-06T00:00,18.6,62,0.0
2026-05-06T01:00,17.8,64,0.0
2026-05-06T02:00,17.2,65,0.0
2026-05-06T03:00,17.0,62,0.0
2026-05-06T04:00,16.8,60,0.0
2026-05-06T05:00,16.4,60,0.0
2026-05-06T06:00,16.3,59,0.0
2026-05-06T07:00,18.2,52,0.0
2026-05-06T08:00,20.8,52,0.0
2026-05-06T09:00,24.0,45,0.0
2026-05-06T10:00,26.6,32,0.0
2026-05-06T11:00,28.2,25,0.0
2026-05-06T12:00,29.3,23,0.0
2026-05-06T13:00,29.8,23,0.0
2026-05-06T14:00,30.1,22,0.0
2026-05-06T15:00,30.5,22,0.0
2026-05-06T16:00,30.4,22,0.0
2026-05-06T17:00,30.7,20,0.0
2026-05-06T18:00,29.8,21,0.0
2026-05-06T19:00,27.7,29,0.0
2026-05-06T20:00,25.7,36,0.0
2026-05-06T21:00,24.4,41,0.0
2026-05-06T22:00,23.0,46,0.0
2026-05-06T23:00,22.5,51,0.0
2026-05-07T00:00,21.4,53,0.0
2026-05-07T01:00,20.7,50,0.0
2026-05-07T02:00,20.9,44,0.0
2026-05-07T03:00,21.2,38,0.0
2026-05-07T04:00,20.7,37,0.0
2026-05-07T05:00,19.5,40,0.0
2026-05-07T06:00,19.5,43,0.0
2026-05-07T07:00,21.1,39,0.0
2026-05-07T08:00,23.4,38,0.0
2026-05-07T09:00,26.5,35,0.0
2026-05-07T10:00,29.6,26,0.0
2026-05-07T11:00,31.0,22,0.0
2026-05-07T12:00,32.4,19,0.0
2026-05-07T13:00,33.0,18,0.0
2026-05-07T14:00,33.8,16,0.0
2026-05-07T15:00,33.9,15,0.0
2026-05-07T16:00,33.6,16,0.0
2026-05-07T17:00,33.0,17,0.0
2026-05-07T18:00,32.0,18,0.0
2026-05-07T19:00,30.0,25,0.0
2026-05-07T20:00,28.5,29,0.0
2026-05-07T21:00,27.2,31,0.0
2026-05-07T22:00,25.7,37,0.0
2026-05-07T23:00,24.3,46,0.0
2026-05-08T00:00,23.7,48,0.0
2026-05-08T01:00,22.8,49,0.0
2026-05-08T02:00,21.8,49,0.0
2026-05-08T03:00,21.4,45,0.0
2026-05-08T04:00,21.3,41,0.0
2026-05-08T05:00,20.3,42,0.0
2026-05-08T06:00,19.4,51,0.0
2026-05-08T07:00,21.4,47,0.0
2026-05-08T08:00,24.6,43,0.0
2026-05-08T09:00,28.7,37,0.0
2026-05-08T10:00,31.7,29,0.0
2026-05-08T11:00,32.7,24,0.0
2026-05-08T12:00,31.5,32,0.0
2026-05-08T13:00,34.1,19,0.0
2026-05-08T14:00,33.6,21,0.0
2026-05-08T15:00,32.8,24,0.0
2026-05-08T16:00,33.1,21,0.0
2026-05-08T17:00,33.4,16,0.0
2026-05-08T18:00,32.4,20,0.0
2026-05-08T19:00,30.3,28,0.0
2026-05-08T20:00,28.6,33,0.0
2026-05-08T21:00,27.4,37,0.0
2026-05-08T22:00,26.2,38,0.0
2026-05-08T23:00,24.8,54,0.0
2026-05-09T00:00,23.5,60,0.0
2026-05-09T01:00,22.4,56,0.0
2026-05-09T02:00,23.3,42,0.0
2026-05-09T03:00,23.6,43,0.0
2026-05-09T04:00,24.1,45,0.0
2026-05-09T05:00,24.2,42,0.0
2026-05-09T06:00,23.1,40,0.0
2026-05-09T07:00,23.5,39,0.0
2026-05-09T08:00,25.6,35,0.0
2026-05-09T09:00,28.0,32,0.0
2026-05-09T10:00,30.7,27,0.0
2026-05-09T11:00,32.6,26,0.0
2026-05-09T12:00,34.4,21,0.0
2026-05-09T13:00,34.7,19,0.0
2026-05-09T14:00,33.6,27,0.0
2026-05-09T15:00,33.3,30,0.0
2026-05-09T16:00,32.7,29,0.2
2026-05-09T17:00,29.8,42,0.8
2026-05-09T18:00,29.7,38,0.0
2026-05-09T19:00,28.2,37,0.0
2026-05-09T20:00,25.8,43,0.0
2026-05-09T21:00,22.7,56,0.3
2026-05-09T22:00,21.6,63,0.0
2026-05-09T23:00,21.4,74,0.0
2026-05-10T00:00,21.2,76,0.0
2026-05-10T01:00,20.6,79,0.0
2026-05-10T02:00,19.6,85,1.8
2026-05-10T03:00,19.0,91,1.1
2026-05-10T04:00,18.4,96,1.5
2026-05-10T05:00,17.2,94,2.3
2026-05-10T06:00,17.0,90,1.6
2026-05-10T07:00,17.1,83,0.1
2026-05-10T08:00,17.1,83,0.1
2026-05-10T09:00,16.8,81,0.5
2026-05-10T10:00,16.2,85,1.2
2026-05-10T11:00,16.1,86,0.6
2026-05-10T12:00,16.5,85,0.5
2026-05-10T13:00,17.0,81,0.4
2026-05-10T14:00,18.3,72,0.1
2026-05-10T15:00,19.4,65,0.0
2026-05-10T16:00,20.0,61,0.0
2026-05-10T17:00,19.1,68,0.0
2026-05-10T18:00,18.9,67,0.0
2026-05-10T19:00,18.5,70,0.0
2026-05-10T20:00,18.0,75,0.0
2026-05-10T21:00,17.0,81,0.0
2026-05-10T22:00,15.8,89,1.2
2026-05-10T23:00,14.9,91,1.9
2026-05-11T00:00,14.8,93,0.0
2026-05-11T01:00,14.9,90,0.2
2026-05-11T02:00,14.7,91,0.1
2026-05-11T03:00,14.5,92,0.0
2026-05-11T04:00,14.0,93,0.0
2026-05-11T05:00,13.9,90,0.0
2026-05-11T06:00,13.4,92,2.3
2026-05-11T07:00,14.8,90,0.0
2026-05-11T08:00,16.3,85,0.0
2026-05-11T09:00,18.0,76,0.0
2026-05-11T10:00,19.4,62,0.0
2026-05-11T11:00,19.8,51,0.0
2026-05-11T12:00,20.8,51,0.0
2026-05-11T13:00,21.6,49,0.0
2026-05-11T14:00,21.7,49,0.0
2026-05-11T15:00,21.8,48,0.1
2026-05-11T16:00,21.8,49,0.1
2026-05-11T17:00,22.3,45,0.0
2026-05-11T18:00,21.5,51,0.0
2026-05-11T19:00,20.0,68,0.0
2026-05-11T20:00,19.5,65,0.0
2026-05-11T21:00,18.4,68,0.0
2026-05-11T22:00,17.4,70,0.0
2026-05-11T23:00,17.7,73,0.0
2026-05-12T00:00,17.2,74,0.0
2026-05-12T01:00,15.9,79,0.0
2026-05-12T02:00,15.0,82,0.0
2026-05-12T03:00,14.4,83,0.0
2026-05-12T04:00,13.7,85,0.0
2026-05-12T05:00,13.8,82,0.0
2026-05-12T06:00,14.1,80,0.0
2026-05-12T07:00,15.7,76,0.0
2026-05-12T08:00,18.0,69,0.0
2026-05-12T09:00,20.3,61,0.0
2026-05-12T10:00,22.2,43,0.0
2026-05-12T11:00,23.4,36,0.0
2026-05-12T12:00,23.7,36,0.0
2026-05-12T13:00,24.1,35,0.0
2026-05-12T14:00,24.3,34,0.0
2026-05-12T15:00,24.4,34,0.0
2026-05-12T16:00,24.2,35,0.0
2026-05-12T17:00,24.7,31,0.0
2026-05-12T18:00,23.5,37,0.0
2026-05-12T19:00,21.3,47,0.0
2026-05-12T20:00,19.3,56,0.0
2026-05-12T21:00,17.9,63,0.0
2026-05-12T22:00,16.4,71,0.0
2026-05-12T23:00,16.2,78,0.0
2026-05-13T00:00,15.5,80,0.0
2026-05-13T01:00,15.5,79,0.0
2026-05-13T02:00,15.1,80,0.0
2026-05-13T03:00,14.9,79,0.0
2026-05-13T04:00,14.6,76,0.0
2026-05-13T05:00,14.9,73,0.0
2026-05-13T06:00,14.7,74,0.0
2026-05-13T07:00,16.6,70,0.0
2026-05-13T08:00,18.7,59,0.0
2026-05-13T09:00,20.6,51,0.0
2026-05-13T10:00,22.3,43,0.0
2026-05-13T11:00,24.3,37,0.0
2026-05-13T12:00,25.6,33,0.0
2026-05-13T13:00,26.6,30,0.0
2026-05-13T14:00,27.3,28,0.0
2026-05-13T15:00,27.5,29,0.0
2026-05-13T16:00,27.2,31,0.0
2026-05-13T17:00,27.7,26,0.0
2026-05-13T18:00,26.5,26,0.0
2026-05-13T19:00,24.8,30,0.0
2026-05-13T20:00,22.9,38,0.0
2026-05-13T21:00,21.5,45,0.0
2026-05-13T22:00,20.3,52,0.0
2026-05-13T23:00,20.1,55,0.0
2026-05-14T00:00,19.4,58,0.0
2026-05-14T01:00,18.8,60,0.0
2026-05-14T02:00,17.8,63,0.0
2026-05-14T03:00,17.1,62,0.0
2026-05-14T04:00,16.8,59,0.0
2026-05-14T05:00,17.2,55,0.0
2026-05-14T06:00,17.2,51,0.0
2026-05-14T07:00,18.9,46,0.0
2026-05-14T08:00,21.8,38,0.0
2026-05-14T09:00,25.0,29,0.0
2026-05-14T10:00,27.0,25,0.0
2026-05-14T11:00,28.8,23,0.0
2026-05-14T12:00,30.1,20,0.0
2026-05-14T13:00,31.1,18,0.0
2026-05-14T14:00,31.5,17,0.0
2026-05-14T15:00,31.3,18,0.0
2026-05-14T16:00,31.1,18,0.0
2026-05-14T17:00,31.4,14,0.0
2026-05-14T18:00,30.3,16,0.0
2026-05-14T19:00,28.8,21,0.0
2026-05-14T20:00,26.8,27,0.0
2026-05-14T21:00,25.4,32,0.0
2026-05-14T22:00,23.6,41,0.0
2026-05-14T23:00,22.9,46,0.0
2026-05-15T00:00,21.5,51,0.0
2026-05-15T01:00,20.7,52,0.0
2026-05-15T02:00,20.1,53,0.0
2026-05-15T03:00,19.3,54,0.0
2026-05-15T04:00,18.4,53,0.0
2026-05-15T05:00,18.5,50,0.0
2026-05-15T06:00,17.8,51,0.0
2026-05-15T07:00,19.6,45,0.0
2026-05-15T08:00,23.1,34,0.0
2026-05-15T09:00,25.8,29,0.0
2026-05-15T10:00,28.1,24,0.0
2026-05-15T11:00,30.6,17,0.0
2026-05-15T12:00,32.3,14,0.0
2026-05-15T13:00,33.2,13,0.0
2026-05-15T14:00,33.7,12,0.0
2026-05-15T15:00,34.0,10,0.0
2026-05-15T16:00,33.8,11,0.0
2026-05-15T17:00,33.9,11,0.0
2026-05-15T18:00,32.7,12,0.0
2026-05-15T19:00,31.1,16,0.0
2026-05-15T20:00,29.1,25,0.0
2026-05-15T21:00,27.6,33,0.0
2026-05-15T22:00,26.1,38,0.0
2026-05-15T23:00,25.0,41,0.0
2026-05-16T00:00,23.3,46,0.0
2026-05-16T01:00,22.6,45,0.0
2026-05-16T02:00,22.0,44,0.0
2026-05-16T03:00,21.1,43,0.0
2026-05-16T04:00,20.2,43,0.0
2026-05-16T05:00,20.3,43,0.0
2026-05-16T06:00,20.5,42,0.0
2026-05-16T07:00,23.4,35,0.0
2026-05-16T08:00,26.4,29,0.0
2026-05-16T09:00,29.7,20,0.0
2026-05-16T10:00,32.3,15,0.0
2026-05-16T11:00,34.0,15,0.0
2026-05-16T12:00,34.6,16,0.0
2026-05-16T13:00,34.4,16,0.0
2026-05-16T14:00,33.2,18,0.0
2026-05-16T15:00,33.2,18,0.0
2026-05-16T16:00,33.2,18,0.0
2026-05-16T17:00,33.3,19,0.0
2026-05-16T18:00,33.0,19,0.0
2026-05-16T19:00,31.7,24,0.0
2026-05-16T20:00,29.4,30,0.0
2026-05-16T21:00,27.7,35,0.0
2026-05-16T22:00,27.1,33,0.0
2026-05-16T23:00,26.8,38,0.0
2026-05-17T00:00,25.0,39,0.0
2026-05-17T01:00,24.6,36,0.0
2026-05-17T02:00,24.4,34,0.0
2026-05-17T03:00,23.9,34,0.0
2026-05-17T04:00,23.1,37,0.0
2026-05-17T05:00,22.9,37,0.0
2026-05-17T06:00,23.1,38,0.0
2026-05-17T07:00,24.8,34,0.0
2026-05-17T08:00,27.8,30,0.0
2026-05-17T09:00,30.8,26,0.0
2026-05-17T10:00,33.3,19,0.0
2026-05-17T11:00,34.9,16,0.0
2026-05-17T12:00,35.6,15,0.0
2026-05-17T13:00,36.6,13,0.0
2026-05-17T14:00,36.8,13,0.0
2026-05-17T15:00,36.6,12,0.0
2026-05-17T16:00,36.7,12,0.0
2026-05-17T17:00,36.3,11,0.0
2026-05-17T18:00,35.6,12,0.0
2026-05-17T19:00,34.2,14,0.0
2026-05-17T20:00,32.5,17,0.0
2026-05-17T21:00,30.7,27,0.0
2026-05-17T22:00,29.4,31,0.0
2026-05-17T23:00,28.2,38,0.0
2026-05-18T00:00,27.2,37,0.0
2026-05-18T01:00,26.8,35,0.0
2026-05-18T02:00,25.7,33,0.0
2026-05-18T03:00,25.5,30,0.0
2026-05-18T04:00,25.4,29,0.0
2026-05-18T05:00,26.0,28,0.0
2026-05-18T06:00,26.8,28,0.0
2026-05-18T07:00,26.2,30,0.0
2026-05-18T08:00,27.1,32,0.0
2026-05-18T09:00,27.4,36,0.0
2026-05-18T10:00,28.0,34,0.0
2026-05-18T11:00,30.4,28,0.0
2026-05-18T12:00,33.2,21,0.0
2026-05-18T13:00,34.2,19,0.0
2026-05-18T14:00,35.2,17,0.0
2026-05-18T15:00,35.7,16,0.0
2026-05-18T16:00,35.4,16,0.0
2026-05-18T17:00,34.5,16,0.0
2026-05-18T18:00,33.3,19,0.0
2026-05-18T19:00,31.4,24,0.0
2026-05-18T20:00,29.2,31,0.0
2026-05-18T21:00,28.2,33,0.0
2026-05-18T22:00,25.9,39,0.2
2026-05-18T23:00,23.9,47,0.3
2026-05-19T00:00,22.5,56,0.5
2026-05-19T01:00,20.8,68,0.0
2026-05-19T02:00,21.1,66,0.0
2026-05-19T03:00,20.8,67,0.0
2026-05-19T04:00,21.2,71,0.0
2026-05-19T05:00,19.8,83,0.0
2026-05-19T06:00,20.0,79,0.0
2026-05-19T07:00,21.0,73,0.0
2026-05-19T08:00,21.5,69,0.3
2026-05-19T09:00,22.2,67,0.0
2026-05-19T10:00,23.1,65,0.1
2026-05-19T11:00,25.1,53,0.0
2026-05-19T12:00,25.5,53,0.0
2026-05-19T13:00,26.7,48,0.0
2026-05-19T14:00,27.9,42,0.0
2026-05-19T15:00,28.7,31,0.0
2026-05-19T16:00,27.9,36,0.0
2026-05-19T17:00,29.4,30,0.0
2026-05-19T18:00,28.2,31,0.0
2026-05-19T19:00,23.0,53,0.2
2026-05-19T20:00,18.9,81,1.2
2026-05-19T21:00,19.5,79,0.3
2026-05-19T22:00,19.6,81,0.0
2026-05-19T23:00,21.2,74,0.0
2026-05-20T00:00,21.0,66,0.0
2026-05-20T01:00,20.4,65,0.0
2026-05-20T02:00,19.9,63,0.0
2026-05-20T03:00,19.1,65,0.0
2026-05-20T04:00,18.6,67,0.0
2026-05-20T05:00,19.6,64,0.0
2026-05-20T06:00,20.2,58,0.0
2026-05-20T07:00,22.3,51,0.0
2026-05-20T08:00,25.0,40,0.0
2026-05-20T09:00,28.1,30,0.0
2026-05-20T10:00,30.3,23,0.0
2026-05-20T11:00,31.2,20,0.0
2026-05-20T12:00,31.8,20,0.0
2026-05-20T13:00,32.3,19,0.0
2026-05-20T14:00,29.9,25,0.3
2026-05-20T15:00,29.8,28,0.0
2026-05-20T16:00,30.1,26,0.0
2026-05-20T17:00,31.4,20,0.0
2026-05-20T18:00,30.8,22,0.0
2026-05-20T19:00,30.0,25,0.0
2026-05-20T20:00,28.7,28,0.0
2026-05-20T21:00,28.0,30,0.0
2026-05-20T22:00,26.9,33,0.0
2026-05-20T23:00,27.0,35,0.0
2026-05-21T00:00,25.2,42,0.0
2026-05-21T01:00,24.1,47,0.0
2026-05-21T02:00,23.6,46,0.0
2026-05-21T03:00,23.1,46,0.0
2026-05-21T04:00,22.9,46,0.0
2026-05-21T05:00,23.3,38,0.0
2026-05-21T06:00,22.7,42,0.0
2026-05-21T07:00,23.3,41,0.0
2026-05-21T08:00,24.4,40,0.0
2026-05-21T09:00,26.5,38,0.0
2026-05-21T10:00,26.9,39,0.0
2026-05-21T11:00,27.0,39,0.0
2026-05-21T12:00,26.2,40,0.0
2026-05-21T13:00,27.4,38,0.4
2026-05-21T14:00,25.5,44,0.0
2026-05-21T15:00,25.2,47,0.2
2026-05-21T16:00,20.3,78,1.6
2026-05-21T17:00,21.3,73,0.1
2026-05-21T18:00,21.5,67,0.0
2026-05-21T19:00,20.0,72,0.0
2026-05-21T20:00,19.3,73,0.0
2026-05-21T21:00,19.0,73,0.0
2026-05-21T22:00,19.1,70,0.0
2026-05-21T23:00,19.4,72,0.0
2026-05-22T00:00,19.5,70,0.0
2026-05-22T01:00,19.2,71,0.1
2026-05-22T02:00,19.0,73,0.2
2026-05-22T03:00,18.2,79,0.0
2026-05-22T04:00,17.5,84,0.0
2026-05-22T05:00,17.9,84,0.0
2026-05-22T06:00,17.2,89,2.2
2026-05-22T07:00,16.9,93,4.4
2026-05-22T08:00,17.9,88,0.2
2026-05-22T09:00,18.0,89,2.0
2026-05-22T10:00,18.8,88,1.4
2026-05-22T11:00,19.4,83,0.7
2026-05-22T12:00,19.1,84,0.6
2026-05-22T13:00,19.4,82,0.1
2026-05-22T14:00,21.0,74,0.1
2026-05-22T15:00,21.6,69,0.1
2026-05-22T16:00,21.4,69,0.3
2026-05-22T17:00,22.7,62,0.0
2026-05-22T18:00,22.5,63,0.0
2026-05-22T19:00,21.7,67,0.0
2026-05-22T20:00,20.7,72,0.0
2026-05-22T21:00,19.3,80,0.1
2026-05-22T22:00,16.9,84,0.1
2026-05-22T23:00,16.4,85,0.0
2026-05-23T00:00,17.2,76,0.0
2026-05-23T01:00,17.2,76,0.0
2026-05-23T02:00,16.8,78,0.0
2026-05-23T03:00,16.3,79,0.0
2026-05-23T04:00,15.7,80,0.0
2026-05-23T05:00,16.0,77,0.0
2026-05-23T06:00,16.2,75,0.0
2026-05-23T07:00,18.2,71,0.0
2026-05-23T08:00,20.8,64,0.0
2026-05-23T09:00,23.1,52,0.0
2026-05-23T10:00,24.4,45,0.0
2026-05-23T11:00,25.8,38,0.0
2026-05-23T12:00,26.5,36,0.0
2026-05-23T13:00,26.8,34,0.0
2026-05-23T14:00,27.2,33,0.0
2026-05-23T15:00,27.1,32,0.0
2026-05-23T16:00,26.6,33,0.0
2026-05-23T17:00,26.1,34,0.0
2026-05-23T18:00,24.3,45,0.0
2026-05-23T19:00,21.9,51,0.0
2026-05-23T20:00,19.4,65,0.0
2026-05-23T21:00,18.4,72,0.0
2026-05-23T22:00,18.0,75,0.0
2026-05-23T23:00,18.0,74,0.0
2026-05-24T00:00,17.5,72,0.0
2026-05-24T01:00,17.3,70,0.0
2026-05-24T02:00,17.0,72,0.0
2026-05-24T03:00,16.8,73,0.0
2026-05-24T04:00,16.8,71,0.0
2026-05-24T05:00,16.9,74,0.0
2026-05-24T06:00,17.0,75,0.0
2026-05-24T07:00,17.7,74,0.0
2026-05-24T08:00,18.8,68,0.0
2026-05-24T09:00,20.9,57,0.0
2026-05-24T10:00,22.4,51,0.0
2026-05-24T11:00,23.0,50,0.0
2026-05-24T12:00,22.3,53,0.2
2026-05-24T13:00,22.1,55,0.1
2026-05-24T14:00,22.1,56,0.2
2026-05-24T15:00,21.0,60,0.3
2026-05-24T16:00,20.7,63,0.1
2026-05-24T17:00,21.2,59,0.0
2026-05-24T18:00,21.1,56,0.0
2026-05-24T19:00,20.1,63,0.0
2026-05-24T20:00,18.6,78,0.3
2026-05-24T21:00,17.9,82,0.2
2026-05-24T22:00,17.5,84,0.0
2026-05-24T23:00,17.3,88,0.0
2026-05-25T00:00,16.9,90,0.0
2026-05-25T01:00,16.3,91,0.0
2026-05-25T02:00,16.1,89,0.0
2026-05-25T03:00,16.0,87,0.0
2026-05-25T04:00,15.8,86,0.0
2026-05-25T05:00,16.7,82,0.0
2026-05-25T06:00,16.9,82,0.0
2026-05-25T07:00,18.4,76,0.0
2026-05-25T08:00,19.9,62,0.0
2026-05-25T09:00,21.7,53,0.0
2026-05-25T10:00,23.2,44,0.0
2026-05-25T11:00,24.3,40,0.0
2026-05-25T12:00,25.1,39,0.0
2026-05-25T13:00,25.8,38,0.0
2026-05-25T14:00,26.5,36,0.0
2026-05-25T15:00,26.8,33,0.0
2026-05-25T16:00,26.8,33,0.0
2026-05-25T17:00,27.4,27,0.0
2026-05-25T18:00,27.1,26,0.0
2026-05-25T19:00,26.3,28,0.0
2026-05-25T20:00,24.3,38,0.0
2026-05-25T21:00,22.7,47,0.0
2026-05-25T22:00,21.8,54,0.0
2026-05-25T23:00,21.6,54,0.0
2026-05-26T00:00,20.4,55,0.0
2026-05-26T01:00,19.8,56,0.0
2026-05-26T02:00,19.3,57,0.0
2026-05-26T03:00,18.7,60,0.0
2026-05-26T04:00,18.1,63,0.0
2026-05-26T05:00,18.5,58,0.0
2026-05-26T06:00,19.2,54,0.0
2026-05-26T07:00,21.4,46,0.0
2026-05-26T08:00,24.3,37,0.0
2026-05-26T09:00,26.8,29,0.0
2026-05-26T10:00,28.3,25,0.0
2026-05-26T11:00,29.5,22,0.0
2026-05-26T12:00,30.5,20,0.0
2026-05-26T13:00,30.5,21,0.0
2026-05-26T14:00,30.2,22,0.0
2026-05-26T15:00,29.5,23,0.0
2026-05-26T16:00,29.6,25,0.0
2026-05-26T17:00,29.2,27,0.0
2026-05-26T18:00,26.8,35,0.6
2026-05-26T19:00,26.2,36,0.0
2026-05-26T20:00,21.8,59,0.1
2026-05-26T21:00,20.4,69,0.4
2026-05-26T22:00,20.5,67,0.0
2026-05-26T23:00,21.0,53,0.0
2026-05-27T00:00,20.9,52,0.0
2026-05-27T01:00,21.3,43,0.0
2026-05-27T02:00,21.0,44,0.0
2026-05-27T03:00,20.5,43,0.0
2026-05-27T04:00,19.5,50,0.0
2026-05-27T05:00,19.6,63,0.0
2026-05-27T06:00,20.7,50,0.0
2026-05-27T07:00,22.8,41,0.0
2026-05-27T08:00,25.1,35,0.0
2026-05-27T09:00,26.4,35,0.0
2026-05-27T10:00,27.2,33,0.0
2026-05-27T11:00,29.1,26,0.0
2026-05-27T12:00,26.7,30,0.4
2026-05-27T13:00,24.7,39,0.8
2026-05-27T14:00,26.3,36,0.3
2026-05-27T15:00,24.6,42,0.7
2026-05-27T16:00,25.6,40,0.1
2026-05-27T17:00,24.0,45,0.0
2026-05-27T18:00,24.5,43,0.0
2026-05-27T19:00,23.7,45,0.0
2026-05-27T20:00,22.6,50,0.0
2026-05-27T21:00,22.0,50,0.0
2026-05-27T22:00,21.2,51,0.0
2026-05-27T23:00,22.7,49,0.0
2026-05-28T00:00,21.0,50,0.0
2026-05-28T01:00,20.1,51,0.0
2026-05-28T02:00,20.1,48,0.0
2026-05-28T03:00,20.0,45,0.0
2026-05-28T04:00,20.0,44,0.0
2026-05-28T05:00,20.5,48,0.0
2026-05-28T06:00,19.9,52,0.2
2026-05-28T07:00,21.4,48,0.0
2026-05-28T08:00,23.9,42,0.0
2026-05-28T09:00,26.2,35,0.0
2026-05-28T10:00,27.4,31,0.0
2026-05-28T11:00,28.6,26,0.0
2026-05-28T12:00,28.8,26,0.0
2026-05-28T13:00,29.2,27,0.0
2026-05-28T14:00,29.5,27,0.0
2026-05-28T15:00,29.5,26,0.0
2026-05-28T16:00,29.8,25,0.0
2026-05-28T17:00,29.9,23,0.0
2026-05-28T18:00,29.8,22,0.0
2026-05-28T19:00,29.1,24,0.0
2026-05-28T20:00,27.4,28,0.0
2026-05-28T21:00,26.5,32,0.0
2026-05-28T22:00,25.1,35,0.0
2026-05-28T23:00,24.0,40,0.0
2026-05-29T00:00,22.2,44,0.0
2026-05-29T01:00,21.2,49,0.0
2026-05-29T02:00,20.7,50,0.0
2026-05-29T03:00,20.6,47,0.0
2026-05-29T04:00,20.2,46,0.0
2026-05-29T05:00,21.3,39,0.0
2026-05-29T06:00,21.1,40,0.0
2026-05-29T07:00,22.6,39,0.0
2026-05-29T08:00,25.3,34,0.0
2026-05-29T09:00,28.0,26,0.0
2026-05-29T10:00,29.9,21,0.0
2026-05-29T11:00,31.8,17,0.0
2026-05-29T12:00,32.8,15,0.0
2026-05-29T13:00,33.4,14,0.0
2026-05-29T14:00,33.7,14,0.0
2026-05-29T15:00,33.8,15,0.0
2026-05-29T16:00,33.6,15,0.0
2026-05-29T17:00,33.9,12,0.0
2026-05-29T18:00,33.0,12,0.0
2026-05-29T19:00,31.9,13,0.0
2026-05-29T20:00,29.9,22,0.0
2026-05-29T21:00,28.3,30,0.0
2026-05-29T22:00,27.0,35,0.0
2026-05-29T23:00,26.1,39,0.0
2026-05-30T00:00,24.5,42,0.0
2026-05-30T01:00,24.0,42,0.0
2026-05-30T02:00,23.2,42,0.0
2026-05-30T03:00,22.3,43,0.0
2026-05-30T04:00,21.6,43,0.0
2026-05-30T05:00,21.2,44,0.0
2026-05-30T06:00,20.6,51,0.0
2026-05-30T07:00,22.9,47,0.0
2026-05-30T08:00,26.1,38,0.0
2026-05-30T09:00,28.8,29,0.0
2026-05-30T10:00,30.6,25,0.0
2026-05-30T11:00,32.7,20,0.0
2026-05-30T12:00,34.4,17,0.0
2026-05-30T13:00,35.2,16,0.0
2026-05-30T14:00,35.6,15,0.0
2026-05-30T15:00,35.8,15,0.0
2026-05-30T16:00,35.7,15,0.0
2026-05-30T17:00,35.8,13,0.0
2026-05-30T18:00,35.1,14,0.0
2026-05-30T19:00,33.8,16,0.0
2026-05-30T20:00,31.7,23,0.0
2026-05-30T21:00,31.1,26,0.0
2026-05-30T22:00,29.5,28,0.0
2026-05-30T23:00,28.5,33,0.0
2026-05-31T00:00,26.7,40,0.0
2026-05-31T01:00,26.2,39,0.0
2026-05-31T02:00,25.4,39,0.0
2026-05-31T03:00,24.4,40,0.0
2026-05-31T04:00,23.8,41,0.0
2026-05-31T05:00,24.6,35,0.0
2026-05-31T06:00,24.2,35,0.0
2026-05-31T07:00,26.7,30,0.0
2026-05-31T08:00,30.3,24,0.0
2026-05-31T09:00,33.6,18,0.0
2026-05-31T10:00,35.6,14,0.0
2026-05-31T11:00,37.0,10,0.0
2026-05-31T12:00,37.7,11,0.0
2026-05-31T13:00,38.1,11,0.0
2026-05-31T14:00,38.2,11,0.0
2026-05-31T15:00,37.6,12,0.0
2026-05-31T16:00,38.1,13,0.0
2026-05-31T17:00,38.0,13,0.0
2026-05-31T18:00,37.0,14,0.0
2026-05-31T19:00,35.5,16,0.0
2026-05-31T20:00,33.2,22,0.0
2026-05-31T21:00,32.0,25,0.0
2026-05-31T22:00,30.8,29,0.0
2026-05-31T23:00,30.2,33,0.0
2026-06-01T00:00,28.9,35,0.0
2026-06-01T01:00,27.4,38,0.0
2026-06-01T02:00,27.0,36,0.0
2026-06-01T03:00,26.9,32,0.0
2026-06-01T04:00,26.3,32,0.0
2026-06-01T05:00,26.6,29,0.0
2026-06-01T06:00,26.1,34,0.0
2026-06-01T07:00,28.2,32,0.0
2026-06-01T08:00,30.5,27,0.0
2026-06-01T09:00,33.3,22,0.0
2026-06-01T10:00,34.9,21,0.0
2026-06-01T11:00,37.4,18,0.2
2026-06-01T12:00,35.2,25,0.3
2026-06-01T13:00,36.2,25,0.1
2026-06-01T14:00,35.3,25,0.1
2026-06-01T15:00,30.6,37,0.2
2026-06-01T16:00,32.1,34,0.0
2026-06-01T17:00,37.0,13,0.0
2026-06-01T18:00,33.8,19,0.0
2026-06-01T19:00,32.9,25,0.1
2026-06-01T20:00,29.1,42,0.0
2026-06-01T21:00,28.0,39,0.0
2026-06-01T22:00,27.6,39,0.0
2026-06-01T23:00,28.7,36,0.0
2026-06-02T00:00,27.3,40,0.0
2026-06-02T01:00,26.5,41,0.0
2026-06-02T02:00,26.8,39,0.0
2026-06-02T03:00,26.1,39,0.0
2026-06-02T04:00,25.3,40,0.0
2026-06-02T05:00,24.7,44,0.0
2026-06-02T06:00,24.8,44,0.0
2026-06-02T07:00,26.0,41,0.0
2026-06-02T08:00,28.2,34,0.0
2026-06-02T09:00,31.0,26,0.0
2026-06-02T10:00,33.1,21,0.0
2026-06-02T11:00,35.6,16,0.0
2026-06-02T12:00,36.7,15,0.0
2026-06-02T13:00,31.5,29,0.7
2026-06-02T14:00,31.3,28,0.5
2026-06-02T15:00,32.8,23,0.1
2026-06-02T16:00,30.0,37,0.3
2026-06-02T17:00,29.0,35,0.0
2026-06-02T18:00,29.1,34,0.0
2026-06-02T19:00,28.2,38,0.0
2026-06-02T20:00,27.2,44,0.0
2026-06-02T21:00,26.4,45,0.0
2026-06-02T22:00,26.4,44,0.0
2026-06-02T23:00,25.5,46,0.0
2026-06-03T00:00,24.2,51,0.0
2026-06-03T01:00,23.5,55,0.0
2026-06-03T02:00,22.8,58,0.0
2026-06-03T03:00,21.9,62,0.0
2026-06-03T04:00,21.1,66,0.0
2026-06-03T05:00,22.4,55,0.0
2026-06-03T06:00,21.9,61,0.0
2026-06-03T07:00,23.9,57,0.0
2026-06-03T08:00,26.7,45,0.0
2026-06-03T09:00,29.1,34,0.0
2026-06-03T10:00,31.0,28,0.0
2026-06-03T11:00,33.1,14,0.0
2026-06-03T12:00,33.7,13,0.0
2026-06-03T13:00,34.3,12,0.0
2026-06-03T14:00,34.5,12,0.0
2026-06-03T15:00,34.4,13,0.0
2026-06-03T16:00,34.2,13,0.0
2026-06-03T17:00,33.4,15,0.0
2026-06-03T18:00,32.2,18,0.0
2026-06-03T19:00,31.0,23,0.0
2026-06-03T20:00,29.5,28,0.0
2026-06-03T21:00,28.3,38,0.0
2026-06-03T22:00,27.7,33,0.0
2026-06-03T23:00,26.7,37,0.0
2026-06-04T00:00,25.3,41,0.0
2026-06-04T01:00,24.8,42,0.0
2026-06-04T02:00,24.4,41,0.0
2026-06-04T03:00,23.8,41,0.0
2026-06-04T04:00,23.2,46,0.0
2026-06-04T05:00,22.1,46,0.0
2026-06-04T06:00,21.7,48,0.0
2026-06-04T07:00,22.2,50,0.0
2026-06-04T08:00,23.3,48,0.0
2026-06-04T09:00,25.1,43,0.0
2026-06-04T10:00,26.5,39,0.0
2026-06-04T11:00,28.4,34,0.0
2026-06-04T12:00,29.6,31,0.0
2026-06-04T13:00,30.7,28,0.0
2026-06-04T14:00,30.6,26,0.0
2026-06-04T15:00,31.3,23,0.0
2026-06-04T16:00,31.4,22,0.0
2026-06-04T17:00,32.2,19,0.0
2026-06-04T18:00,31.5,20,0.0
2026-06-04T19:00,30.7,21,0.0
2026-06-04T20:00,29.2,25,0.0
2026-06-04T21:00,28.0,26,0.0
2026-06-04T22:00,26.9,30,0.0
2026-06-04T23:00,26.1,32,0.0
2026-06-05T00:00,24.4,38,0.0
2026-06-05T01:00,23.1,44,0.0
2026-06-05T02:00,22.4,48,0.0
2026-06-05T03:00,21.9,50,0.0
2026-06-05T04:00,21.3,50,0.0
2026-06-05T05:00,21.4,48,0.0
2026-06-05T06:00,21.6,48,0.0
2026-06-05T07:00,23.4,43,0.0
2026-06-05T08:00,25.8,36,0.0
2026-06-05T09:00,27.1,35,0.0
2026-06-05T10:00,28.0,33,0.0
2026-06-05T11:00,30.1,23,0.0
2026-06-05T12:00,31.4,16,0.0
2026-06-05T13:00,32.0,15,0.0
2026-06-05T14:00,32.2,15,0.0
2026-06-05T15:00,32.1,15,0.0
2026-06-05T16:00,31.9,15,0.0
2026-06-05T17:00,32.2,16,0.0
2026-06-05T18:00,31.2,17,0.0
2026-06-05T19:00,30.3,19,0.0
2026-06-05T20:00,29.0,21,0.0
2026-06-05T21:00,28.0,22,0.0
2026-06-05T22:00,26.9,25,0.0
2026-06-05T23:00,26.6,26,0.0
2026-06-06T00:00,25.2,33,0.0
2026-06-06T01:00,23.9,39,0.0
2026-06-06T02:00,22.8,44,0.0
2026-06-06T03:00,21.8,48,0.0
2026-06-06T04:00,21.4,51,0.0
2026-06-06T05:00,21.9,49,0.0
2026-06-06T06:00,22.2,48,0.0
2026-06-06T07:00,23.8,42,0.0
2026-06-06T08:00,25.1,39,0.0
2026-06-06T09:00,26.4,37,0.0
2026-06-06T10:00,27.9,33,0.0
2026-06-06T11:00,30.5,24,0.0
2026-06-06T12:00,31.2,23,0.0
2026-06-06T13:00,31.3,21,0.1
2026-06-06T14:00,32.2,20,0.0
2026-06-06T15:00,32.7,18,0.0
2026-06-06T16:00,32.7,16,0.0
2026-06-06T17:00,32.8,14,0.0
2026-06-06T18:00,32.0,14,0.0
2026-06-06T19:00,30.9,16,0.0
2026-06-06T20:00,29.5,19,0.0
2026-06-06T21:00,28.3,23,0.0
2026-06-06T22:00,27.4,26,0.0
2026-06-06T23:00,26.8,27,0.0
2026-06-07T00:00,25.6,30,0.0
2026-06-07T01:00,24.3,33,0.0
2026-06-07T02:00,23.2,36,0.0
2026-06-07T03:00,22.2,40,0.0
2026-06-07T04:00,21.5,44,0.0
2026-06-07T05:00,21.4,47,0.0
2026-06-07T06:00,22.1,46,0.0
2026-06-07T07:00,24.8,39,0.0
2026-06-07T08:00,27.1,31,0.0
2026-06-07T09:00,28.3,28,0.0
2026-06-07T10:00,29.5,27,0.0
2026-06-07T11:00,31.8,19,0.0
2026-06-07T12:00,33.1,16,0.0
2026-06-07T13:00,33.9,15,0.0
2026-06-07T14:00,34.6,14,0.0
2026-06-07T15:00,34.9,14,0.0
2026-06-07T16:00,34.8,14,0.0
2026-06-07T17:00,34.1,13,0.0
2026-06-07T18:00,33.4,14,0.0
2026-06-07T19:00,32.4,15,0.0
2026-06-07T20:00,30.1,22,0.0
2026-06-07T21:00,28.8,26,0.0
2026-06-07T22:00,28.1,25,0.0
2026-06-07T23:00,27.7,26,0.0
2026-06-08T00:00,25.9,29,0.0
2026-06-08T01:00,24.9,30,0.0
2026-06-08T02:00,24.3,29,0.0
2026-06-08T03:00,23.6,28,0.0
2026-06-08T04:00,23.0,28,0.0
2026-06-08T05:00,22.9,30,0.0
2026-06-08T06:00,22.7,30,0.0
2026-06-08T07:00,25.1,27,0.0
2026-06-08T08:00,27.9,24,0.0
2026-06-08T09:00,30.3,23,0.0
2026-06-08T10:00,32.1,21,0.0
2026-06-08T11:00,33.9,17,0.0
2026-06-08T12:00,34.7,16,0.0
2026-06-08T13:00,35.0,16,0.0
2026-06-08T14:00,35.2,16,0.0
2026-06-08T15:00,35.0,17,0.0
2026-06-08T16:00,34.5,16,0.0
2026-06-08T17:00,34.5,16,0.0
2026-06-08T18:00,34.0,18,0.0
2026-06-08T19:00,33.4,19,0.0
2026-06-08T20:00,31.8,24,0.0
2026-06-08T21:00,30.7,30,0.0
2026-06-08T22:00,29.9,29,0.0
2026-06-08T23:00,29.6,27,0.0
2026-06-09T00:00,28.0,32,0.0
2026-06-09T01:00,26.9,34,0.0
2026-06-09T02:00,26.2,34,0.0
2026-06-09T03:00,25.5,35,0.0
2026-06-09T04:00,24.2,40,0.0
2026-06-09T05:00,24.2,40,0.2
2026-06-09T06:00,23.2,55,0.6
2026-06-09T07:00,25.0,48,0.2
2026-06-09T08:00,24.2,53,0.0
2026-06-09T09:00,25.4,47,0.0
2026-06-09T10:00,27.5,38,0.0
2026-06-09T11:00,29.4,35,0.0
2026-06-09T12:00,30.9,29,0.0
2026-06-09T13:00,32.0,26,0.0
2026-06-09T14:00,32.5,25,0.0
2026-06-09T15:00,32.6,25,0.0
2026-06-09T16:00,32.6,25,0.0
2026-06-09T17:00,33.6,21,0.0
2026-06-09T18:00,32.9,22,0.0
2026-06-09T19:00,32.1,23,0.0
2026-06-09T20:00,30.9,25,0.0
2026-06-09T21:00,29.8,29,0.0
2026-06-09T22:00,28.5,33,0.0
2026-06-09T23:00,28.5,30,0.0
2026-06-10T00:00,26.9,37,0.0
2026-06-10T01:00,26.1,41,0.0
2026-06-10T02:00,25.3,43,0.0
2026-06-10T03:00,24.6,45,0.0
2026-06-10T04:00,24.0,45,0.0
2026-06-10T05:00,23.8,42,0.0
2026-06-10T06:00,23.3,44,0.0
2026-06-10T07:00,24.7,46,0.0
2026-06-10T08:00,26.8,44,0.0
2026-06-10T09:00,28.2,41,0.0
2026-06-10T10:00,29.7,39,0.0
2026-06-10T11:00,31.0,31,0.0
2026-06-10T12:00,30.9,29,0.1
2026-06-10T13:00,31.1,28,0.0
2026-06-10T14:00,29.9,32,0.5
2026-06-10T15:00,30.0,34,0.2
2026-06-10T16:00,29.9,32,0.0
2026-06-10T17:00,26.1,68,0.0
2026-06-10T18:00,30.9,29,0.0
2026-06-10T19:00,30.0,31,0.0
2026-06-10T20:00,28.9,35,0.0
2026-06-10T21:00,28.2,39,0.0
2026-06-10T22:00,26.8,43,0.0
2026-06-10T23:00,25.3,45,0.0
2026-06-11T00:00,25.1,38,0.0
2026-06-11T01:00,25.0,30,0.0
2026-06-11T02:00,24.6,30,0.0
2026-06-11T03:00,24.4,27,0.0
2026-06-11T04:00,24.1,26,0.0
2026-06-11T05:00,23.9,31,0.0
2026-06-11T06:00,24.0,32,0.0
2026-06-11T07:00,25.5,29,0.0
2026-06-11T08:00,27.8,25,0.0
2026-06-11T09:00,30.2,17,0.0
2026-06-11T10:00,31.5,13,0.0
2026-06-11T11:00,32.4,13,0.0
2026-06-11T12:00,32.9,13,0.0
2026-06-11T13:00,33.3,13,0.0
2026-06-11T14:00,33.5,14,0.0
2026-06-11T15:00,33.4,14,0.0
2026-06-11T16:00,33.2,15,0.0
2026-06-11T17:00,33.6,13,0.0
2026-06-11T18:00,32.8,13,0.0
2026-06-11T19:00,32.0,13,0.0
2026-06-11T20:00,30.1,16,0.0
2026-06-11T21:00,28.8,18,0.0
2026-06-11T22:00,27.6,20,0.0
2026-06-11T23:00,27.1,23,0.0
2026-06-12T00:00,26.3,24,0.0
2026-06-12T01:00,25.5,26,0.0
2026-06-12T02:00,24.5,29,0.0
2026-06-12T03:00,22.9,34,0.0
2026-06-12T04:00,22.0,39,0.0
2026-06-12T05:00,21.8,39,0.0
2026-06-12T06:00,22.4,38,0.0
2026-06-12T07:00,24.8,33,0.0
2026-06-12T08:00,27.6,26,0.0
2026-06-12T09:00,30.0,19,0.0
2026-06-12T10:00,31.5,16,0.0
2026-06-12T11:00,32.9,14,0.0
2026-06-12T12:00,33.7,13,0.0
2026-06-12T13:00,34.3,13,0.0
2026-06-12T14:00,34.8,13,0.0
2026-06-12T15:00,35.0,13,0.0
2026-06-12T16:00,34.7,12,0.0
2026-06-12T17:00,34.6,11,0.0
2026-06-12T18:00,33.9,11,0.0
2026-06-12T19:00,33.0,12,0.0
2026-06-12T20:00,31.5,14,0.0
2026-06-12T21:00,30.2,18,0.0
2026-06-12T22:00,29.0,21,0.0
2026-06-12T23:00,28.4,22,0.0
2026-06-13T00:00,27.2,24,0.0
2026-06-13T01:00,26.6,25,0.0
2026-06-13T02:00,25.9,27,0.0
2026-06-13T03:00,25.3,28,0.0
2026-06-13T04:00,24.8,28,0.0
2026-06-13T05:00,24.3,30,0.0
2026-06-13T06:00,24.6,28,0.0
2026-06-13T07:00,26.6,26,0.0
2026-06-13T08:00,29.3,21,0.0
2026-06-13T09:00,31.4,17,0.0
2026-06-13T10:00,32.7,15,0.0
2026-06-13T11:00,34.4,12,0.0
2026-06-13T12:00,35.6,13,0.0
2026-06-13T13:00,36.1,13,0.0
2026-06-13T14:00,36.2,13,0.0
2026-06-13T15:00,36.5,11,0.0
2026-06-13T16:00,36.5,11,0.0
2026-06-13T17:00,35.8,10,0.0
2026-06-13T18:00,35.2,11,0.0
2026-06-13T19:00,34.5,12,0.0
2026-06-13T20:00,32.6,15,0.0
2026-06-13T21:00,31.2,16,0.0
2026-06-13T22:00,30.3,17,0.0
2026-06-13T23:00,30.1,18,0.0
2026-06-14T00:00,28.5,20,0.0
2026-06-14T01:00,27.2,22,0.0
2026-06-14T02:00,25.9,24,0.0
2026-06-14T03:00,25.3,24,0.0
2026-06-14T04:00,24.6,26,0.0
2026-06-14T05:00,24.0,29,0.0
2026-06-14T06:00,24.1,29,0.0
2026-06-14T07:00,26.4,26,0.0
2026-06-14T08:00,29.9,21,0.0
2026-06-14T09:00,32.7,16,0.0
2026-06-14T10:00,34.5,14,0.0
2026-06-14T11:00,35.7,13,0.0
2026-06-14T12:00,36.7,13,0.0
2026-06-14T13:00,37.2,13,0.0
2026-06-14T14:00,37.5,12,0.0
2026-06-14T15:00,37.4,13,0.0
2026-06-14T16:00,37.0,14,0.0
2026-06-14T17:00,37.9,12,0.0
2026-06-14T18:00,37.0,13,0.0
2026-06-14T19:00,36.0,15,0.0
2026-06-14T20:00,34.7,17,0.0
2026-06-14T21:00,32.9,21,0.0
2026-06-14T22:00,31.1,29,0.0
2026-06-14T23:00,30.7,25,0.0
2026-06-15T00:00,29.0,29,0.0
2026-06-15T01:00,28.1,32,0.0
2026-06-15T02:00,27.4,32,0.0
2026-06-15T03:00,27.0,30,0.0
2026-06-15T04:00,26.4,30,0.0
2026-06-15T05:00,25.8,32,0.0
2026-06-15T06:00,26.1,31,0.0
2026-06-15T07:00,28.8,27,0.0
2026-06-15T08:00,32.0,21,0.0
2026-06-15T09:00,34.6,17,0.0
2026-06-15T10:00,36.0,16,0.0
2026-06-15T11:00,37.6,13,0.0
2026-06-15T12:00,38.2,12,0.0
2026-06-15T13:00,38.1,13,0.0
2026-06-15T14:00,36.0,16,0.0
2026-06-15T15:00,36.2,17,0.0
2026-06-15T16:00,36.3,16,0.0
2026-06-15T17:00,33.6,22,0.4
2026-06-15T18:00,32.9,23,0.0
2026-06-15T19:00,32.4,24,0.0
2026-06-15T20:00,31.4,27,0.0
2026-06-15T21:00,30.4,29,0.0
2026-06-15T22:00,30.0,29,0.0
2026-06-15T23:00,29.8,32,0.0
2026-06-16T00:00,28.4,35,0.0
2026-06-16T01:00,27.9,35,0.0
2026-06-16T02:00,27.8,32,0.0
2026-06-16T03:00,26.9,33,0.0
2026-06-16T04:00,26.0,36,0.0
2026-06-16T05:00,26.7,34,0.0
2026-06-16T06:00,27.2,33,0.0
2026-06-16T07:00,29.2,30,0.0
2026-06-16T08:00,31.5,26,0.0
2026-06-16T09:00,33.7,22,0.0
2026-06-16T10:00,35.4,19,0.0
2026-06-16T11:00,36.5,15,0.0
2026-06-16T12:00,37.1,15,0.0
2026-06-16T13:00,37.5,14,0.0
2026-06-16T14:00,37.9,14,0.0
2026-06-16T15:00,37.9,14,0.0
2026-06-16T16:00,36.1,16,0.0
2026-06-16T17:00,37.2,14,0.0
2026-06-16T18:00,36.7,14,0.0
2026-06-16T19:00,36.0,16,0.0
2026-06-16T20:00,34.4,18,0.0
2026-06-16T21:00,32.7,21,0.0
2026-06-16T22:00,31.4,24,0.0
2026-06-16T23:00,31.1,28,0.0
2026-06-17T00:00,29.7,30,0.0
2026-06-17T01:00,28.4,32,0.0
2026-06-17T02:00,27.4,35,0.0
2026-06-17T03:00,27.0,35,0.0
2026-06-17T04:00,26.8,34,0.0
2026-06-17T05:00,24.4,49,0.1
2026-06-17T06:00,25.0,47,0.0
2026-06-17T07:00,26.6,41,0.0
2026-06-17T08:00,28.9,36,0.0
2026-06-17T09:00,30.4,34,0.0
2026-06-17T10:00,32.0,32,0.0
2026-06-17T11:00,34.3,22,0.0
2026-06-17T12:00,34.6,21,0.0
2026-06-17T13:00,34.0,22,0.0
2026-06-17T14:00,33.5,24,0.1
2026-06-17T15:00,32.8,25,0.4
2026-06-17T16:00,33.1,24,0.2
2026-06-17T17:00,34.8,19,0.0
2026-06-17T18:00,34.1,20,0.0
2026-06-17T19:00,33.8,21,0.0
2026-06-17T20:00,31.6,25,0.0
2026-06-17T21:00,30.0,30,0.0
2026-06-17T22:00,29.8,29,0.0
2026-06-17T23:00,28.8,34,0.0
2026-06-18T00:00,28.0,35,0.0
2026-06-18T01:00,27.5,36,0.0
2026-06-18T02:00,27.0,37,0.0
2026-06-18T03:00,26.3,37,0.0
2026-06-18T04:00,25.6,39,0.0
2026-06-18T05:00,24.8,49,0.0
2026-06-18T06:00,25.0,46,0.0
2026-06-18T07:00,26.1,45,0.0
2026-06-18T08:00,28.1,41,0.0
2026-06-18T09:00,29.8,36,0.0
2026-06-18T10:00,30.8,34,0.1
2026-06-18T11:00,30.4,34,0.0
2026-06-18T12:00,33.5,22,0.0
2026-06-18T13:00,31.1,26,0.0
2026-06-18T14:00,31.0,29,0.2
2026-06-18T15:00,32.1,26,0.0
2026-06-18T16:00,32.5,25,0.0
2026-06-18T17:00,33.0,23,0.0
2026-06-18T18:00,29.4,39,0.2
2026-06-18T19:00,28.8,43,0.0
2026-06-18T20:00,27.8,46,0.0
2026-06-18T21:00,26.2,56,0.0
2026-06-18T22:00,25.1,59,0.0
2026-06-18T23:00,25.2,57,0.0
2026-06-19T00:00,24.6,57,0.0
2026-06-19T01:00,24.7,55,0.0
2026-06-19T02:00,24.3,55,0.0
2026-06-19T03:00,23.9,55,0.0
2026-06-19T04:00,23.6,55,0.0
2026-06-19T05:00,23.7,61,0.0
2026-06-19T06:00,23.8,61,0.0
2026-06-19T07:00,25.3,51,0.0
2026-06-19T08:00,27.7,41,0.0
2026-06-19T09:00,29.0,37,0.0
2026-06-19T10:00,30.3,33,0.0
2026-06-19T11:00,32.5,26,0.0
2026-06-19T12:00,32.1,28,0.0
2026-06-19T13:00,32.3,28,0.2
2026-06-19T14:00,32.0,27,0.1
2026-06-19T15:00,32.0,27,0.1
2026-06-19T16:00,32.5,26,0.0
2026-06-19T17:00,28.2,40,0.0
2026-06-19T18:00,28.7,41,0.1
2026-06-19T19:00,25.9,55,0.0
2026-06-19T20:00,24.2,62,0.0
2026-06-19T21:00,23.9,67,0.0
2026-06-19T22:00,23.7,72,0.0
2026-06-19T23:00,24.0,71,0.0
2026-06-20T00:00,23.4,72,0.0
2026-06-20T01:00,22.9,73,0.0
2026-06-20T02:00,22.6,74,0.0
2026-06-20T03:00,22.2,75,0.0
2026-06-20T04:00,21.8,76,0.0
2026-06-20T05:00,22.3,73,0.0
2026-06-20T06:00,22.8,70,0.0
2026-06-20T07:00,23.9,65,0.0
2026-06-20T08:00,25.3,55,0.1
2026-06-20T09:00,26.6,49,0.1
2026-06-20T10:00,28.4,43,0.1
2026-06-20T11:00,28.4,43,0.0
2026-06-20T12:00,30.5,36,0.1
2026-06-20T13:00,29.4,39,0.6
2026-06-20T14:00,29.7,38,0.2
2026-06-20T15:00,30.5,36,0.1
2026-06-20T16:00,31.1,34,0.0
2026-06-20T17:00,30.8,34,0.0
2026-06-20T18:00,29.6,42,0.1
2026-06-20T19:00,28.6,48,0.0
2026-06-20T20:00,27.5,53,0.0
2026-06-20T21:00,26.6,56,0.0
2026-06-20T22:00,25.7,60,0.0
2026-06-20T23:00,25.6,63,0.0
2026-06-21T00:00,24.7,68,0.0
2026-06-21T01:00,24.2,68,0.0
2026-06-21T02:00,23.5,68,0.0
2026-06-21T03:00,23.0,68,0.0
2026-06-21T04:00,22.5,68,0.0
2026-06-21T05:00,22.7,76,0.0
2026-06-21T06:00,23.2,70,0.0
2026-06-21T07:00,25.4,61,0.0
2026-06-21T08:00,26.4,52,0.2
2026-06-21T09:00,26.8,49,0.0
2026-06-21T10:00,29.3,41,0.0
2026-06-21T11:00,29.3,43,0.0
2026-06-21T12:00,28.4,47,0.4
2026-06-21T13:00,29.0,45,0.1
2026-06-21T14:00,29.9,42,0.0
2026-06-21T15:00,29.9,41,0.1
2026-06-21T16:00,30.5,38,0.0
2026-06-21T17:00,25.4,68,0.0
2026-06-21T18:00,26.1,70,0.8
2026-06-21T19:00,26.0,68,0.1
2026-06-21T20:00,25.9,70,0.0
2026-06-21T21:00,25.1,76,0.0
2026-06-21T22:00,24.7,77,0.0
2026-06-21T23:00,25.5,75,0.0
2026-06-22T00:00,24.3,80,0.0
2026-06-22T01:00,23.6,83,0.0
2026-06-22T02:00,23.1,85,0.0
2026-06-22T03:00,22.6,86,0.0
2026-06-22T04:00,22.2,85,0.0
2026-06-22T05:00,22.4,73,0.0
2026-06-22T06:00,23.0,65,0.0
2026-06-22T07:00,25.4,58,0.0
2026-06-22T08:00,27.8,46,0.0
2026-06-22T09:00,28.8,44,0.0
2026-06-22T10:00,30.0,42,0.0
2026-06-22T11:00,31.9,35,0.0
2026-06-22T12:00,32.1,33,0.0
2026-06-22T13:00,32.7,32,0.0
2026-06-22T14:00,33.8,30,0.0
2026-06-22T15:00,34.1,30,0.0
2026-06-22T16:00,33.7,29,0.0
2026-06-22T17:00,32.6,32,0.0
2026-06-22T18:00,32.7,33,0.2
2026-06-22T19:00,32.0,35,0.0
2026-06-22T20:00,30.7,47,0.0
2026-06-22T21:00,29.8,41,0.0
2026-06-22T22:00,28.1,46,0.0
2026-06-22T23:00,27.7,51,0.0
2026-06-23T00:00,26.5,58,0.0
2026-06-23T01:00,25.8,60,0.0
2026-06-23T02:00,25.2,64,0.0
2026-06-23T03:00,24.6,65,0.0
2026-06-23T04:00,24.4,63,0.0
2026-06-23T05:00,23.7,70,0.0
2026-06-23T06:00,24.4,64,0.0
2026-06-23T07:00,26.2,57,0.0
2026-06-23T08:00,28.2,50,0.0
2026-06-23T09:00,30.4,40,0.0
2026-06-23T10:00,32.2,34,0.0
2026-06-23T11:00,34.2,26,0.0
2026-06-23T12:00,35.1,25,0.0
2026-06-23T13:00,35.6,23,0.0
2026-06-23T14:00,35.9,23,0.0
2026-06-23T15:00,36.1,23,0.0
2026-06-23T16:00,36.3,20,0.0
2026-06-23T17:00,36.0,20,0.0
2026-06-23T18:00,35.5,20,0.0
2026-06-23T19:00,34.6,21,0.0
2026-06-23T20:00,32.8,26,0.0
2026-06-23T21:00,31.7,28,0.0
2026-06-23T22:00,31.6,27,0.0
2026-06-23T23:00,31.1,31,0.0
2026-06-24T00:00,28.5,47,0.0
2026-06-24T01:00,26.7,48,0.0
2026-06-24T02:00,26.2,44,0.0
2026-06-24T03:00,25.6,45,0.0
2026-06-24T04:00,24.6,48,0.0
2026-06-24T05:00,25.2,52,0.0
2026-06-24T06:00,24.6,56,0.0
2026-06-24T07:00,25.3,54,0.0
2026-06-24T08:00,26.2,52,0.0
2026-06-24T09:00,27.4,48,0.0
2026-06-24T10:00,28.4,46,0.0
2026-06-24T11:00,29.4,45,0.0
2026-06-24T12:00,30.9,41,0.0
2026-06-24T13:00,32.1,35,0.0
2026-06-24T14:00,33.4,31,0.0
2026-06-24T15:00,32.9,31,0.0
2026-06-24T16:00,32.9,28,0.0
2026-06-24T17:00,33.2,25,0.0
2026-06-24T18:00,32.5,23,0.0
2026-06-24T19:00,31.5,24,0.0
2026-06-24T20:00,29.9,25,0.0
2026-06-24T21:00,28.5,25,0.0
2026-06-24T22:00,27.4,27,0.0
2026-06-24T23:00,27.0,28,0.0
2026-06-25T00:00,26.0,31,0.0
2026-06-25T01:00,25.4,33,0.0
2026-06-25T02:00,24.8,35,0.0
2026-06-25T03:00,24.0,38,0.0
2026-06-25T04:00,23.3,42,0.0
2026-06-25T05:00,23.2,45,0.0
2026-06-25T06:00,23.2,50,0.0
2026-06-25T07:00,24.8,49,0.0
2026-06-25T08:00,27.5,44,0.0
2026-06-25T09:00,29.6,33,0.0
2026-06-25T10:00,31.1,26,0.0
2026-06-25T11:00,32.6,24,0.0
2026-06-25T12:00,33.8,23,0.0
2026-06-25T13:00,34.6,22,0.0
2026-06-25T14:00,34.9,23,0.0
2026-06-25T15:00,35.0,23,0.0
2026-06-25T16:00,35.0,22,0.0
2026-06-25T17:00,35.5,21,0.0
2026-06-25T18:00,35.1,19,0.0
2026-06-25T19:00,34.3,19,0.0
2026-06-25T20:00,32.2,25,0.0
2026-06-25T21:00,31.1,29,0.0
2026-06-25T22:00,30.3,30,0.0
2026-06-25T23:00,29.2,36,0.0
2026-06-26T00:00,27.9,42,0.0
2026-06-26T01:00,27.3,45,0.0
2026-06-26T02:00,26.9,46,0.0
2026-06-26T03:00,26.7,44,0.0
2026-06-26T04:00,26.7,43,0.0
2026-06-26T05:00,26.3,41,0.0
2026-06-26T06:00,26.1,42,0.0
2026-06-26T07:00,27.8,37,0.0
2026-06-26T08:00,29.8,34,0.0
2026-06-26T09:00,31.2,33,0.0
2026-06-26T10:00,33.4,27,0.0
2026-06-26T11:00,34.2,26,0.0
2026-06-26T12:00,34.9,27,0.0
2026-06-26T13:00,36.9,23,0.0
2026-06-26T14:00,37.5,22,0.0
2026-06-26T15:00,38.0,21,0.0
2026-06-26T16:00,37.5,19,0.0
2026-06-26T17:00,37.2,20,0.0
2026-06-26T18:00,37.0,19,0.0
2026-06-26T19:00,36.1,21,0.0
2026-06-26T20:00,35.0,22,0.0
2026-06-26T21:00,33.7,25,0.0
2026-06-26T22:00,32.8,33,0.0
2026-06-26T23:00,32.7,27,0.0
2026-06-27T00:00,30.6,36,0.0
2026-06-27T01:00,29.4,40,0.0
2026-06-27T02:00,28.8,42,0.0
2026-06-27T03:00,28.4,40,0.0
2026-06-27T04:00,28.1,38,0.0
2026-06-27T05:00,28.2,33,0.0
2026-06-27T06:00,28.6,32,0.0
2026-06-27T07:00,30.1,30,0.0
2026-06-27T08:00,31.9,27,0.0
2026-06-27T09:00,31.1,30,0.0
2026-06-27T10:00,34.3,24,0.0
2026-06-27T11:00,37.8,15,0.0
2026-06-27T12:00,35.4,23,0.0
2026-06-27T13:00,35.1,22,0.0
2026-06-27T14:00,36.8,18,0.0
2026-06-27T15:00,36.3,18,0.0
2026-06-27T16:00,36.6,18,0.0
2026-06-27T17:00,37.2,16,0.0
2026-06-27T18:00,36.4,17,0.0
2026-06-27T19:00,35.8,18,0.0
2026-06-27T20:00,34.1,21,0.0
2026-06-27T21:00,32.7,23,0.0
2026-06-27T22:00,31.8,25,0.0
2026-06-27T23:00,31.3,28,0.0
2026-06-28T00:00,30.0,31,0.0
2026-06-28T01:00,28.7,34,0.0
2026-06-28T02:00,27.8,36,0.0
2026-06-28T03:00,27.4,37,0.0
2026-06-28T04:00,27.3,37,0.0
2026-06-28T05:00,27.4,35,0.0
2026-06-28T06:00,28.1,32,0.0
2026-06-28T07:00,30.6,27,0.0
2026-06-28T08:00,33.4,23,0.0
2026-06-28T09:00,35.0,21,0.0
2026-06-28T10:00,35.3,22,0.0
2026-06-28T11:00,37.8,15,0.0
2026-06-28T12:00,38.9,14,0.0
2026-06-28T13:00,38.7,15,0.0
2026-06-28T14:00,39.0,15,0.0
2026-06-28T15:00,37.8,18,0.1
2026-06-28T16:00,37.8,18,0.0
2026-06-28T17:00,37.4,18,0.0
2026-06-28T18:00,37.3,19,0.0
2026-06-28T19:00,36.5,20,0.0
2026-06-28T20:00,34.7,25,0.0
2026-06-28T21:00,33.5,24,0.0
2026-06-28T22:00,32.3,26,0.0
2026-06-28T23:00,31.5,34,0.0
2026-06-29T00:00,30.1,35,0.0
2026-06-29T01:00,29.5,35,0.0
2026-06-29T02:00,29.2,35,0.0
2026-06-29T03:00,28.8,35,0.0
2026-06-29T04:00,28.1,37,0.0
2026-06-29T05:00,27.1,41,0.0
2026-06-29T06:00,27.2,43,0.0
2026-06-29T07:00,27.6,42,0.0
2026-06-29T08:00,28.2,42,0.0
2026-06-29T09:00,29.4,39,0.0
2026-06-29T10:00,30.5,36,0.0
2026-06-29T11:00,31.8,32,0.0
2026-06-29T12:00,33.3,29,0.0
2026-06-29T13:00,31.4,36,0.2
2026-06-29T14:00,30.1,41,0.0
2026-06-29T15:00,29.3,44,0.0
2026-06-29T16:00,29.6,41,0.0
2026-06-29T17:00,31.3,34,0.0
2026-06-29T18:00,30.9,35,0.0
2026-06-29T19:00,29.9,38,0.0
2026-06-29T20:00,28.7,42,0.0
2026-06-29T21:00,27.8,47,0.1
2026-06-29T22:00,27.6,46,0.0
2026-06-29T23:00,27.2,48,0.0
2026-06-30T00:00,26.1,49,0.0
2026-06-30T01:00,26.6,47,0.0
2026-06-30T02:00,25.7,49,0.0
2026-06-30T03:00,24.4,58,0.0
2026-06-30T04:00,23.3,66,0.0
2026-06-30T05:00,22.6,73,0.0
2026-06-30T06:00,22.0,79,0.7
2026-06-30T07:00,22.9,73,0.2
2026-06-30T08:00,24.4,64,0.3
2026-06-30T09:00,25.4,59,0.4
2026-06-30T10:00,27.6,53,0.0
2026-06-30T11:00,29.8,43,0.0
2026-06-30T12:00,30.6,41,0.1
2026-06-30T13:00,31.0,41,0.3
2026-06-30T14:00,32.1,38,0.0
2026-06-30T15:00,30.5,42,0.1
2026-06-30T16:00,29.6,47,0.4
2026-06-30T17:00,28.8,43,0.1
2026-06-30T18:00,26.9,48,0.0
2026-06-30T19:00,25.8,52,0.0
2026-06-30T20:00,24.9,56,0.0
2026-06-30T21:00,24.2,63,0.0
2026-06-30T22:00,23.4,68,0.0
2026-06-30T23:00,22.9,73,0.0
2026-07-01T00:00,22.2,74,0.0
2026-07-01T01:00,21.8,75,0.0
2026-07-01T02:00,21.6,75,0.0
2026-07-01T03:00,21.3,76,0.0
2026-07-01T04:00,21.2,76,0.0
2026-07-01T05:00,21.5,76,0.0
2026-07-01T06:00,22.4,71,0.0
2026-07-01T07:00,24.4,61,0.0
2026-07-01T08:00,26.6,48,0.0
2026-07-01T09:00,28.6,38,0.0
2026-07-01T10:00,30.1,33,0.0
2026-07-01T11:00,31.5,28,0.0
2026-07-01T12:00,31.7,28,0.0
2026-07-01T13:00,32.5,27,0.0
2026-07-01T14:00,33.0,25,0.0
2026-07-01T15:00,33.2,23,0.0
2026-07-01T16:00,33.1,22,0.0
2026-07-01T17:00,33.8,20,0.0
2026-07-01T18:00,33.0,21,0.0
2026-07-01T19:00,32.2,22,0.0
2026-07-01T20:00,30.8,25,0.0
2026-07-01T21:00,29.6,29,0.0
2026-07-01T22:00,28.6,31,0.0
2026-07-01T23:00,28.5,32,0.0
2026-07-02T00:00,27.1,36,0.0
2026-07-02T01:00,25.9,39,0.0
2026-07-02T02:00,25.4,39,0.0
2026-07-02T03:00,24.5,41,0.0
2026-07-02T04:00,24.2,43,0.0
2026-07-02T05:00,24.0,43,0.0
2026-07-02T06:00,23.2,49,0.0
2026-07-02T07:00,23.4,53,0.0
2026-07-02T08:00,25.1,50,0.0
2026-07-02T09:00,27.4,40,0.0
2026-07-02T10:00,28.4,31,0.0
2026-07-02T11:00,26.2,37,0.0
2026-07-02T12:00,24.7,47,0.1
2026-07-02T13:00,23.2,53,0.5
2026-07-02T14:00,22.2,56,0.9
2026-07-02T15:00,21.5,58,0.7
2026-07-02T16:00,22.7,53,0.0
2026-07-02T17:00,24.6,46,0.0
2026-07-02T18:00,24.6,46,0.0
2026-07-02T19:00,24.4,46,0.0
2026-07-02T20:00,23.2,54,0.0
2026-07-02T21:00,22.7,57,0.0
2026-07-02T22:00,22.6,58,0.0
2026-07-02T23:00,22.8,59,0.0
2026-07-03T00:00,21.6,65,0.0
2026-07-03T01:00,20.6,69,0.0
2026-07-03T02:00,20.0,69,0.0
2026-07-03T03:00,19.4,71,0.0
2026-07-03T04:00,19.2,73,0.0
2026-07-03T05:00,19.3,74,0.0
2026-07-03T06:00,19.7,73,0.0
2026-07-03T07:00,21.7,63,0.0
2026-07-03T08:00,24.0,51,0.0
2026-07-03T09:00,26.0,41,0.0
2026-07-03T10:00,27.7,35,0.0
2026-07-03T11:00,29.0,30,0.0
2026-07-03T12:00,30.5,26,0.0
2026-07-03T13:00,31.2,26,0.0
2026-07-03T14:00,31.7,24,0.0
2026-07-03T15:00,31.6,24,0.0
2026-07-03T16:00,31.3,25,0.0
2026-07-03T17:00,31.7,23,0.0
2026-07-03T18:00,31.1,24,0.0
2026-07-03T19:00,29.7,27,0.0
2026-07-03T20:00,28.7,37,0.0
2026-07-03T21:00,27.6,36,0.0
2026-07-03T22:00,26.4,43,0.1
2026-07-03T23:00,26.1,44,1.2
2026-07-04T00:00,20.2,84,3.1
2026-07-04T01:00,19.8,86,1.1
2026-07-04T02:00,19.8,83,1.0
2026-07-04T03:00,19.0,90,2.2
2026-07-04T04:00,19.0,91,0.2
2026-07-04T05:00,18.8,89,0.3
2026-07-04T06:00,19.6,71,0.0
2026-07-04T07:00,21.3,69,0.0
2026-07-04T08:00,22.8,60,0.0
2026-07-04T09:00,24.7,54,0.0
2026-07-04T10:00,26.4,44,0.0
2026-07-04T11:00,28.0,39,0.0
2026-07-04T12:00,28.7,34,0.1
2026-07-04T13:00,29.5,29,0.0
2026-07-04T14:00,27.0,35,0.4
2026-07-04T15:00,27.2,39,0.0
2026-07-04T16:00,27.6,37,0.0
2026-07-04T17:00,28.8,32,0.0
2026-07-04T18:00,28.4,31,0.0
2026-07-04T19:00,26.3,43,0.0
2026-07-04T20:00,24.5,56,0.0
2026-07-04T21:00,23.8,57,0.0
2026-07-04T22:00,23.1,55,0.0
2026-07-04T23:00,23.5,48,0.0
2026-07-05T00:00,22.3,54,0.0
2026-07-05T01:00,21.5,61,0.0
2026-07-05T02:00,20.3,68,0.0
2026-07-05T03:00,19.5,72,0.0
2026-07-05T04:00,19.1,70,0.0
2026-07-05T05:00,20.1,57,0.0
2026-07-05T06:00,20.5,56,0.0
2026-07-05T07:00,22.7,52,0.0
2026-07-05T08:00,25.2,48,0.0
2026-07-05T09:00,27.6,41,0.0
2026-07-05T10:00,29.3,31,0.0
2026-07-05T11:00,30.7,27,0.0
2026-07-05T12:00,31.5,25,0.0
2026-07-05T13:00,32.3,24,0.0
2026-07-05T14:00,32.9,23,0.0
2026-07-05T15:00,33.2,23,0.0
2026-07-05T16:00,32.9,24,0.0
2026-07-05T17:00,32.9,22,0.0
2026-07-05T18:00,32.2,23,0.0
2026-07-05T19:00,30.5,31,0.0
2026-07-05T20:00,28.4,39,0.0
2026-07-05T21:00,27.0,40,0.0
2026-07-05T22:00,26.2,38,0.0
2026-07-05T23:00,25.5,39,0.0
2026-07-06T00:00,24.2,44,0.0
2026-07-06T01:00,23.5,48,0.0
2026-07-06T02:00,22.5,53,0.0
2026-07-06T03:00,21.4,60,0.0
2026-07-06T04:00,20.6,64,0.0
2026-07-06T05:00,20.9,62,0.0
2026-07-06T06:00,21.4,60,0.0
2026-07-06T07:00,23.5,55,0.0
2026-07-06T08:00,26.1,47,0.0
2026-07-06T09:00,28.7,38,0.0
2026-07-06T10:00,31.0,30,0.0
2026-07-06T11:00,32.8,23,0.0
2026-07-06T12:00,33.8,21,0.0
2026-07-06T13:00,34.6,20,0.0
2026-07-06T14:00,35.2,18,0.0
2026-07-06T15:00,35.7,17,0.0
2026-07-06T16:00,35.6,17,0.0
2026-07-06T17:00,35.4,17,0.0
2026-07-06T18:00,35.0,18,0.0
2026-07-06T19:00,34.2,20,0.0
2026-07-06T20:00,32.1,26,0.0
2026-07-06T21:00,30.9,27,0.0
2026-07-06T22:00,29.8,29,0.0
2026-07-06T23:00,28.9,30,0.0
2026-07-07T00:00,27.7,33,0.0
2026-07-07T01:00,27.1,33,0.0
2026-07-07T02:00,26.2,34,0.0
2026-07-07T03:00,24.8,38,0.0
2026-07-07T04:00,23.7,44,0.0
2026-07-07T05:00,24.0,47,0.0
2026-07-07T06:00,24.3,48,0.0
2026-07-07T07:00,26.8,40,0.0
2026-07-07T08:00,28.8,34,0.0
2026-07-07T09:00,30.5,32,0.0
2026-07-07T10:00,32.3,30,0.0
2026-07-07T11:00,34.4,23,0.0
2026-07-07T12:00,35.3,20,0.0
2026-07-07T13:00,35.9,19,0.0
2026-07-07T14:00,36.4,18,0.0
2026-07-07T15:00,36.6,17,0.0
2026-07-07T16:00,36.7,18,0.0
2026-07-07T17:00,37.2,16,0.0
2026-07-07T18:00,36.4,16,0.0
2026-07-07T19:00,35.5,17,0.0
2026-07-07T20:00,34.2,18,0.0
2026-07-07T21:00,33.0,19,0.0
2026-07-07T22:00,30.9,25,0.0
2026-07-07T23:00,29.9,29,0.0
2026-07-08T00:00,28.3,34,0.0
2026-07-08T01:00,27.3,39,0.0
2026-07-08T02:00,26.7,41,0.0
2026-07-08T03:00,26.3,41,0.0
2026-07-08T04:00,26.1,40,0.0
2026-07-08T05:00,25.2,43,0.0
2026-07-08T06:00,25.5,42,0.0
2026-07-08T07:00,28.4,34,0.0
2026-07-08T08:00,30.9,29,0.0
2026-07-08T09:00,32.2,28,0.0
2026-07-08T10:00,33.5,26,0.0
2026-07-08T11:00,35.4,22,0.0
2026-07-08T12:00,36.3,19,0.0
2026-07-08T13:00,37.0,17,0.0
2026-07-08T14:00,37.0,17,0.0
2026-07-08T15:00,37.3,17,0.0
2026-07-08T16:00,37.6,17,0.0
2026-07-08T17:00,38.3,14,0.0
2026-07-08T18:00,37.1,14,0.0
2026-07-08T19:00,36.1,15,0.0
2026-07-08T20:00,34.1,20,0.0
2026-07-08T21:00,32.5,23,0.0
2026-07-08T22:00,31.0,24,0.0
2026-07-08T23:00,30.1,28,0.0
2026-07-09T00:00,28.8,31,0.0
2026-07-09T01:00,27.8,34,0.0
2026-07-09T02:00,26.9,37,0.0
2026-07-09T03:00,26.3,39,0.0
2026-07-09T04:00,25.8,39,0.0
2026-07-09T05:00,25.8,38,0.0
2026-07-09T06:00,25.9,39,0.0
2026-07-09T07:00,27.4,34,0.0
2026-07-09T08:00,29.7,29,0.0
2026-07-09T09:00,31.7,30,0.0
2026-07-09T10:00,33.6,28,0.0
2026-07-09T11:00,36.1,21,0.0
2026-07-09T12:00,37.1,17,0.0
2026-07-09T13:00,37.7,16,0.0
2026-07-09T14:00,38.0,16,0.0
2026-07-09T15:00,38.2,16,0.0
2026-07-09T16:00,38.0,16,0.0
2026-07-09T17:00,38.2,14,0.0
2026-07-09T18:00,37.5,14,0.0
2026-07-09T19:00,36.6,15,0.0
2026-07-09T20:00,35.1,17,0.0
2026-07-09T21:00,33.8,20,0.0
2026-07-09T22:00,32.3,22,0.0
2026-07-09T23:00,31.5,26,0.0
2026-07-10T00:00,30.0,28,0.0
2026-07-10T01:00,29.1,30,0.0
2026-07-10T02:00,28.1,33,0.0
2026-07-10T03:00,27.3,35,0.0
2026-07-10T04:00,26.6,37,0.0
2026-07-10T05:00,26.5,39,0.0
2026-07-10T06:00,26.6,39,0.0
2026-07-10T07:00,28.9,33,0.0
2026-07-10T08:00,31.7,27,0.0
2026-07-10T09:00,33.9,24,0.0
2026-07-10T10:00,35.5,22,0.0
2026-07-10T11:00,37.2,19,0.0
2026-07-10T12:00,38.3,18,0.0
2026-07-10T13:00,39.1,17,0.0
2026-07-10T14:00,39.6,16,0.0
2026-07-10T15:00,39.7,16,0.0
2026-07-10T16:00,39.5,15,0.0
2026-07-10T17:00,39.8,14,0.0
2026-07-10T18:00,39.1,15,0.0
2026-07-10T19:00,38.1,16,0.0
2026-07-10T20:00,35.8,21,0.0
2026-07-10T21:00,34.2,25,0.0
2026-07-10T22:00,33.1,27,0.0
2026-07-10T23:00,32.9,26,0.0
2026-07-11T00:00,31.1,31,0.0
2026-07-11T01:00,29.8,34,0.0
2026-07-11T02:00,29.1,37,0.0
2026-07-11T03:00,28.4,40,0.0
2026-07-11T04:00,28.0,42,0.0
2026-07-11T05:00,27.7,43,0.0
2026-07-11T06:00,27.7,42,0.0
2026-07-11T07:00,30.6,34,0.0
2026-07-11T08:00,32.2,28,0.0
2026-07-11T09:00,34.0,25,0.0
2026-07-11T10:00,36.1,21,0.0
2026-07-11T11:00,38.0,18,0.0
2026-07-11T12:00,38.4,17,0.0
2026-07-11T13:00,39.2,16,0.0
2026-07-11T14:00,39.6,15,0.0
2026-07-11T15:00,39.3,15,0.0
2026-07-11T16:00,38.4,16,0.0
2026-07-11T17:00,40.2,13,0.0
2026-07-11T18:00,39.1,14,0.0
2026-07-11T19:00,37.5,18,0.0
2026-07-11T20:00,35.2,25,0.0
2026-07-11T21:00,33.6,29,0.0
2026-07-11T22:00,31.8,35,0.0
2026-07-11T23:00,31.6,33,0.0
2026-07-12T00:00,31.0,30,0.0
2026-07-12T01:00,30.4,29,0.0
2026-07-12T02:00,29.9,30,0.0
2026-07-12T03:00,29.1,32,0.0
2026-07-12T04:00,28.5,32,0.0
2026-07-12T05:00,28.1,34,0.0
2026-07-12T06:00,27.6,38,0.0
2026-07-12T07:00,29.6,35,0.0
2026-07-12T08:00,32.1,29,0.0
2026-07-12T09:00,34.2,25,0.0
2026-07-12T10:00,35.7,22,0.0
2026-07-12T11:00,37.4,18,0.0
2026-07-12T12:00,38.2,18,0.0
2026-07-12T13:00,38.6,18,0.0
2026-07-12T14:00,38.5,18,0.0
2026-07-12T15:00,38.8,18,0.0
2026-07-12T16:00,38.7,17,0.0
2026-07-12T17:00,39.5,14,0.0
2026-07-12T18:00,38.9,15,0.0
2026-07-12T19:00,37.3,17,0.0
2026-07-12T20:00,35.4,23,0.0
2026-07-12T21:00,34.5,23,0.0
2026-07-12T22:00,33.2,24,0.0
2026-07-12T23:00,31.5,30,0.0
2026-07-13T00:00,30.3,31,0.0
2026-07-13T01:00,29.4,34,0.0
2026-07-13T02:00,28.6,37,0.0
2026-07-13T03:00,28.1,37,0.0
2026-07-13T04:00,27.5,38,0.0
2026-07-13T05:00,26.7,43,0.0
2026-07-13T06:00,27.1,41,0.0
2026-07-13T07:00,29.4,34,0.0
2026-07-13T08:00,32.1,28,0.0
2026-07-13T09:00,33.9,25,0.0
2026-07-13T10:00,35.5,23,0.0
2026-07-13T11:00,36.9,19,0.0
2026-07-13T12:00,37.7,18,0.0
2026-07-13T13:00,38.8,13,0.0
2026-07-13T14:00,39.5,11,0.0
2026-07-13T15:00,39.7,11,0.0
2026-07-13T16:00,39.6,11,0.0
2026-07-13T17:00,40.0,11,0.0
2026-07-13T18:00,38.6,15,0.0
2026-07-13T19:00,37.9,15,0.0
2026-07-13T20:00,36.1,18,0.0
2026-07-13T21:00,34.3,20,0.0
2026-07-13T22:00,33.0,23,0.0
2026-07-13T23:00,31.9,26,0.0
2026-07-14T00:00,30.1,31,0.0
2026-07-14T01:00,29.4,34,0.0
2026-07-14T02:00,29.1,34,0.0
2026-07-14T03:00,28.5,34,0.0
2026-07-14T04:00,28.0,40,0.0
2026-07-14T05:00,28.0,36,0.0
2026-07-14T06:00,27.8,39,0.0
2026-07-14T07:00,30.2,33,0.0
2026-07-14T08:00,32.5,28,0.0
2026-07-14T09:00,34.8,23,0.0
2026-07-14T10:00,35.9,22,0.0
2026-07-14T11:00,37.0,21,0.0
2026-07-14T12:00,37.7,19,0.0
2026-07-14T13:00,39.0,14,0.0
2026-07-14T14:00,39.9,12,0.0
2026-07-14T15:00,40.5,11,0.0
2026-07-14T16:00,40.3,11,0.0
2026-07-14T17:00,40.3,9,0.0
2026-07-14T18:00,39.2,9,0.0
2026-07-14T19:00,38.0,10,0.0
2026-07-14T20:00,35.8,12,0.0
2026-07-14T21:00,34.7,14,0.0
2026-07-14T22:00,33.7,15,0.0
2026-07-14T23:00,32.3,19,0.0
2026-07-15T00:00,29.1,34,0.0
2026-07-15T01:00,28.3,38,0.0
2026-07-15T02:00,28.5,37,0.0
2026-07-15T03:00,28.0,35,0.0
2026-07-15T04:00,26.8,41,0.0
2026-07-15T05:00,26.4,39,0.0
2026-07-15T06:00,25.8,44,0.0
2026-07-15T07:00,28.1,41,0.0
2026-07-15T08:00,31.1,34,0.0
2026-07-15T09:00,32.6,32,0.0
2026-07-15T10:00,34.5,30,0.0
2026-07-15T11:00,36.5,24,0.0
2026-07-15T12:00,37.6,21,0.0
2026-07-15T13:00,38.7,19,0.0
2026-07-15T14:00,39.4,17,0.0
2026-07-15T15:00,39.8,16,0.0
2026-07-15T16:00,40.2,13,0.0
2026-07-15T17:00,40.3,11,0.0
2026-07-15T18:00,39.9,11,0.0
2026-07-15T19:00,39.3,11,0.0
2026-07-15T20:00,37.0,18,0.0
2026-07-15T21:00,34.8,18,0.0
2026-07-15T22:00,33.5,22,0.0
2026-07-15T23:00,32.1,22,0.0
2026-07-16T00:00,30.2,32,0.0
2026-07-16T01:00,29.7,32,0.0
2026-07-16T02:00,28.8,39,0.0
2026-07-16T03:00,27.9,40,0.0
2026-07-16T04:00,27.2,40,0.0
2026-07-16T05:00,27.8,28,0.0
2026-07-16T06:00,27.5,28,0.0
2026-07-16T07:00,29.7,24,0.0
2026-07-16T08:00,33.0,21,0.0
2026-07-16T09:00,35.0,22,0.0
2026-07-16T10:00,36.9,21,0.0
2026-07-16T11:00,38.8,18,0.0
2026-07-16T12:00,40.1,16,0.0
2026-07-16T13:00,41.0,13,0.0
2026-07-16T14:00,41.5,12,0.0
2026-07-16T15:00,41.7,12,0.0
2026-07-16T16:00,41.8,11,0.0
2026-07-16T17:00,41.7,10,0.0
2026-07-16T18:00,41.4,10,0.0
2026-07-16T19:00,40.5,10,0.0
2026-07-16T20:00,37.6,13,0.0
2026-07-16T21:00,36.2,16,0.0
2026-07-16T22:00,34.8,17,0.0
2026-07-16T23:00,34.3,19,0.0
2026-07-17T00:00,31.8,25,0.0
2026-07-17T01:00,30.6,28,0.0
2026-07-17T02:00,30.0,29,0.0
2026-07-17T03:00,29.5,29,0.0
2026-07-17T04:00,28.7,30,0.0
2026-07-17T05:00,28.1,42,0.0
2026-07-17T06:00,27.5,41,0.0
2026-07-17T07:00,29.5,35,0.0
2026-07-17T08:00,32.2,30,0.0
2026-07-17T09:00,34.6,27,0.0
2026-07-17T10:00,36.9,22,0.0
2026-07-17T11:00,39.6,17,0.0
2026-07-17T12:00,40.7,17,0.0
2026-07-17T13:00,41.8,15,0.0
2026-07-17T14:00,42.6,13,0.0
2026-07-17T15:00,43.0,12,0.0
2026-07-17T16:00,43.4,11,0.0
2026-07-17T17:00,43.7,10,0.0
2026-07-17T18:00,43.3,10,0.0
2026-07-17T19:00,41.6,12,0.0
2026-07-17T20:00,38.6,17,0.0
2026-07-17T21:00,36.6,21,0.0
2026-07-17T22:00,35.0,26,0.0
2026-07-17T23:00,35.0,25,0.0
2026-07-18T00:00,32.1,37,0.0
2026-07-18T01:00,30.7,37,0.0
2026-07-18T02:00,30.2,39,0.0
2026-07-18T03:00,29.8,38,0.0
2026-07-18T04:00,29.2,38,0.0
2026-07-18T05:00,29.5,32,0.0
2026-07-18T06:00,29.2,33,0.0
2026-07-18T07:00,31.4,29,0.0
2026-07-18T08:00,34.1,25,0.0
2026-07-18T09:00,36.2,23,0.0
2026-07-18T10:00,38.6,20,0.0
2026-07-18T11:00,40.8,17,0.0
2026-07-18T12:00,42.3,15,0.0
2026-07-18T13:00,43.4,14,0.0
2026-07-18T14:00,44.0,14,0.0
2026-07-18T15:00,44.3,13,0.0
2026-07-18T16:00,44.4,12,0.0
2026-07-18T17:00,45.0,10,0.0
2026-07-18T18:00,44.2,11,0.0
2026-07-18T19:00,41.9,15,0.0
2026-07-18T20:00,39.5,19,0.0
2026-07-18T21:00,38.3,17,0.0
2026-07-18T22:00,36.4,19,0.0
2026-07-18T23:00,35.6,21,0.0
2026-07-19T00:00,33.1,33,0.0
2026-07-19T01:00,32.1,37,0.0
2026-07-19T02:00,31.5,38,0.0
2026-07-19T03:00,30.9,37,0.0
2026-07-19T04:00,29.8,38,0.0
2026-07-19T05:00,28.7,44,0.0
2026-07-19T06:00,28.8,44,0.0
2026-07-19T07:00,30.9,39,0.0
2026-07-19T08:00,32.8,37,0.0
2026-07-19T09:00,35.1,31,0.0
2026-07-19T10:00,37.1,27,0.0
2026-07-19T11:00,39.6,23,0.0
2026-07-19T12:00,41.0,21,0.0
2026-07-19T13:00,42.3,18,0.0
2026-07-19T14:00,43.5,15,0.0
2026-07-19T15:00,44.4,13,0.0
2026-07-19T16:00,44.9,11,0.0
2026-07-19T17:00,45.2,10,0.0
2026-07-19T18:00,44.8,9,0.0
2026-07-19T19:00,43.4,11,0.0
2026-07-19T20:00,40.4,12,0.0
2026-07-19T21:00,39.4,12,0.0
2026-07-19T22:00,38.4,12,0.0
2026-07-19T23:00,37.0,14,0.0
2026-07-20T00:00,34.9,17,0.0
2026-07-20T01:00,33.7,19,0.0
2026-07-20T02:00,32.1,23,0.0
2026-07-20T03:00,30.9,26,0.0
2026-07-20T04:00,29.8,29,0.0
2026-07-20T05:00,28.6,43,0.0
2026-07-20T06:00,28.9,37,0.0
2026-07-20T07:00,30.3,40,0.0
2026-07-20T08:00,31.9,35,0.0
2026-07-20T09:00,33.5,29,0.0
2026-07-20T10:00,35.5,25,0.0
2026-07-20T11:00,37.1,21,0.0
2026-07-20T12:00,38.7,19,0.0
2026-07-20T13:00,40.1,18,0.0
2026-07-20T14:00,41.5,16,0.0
2026-07-20T15:00,42.9,15,0.0
2026-07-20T16:00,43.5,12,0.0
2026-07-20T17:00,42.7,12,0.0
2026-07-20T18:00,41.3,11,0.0
2026-07-20T19:00,39.8,12,0.0
2026-07-20T20:00,38.1,14,0.0
2026-07-20T21:00,36.5,15,0.0
2026-07-20T22:00,34.8,17,0.0
2026-07-20T23:00,33.3,21,0.0
2026-07-21T00:00,31.8,24,0.0
2026-07-21T01:00,30.5,26,0.0
2026-07-21T02:00,29.7,27,0.0
2026-07-21T03:00,28.4,28,0.0
2026-07-21T04:00,27.2,30,0.0
2026-07-21T05:00,27.1,31,0.0
2026-07-21T06:00,27.2,31,0.0
2026-07-21T07:00,27.4,31,0.0
2026-07-21T08:00,28.3,30,0.0
2026-07-21T09:00,29.8,28,0.0
2026-07-21T10:00,31.4,26,0.0
2026-07-21T11:00,33.7,22,0.0
2026-07-21T12:00,35.0,19,0.0
2026-07-21T13:00,35.6,19,0.0
2026-07-21T14:00,35.5,20,0.0
2026-07-21T15:00,34.5,23,0.0
2026-07-21T16:00,33.2,25,0.0
2026-07-21T17:00,33.0,25,0.0
2026-07-21T18:00,31.8,26,0.0
2026-07-21T19:00,31.5,26,0.0
2026-07-21T20:00,31.0,27,0.0
2026-07-21T21:00,29.8,30,0.0
2026-07-21T22:00,29.1,32,0.0
2026-07-21T23:00,28.8,36,0.0
2026-07-22T00:00,27.6,36,0.0
2026-07-22T01:00,26.8,38,0.0
2026-07-22T02:00,26.2,40,0.0
2026-07-22T03:00,25.7,42,0.0
2026-07-22T04:00,25.0,44,0.0
2026-07-22T05:00,24.9,50,0.0
2026-07-22T06:00,24.3,55,0.0
2026-07-22T07:00,25.3,54,0.0
2026-07-22T08:00,27.2,48,0.0
2026-07-22T09:00,29.6,36,0.0
2026-07-22T10:00,31.2,26,0.0
2026-07-22T11:00,31.0,25,0.0
2026-07-22T12:00,31.4,25,0.0
2026-07-22T13:00,32.4,23,0.0
2026-07-22T14:00,33.0,22,0.0
2026-07-22T15:00,33.1,21,0.0
2026-07-22T16:00,32.7,21,0.0
2026-07-22T17:00,32.1,24,0.0
2026-07-22T18:00,31.8,24,0.0
2026-07-22T19:00,30.9,26,0.0
2026-07-22T20:00,29.8,29,0.0
2026-07-22T21:00,29.4,30,0.0
2026-07-22T22:00,28.3,33,0.0
2026-07-22T23:00,27.2,40,0.0
2026-07-23T00:00,26.3,43,0.0
2026-07-23T01:00,25.2,46,0.0
2026-07-23T02:00,25.1,45,0.0
2026-07-23T03:00,25.0,44,0.0
2026-07-23T04:00,24.0,49,0.0
2026-07-23T05:00,24.6,44,0.0
2026-07-23T06:00,23.9,51,0.0
2026-07-23T07:00,25.0,46,0.0
2026-07-23T08:00,26.7,41,0.0
2026-07-23T09:00,29.1,34,0.0
2026-07-23T10:00,31.0,29,0.0
2026-07-23T11:00,31.2,29,0.0
2026-07-23T12:00,31.7,31,0.2
2026-07-23T13:00,32.8,29,0.0
2026-07-23T14:00,33.0,27,0.0
2026-07-23T15:00,33.4,24,0.0
2026-07-23T16:00,33.5,24,0.0
2026-07-23T17:00,32.3,27,0.0
2026-07-23T18:00,32.0,27,0.0
2026-07-23T19:00,31.4,28,0.0
2026-07-23T20:00,30.3,32,0.2
2026-07-23T21:00,29.7,37,0.0
2026-07-23T22:00,28.7,42,0.0
2026-07-23T23:00,28.4,34,0.0
2026-07-24T00:00,27.2,36,0.0
2026-07-24T01:00,26.3,38,0.0
2026-07-24T02:00,25.5,43,0.0
2026-07-24T03:00,25.0,47,0.0
2026-07-24T04:00,24.5,50,0.0
2026-07-24T05:00,23.9,54,0.0
2026-07-24T06:00,23.8,58,0.0
2026-07-24T07:00,25.2,54,0.0
2026-07-24T08:00,27.0,48,0.0
2026-07-24T09:00,29.0,40,0.0
2026-07-24T10:00,30.8,32,0.0
2026-07-24T11:00,32.5,26,0.0
2026-07-24T12:00,33.6,24,0.0
2026-07-24T13:00,34.1,23,0.0
2026-07-24T14:00,34.5,22,0.0
2026-07-24T15:00,34.5,22,0.0
2026-07-24T16:00,34.5,20,0.0
2026-07-24T17:00,34.6,15,0.0
2026-07-24T18:00,34.1,14,0.0
2026-07-24T19:00,33.4,17,0.0
2026-07-24T20:00,32.0,21,0.0
2026-07-24T21:00,30.6,25,0.0
2026-07-24T22:00,29.7,25,0.0
2026-07-24T23:00,28.9,28,0.0
2026-07-25T00:00,27.1,35,0.0
2026-07-25T01:00,25.6,44,0.0
2026-07-25T02:00,25.1,47,0.0
2026-07-25T03:00,24.8,49,0.0
2026-07-25T04:00,24.4,49,0.0
2026-07-25T05:00,24.4,53,0.0
2026-07-25T06:00,24.2,51,0.0
2026-07-25T07:00,25.6,46,0.0
2026-07-25T08:00,27.7,37,0.0
2026-07-25T09:00,29.9,33,0.0
2026-07-25T10:00,31.7,29,0.0
2026-07-25T11:00,33.7,23,0.0
2026-07-25T12:00,34.9,21,0.0
2026-07-25T13:00,35.8,19,0.0
2026-07-25T14:00,36.4,19,0.0
2026-07-25T15:00,36.7,18,0.0
2026-07-25T16:00,36.7,17,0.0
2026-07-25T17:00,36.5,15,0.0
2026-07-25T18:00,36.0,15,0.0
2026-07-25T19:00,35.2,16,0.0
2026-07-25T20:00,33.5,19,0.0
2026-07-25T21:00,32.2,24,0.0
2026-07-25T22:00,30.9,27,0.0
2026-07-25T23:00,30.1,30,0.0
2026-07-26T00:00,28.6,33,0.0
2026-07-26T01:00,27.2,36,0.0
2026-07-26T02:00,26.0,39,0.0
2026-07-26T03:00,25.5,40,0.0
2026-07-26T04:00,25.3,40,0.0
2026-07-26T05:00,25.3,39,0.0
2026-07-26T06:00,24.7,41,0.0
2026-07-26T07:00,26.5,37,0.0
2026-07-26T08:00,28.2,34,0.0
2026-07-26T09:00,30.0,34,0.0
2026-07-26T10:00,32.2,30,0.0
2026-07-26T11:00,35.0,22,0.0
2026-07-26T12:00,36.3,18,0.0
2026-07-26T13:00,37.2,16,0.0
2026-07-26T14:00,37.9,15,0.0
2026-07-26T15:00,38.3,15,0.0
2026-07-26T16:00,38.4,15,0.0
2026-07-26T17:00,38.3,13,0.0
2026-07-26T18:00,37.8,12,0.0
2026-07-26T19:00,36.7,13,0.0
2026-07-26T20:00,34.1,19,0.0
2026-07-26T21:00,32.5,23,0.0
2026-07-26T22:00,31.5,24,0.0
2026-07-26T23:00,30.4,27,0.0
2026-07-27T00:00,29.0,31,0.0
2026-07-27T01:00,28.0,32,0.0
2026-07-27T02:00,27.2,35,0.0
2026-07-27T03:00,26.5,37,0.0
2026-07-27T04:00,26.1,38,0.0
2026-07-27T05:00,25.9,42,0.0
2026-07-27T06:00,25.2,46,0.0
2026-07-27T07:00,26.5,42,0.0
2026-07-27T08:00,28.4,39,0.0
2026-07-27T09:00,30.8,32,0.0
2026-07-27T10:00,33.2,26,0.0
2026-07-27T11:00,35.5,22,0.0
2026-07-27T12:00,36.8,20,0.0
2026-07-27T13:00,37.9,18,0.0
2026-07-27T14:00,38.6,17,0.0
2026-07-27T15:00,39.0,16,0.0
2026-07-27T16:00,39.0,14,0.0
2026-07-27T17:00,39.4,12,0.0
2026-07-27T18:00,38.8,13,0.0
2026-07-27T19:00,37.9,13,0.0
2026-07-27T20:00,35.2,19,0.0
2026-07-27T21:00,33.0,25,0.0
2026-07-27T22:00,31.7,27,0.0
2026-07-27T23:00,31.5,26,0.0
2026-07-28T00:00,29.1,38,0.0
2026-07-28T01:00,27.9,41,0.0
2026-07-28T02:00,26.7,43,0.0
2026-07-28T03:00,26.4,46,0.0
2026-07-28T04:00,26.2,47,0.0
2026-07-28T05:00,25.7,43,0.0
2026-07-28T06:00,25.2,47,0.0
2026-07-28T07:00,26.1,49,0.0
2026-07-28T08:00,27.6,45,0.0
2026-07-28T09:00,29.5,37,0.0
2026-07-28T10:00,31.4,31,0.0
2026-07-28T11:00,33.2,25,0.0
2026-07-28T12:00,35.0,21,0.0
2026-07-28T13:00,36.6,18,0.0
2026-07-28T14:00,37.7,16,0.0
2026-07-28T15:00,38.2,15,0.0
2026-07-28T16:00,38.3,14,0.0
2026-07-28T17:00,38.3,14,0.0
2026-07-28T18:00,37.6,14,0.0
2026-07-28T19:00,36.4,15,0.0
2026-07-28T20:00,34.3,19,0.0
2026-07-28T21:00,32.5,24,0.0
2026-07-28T22:00,31.1,28,0.0
2026-07-28T23:00,30.0,31,0.0
2026-07-29T00:00,28.5,42,0.0
2026-07-29T01:00,27.4,40,0.0
2026-07-29T02:00,26.8,39,0.0
2026-07-29T03:00,26.4,39,0.0
2026-07-29T04:00,25.5,41,0.0
2026-07-29T05:00,25.2,41,0.0
2026-07-29T06:00,25.1,41,0.0
2026-07-29T07:00,26.0,40,0.0
2026-07-29T08:00,27.8,38,0.0
2026-07-29T09:00,30.5,32,0.0
2026-07-29T10:00,33.0,27,0.0
2026-07-29T11:00,34.9,23,0.0
2026-07-29T12:00,36.4,19,0.0
2026-07-29T13:00,37.5,16,0.0
2026-07-29T14:00,38.0,15,0.0
2026-07-29T15:00,38.2,14,0.0
2026-07-29T16:00,38.2,13,0.0
2026-07-29T17:00,38.1,11,0.0
2026-07-29T18:00,37.3,12,0.0
2026-07-29T19:00,36.1,13,0.0
2026-07-29T20:00,34.2,15,0.0
2026-07-29T21:00,33.1,16,0.0
2026-07-29T22:00,31.4,18,0.0
2026-07-29T23:00,30.4,31,0.0
2026-07-30T00:00,28.6,23,0.0
2026-07-30T01:00,27.6,27,0.0
2026-07-30T02:00,26.6,32,0.0
2026-07-30T03:00,26.2,34,0.0
2026-07-30T04:00,25.8,34,0.0
2026-07-30T05:00,25.4,40,0.0
2026-07-30T06:00,25.0,43,0.0
2026-07-30T07:00,26.5,38,0.0
2026-07-30T08:00,28.0,35,0.0
2026-07-30T09:00,30.3,33,0.0
2026-07-30T10:00,32.7,29,0.0
2026-07-30T11:00,34.7,25,0.0
2026-07-30T12:00,36.1,22,0.0
2026-07-30T13:00,37.3,20,0.0
2026-07-30T14:00,38.1,18,0.0
2026-07-30T15:00,38.4,17,0.0
2026-07-30T16:00,38.5,16,0.0
2026-07-30T17:00,38.6,14,0.0
2026-07-30T18:00,37.8,14,0.0
2026-07-30T19:00,36.4,15,0.0
2026-07-30T20:00,34.0,19,0.0
2026-07-30T21:00,33.1,20,0.0
2026-07-30T22:00,31.0,27,0.0
2026-07-30T23:00,29.8,38,0.0
2026-07-31T00:00,28.0,35,0.0
2026-07-31T01:00,27.0,38,0.0
2026-07-31T02:00,26.4,39,0.0
2026-07-31T03:00,26.0,39,0.0
2026-07-31T04:00,25.5,39,0.0
2026-07-31T05:00,25.3,47,0.0
2026-07-31T06:00,24.9,45,0.0
2026-07-31T07:00,26.6,39,0.0
2026-07-31T08:00,29.0,34,0.0
2026-07-31T09:00,31.5,30,0.0
2026-07-31T10:00,33.8,26,0.0
2026-07-31T11:00,35.6,22,0.0
2026-07-31T12:00,36.9,20,0.0
2026-07-31T13:00,38.0,17,0.0
2026-07-31T14:00,38.6,15,0.0
2026-07-31T15:00,38.9,14,0.0
2026-07-31T16:00,39.0,12,0.0
2026-07-31T17:00,39.2,12,0.0
2026-07-31T18:00,38.3,12,0.0
2026-07-31T19:00,37.1,12,0.0
2026-07-31T20:00,34.5,17,0.0
2026-07-31T21:00,32.9,20,0.0
2026-07-31T22:00,31.4,22,0.0
2026-07-31T23:00,30.6,39,0.0
2026-08-01T00:00,28.5,36,0.0
2026-08-01T01:00,27.1,41,0.0
2026-08-01T02:00,26.3,43,0.0
2026-08-01T03:00,26.0,45,0.0
2026-08-01T04:00,25.7,45,0.0
2026-08-01T05:00,25.3,50,0.0
2026-08-01T06:00,25.0,51,0.0
2026-08-01T07:00,27.0,44,0.0
2026-08-01T08:00,29.4,36,0.0
2026-08-01T09:00,31.8,30,0.0
2026-08-01T10:00,33.9,27,0.0
2026-08-01T11:00,35.9,23,0.0
2026-08-01T12:00,37.3,21,0.0
2026-08-01T13:00,38.5,17,0.0
2026-08-01T14:00,39.0,15,0.0
2026-08-01T15:00,39.2,13,0.0
2026-08-01T16:00,39.3,12,0.0
2026-08-01T17:00,39.4,11,0.0
2026-08-01T18:00,38.7,11,0.0
2026-08-01T19:00,37.1,19,0.0
2026-08-01T20:00,34.8,23,0.0
2026-08-01T21:00,33.1,22,0.0
2026-08-01T22:00,31.7,25,0.0
2026-08-01T23:00,30.0,37,0.0
2026-08-02T00:00,28.1,34,0.0
2026-08-02T01:00,27.7,32,0.0
2026-08-02T02:00,26.8,35,0.0
2026-08-02T03:00,26.2,36,0.0
2026-08-02T04:00,25.7,39,0.0
2026-08-02T05:00,25.6,44,0.0
2026-08-02T06:00,25.3,42,0.0
2026-08-02T07:00,27.5,34,0.0
2026-08-02T08:00,30.0,29,0.0
2026-08-02T09:00,32.3,24,0.0
2026-08-02T10:00,34.3,23,0.0
2026-08-02T11:00,35.9,21,0.0
2026-08-02T12:00,37.7,18,0.0
2026-08-02T13:00,39.0,14,0.0
2026-08-02T14:00,39.8,13,0.0
2026-08-02T15:00,40.3,11,0.0
2026-08-02T16:00,40.5,11,0.0
2026-08-02T17:00,40.0,11,0.0
2026-08-02T18:00,38.8,12,0.0
2026-08-02T19:00,37.5,13,0.0
2026-08-02T20:00,35.4,15,0.0
2026-08-02T21:00,33.7,16,0.0
2026-08-02T22:00,32.5,16,0.0
2026-08-02T23:00,31.1,18,0.0
2026-08-03T00:00,29.6,20,0.0
2026-08-03T01:00,28.8,21,0.0
2026-08-03T02:00,28.2,22,0.0
2026-08-03T03:00,27.7,23,0.0
2026-08-03T04:00,27.1,25,0.0
2026-08-03T05:00,27.6,25,0.0
2026-08-03T06:00,26.9,28,0.0
2026-08-03T07:00,28.3,26,0.0
2026-08-03T08:00,30.3,23,0.0
2026-08-03T09:00,32.9,20,0.0
2026-08-03T10:00,35.1,17,0.0
2026-08-03T11:00,36.5,16,0.0
2026-08-03T12:00,37.2,15,0.0
2026-08-03T13:00,37.7,15,0.0
2026-08-03T14:00,38.0,15,0.0
2026-08-03T15:00,37.9,15,0.0
2026-08-03T16:00,37.8,15,0.0
2026-08-03T17:00,37.6,15,0.0
2026-08-03T18:00,36.7,16,0.0
2026-08-03T19:00,35.6,18,0.0
2026-08-03T20:00,33.8,20,0.0
2026-08-03T21:00,32.7,21,0.0
2026-08-03T22:00,31.2,25,0.0
2026-08-03T23:00,30.8,25,0.0
2026-08-04T00:00,29.6,36,0.0
2026-08-04T01:00,27.9,34,0.0
2026-08-04T02:00,27.1,41,0.0
2026-08-04T03:00,26.8,43,0.0
2026-08-04T04:00,25.9,44,0.0
2026-08-04T05:00,25.9,40,0.0
2026-08-04T06:00,25.6,43,0.0
2026-08-04T07:00,27.0,39,0.0
2026-08-04T08:00,28.9,36,0.0
2026-08-04T09:00,30.7,32,0.0
2026-08-04T10:00,32.5,26,0.0
2026-08-04T11:00,33.1,26,0.0
2026-08-04T12:00,33.7,21,0.0
2026-08-04T13:00,34.4,20,0.0
2026-08-04T14:00,34.7,18,0.0
2026-08-04T15:00,33.9,17,0.0
2026-08-04T16:00,33.8,16,0.0
2026-08-04T17:00,34.0,15,0.0
2026-08-04T18:00,33.2,15,0.0
2026-08-04T19:00,32.4,17,0.0
2026-08-04T20:00,31.0,19,0.0
2026-08-04T21:00,29.6,22,0.0
2026-08-04T22:00,28.5,25,0.0
2026-08-04T23:00,28.6,28,0.0
2026-08-05T00:00,26.7,36,0.0
2026-08-05T01:00,25.6,44,0.0
2026-08-05T02:00,24.8,47,0.0
2026-08-05T03:00,24.3,48,0.0
2026-08-05T04:00,23.3,47,0.0
2026-08-05T05:00,22.7,42,0.0
2026-08-05T06:00,21.8,49,0.0
2026-08-05T07:00,23.2,46,0.0
2026-08-05T08:00,25.5,39,0.0
2026-08-05T09:00,27.8,34,0.0
2026-08-05T10:00,29.9,28,0.0
2026-08-05T11:00,31.4,24,0.0
2026-08-05T12:00,32.2,23,0.0
2026-08-05T13:00,32.7,22,0.0
2026-08-05T14:00,32.8,22,0.0
2026-08-05T15:00,32.9,21,0.0
2026-08-05T16:00,32.8,20,0.0
2026-08-05T17:00,32.7,21,0.0
2026-08-05T18:00,31.9,22,0.0
2026-08-05T19:00,31.2,24,0.0
2026-08-05T20:00,29.7,26,0.0
2026-08-05T21:00,28.7,26,0.0
2026-08-05T22:00,27.6,28,0.0
2026-08-05T23:00,27.0,31,0.0
2026-08-06T00:00,25.5,38,0.0
2026-08-06T01:00,24.9,43,0.0
2026-08-06T02:00,24.3,44,0.0
2026-08-06T03:00,23.6,46,0.0
2026-08-06T04:00,22.5,51,0.0
2026-08-06T05:00,22.0,56,0.0
2026-08-06T06:00,21.9,57,0.0
2026-08-06T07:00,24.0,47,0.0
2026-08-06T08:00,26.3,37,0.0
2026-08-06T09:00,28.5,31,0.0
2026-08-06T10:00,30.4,27,0.0
2026-08-06T11:00,31.8,23,0.0
2026-08-06T12:00,33.3,21,0.0
2026-08-06T13:00,34.3,19,0.0
2026-08-06T14:00,35.1,17,0.0
2026-08-06T15:00,35.5,17,0.0
2026-08-06T16:00,35.6,16,0.0
2026-08-06T17:00,35.5,13,0.0
2026-08-06T18:00,35.1,13,0.0
2026-08-06T19:00,34.2,14,0.0
2026-08-06T20:00,32.2,17,0.0
2026-08-06T21:00,31.0,19,0.0
2026-08-06T22:00,29.9,20,0.0
2026-08-06T23:00,29.4,25,0.0
2026-08-07T00:00,27.4,29,0.0
2026-08-07T01:00,25.8,34,0.0
2026-08-07T02:00,24.8,34,0.0
2026-08-07T03:00,24.1,37,0.0
2026-08-07T04:00,23.9,39,0.0
2026-08-07T05:00,23.3,48,0.0
2026-08-07T06:00,23.3,46,0.0
2026-08-07T07:00,25.0,40,0.0
2026-08-07T08:00,26.4,39,0.0
2026-08-07T09:00,28.6,34,0.0
2026-08-07T10:00,30.8,29,0.0
2026-08-07T11:00,32.9,23,0.0
2026-08-07T12:00,34.6,18,0.0
2026-08-07T13:00,36.1,15,0.0
2026-08-07T14:00,36.6,15,0.0
2026-08-07T15:00,36.9,15,0.0
2026-08-07T16:00,36.6,15,0.0
2026-08-07T17:00,36.2,16,0.0
2026-08-07T18:00,35.5,16,0.0
2026-08-07T19:00,34.6,17,0.0
2026-08-07T20:00,33.2,19,0.0
2026-08-07T21:00,32.2,20,0.0
2026-08-07T22:00,30.9,23,0.0
2026-08-07T23:00,30.0,24,0.0
2026-08-08T00:00,28.2,34,0.0
2026-08-08T01:00,27.6,32,0.0
2026-08-08T02:00,26.8,32,0.0
2026-08-08T03:00,25.6,35,0.0
2026-08-08T04:00,24.8,38,0.0
2026-08-08T05:00,24.5,41,0.0
2026-08-08T06:00,23.7,45,0.0
2026-08-08T07:00,25.6,38,0.0
2026-08-08T08:00,27.8,34,0.0
2026-08-08T09:00,30.2,30,0.0
2026-08-08T10:00,32.4,25,0.0
2026-08-08T11:00,33.5,22,0.0
2026-08-08T12:00,35.4,19,0.0
2026-08-08T13:00,36.7,17,0.0
2026-08-08T14:00,37.3,17,0.0
2026-08-08T15:00,37.7,16,0.0
2026-08-08T16:00,37.8,16,0.0
2026-08-08T17:00,37.3,15,0.0
2026-08-08T18:00,36.5,15,0.0
2026-08-08T19:00,35.5,16,0.0
2026-08-08T20:00,33.5,18,0.0
2026-08-08T21:00,32.1,25,0.0
2026-08-08T22:00,30.9,27,0.0
2026-08-08T23:00,30.1,37,0.0
2026-08-09T00:00,28.9,38,0.0
2026-08-09T01:00,27.9,41,0.0
2026-08-09T02:00,27.0,42,0.0
2026-08-09T03:00,26.4,41,0.0
2026-08-09T04:00,25.6,46,0.0
2026-08-09T05:00,25.1,52,0.0
2026-08-09T06:00,24.2,49,0.0
2026-08-09T07:00,26.3,44,0.0
2026-08-09T08:00,28.9,36,0.0
2026-08-09T09:00,30.7,31,0.0
2026-08-09T10:00,33.0,26,0.0
2026-08-09T11:00,35.5,23,0.0
2026-08-09T12:00,36.7,21,0.0
2026-08-09T13:00,37.6,19,0.0
2026-08-09T14:00,37.6,18,0.1
2026-08-09T15:00,37.7,17,0.1
2026-08-09T16:00,37.8,17,0.0
2026-08-09T17:00,38.8,14,0.0
2026-08-09T18:00,37.9,15,0.0
2026-08-09T19:00,36.0,19,0.0
2026-08-09T20:00,34.0,21,0.0
2026-08-09T21:00,32.8,24,0.0
2026-08-09T22:00,31.4,26,0.0
2026-08-09T23:00,30.8,28,0.0
2026-08-10T00:00,29.8,30,0.0
2026-08-10T01:00,29.5,31,0.0
2026-08-10T02:00,28.9,35,0.0
2026-08-10T03:00,27.8,36,0.0
2026-08-10T04:00,27.3,36,0.0
2026-08-10T05:00,26.0,40,0.0
2026-08-10T06:00,26.0,34,0.0
2026-08-10T07:00,28.0,30,0.0
2026-08-10T08:00,31.4,24,0.0
2026-08-10T09:00,34.0,21,0.0
2026-08-10T10:00,35.9,19,0.0
2026-08-10T11:00,37.4,17,0.0
2026-08-10T12:00,37.5,17,0.0
2026-08-10T13:00,38.2,15,0.0
2026-08-10T14:00,39.1,15,0.0
2026-08-10T15:00,39.0,15,0.0
2026-08-10T16:00,38.3,16,0.0
2026-08-10T17:00,38.8,14,0.0
2026-08-10T18:00,37.7,14,0.0
2026-08-10T19:00,36.1,16,0.0
2026-08-10T20:00,34.3,18,0.0
2026-08-10T21:00,33.1,22,0.0
2026-08-10T22:00,31.5,27,0.0
2026-08-10T23:00,31.6,23,0.0
2026-08-11T00:00,30.3,24,0.0
2026-08-11T01:00,28.7,26,0.0
2026-08-11T02:00,27.5,30,0.0
2026-08-11T03:00,26.6,32,0.0
2026-08-11T04:00,26.0,32,0.0
2026-08-11T05:00,25.6,40,0.0
2026-08-11T06:00,24.8,45,0.0
2026-08-11T07:00,27.0,38,0.0
2026-08-11T08:00,29.8,34,0.0
2026-08-11T09:00,32.6,27,0.0
2026-08-11T10:00,35.3,21,0.0
2026-08-11T11:00,36.9,17,0.0
2026-08-11T12:00,37.4,16,0.0
2026-08-11T13:00,38.1,15,0.0
2026-08-11T14:00,38.8,14,0.0
2026-08-11T15:00,39.0,14,0.0
2026-08-11T16:00,38.7,13,0.0
2026-08-11T17:00,38.3,13,0.0
2026-08-11T18:00,37.7,13,0.0
2026-08-11T19:00,37.0,14,0.0
2026-08-11T20:00,34.4,17,0.0
2026-08-11T21:00,32.9,21,0.0
2026-08-11T22:00,31.9,29,0.0
2026-08-11T23:00,31.3,25,0.0
2026-08-12T00:00,29.8,27,0.0
2026-08-12T01:00,28.7,30,0.0
2026-08-12T02:00,27.8,28,0.0
2026-08-12T03:00,27.3,29,0.0
2026-08-12T04:00,26.8,31,0.0
2026-08-12T05:00,24.8,51,0.0
2026-08-12T06:00,24.5,46,0.0
2026-08-12T07:00,26.7,41,0.0
2026-08-12T08:00,30.1,35,0.0
2026-08-12T09:00,33.6,26,0.0
2026-08-12T10:00,35.5,20,0.0
2026-08-12T11:00,37.3,16,0.0
2026-08-12T12:00,38.1,15,0.0
2026-08-12T13:00,38.8,13,0.0
2026-08-12T14:00,39.3,12,0.0
2026-08-12T15:00,39.0,11,0.0
2026-08-12T16:00,39.0,12,0.0
2026-08-12T17:00,39.2,11,0.0
2026-08-12T18:00,38.5,11,0.0
2026-08-12T19:00,36.6,13,0.0
2026-08-12T20:00,34.5,15,0.0
2026-08-12T21:00,33.1,19,0.0
2026-08-12T22:00,32.5,17,0.0
2026-08-12T23:00,30.9,19,0.0
2026-08-13T00:00,29.0,24,0.0
2026-08-13T01:00,28.1,28,0.0
2026-08-13T02:00,27.5,30,0.0
2026-08-13T03:00,26.4,36,0.0
2026-08-13T04:00,25.0,34,0.0
2026-08-13T05:00,24.4,46,0.0
2026-08-13T06:00,23.9,42,0.0
2026-08-13T07:00,25.9,36,0.0
2026-08-13T08:00,28.2,31,0.0
2026-08-13T09:00,31.0,28,0.0
2026-08-13T10:00,33.1,26,0.0
2026-08-13T11:00,35.2,22,0.0
2026-08-13T12:00,36.9,19,0.0
2026-08-13T13:00,38.1,16,0.0
2026-08-13T14:00,38.9,13,0.0
2026-08-13T15:00,39.4,12,0.0
2026-08-13T16:00,39.5,11,0.0
2026-08-13T17:00,39.2,11,0.0
2026-08-13T18:00,38.5,11,0.0
2026-08-13T19:00,36.9,13,0.0
2026-08-13T20:00,35.0,14,0.0
2026-08-13T21:00,33.9,15,0.0
2026-08-13T22:00,32.7,16,0.0
2026-08-13T23:00,31.0,19,0.0
2026-08-14T00:00,29.2,23,0.0
2026-08-14T01:00,28.0,27,0.0
2026-08-14T02:00,27.2,29,0.0
2026-08-14T03:00,26.3,32,0.0
2026-08-14T04:00,25.8,34,0.0
2026-08-14T05:00,24.4,50,0.0
2026-08-14T06:00,24.3,44,0.0
2026-08-14T07:00,25.6,39,0.0
2026-08-14T08:00,27.0,37,0.0
2026-08-14T09:00,29.3,32,0.0
2026-08-14T10:00,31.9,27,0.0
2026-08-14T11:00,34.6,22,0.0
2026-08-14T12:00,36.6,18,0.0
2026-08-14T13:00,38.0,14,0.0
2026-08-14T14:00,38.8,12,0.0
2026-08-14T15:00,39.4,12,0.0
2026-08-14T16:00,39.2,11,0.0
2026-08-14T17:00,38.5,11,0.0
2026-08-14T18:00,37.5,11,0.0
2026-08-14T19:00,36.2,12,0.0
2026-08-14T20:00,34.1,14,0.0
2026-08-14T21:00,33.2,16,0.0
2026-08-14T22:00,31.8,18,0.0
2026-08-14T23:00,30.5,21,0.0
2026-08-15T00:00,28.5,30,0.0
2026-08-15T01:00,27.4,29,0.0
2026-08-15T02:00,27.4,28,0.0
2026-08-15T03:00,27.0,27,0.0
2026-08-15T04:00,26.1,28,0.0
2026-08-15T05:00,25.4,28,0.0
2026-08-15T06:00,25.0,29,0.0
2026-08-15T07:00,27.0,27,0.0
2026-08-15T08:00,30.1,23,0.0
2026-08-15T09:00,32.6,19,0.0
2026-08-15T10:00,34.6,17,0.0
2026-08-15T11:00,36.6,15,0.0
2026-08-15T12:00,38.0,14,0.0
2026-08-15T13:00,38.9,13,0.0
2026-08-15T14:00,39.6,11,0.0
2026-08-15T15:00,39.8,11,0.0
2026-08-15T16:00,39.7,11,0.0
2026-08-15T17:00,39.7,10,0.0
2026-08-15T18:00,39.0,11,0.0
2026-08-15T19:00,37.6,13,0.0
2026-08-15T20:00,35.9,14,0.0
2026-08-15T21:00,34.6,16,0.0
2026-08-15T22:00,32.3,19,0.0
2026-08-15T23:00,31.3,20,0.0
2026-08-16T00:00,30.7,23,0.0
2026-08-16T01:00,29.3,26,0.0
2026-08-16T02:00,28.3,28,0.0
2026-08-16T03:00,27.5,29,0.0
2026-08-16T04:00,26.9,30,0.0
2026-08-16T05:00,25.7,34,0.0
2026-08-16T06:00,24.9,38,0.0
2026-08-16T07:00,25.8,38,0.0
2026-08-16T08:00,27.2,34,0.0
2026-08-16T09:00,29.1,31,0.0
2026-08-16T10:00,31.3,27,0.0
2026-08-16T11:00,32.8,23,0.0
2026-08-16T12:00,34.3,19,0.0
2026-08-16T13:00,35.1,17,0.0
2026-08-16T14:00,35.5,15,0.0
2026-08-16T15:00,35.8,13,0.0
2026-08-16T16:00,35.8,13,0.0
2026-08-16T17:00,35.2,13,0.0
2026-08-16T18:00,34.2,13,0.0
2026-08-16T19:00,32.8,13,0.0
2026-08-16T20:00,31.2,14,0.0
2026-08-16T21:00,29.8,15,0.0
2026-08-16T22:00,28.4,17,0.0
2026-08-16T23:00,27.3,19,0.0
2026-08-17T00:00,26.0,21,0.0
2026-08-17T01:00,24.8,23,0.0
2026-08-17T02:00,23.8,27,0.0
2026-08-17T03:00,23.5,30,0.0
2026-08-17T04:00,22.8,33,0.0
2026-08-17T05:00,21.4,48,0.0
2026-08-17T06:00,20.7,50,0.0
2026-08-17T07:00,21.8,41,0.0
2026-08-17T08:00,23.4,33,0.0
2026-08-17T09:00,25.5,29,0.0
2026-08-17T10:00,27.8,25,0.0
2026-08-17T11:00,30.2,22,0.0
2026-08-17T12:00,32.1,19,0.0
2026-08-17T13:00,33.3,18,0.0
2026-08-17T14:00,34.2,17,0.0
2026-08-17T15:00,34.8,16,0.0
2026-08-17T16:00,34.9,16,0.0
2026-08-17T17:00,34.7,16,0.0
2026-08-17T18:00,33.5,18,0.0
2026-08-17T19:00,32.0,21,0.0
2026-08-17T20:00,30.7,22,0.0
2026-08-17T21:00,29.3,25,0.0
2026-08-17T22:00,28.3,27,0.0
2026-08-17T23:00,27.6,28,0.0
2026-08-18T00:00,26.9,29,0.0
2026-08-18T01:00,26.4,30,0.0
2026-08-18T02:00,25.7,31,0.0
2026-08-18T03:00,25.3,32,0.0
2026-08-18T04:00,24.8,33,0.0
2026-08-18T05:00,23.1,46,0.0
2026-08-18T06:00,23.2,47,0.0
2026-08-18T07:00,24.7,40,0.0
2026-08-18T08:00,26.8,36,0.0
2026-08-18T09:00,29.1,30,0.0
2026-08-18T10:00,31.2,25,0.0
2026-08-18T11:00,32.7,22,0.0
2026-08-18T12:00,34.0,21,0.0
2026-08-18T13:00,35.0,19,0.0
2026-08-18T14:00,35.7,18,0.0
2026-08-18T15:00,36.3,17,0.0
2026-08-18T16:00,36.5,16,0.0
2026-08-18T17:00,36.3,16,0.0
2026-08-18T18:00,35.4,17,0.0
2026-08-18T19:00,34.2,18,0.0
2026-08-18T20:00,32.5,20,0.0
2026-08-18T21:00,31.3,21,0.0
2026-08-18T22:00,29.9,21,0.0
2026-08-18T23:00,28.7,26,0.0
2026-08-19T00:00,27.1,33,0.0
2026-08-19T01:00,25.9,38,0.0
2026-08-19T02:00,24.7,42,0.0
2026-08-19T03:00,24.2,45,0.0
2026-08-19T04:00,23.7,46,0.0
2026-08-19T05:00,23.3,52,0.0
2026-08-19T06:00,22.9,50,0.0
2026-08-19T07:00,24.6,45,0.0
2026-08-19T08:00,27.1,40,0.0
2026-08-19T09:00,30.0,32,0.0
2026-08-19T10:00,32.3,26,0.0
2026-08-19T11:00,34.1,21,0.0
2026-08-19T12:00,35.5,18,0.0
2026-08-19T13:00,36.5,15,0.0
2026-08-19T14:00,37.2,14,0.0
2026-08-19T15:00,37.7,13,0.0
2026-08-19T16:00,37.5,13,0.0
2026-08-19T17:00,37.6,13,0.0
2026-08-19T18:00,36.9,14,0.0
2026-08-19T19:00,34.9,16,0.0
2026-08-19T20:00,33.2,17,0.0
2026-08-19T21:00,31.9,18,0.0
2026-08-19T22:00,30.8,20,0.0
2026-08-19T23:00,30.0,21,0.0
2026-08-20T00:00,28.4,25,0.0
2026-08-20T01:00,27.5,27,0.0
2026-08-20T02:00,26.9,28,0.0
2026-08-20T03:00,26.1,29,0.0
2026-08-20T04:00,25.2,31,0.0
2026-08-20T05:00,25.2,31,0.0
2026-08-20T06:00,24.6,37,0.0
2026-08-20T07:00,26.2,31,0.0
2026-08-20T08:00,28.4,28,0.0
2026-08-20T09:00,31.4,23,0.0
2026-08-20T10:00,34.1,17,0.0
2026-08-20T11:00,35.6,14,0.0
2026-08-20T12:00,36.8,13,0.0
2026-08-20T13:00,37.6,12,0.0
2026-08-20T14:00,37.9,12,0.0
2026-08-20T15:00,37.7,12,0.0
2026-08-20T16:00,37.4,12,0.0
2026-08-20T17:00,37.2,12,0.0
2026-08-20T18:00,36.3,12,0.0
2026-08-20T19:00,34.8,13,0.0
2026-08-20T20:00,32.6,16,0.0
2026-08-20T21:00,31.3,17,0.0
2026-08-20T22:00,30.1,18,0.0
2026-08-20T23:00,29.0,21,0.0
2026-08-21T00:00,27.6,23,0.0
2026-08-21T01:00,26.5,26,0.0
2026-08-21T02:00,25.6,28,0.0
2026-08-21T03:00,24.9,31,0.0
2026-08-21T04:00,24.4,32,0.0
2026-08-21T05:00,23.2,50,0.0
2026-08-21T06:00,22.9,41,0.0
2026-08-21T07:00,24.5,33,0.0
2026-08-21T08:00,26.1,28,0.0
2026-08-21T09:00,28.2,25,0.0
2026-08-21T10:00,30.8,22,0.0
2026-08-21T11:00,33.6,17,0.0
2026-08-21T12:00,35.7,14,0.0
2026-08-21T13:00,36.5,12,0.0
2026-08-21T14:00,36.4,12,0.0
2026-08-21T15:00,36.3,12,0.0
2026-08-21T16:00,36.1,12,0.0
2026-08-21T17:00,35.9,12,0.0
2026-08-21T18:00,35.0,13,0.0
2026-08-21T19:00,33.5,14,0.0
2026-08-21T20:00,31.5,17,0.0
2026-08-21T21:00,30.0,18,0.0
2026-08-21T22:00,29.1,20,0.0
2026-08-21T23:00,29.0,20,0.0
2026-08-22T00:00,27.6,24,0.0
2026-08-22T01:00,26.4,31,0.0
2026-08-22T02:00,25.8,35,0.0
2026-08-22T03:00,25.2,36,0.0
2026-08-22T04:00,24.8,32,0.0
2026-08-22T05:00,25.0,32,0.0
2026-08-22T06:00,23.9,38,0.0
2026-08-22T07:00,24.7,37,0.0
2026-08-22T08:00,26.4,31,0.0
2026-08-22T09:00,28.6,25,0.0
2026-08-22T10:00,30.4,22,0.0
2026-08-22T11:00,31.4,21,0.0
2026-08-22T12:00,31.5,21,0.0
2026-08-22T13:00,32.3,21,0.0
2026-08-22T14:00,32.6,20,0.0
2026-08-22T15:00,32.5,20,0.0
2026-08-22T16:00,32.7,19,0.0
2026-08-22T17:00,32.3,18,0.0
2026-08-22T18:00,32.3,18,0.0
2026-08-22T19:00,31.0,19,0.0
2026-08-22T20:00,29.5,22,0.0
2026-08-22T21:00,28.8,19,0.0
2026-08-22T22:00,28.1,21,0.0
2026-08-22T23:00,26.9,24,0.0
2026-08-23T00:00,25.5,31,0.0
2026-08-23T01:00,24.6,37,0.0
2026-08-23T02:00,23.5,38,0.0
2026-08-23T03:00,22.3,40,0.0
2026-08-23T04:00,22.1,43,0.0
2026-08-23T05:00,21.5,50,0.0
2026-08-23T06:00,21.3,50,0.0
2026-08-23T07:00,22.9,45,0.0
2026-08-23T08:00,25.3,38,0.0
2026-08-23T09:00,27.7,31,0.0
2026-08-23T10:00,29.8,26,0.0
2026-08-23T11:00,31.4,23,0.0
2026-08-23T12:00,32.4,22,0.0
2026-08-23T13:00,33.0,21,0.0
2026-08-23T14:00,33.6,20,0.0
2026-08-23T15:00,33.9,19,0.0
2026-08-23T16:00,33.7,19,0.0
2026-08-23T17:00,33.1,18,0.0
2026-08-23T18:00,32.3,18,0.0
2026-08-23T19:00,30.5,24,0.0
2026-08-23T20:00,29.5,25,0.0
2026-08-23T21:00,28.7,27,0.0
2026-08-23T22:00,27.9,32,0.0
2026-08-23T23:00,26.7,40,0.0
2026-08-24T00:00,25.3,37,0.0
2026-08-24T01:00,24.6,39,0.0
2026-08-24T02:00,23.6,40,0.0
2026-08-24T03:00,23.0,40,0.0
2026-08-24T04:00,22.4,40,0.0
2026-08-24T05:00,22.0,47,0.0
2026-08-24T06:00,21.5,43,0.0
2026-08-24T07:00,23.5,35,0.0
2026-08-24T08:00,26.3,30,0.0
2026-08-24T09:00,29.1,25,0.0
2026-08-24T10:00,30.5,24,0.0
2026-08-24T11:00,32.7,20,0.0
2026-08-24T12:00,34.7,18,0.0
2026-08-24T13:00,35.1,17,0.0
2026-08-24T14:00,34.9,17,0.0
2026-08-24T15:00,35.1,17,0.0
2026-08-24T16:00,34.5,19,0.0
2026-08-24T17:00,33.3,21,0.0
2026-08-24T18:00,33.1,20,0.0
2026-08-24T19:00,31.7,22,0.0
2026-08-24T20:00,30.1,24,0.0
2026-08-24T21:00,28.6,24,0.0
2026-08-24T22:00,27.2,23,0.0
2026-08-24T23:00,26.4,22,0.0
2026-08-25T00:00,25.4,25,0.0
2026-08-25T01:00,24.6,27,0.0
2026-08-25T02:00,23.7,28,0.0
2026-08-25T03:00,22.8,28,0.0
2026-08-25T04:00,22.1,26,0.0
2026-08-25T05:00,21.6,27,0.0
2026-08-25T06:00,20.7,31,0.0
2026-08-25T07:00,22.2,28,0.0
2026-08-25T08:00,24.4,26,0.0
2026-08-25T09:00,27.0,21,0.0
2026-08-25T10:00,28.9,17,0.0
2026-08-25T11:00,30.4,14,0.0
2026-08-25T12:00,31.6,12,0.0
2026-08-25T13:00,32.6,11,0.0
2026-08-25T14:00,33.3,10,0.0
2026-08-25T15:00,33.6,10,0.0
2026-08-25T16:00,33.5,11,0.0
2026-08-25T17:00,33.2,10,0.0
2026-08-25T18:00,32.2,11,0.0
2026-08-25T19:00,30.7,13,0.0
2026-08-25T20:00,28.6,16,0.0
2026-08-25T21:00,27.0,19,0.0
2026-08-25T22:00,25.6,21,0.0
2026-08-25T23:00,24.8,36,0.0
2026-08-26T00:00,23.8,33,0.0
2026-08-26T01:00,22.8,28,0.0
2026-08-26T02:00,22.1,29,0.0
2026-08-26T03:00,21.6,30,0.0
2026-08-26T04:00,21.1,33,0.0
2026-08-26T05:00,20.1,45,0.0
2026-08-26T06:00,18.9,45,0.0
2026-08-26T07:00,20.2,44,0.0
2026-08-26T08:00,22.5,37,0.0
2026-08-26T09:00,24.7,33,0.0
2026-08-26T10:00,27.3,28,0.0
2026-08-26T11:00,30.2,21,0.0
2026-08-26T12:00,31.8,18,0.0
2026-08-26T13:00,32.9,18,0.0
2026-08-26T14:00,33.6,17,0.0
2026-08-26T15:00,34.0,15,0.0
2026-08-26T16:00,34.1,14,0.0
2026-08-26T17:00,34.4,12,0.0
2026-08-26T18:00,33.2,14,0.0
2026-08-26T19:00,30.6,19,0.0
2026-08-26T20:00,28.8,19,0.0
2026-08-26T21:00,27.4,23,0.0
2026-08-26T22:00,26.3,25,0.0
2026-08-26T23:00,25.6,36,0.0
2026-08-27T00:00,24.4,33,0.0
2026-08-27T01:00,23.3,36,0.0
2026-08-27T02:00,22.6,38,0.0
2026-08-27T03:00,22.1,41,0.0
2026-08-27T04:00,21.5,43,0.0
2026-08-27T05:00,20.8,49,0.0
2026-08-27T06:00,19.9,50,0.0
2026-08-27T07:00,21.1,47,0.0
2026-08-27T08:00,23.4,40,0.0
2026-08-27T09:00,25.9,36,0.0
2026-08-27T10:00,28.6,30,0.0
2026-08-27T11:00,31.4,23,0.0
2026-08-27T12:00,32.8,20,0.0
2026-08-27T13:00,33.8,19,0.0
2026-08-27T14:00,34.5,17,0.0
2026-08-27T15:00,34.8,16,0.0
2026-08-27T16:00,34.7,15,0.0
2026-08-27T17:00,34.8,14,0.0
2026-08-27T18:00,33.5,16,0.0
2026-08-27T19:00,30.9,25,0.0
2026-08-27T20:00,29.4,22,0.0
2026-08-27T21:00,27.6,25,0.0
2026-08-27T22:00,26.5,26,0.0
2026-08-27T23:00,25.6,27,0.0
2026-08-28T00:00,24.2,30,0.0
2026-08-28T01:00,23.3,32,0.0
2026-08-28T02:00,22.5,35,0.0
2026-08-28T03:00,21.7,41,0.0
2026-08-28T04:00,20.9,43,0.0
2026-08-28T05:00,20.6,48,0.0
2026-08-28T06:00,20.4,47,0.0
2026-08-28T07:00,21.8,42,0.0
2026-08-28T08:00,24.0,38,0.0
2026-08-28T09:00,26.5,32,0.0
2026-08-28T10:00,29.2,27,0.0
2026-08-28T11:00,31.6,21,0.0
2026-08-28T12:00,33.3,20,0.0
2026-08-28T13:00,34.6,20,0.0
2026-08-28T14:00,35.5,19,0.0
2026-08-28T15:00,35.8,18,0.0
2026-08-28T16:00,35.5,18,0.0
2026-08-28T17:00,35.2,17,0.0
2026-08-28T18:00,34.0,19,0.0
2026-08-28T19:00,32.3,21,0.0
2026-08-28T20:00,30.7,24,0.0
2026-08-28T21:00,29.2,27,0.0
2026-08-28T22:00,28.4,28,0.0
2026-08-28T23:00,27.7,28,0.0
2026-08-29T00:00,26.6,30,0.0
2026-08-29T01:00,26.0,31,0.0
2026-08-29T02:00,25.3,33,0.0
2026-08-29T03:00,24.7,34,0.0
2026-08-29T04:00,24.3,36,0.0
2026-08-29T05:00,22.9,46,0.0
2026-08-29T06:00,22.5,48,0.0
2026-08-29T07:00,23.8,45,0.0
2026-08-29T08:00,25.6,39,0.0
2026-08-29T09:00,27.6,36,0.0
2026-08-29T10:00,30.0,31,0.0
2026-08-29T11:00,32.8,24,0.0
2026-08-29T12:00,34.4,20,0.0
2026-08-29T13:00,35.0,18,0.0
2026-08-29T14:00,35.1,17,0.0
2026-08-29T15:00,35.2,17,0.0
2026-08-29T16:00,35.0,17,0.0
2026-08-29T17:00,34.5,16,0.0
2026-08-29T18:00,33.4,18,0.0
2026-08-29T19:00,31.5,20,0.0
2026-08-29T20:00,30.1,22,0.0
2026-08-29T21:00,28.8,24,0.0
2026-08-29T22:00,27.7,26,0.0
2026-08-29T23:00,26.8,27,0.0
2026-08-30T00:00,25.8,29,0.0
2026-08-30T01:00,24.7,34,0.0
2026-08-30T02:00,23.7,39,0.0
2026-08-30T03:00,23.0,42,0.0
2026-08-30T04:00,22.5,46,0.0
2026-08-30T05:00,21.9,51,0.0
2026-08-30T06:00,21.4,50,0.0
2026-08-30T07:00,22.7,44,0.0
2026-08-30T08:00,24.7,38,0.0
2026-08-30T09:00,27.6,31,0.0
2026-08-30T10:00,30.6,25,0.0
2026-08-30T11:00,33.2,21,0.0
2026-08-30T12:00,34.9,19,0.0
2026-08-30T13:00,36.4,17,0.0
2026-08-30T14:00,37.4,15,0.0
2026-08-30T15:00,37.8,14,0.0
2026-08-30T16:00,37.7,14,0.0
2026-08-30T17:00,37.5,14,0.0
2026-08-30T18:00,36.4,15,0.0
2026-08-30T19:00,34.2,18,0.0
2026-08-30T20:00,32.8,20,0.0
2026-08-30T21:00,31.3,23,0.0
2026-08-30T22:00,30.1,26,0.0
2026-08-30T23:00,29.6,26,0.0
2026-08-31T00:00,28.3,29,0.0
2026-08-31T01:00,27.0,31,0.0
2026-08-31T02:00,26.2,33,0.0
2026-08-31T03:00,25.8,33,0.0
2026-08-31T04:00,25.3,33,0.0
2026-08-31T05:00,24.8,33,0.0
2026-08-31T06:00,23.3,38,0.0
2026-08-31T07:00,24.0,39,0.0
2026-08-31T08:00,26.2,36,0.0
2026-08-31T09:00,28.9,33,0.0
2026-08-31T10:00,31.3,29,0.0
2026-08-31T11:00,31.7,26,0.0
2026-08-31T12:00,33.3,22,0.0
2026-08-31T13:00,33.8,22,0.0
2026-08-31T14:00,33.6,19,0.0
2026-08-31T15:00,33.6,18,0.0
2026-08-31T16:00,32.9,18,0.0
2026-08-31T17:00,31.7,17,0.0
2026-08-31T18:00,30.1,16,0.0
2026-08-31T19:00,28.6,15,0.0
2026-08-31T20:00,27.4,15,0.0
2026-08-31T21:00,26.1,14,0.0
2026-08-31T22:00,24.5,16,0.0
2026-08-31T23:00,23.4,25,0.0
2026-09-01T00:00,22.2,33,0.0
2026-09-01T01:00,21.4,34,0.0
2026-09-01T02:00,20.6,38,0.0
2026-09-01T03:00,19.8,44,0.0
2026-09-01T04:00,19.4,49,0.0
2026-09-01T05:00,18.7,47,0.0
2026-09-01T06:00,17.5,50,0.0
2026-09-01T07:00,17.7,43,0.0
2026-09-01T08:00,18.9,34,0.0
2026-09-01T09:00,20.6,29,0.0
2026-09-01T10:00,22.6,25,0.0
2026-09-01T11:00,24.5,22,0.0
2026-09-01T12:00,26.4,20,0.0
2026-09-01T13:00,28.1,18,0.0
2026-09-01T14:00,29.2,17,0.0
2026-09-01T15:00,30.0,17,0.0
2026-09-01T16:00,30.4,15,0.0
2026-09-01T17:00,30.0,10,0.0
2026-09-01T18:00,28.9,10,0.0
2026-09-01T19:00,27.3,11,0.0
2026-09-01T20:00,25.7,13,0.0
2026-09-01T21:00,24.6,16,0.0
2026-09-01T22:00,23.5,19,0.0
2026-09-01T23:00,22.9,23,0.0
2026-09-02T00:00,21.2,34,0.0
2026-09-02T01:00,20.2,39,0.0
2026-09-02T02:00,18.7,46,0.0
2026-09-02T03:00,17.6,49,0.0
2026-09-02T04:00,17.1,42,0.0
2026-09-02T05:00,16.0,37,0.0
2026-09-02T06:00,15.4,39,0.0
2026-09-02T07:00,16.0,39,0.0
2026-09-02T08:00,17.8,36,0.0
2026-09-02T09:00,20.3,32,0.0
2026-09-02T10:00,22.9,28,0.0
2026-09-02T11:00,25.8,23,0.0
2026-09-02T12:00,27.5,18,0.0
2026-09-02T13:00,28.6,16,0.0
2026-09-02T14:00,29.5,14,0.0
2026-09-02T15:00,29.9,14,0.0
2026-09-02T16:00,29.8,13,0.0
2026-09-02T17:00,29.5,14,0.0
2026-09-02T18:00,28.6,15,0.0
2026-09-02T19:00,27.5,16,0.0
2026-09-02T20:00,26.6,18,0.0
2026-09-02T21:00,25.0,22,0.0
2026-09-02T22:00,23.9,24,0.0
2026-09-02T23:00,22.6,27,0.0
2026-09-03T00:00,21.6,28,0.0
2026-09-03T01:00,21.0,29,0.0
2026-09-03T02:00,20.2,31,0.0
2026-09-03T03:00,19.4,33,0.0
2026-09-03T04:00,18.7,36,0.0
2026-09-03T05:00,17.6,47,0.0
2026-09-03T06:00,16.9,50,0.0
2026-09-03T07:00,17.8,48,0.0
2026-09-03T08:00,19.8,42,0.0
2026-09-03T09:00,22.3,34,0.0
2026-09-03T10:00,24.5,28,0.0
2026-09-03T11:00,26.7,21,0.0
2026-09-03T12:00,28.3,20,0.0
2026-09-03T13:00,29.5,19,0.0
2026-09-03T14:00,30.3,17,0.0
2026-09-03T15:00,30.6,16,0.0
2026-09-03T16:00,30.3,15,0.0
2026-09-03T17:00,30.0,15,0.0
2026-09-03T18:00,28.6,16,0.0
2026-09-03T19:00,26.8,19,0.0
2026-09-03T20:00,25.4,22,0.0
2026-09-03T21:00,24.7,22,0.0
2026-09-03T22:00,24.0,24,0.0
2026-09-03T23:00,22.6,28,0.0
2026-09-04T00:00,21.0,35,0.0
2026-09-04T01:00,20.4,39,0.0
2026-09-04T02:00,20.6,37,0.0
2026-09-04T03:00,20.7,37,0.0
2026-09-04T04:00,20.0,38,0.0
2026-09-04T05:00,19.5,39,0.0
2026-09-04T06:00,19.1,44,0.0
2026-09-04T07:00,19.7,43,0.0
2026-09-04T08:00,20.9,39,0.0
2026-09-04T09:00,23.0,33,0.0
2026-09-04T10:00,25.1,31,0.0
2026-09-04T11:00,27.0,31,0.0
2026-09-04T12:00,27.9,30,0.0
2026-09-04T13:00,28.9,26,0.0
2026-09-04T14:00,29.9,21,0.0
2026-09-04T15:00,30.0,19,0.0
2026-09-04T16:00,30.0,19,0.0
2026-09-04T17:00,29.8,21,0.0
2026-09-04T18:00,28.6,22,0.0
2026-09-04T19:00,26.7,26,0.0
2026-09-04T20:00,25.1,33,0.0
2026-09-04T21:00,23.8,46,0.0
2026-09-04T22:00,22.6,54,0.0
2026-09-04T23:00,21.4,58,0.0
2026-09-05T00:00,20.5,64,0.0
2026-09-05T01:00,20.1,67,0.0
2026-09-05T02:00,19.8,70,0.0
2026-09-05T03:00,19.4,71,0.0
2026-09-05T04:00,18.6,70,0.0
2026-09-05T05:00,18.2,67,0.0
2026-09-05T06:00,17.5,67,0.0
2026-09-05T07:00,18.5,59,0.0
2026-09-05T08:00,20.7,50,0.0
2026-09-05T09:00,23.5,43,0.0
2026-09-05T10:00,25.7,37,0.0
2026-09-05T11:00,28.1,27,0.0
2026-09-05T12:00,29.4,24,0.0
2026-09-05T13:00,30.3,21,0.0
2026-09-05T14:00,31.0,20,0.0
2026-09-05T15:00,31.4,18,0.0
2026-09-05T16:00,31.3,18,0.0
2026-09-05T17:00,31.3,17,0.0
2026-09-05T18:00,30.3,18,0.0
2026-09-05T19:00,28.6,21,0.0
2026-09-05T20:00,27.2,22,0.0
2026-09-05T21:00,26.0,22,0.0
2026-09-05T22:00,24.4,26,0.0
2026-09-05T23:00,23.2,39,0.0
2026-09-06T00:00,21.7,39,0.0
2026-09-06T01:00,21.0,46,0.0
2026-09-06T02:00,20.8,53,0.0
2026-09-06T03:00,20.4,57,0.0
2026-09-06T04:00,19.9,55,0.0
2026-09-06T05:00,18.8,57,0.0
2026-09-06T06:00,18.7,57,0.0
2026-09-06T07:00,19.9,49,0.0
2026-09-06T08:00,22.0,46,0.0
2026-09-06T09:00,24.2,42,0.0
2026-09-06T10:00,26.5,35,0.0
2026-09-06T11:00,29.3,26,0.0
2026-09-06T12:00,31.1,20,0.0
2026-09-06T13:00,32.3,18,0.0
2026-09-06T14:00,33.1,16,0.0
2026-09-06T15:00,33.5,15,0.0
2026-09-06T16:00,33.5,15,0.0
2026-09-06T17:00,33.2,14,0.0
2026-09-06T18:00,32.0,16,0.0
2026-09-06T19:00,29.6,20,0.0
2026-09-06T20:00,28.0,21,0.0
2026-09-06T21:00,26.8,22,0.0
2026-09-06T22:00,25.6,23,0.0
2026-09-06T23:00,24.9,24,0.0
2026-09-07T00:00,23.6,29,0.0
2026-09-07T01:00,22.6,37,0.0
2026-09-07T02:00,22.2,41,0.0
2026-09-07T03:00,21.3,42,0.0
2026-09-07T04:00,21.2,41,0.0
2026-09-07T05:00,20.1,52,0.0
2026-09-07T06:00,19.4,51,0.0
2026-09-07T07:00,20.5,49,0.0
2026-09-07T08:00,22.9,43,0.0
2026-09-07T09:00,25.5,37,0.0
2026-09-07T10:00,28.0,30,0.0
2026-09-07T11:00,31.1,22,0.0
2026-09-07T12:00,32.7,19,0.0
2026-09-07T13:00,33.7,17,0.0
2026-09-07T14:00,34.2,16,0.0
2026-09-07T15:00,34.3,16,0.0
2026-09-07T16:00,34.3,15,0.0
2026-09-07T17:00,34.0,16,0.0
2026-09-07T18:00,32.9,17,0.0
2026-09-07T19:00,30.9,20,0.0
2026-09-07T20:00,29.7,21,0.0
2026-09-07T21:00,28.3,28,0.0
2026-09-07T22:00,27.1,27,0.0
2026-09-07T23:00,26.3,29,0.0
2026-09-08T00:00,25.2,31,0.0
2026-09-08T01:00,23.6,35,0.0
2026-09-08T02:00,22.9,37,0.0
2026-09-08T03:00,22.4,37,0.0
2026-09-08T04:00,21.8,38,0.0
2026-09-08T05:00,20.7,45,0.0
2026-09-08T06:00,20.4,46,0.0
2026-09-08T07:00,21.7,43,0.0
2026-09-08T08:00,24.0,39,0.0
2026-09-08T09:00,26.4,34,0.0
2026-09-08T10:00,28.4,30,0.0
2026-09-08T11:00,31.0,25,0.0
2026-09-08T12:00,33.0,20,0.0
2026-09-08T13:00,34.2,17,0.0
2026-09-08T14:00,34.6,16,0.0
2026-09-08T15:00,35.0,16,0.0
2026-09-08T16:00,35.1,15,0.0
2026-09-08T17:00,34.7,14,0.0
2026-09-08T18:00,33.4,15,0.0
2026-09-08T19:00,30.3,19,0.0
2026-09-08T20:00,29.1,18,0.0
2026-09-08T21:00,28.8,16,0.0
2026-09-08T22:00,27.1,22,0.0
2026-09-08T23:00,25.4,26,0.0
2026-09-09T00:00,24.6,31,0.0
2026-09-09T01:00,23.7,34,0.0
2026-09-09T02:00,22.6,39,0.0
2026-09-09T03:00,21.7,42,0.0
2026-09-09T04:00,21.0,46,0.0
2026-09-09T05:00,20.4,43,0.0
2026-09-09T06:00,19.6,42,0.0
2026-09-09T07:00,20.9,39,0.0
2026-09-09T08:00,24.3,32,0.0
2026-09-09T09:00,27.1,29,0.0
2026-09-09T10:00,29.7,26,0.0
2026-09-09T11:00,32.3,19,0.0
2026-09-09T12:00,34.0,16,0.0
2026-09-09T13:00,35.1,14,0.0
2026-09-09T14:00,35.6,13,0.0
2026-09-09T15:00,35.7,12,0.0
2026-09-09T16:00,35.4,12,0.0
2026-09-09T17:00,35.1,12,0.0
2026-09-09T18:00,34.1,12,0.0
2026-09-09T19:00,31.7,14,0.0
2026-09-09T20:00,30.0,16,0.0
2026-09-09T21:00,28.7,18,0.0
2026-09-09T22:00,27.9,18,0.0
2026-09-09T23:00,26.8,20,0.0
2026-09-10T00:00,25.8,22,0.0
2026-09-10T01:00,24.3,26,0.0
2026-09-10T02:00,23.1,30,0.0
2026-09-10T03:00,22.6,32,0.0
2026-09-10T04:00,22.1,34,0.0
2026-09-10T05:00,21.2,34,0.0
2026-09-10T06:00,21.0,34,0.0
2026-09-10T07:00,21.7,33,0.0
2026-09-10T08:00,24.2,29,0.0
2026-09-10T09:00,27.5,25,0.0
2026-09-10T10:00,30.3,22,0.0
2026-09-10T11:00,32.4,19,0.0
2026-09-10T12:00,34.1,15,0.0
2026-09-10T13:00,35.2,13,0.0
2026-09-10T14:00,35.7,12,0.0
2026-09-10T15:00,35.9,11,0.0
2026-09-10T16:00,35.8,11,0.0
2026-09-10T17:00,35.6,11,0.0
2026-09-10T18:00,34.5,12,0.0
2026-09-10T19:00,32.2,14,0.0
2026-09-10T20:00,30.9,15,0.0
2026-09-10T21:00,29.4,17,0.0
2026-09-10T22:00,28.0,20,0.0
2026-09-10T23:00,26.9,22,0.0
2026-09-11T00:00,25.5,25,0.0
2026-09-11T01:00,24.4,29,0.0
2026-09-11T02:00,23.5,31,0.0
2026-09-11T03:00,22.9,32,0.0
2026-09-11T04:00,22.5,34,0.0
2026-09-11T05:00,21.8,44,0.0
2026-09-11T06:00,21.4,47,0.0
2026-09-11T07:00,21.9,42,0.0
2026-09-11T08:00,23.9,36,0.0
2026-09-11T09:00,26.0,32,0.0
2026-09-11T10:00,28.6,27,0.0
2026-09-11T11:00,30.9,23,0.0
2026-09-11T12:00,33.3,18,0.0
2026-09-11T13:00,33.8,19,0.0
2026-09-11T14:00,34.1,20,0.0
2026-09-11T15:00,34.3,19,0.0
2026-09-11T16:00,34.0,19,0.0
2026-09-11T17:00,33.8,17,0.0
2026-09-11T18:00,32.0,20,0.0
2026-09-11T19:00,30.1,24,0.0
2026-09-11T20:00,29.0,28,0.0
2026-09-11T21:00,27.6,35,0.0
2026-09-11T22:00,26.4,38,0.0
2026-09-11T23:00,26.5,31,0.0
2026-09-12T00:00,25.4,35,0.0
2026-09-12T01:00,24.0,36,0.0
2026-09-12T02:00,23.1,42,0.0
2026-09-12T03:00,22.1,43,0.0
2026-09-12T04:00,21.5,49,0.0
2026-09-12T05:00,20.5,51,0.0
2026-09-12T06:00,19.7,53,0.0
2026-09-12T07:00,20.1,55,0.0
2026-09-12T08:00,22.3,43,0.0
2026-09-12T09:00,24.4,35,0.0
2026-09-12T10:00,26.5,28,0.0
2026-09-12T11:00,28.0,25,0.0
2026-09-12T12:00,29.2,22,0.0
2026-09-12T13:00,29.8,21,0.0
2026-09-12T14:00,30.1,21,0.0
2026-09-12T15:00,30.1,21,0.0
2026-09-12T16:00,29.8,22,0.0
2026-09-12T17:00,29.3,22,0.0
2026-09-12T18:00,28.1,23,0.0
2026-09-12T19:00,26.7,25,0.0
2026-09-12T20:00,25.5,26,0.0
2026-09-12T21:00,24.4,26,0.0
2026-09-12T22:00,23.3,25,0.0
2026-09-12T23:00,22.3,25,0.0
2026-09-13T00:00,21.6,25,0.0
2026-09-13T01:00,21.0,27,0.0
2026-09-13T02:00,20.4,30,0.0
2026-09-13T03:00,19.7,34,0.0
2026-09-13T04:00,19.2,36,0.0
2026-09-13T05:00,18.2,49,0.0
2026-09-13T06:00,17.8,51,0.0
2026-09-13T07:00,18.3,49,0.0
2026-09-13T08:00,20.1,45,0.0
2026-09-13T09:00,22.2,40,0.0
2026-09-13T10:00,24.6,35,0.0
2026-09-13T11:00,27.1,29,0.0
2026-09-13T12:00,29.5,23,0.0
2026-09-13T13:00,31.2,19,0.0
2026-09-13T14:00,32.1,17,0.0
2026-09-13T15:00,32.5,16,0.0
2026-09-13T16:00,32.3,15,0.0
2026-09-13T17:00,31.8,15,0.0
2026-09-13T18:00,30.5,16,0.0
2026-09-13T19:00,28.6,16,0.0
2026-09-13T20:00,27.2,16,0.0
2026-09-13T21:00,25.8,17,0.0
2026-09-13T22:00,24.6,19,0.0
2026-09-13T23:00,23.6,20,0.0
2026-09-14T00:00,22.7,23,0.0
2026-09-14T01:00,21.9,27,0.0
2026-09-14T02:00,21.2,31,0.0
2026-09-14T03:00,20.5,33,0.0
2026-09-14T04:00,19.8,35,0.0
2026-09-14T05:00,18.2,41,0.0
2026-09-14T06:00,17.0,46,0.0
2026-09-14T07:00,17.5,48,0.0
2026-09-14T08:00,19.3,44,0.0
2026-09-14T09:00,21.8,37,0.0
2026-09-14T10:00,24.6,30,0.0
2026-09-14T11:00,27.2,25,0.0
2026-09-14T12:00,29.1,21,0.0
2026-09-14T13:00,30.7,18,0.0
2026-09-14T14:00,31.6,17,0.0
2026-09-14T15:00,31.8,17,0.0
2026-09-14T16:00,31.7,17,0.0
2026-09-14T17:00,31.6,17,0.0
2026-09-14T18:00,30.4,19,0.0
2026-09-14T19:00,28.4,23,0.0
2026-09-14T20:00,26.8,26,0.0
2026-09-14T21:00,25.2,33,0.0
2026-09-14T22:00,24.6,29,0.0
2026-09-14T23:00,24.3,27,0.0
2026-09-15T00:00,22.6,34,0.0
2026-09-15T01:00,21.9,37,0.0
2026-09-15T02:00,21.4,39,0.0
2026-09-15T03:00,20.8,41,0.0
2026-09-15T04:00,20.6,40,0.0
2026-09-15T05:00,19.5,45,0.0
2026-09-15T06:00,18.9,47,0.0
2026-09-15T07:00,19.3,47,0.0
2026-09-15T08:00,21.1,43,0.0
2026-09-15T09:00,23.7,37,0.0
2026-09-15T10:00,26.4,31,0.0
2026-09-15T11:00,29.0,25,0.0
2026-09-15T12:00,30.9,20,0.0
2026-09-15T13:00,32.2,18,0.0
2026-09-15T14:00,33.1,17,0.0
2026-09-15T15:00,33.5,16,0.0
2026-09-15T16:00,33.6,14,0.0
2026-09-15T17:00,33.6,13,0.0
2026-09-15T18:00,32.2,14,0.0
2026-09-15T19:00,30.2,17,0.0
2026-09-15T20:00,28.6,19,0.0
2026-09-15T21:00,27.1,24,0.0
2026-09-15T22:00,25.7,27,0.0
2026-09-15T23:00,24.3,30,0.0
2026-09-16T00:00,22.5,38,0.0
2026-09-16T01:00,22.0,44,0.0
2026-09-16T02:00,21.4,47,0.0
2026-09-16T03:00,21.0,43,0.0
2026-09-16T04:00,20.6,43,0.0
2026-09-16T05:00,19.6,46,0.0
2026-09-16T06:00,19.1,47,0.0
2026-09-16T07:00,19.4,47,0.0
2026-09-16T08:00,21.1,43,0.0
2026-09-16T09:00,23.6,37,0.0
2026-09-16T10:00,26.0,31,0.0
2026-09-16T11:00,27.8,28,0.0
2026-09-16T12:00,29.5,25,0.0
2026-09-16T13:00,30.9,21,0.0
2026-09-16T14:00,32.1,18,0.0
2026-09-16T15:00,32.9,14,0.0
2026-09-16T16:00,32.6,13,0.0
2026-09-16T17:00,31.7,13,0.0
2026-09-16T18:00,30.1,14,0.0
2026-09-16T19:00,28.2,16,0.0
2026-09-16T20:00,27.0,18,0.0
2026-09-16T21:00,25.7,22,0.0
2026-09-16T22:00,24.1,27,0.0
2026-09-16T23:00,22.8,30,0.0
2026-09-17T00:00,21.5,33,0.0
2026-09-17T01:00,20.3,37,0.0
2026-09-17T02:00,19.5,42,0.0
2026-09-17T03:00,18.9,47,0.0
2026-09-17T04:00,18.4,50,0.0
2026-09-17T05:00,18.0,49,0.0
2026-09-17T06:00,17.2,53,0.0
2026-09-17T07:00,17.5,51,0.0
2026-09-17T08:00,19.3,45,0.0
2026-09-17T09:00,21.8,38,0.0
2026-09-17T10:00,24.6,31,0.0
2026-09-17T11:00,27.4,26,0.0
2026-09-17T12:00,29.0,20,0.0
2026-09-17T13:00,30.0,17,0.0
2026-09-17T14:00,30.6,16,0.0
2026-09-17T15:00,30.7,16,0.0
2026-09-17T16:00,30.4,16,0.0
2026-09-17T17:00,30.2,15,0.0
2026-09-17T18:00,28.9,17,0.0
2026-09-17T19:00,26.7,20,0.0
2026-09-17T20:00,25.6,22,0.0
2026-09-17T21:00,24.4,26,0.0
2026-09-17T22:00,23.3,31,0.0
2026-09-17T23:00,22.1,37,0.0
2026-09-18T00:00,20.8,36,0.0
2026-09-18T01:00,19.8,41,0.0
2026-09-18T02:00,19.7,41,0.0
2026-09-18T03:00,19.6,39,0.0
2026-09-18T04:00,19.0,39,0.0
2026-09-18T05:00,17.7,44,0.0
2026-09-18T06:00,16.9,48,0.0
2026-09-18T07:00,17.9,43,0.0
2026-09-18T08:00,20.8,39,0.0
2026-09-18T09:00,23.8,32,0.0
2026-09-18T10:00,26.2,28,0.0
2026-09-18T11:00,28.7,22,0.0
2026-09-18T12:00,30.1,18,0.0
2026-09-18T13:00,31.1,16,0.0
2026-09-18T14:00,31.7,15,0.0
2026-09-18T15:00,32.0,13,0.0
2026-09-18T16:00,31.7,13,0.0
2026-09-18T17:00,31.1,14,0.0
2026-09-18T18:00,29.4,16,0.0
2026-09-18T19:00,27.5,17,0.0
2026-09-18T20:00,25.9,22,0.0
2026-09-18T21:00,25.2,23,0.0
2026-09-18T22:00,24.4,26,0.0
2026-09-18T23:00,23.0,29,0.0
2026-09-19T00:00,21.5,33,0.0
2026-09-19T01:00,20.5,35,0.0
2026-09-19T02:00,19.8,35,0.0
2026-09-19T03:00,19.4,34,0.0
2026-09-19T04:00,18.9,33,0.0
2026-09-19T05:00,18.5,33,0.0
2026-09-19T06:00,17.6,35,0.0
2026-09-19T07:00,18.0,35,0.0
2026-09-19T08:00,21.0,30,0.0
2026-09-19T09:00,24.4,24,0.0
2026-09-19T10:00,27.4,22,0.0
2026-09-19T11:00,29.7,20,0.0
2026-09-19T12:00,31.6,16,0.0
2026-09-19T13:00,32.8,14,0.0
2026-09-19T14:00,33.4,12,0.0
2026-09-19T15:00,33.7,12,0.0
2026-09-19T16:00,33.4,12,0.0
2026-09-19T17:00,33.4,12,0.0
2026-09-19T18:00,31.7,14,0.0
2026-09-19T19:00,29.5,16,0.0
2026-09-19T20:00,28.7,17,0.0
2026-09-19T21:00,28.2,17,0.0
2026-09-19T22:00,26.9,18,0.0
2026-09-19T23:00,25.7,19,0.0
2026-09-20T00:00,24.4,22,0.0
2026-09-20T01:00,23.6,24,0.0
2026-09-20T02:00,22.7,25,0.0
2026-09-20T03:00,22.2,25,0.0
2026-09-20T04:00,21.9,25,0.0
2026-09-20T05:00,20.8,28,0.0
2026-09-20T06:00,20.1,32,0.0
2026-09-20T07:00,21.0,30,0.0
2026-09-20T08:00,23.3,30,0.0
2026-09-20T09:00,24.7,30,0.0
2026-09-20T10:00,26.2,28,0.0
2026-09-20T11:00,27.5,26,0.0
2026-09-20T12:00,29.8,21,0.0
2026-09-20T13:00,31.0,19,0.0
2026-09-20T14:00,31.6,19,0.0
2026-09-20T15:00,31.1,21,0.0
2026-09-20T16:00,30.2,23,0.0
2026-09-20T17:00,29.2,24,0.0
2026-09-20T18:00,27.5,27,0.0
2026-09-20T19:00,25.7,30,0.0
2026-09-20T20:00,24.8,30,0.0
2026-09-20T21:00,23.8,30,0.0
2026-09-20T22:00,22.6,32,0.0
2026-09-20T23:00,21.8,34,0.0
2026-09-21T00:00,20.5,42,0.0
2026-09-21T01:00,20.0,44,0.0
2026-09-21T02:00,19.2,45,0.0
2026-09-21T03:00,18.6,47,0.0
2026-09-21T04:00,18.2,48,0.0
2026-09-21T05:00,18.5,45,0.0
2026-09-21T06:00,17.6,49,0.0
2026-09-21T07:00,18.2,49,0.0
2026-09-21T08:00,20.7,42,0.0
2026-09-21T09:00,24.3,31,0.0
2026-09-21T10:00,26.2,24,0.0
2026-09-21T11:00,27.4,21,0.0
2026-09-21T12:00,28.7,18,0.0
2026-09-21T13:00,29.5,16,0.0
2026-09-21T14:00,30.1,15,0.0
2026-09-21T15:00,30.5,14,0.0
2026-09-21T16:00,30.4,14,0.0
2026-09-21T17:00,30.3,13,0.0
2026-09-21T18:00,29.0,15,0.0
2026-09-21T19:00,27.1,19,0.0
2026-09-21T20:00,25.8,22,0.0
2026-09-21T21:00,24.6,24,0.0
2026-09-21T22:00,23.3,27,0.0
2026-09-21T23:00,22.3,27,0.0
2026-09-22T00:00,20.8,30,0.0
2026-09-22T01:00,20.1,35,0.0
2026-09-22T02:00,19.4,36,0.0
2026-09-22T03:00,18.7,36,0.0
2026-09-22T04:00,18.1,34,0.0
2026-09-22T05:00,18.1,32,0.0
2026-09-22T06:00,17.3,32,0.0
2026-09-22T07:00,17.4,33,0.0
2026-09-22T08:00,20.0,29,0.0
2026-09-22T09:00,23.1,27,0.0
2026-09-22T10:00,25.8,25,0.0
2026-09-22T11:00,28.1,21,0.0
2026-09-22T12:00,30.0,16,0.0
2026-09-22T13:00,31.2,14,0.0
2026-09-22T14:00,31.7,14,0.0
2026-09-22T15:00,32.0,12,0.0
2026-09-22T16:00,31.9,11,0.0
2026-09-22T17:00,31.4,11,0.0
2026-09-22T18:00,29.4,13,0.0
2026-09-22T19:00,27.6,16,0.0
2026-09-22T20:00,26.5,19,0.0
2026-09-22T21:00,24.8,22,0.0
2026-09-22T22:00,23.9,23,0.0
2026-09-22T23:00,23.6,31,0.0
2026-09-23T00:00,22.4,28,0.0
2026-09-23T01:00,21.8,29,0.0
2026-09-23T02:00,21.8,29,0.0
2026-09-23T03:00,21.3,30,0.0
2026-09-23T04:00,20.7,31,0.0
2026-09-23T05:00,19.4,39,0.0
2026-09-23T06:00,19.5,33,0.0
2026-09-23T07:00,20.0,32,0.0
2026-09-23T08:00,22.7,27,0.0
2026-09-23T09:00,26.6,22,0.0
2026-09-23T10:00,29.0,17,0.0
2026-09-23T11:00,30.2,15,0.0
2026-09-23T12:00,31.2,14,0.0
2026-09-23T13:00,31.6,13,0.0
2026-09-23T14:00,31.6,13,0.0
2026-09-23T15:00,32.1,12,0.0
2026-09-23T16:00,32.1,13,0.0
2026-09-23T17:00,32.0,12,0.0
2026-09-23T18:00,30.2,15,0.0
2026-09-23T19:00,28.1,17,0.0
2026-09-23T20:00,26.9,18,0.0
2026-09-23T21:00,25.7,20,0.0
2026-09-23T22:00,24.9,22,0.0
2026-09-23T23:00,23.6,26,0.0
2026-09-24T00:00,22.7,29,0.0
2026-09-24T01:00,22.0,31,0.0
2026-09-24T02:00,21.3,36,0.0
2026-09-24T03:00,20.6,38,0.0
2026-09-24T04:00,19.7,39,0.0
2026-09-24T05:00,19.3,48,0.0
2026-09-24T06:00,18.4,47,0.0
2026-09-24T07:00,18.1,56,0.0
2026-09-24T08:00,19.4,53,0.0
2026-09-24T09:00,21.4,45,0.0
2026-09-24T10:00,23.3,38,0.0
2026-09-24T11:00,23.7,40,0.0
2026-09-24T12:00,25.1,37,0.0
2026-09-24T13:00,26.2,33,0.0
2026-09-24T14:00,27.0,29,0.0
2026-09-24T15:00,27.1,28,0.0
2026-09-24T16:00,26.9,27,0.0
2026-09-24T17:00,26.6,21,0.0
2026-09-24T18:00,25.1,26,0.0
2026-09-24T19:00,23.4,30,0.0
2026-09-24T20:00,22.0,35,0.0
2026-09-24T21:00,20.9,40,0.0
2026-09-24T22:00,20.2,41,0.0
2026-09-24T23:00,19.4,48,0.0
2026-09-25T00:00,18.6,51,0.0
2026-09-25T01:00,17.6,59,0.0
2026-09-25T02:00,16.9,69,0.0
2026-09-25T03:00,16.6,77,0.0
2026-09-25T04:00,16.3,76,0.0
2026-09-25T05:00,15.6,82,0.0
2026-09-25T06:00,15.4,80,0.0
2026-09-25T07:00,15.4,76,0.0
2026-09-25T08:00,17.6,65,0.0
2026-09-25T09:00,20.4,53,0.0
2026-09-25T10:00,22.6,45,0.0
2026-09-25T11:00,24.6,36,0.0
2026-09-25T12:00,25.8,32,0.0
2026-09-25T13:00,26.7,30,0.0
2026-09-25T14:00,27.2,29,0.0
2026-09-25T15:00,27.3,27,0.0
2026-09-25T16:00,26.9,27,0.0
2026-09-25T17:00,26.9,26,0.0
2026-09-25T18:00,25.4,31,0.0
2026-09-25T19:00,23.5,38,0.0
2026-09-25T20:00,22.7,40,0.0
2026-09-25T21:00,21.6,47,0.0
2026-09-25T22:00,20.7,49,0.0
2026-09-25T23:00,19.7,57,0.0
2026-09-26T00:00,19.5,53,0.0
2026-09-26T01:00,18.9,56,0.0
2026-09-26T02:00,18.4,56,0.0
2026-09-26T03:00,17.6,57,0.0
2026-09-26T04:00,17.1,56,0.0
2026-09-26T05:00,16.0,61,0.0
2026-09-26T06:00,15.7,61,0.0
2026-09-26T07:00,16.2,58,0.0
2026-09-26T08:00,18.3,49,0.0
2026-09-26T09:00,21.4,39,0.0
2026-09-26T10:00,23.4,32,0.0
2026-09-26T11:00,24.8,29,0.0
2026-09-26T12:00,25.5,26,0.0
2026-09-26T13:00,25.5,25,0.0
2026-09-26T14:00,25.5,25,0.0
2026-09-26T15:00,25.3,25,0.0
2026-09-26T16:00,24.5,24,0.0
2026-09-26T17:00,24.2,23,0.0
2026-09-26T18:00,22.9,27,0.0
2026-09-26T19:00,21.7,30,0.0
2026-09-26T20:00,21.0,31,0.0
2026-09-26T21:00,20.9,29,0.0
2026-09-26T22:00,19.7,31,0.0
2026-09-26T23:00,19.0,35,0.0
2026-09-27T00:00,18.2,39,0.0
2026-09-27T01:00,17.5,40,0.0
2026-09-27T02:00,16.5,40,0.0
2026-09-27T03:00,15.7,41,0.0
2026-09-27T04:00,15.0,43,0.0
2026-09-27T05:00,14.2,45,0.0
2026-09-27T06:00,13.7,48,0.0
2026-09-27T07:00,14.0,48,0.0
2026-09-27T08:00,15.7,45,0.0
2026-09-27T09:00,17.9,40,0.0
2026-09-27T10:00,20.1,35,0.0
2026-09-27T11:00,21.7,31,0.0
2026-09-27T12:00,22.7,27,0.0
2026-09-27T13:00,23.3,26,0.0
2026-09-27T14:00,23.6,25,0.0
2026-09-27T15:00,23.7,25,0.0
2026-09-27T16:00,23.6,26,0.0
2026-09-27T17:00,23.3,25,0.0
2026-09-27T18:00,22.2,27,0.0
2026-09-27T19:00,20.6,29,0.0
2026-09-27T20:00,19.5,32,0.0
2026-09-27T21:00,18.8,36,0.0
2026-09-27T22:00,18.1,39,0.0
2026-09-27T23:00,17.2,43,0.0
2026-09-28T00:00,16.6,45,0.0
2026-09-28T01:00,15.5,45,0.0
2026-09-28T02:00,15.1,45,0.0
2026-09-28T03:00,15.0,44,0.0
2026-09-28T04:00,14.5,45,0.0
2026-09-28T05:00,14.2,44,0.0
2026-09-28T06:00,14.3,43,0.0
2026-09-28T07:00,14.8,40,0.0
2026-09-28T08:00,16.7,36,0.0
2026-09-28T09:00,19.8,29,0.0
2026-09-28T10:00,21.8,25,0.0
2026-09-28T11:00,23.1,23,0.0
2026-09-28T12:00,24.1,22,0.0
2026-09-28T13:00,24.8,21,0.0
2026-09-28T14:00,25.4,20,0.0
2026-09-28T15:00,25.7,19,0.0
2026-09-28T16:00,25.3,20,0.0
2026-09-28T17:00,24.9,20,0.0
2026-09-28T18:00,23.5,22,0.0
2026-09-28T19:00,22.4,24,0.0
2026-09-28T20:00,21.3,26,0.0
2026-09-28T21:00,20.6,28,0.0
2026-09-28T22:00,19.6,30,0.0
2026-09-28T23:00,19.0,35,0.0
2026-09-29T00:00,18.9,38,0.0
2026-09-29T01:00,18.4,42,0.0
2026-09-29T02:00,18.0,40,0.0
2026-09-29T03:00,17.4,42,0.0
2026-09-29T04:00,16.7,48,0.0
2026-09-29T05:00,17.0,45,0.0
2026-09-29T06:00,15.9,51,0.0
2026-09-29T07:00,15.7,54,0.0
2026-09-29T08:00,16.1,55,0.0
2026-09-29T09:00,18.1,49,0.0
2026-09-29T10:00,20.6,40,0.0
2026-09-29T11:00,23.6,31,0.0
2026-09-29T12:00,25.1,25,0.0
2026-09-29T13:00,26.1,22,0.0
2026-09-29T14:00,26.6,21,0.0
2026-09-29T15:00,26.7,19,0.0
2026-09-29T16:00,26.5,18,0.0
2026-09-29T17:00,26.0,18,0.0
2026-09-29T18:00,24.1,22,0.0
2026-09-29T19:00,22.3,26,0.0
2026-09-29T20:00,21.1,31,0.0
2026-09-29T21:00,20.2,32,0.0
2026-09-29T22:00,19.4,35,0.0
2026-09-29T23:00,18.2,39,0.0
2026-09-30T00:00,17.3,39,0.0
2026-09-30T01:00,16.7,42,0.0
2026-09-30T02:00,16.4,43,0.0
2026-09-30T03:00,15.7,47,0.0
2026-09-30T04:00,15.0,51,0.0
2026-09-30T05:00,14.6,58,0.0
2026-09-30T06:00,14.2,58,0.0
2026-09-30T07:00,14.7,58,0.0
2026-09-30T08:00,17.0,51,0.0
2026-09-30T09:00,18.8,43,0.0
2026-09-30T10:00,21.1,35,0.0
2026-09-30T11:00,20.9,38,0.0
2026-09-30T12:00,23.2,35,0.0
2026-09-30T13:00,25.2,33,0.0
2026-09-30T14:00,26.2,30,0.0
2026-09-30T15:00,26.3,30,0.0
2026-09-30T16:00,25.9,32,0.0
2026-09-30T17:00,20.4,67,0.4
2026-09-30T18:00,19.5,69,0.1
2026-09-30T19:00,19.2,71,0.0
2026-09-30T20:00,17.9,82,1.2
2026-09-30T21:00,17.9,79,0.1
2026-09-30T22:00,18.3,73,0.0
2026-09-30T23:00,18.6,68,0.0
2026-10-01T00:00,19.0,63,0.0
2026-10-01T01:00,18.1,70,0.0
2026-10-01T02:00,17.6,72,0.0
2026-10-01T03:00,17.5,70,0.0
2026-10-01T04:00,17.3,70,0.0
2026-10-01T05:00,16.4,71,0.0
2026-10-01T06:00,16.4,72,0.0
2026-10-01T07:00,16.6,75,0.1
2026-10-01T08:00,18.5,71,0.1
2026-10-01T09:00,20.2,65,0.0
2026-10-01T10:00,23.1,53,0.0
2026-10-01T11:00,23.5,50,0.0
2026-10-01T12:00,23.6,45,0.2
2026-10-01T13:00,22.9,53,0.8
2026-10-01T14:00,23.8,49,0.1
2026-10-01T15:00,23.3,45,0.3
2026-10-01T16:00,23.5,44,0.0
2026-10-01T17:00,20.6,56,0.2
2026-10-01T18:00,18.6,78,0.4
2026-10-01T19:00,17.8,83,0.0
2026-10-01T20:00,16.7,88,0.0
2026-10-01T21:00,15.2,93,1.4
2026-10-01T22:00,14.9,97,0.8
2026-10-01T23:00,14.6,93,0.0
