vaqt,pm2_5_ug_m3,pm10_ug_m3,no2_ug_m3,so2_ug_m3,co_ug_m3
2026-04-04T00:00,15.8,26.9,8.5,3.0,168.0
2026-04-04T01:00,14.3,23.1,8.1,2.9,151.0
2026-04-04T02:00,13.4,20.5,7.9,2.8,140.0
2026-04-04T03:00,12.5,18.3,7.8,2.7,141.0
2026-04-04T04:00,11.5,15.9,7.7,2.7,148.0
2026-04-04T05:00,9.0,13.6,4.9,2.0,159.0
2026-04-04T06:00,9.2,13.9,5.6,2.3,175.0
2026-04-04T07:00,9.6,14.5,6.6,2.7,194.0
2026-04-04T08:00,10.1,15.6,7.3,3.1,206.0
2026-04-04T09:00,10.4,16.1,7.5,3.6,205.0
2026-04-04T10:00,10.5,16.3,7.4,4.0,198.0
2026-04-04T11:00,10.0,15.8,6.9,4.1,189.0
2026-04-04T12:00,7.6,13.3,5.6,3.6,180.0
2026-04-04T13:00,5.4,9.2,4.0,2.7,169.0
2026-04-04T14:00,4.0,6.2,2.8,2.1,163.0
2026-04-04T15:00,3.7,5.5,2.1,1.8,162.0
2026-04-04T16:00,4.2,6.3,1.9,1.7,166.0
2026-04-04T17:00,8.1,12.3,4.7,2.8,177.0
2026-04-04T18:00,7.8,11.4,8.2,3.5,193.0
2026-04-04T19:00,9.7,12.6,13.3,4.5,215.0
2026-04-04T20:00,11.6,14.3,18.6,5.6,252.0
2026-04-04T21:00,13.3,15.8,24.4,6.9,326.0
2026-04-04T22:00,15.1,17.5,30.4,8.4,415.0
2026-04-04T23:00,17.2,19.6,34.9,9.1,453.0
2026-04-05T00:00,19.3,21.7,37.0,8.7,393.0
2026-04-05T01:00,19.6,21.7,37.6,7.6,283.0
2026-04-05T02:00,19.0,20.8,37.2,6.5,201.0
2026-04-05T03:00,18.2,19.9,36.1,5.4,179.0
2026-04-05T04:00,16.9,18.3,34.1,4.3,185.0
2026-04-05T05:00,14.0,15.8,27.6,3.6,198.0
2026-04-05T06:00,12.9,14.2,24.5,3.7,219.0
2026-04-05T07:00,13.4,14.5,20.1,3.9,248.0
2026-04-05T08:00,13.4,14.4,15.9,3.9,262.0
2026-04-05T09:00,11.2,13.0,12.2,3.8,248.0
2026-04-05T10:00,8.6,10.9,8.6,3.6,220.0
2026-04-05T11:00,7.1,9.2,5.8,3.3,194.0
2026-04-05T12:00,5.9,7.8,3.9,2.7,174.0
2026-04-05T13:00,4.8,6.7,2.6,2.0,155.0
2026-04-05T14:00,4.2,6.2,1.9,1.5,146.0
2026-04-05T15:00,4.0,6.1,0.9,1.3,148.0
2026-04-05T16:00,4.0,6.3,0.4,1.3,159.0
2026-04-05T17:00,3.4,5.2,3.1,2.0,177.0
2026-04-05T18:00,6.4,7.8,9.2,3.4,206.0
2026-04-05T19:00,10.2,11.6,17.7,5.2,242.0
2026-04-05T20:00,13.5,14.8,24.6,6.5,267.0
2026-04-05T21:00,14.6,15.7,28.5,6.7,274.0
2026-04-05T22:00,15.9,16.8,30.8,6.3,271.0
2026-04-05T23:00,16.4,17.0,31.3,5.7,257.0
2026-04-06T00:00,15.5,15.9,29.2,4.8,228.0
2026-04-06T01:00,14.3,14.8,25.4,3.6,189.0
2026-04-06T02:00,13.4,13.9,22.2,2.7,159.0
2026-04-06T03:00,12.8,13.3,20.4,2.2,144.0
2026-04-06T04:00,11.8,12.4,19.2,1.9,138.0
2026-04-06T05:00,10.0,11.3,16.7,2.6,145.0
2026-04-06T06:00,9.7,10.9,17.0,2.8,178.0
2026-04-06T07:00,10.2,11.4,17.2,3.0,225.0
2026-04-06T08:00,10.5,11.7,16.3,3.3,251.0
2026-04-06T09:00,10.4,13.1,13.3,3.8,236.0
2026-04-06T10:00,9.5,13.6,9.3,4.4,200.0
2026-04-06T11:00,9.3,14.1,6.0,4.7,172.0
2026-04-06T12:00,8.5,13.3,4.2,4.3,162.0
2026-04-06T13:00,8.0,12.7,3.1,3.5,159.0
2026-04-06T14:00,7.8,11.9,2.5,3.0,159.0
2026-04-06T15:00,7.9,11.7,2.3,2.9,158.0
2026-04-06T16:00,7.7,10.9,2.7,2.9,160.0
2026-04-06T17:00,10.5,13.6,5.1,4.4,167.0
2026-04-06T18:00,11.2,13.4,7.1,5.1,184.0
2026-04-06T19:00,12.4,14.3,10.1,6.1,207.0
2026-04-06T20:00,13.6,15.5,13.5,6.9,219.0
2026-04-06T21:00,15.8,17.9,17.6,7.4,212.0
2026-04-06T22:00,18.1,20.5,22.3,7.8,194.0
2026-04-06T23:00,20.0,23.1,26.3,8.0,179.0
2026-04-07T00:00,21.6,25.2,29.3,8.0,169.0
2026-04-07T01:00,22.6,26.4,31.7,7.9,160.0
2026-04-07T02:00,22.8,26.6,33.5,7.8,158.0
2026-04-07T03:00,22.7,27.0,35.2,7.8,166.0
2026-04-07T04:00,22.7,27.0,36.4,7.8,180.0
2026-04-07T05:00,13.4,17.5,8.8,2.4,192.0
2026-04-07T06:00,13.4,18.3,8.4,2.5,200.0
2026-04-07T07:00,13.8,18.9,7.9,2.7,207.0
2026-04-07T08:00,14.4,20.7,7.3,2.7,208.0
2026-04-07T09:00,13.8,19.9,6.6,2.4,202.0
2026-04-07T10:00,9.6,13.8,5.9,1.9,191.0
2026-04-07T11:00,7.5,10.7,5.2,1.6,181.0
2026-04-07T12:00,8.2,11.0,4.6,1.5,173.0
2026-04-07T13:00,7.9,11.2,4.2,1.5,166.0
2026-04-07T14:00,7.2,10.9,3.9,1.6,163.0
2026-04-07T15:00,7.0,10.7,3.8,1.6,168.0
2026-04-07T16:00,6.6,10.4,3.9,1.7,177.0
2026-04-07T17:00,8.1,13.3,4.3,1.8,184.0
2026-04-07T18:00,8.2,13.1,5.8,2.1,186.0
2026-04-07T19:00,8.9,13.4,7.9,2.5,185.0
2026-04-07T20:00,9.4,14.1,9.5,2.8,189.0
2026-04-07T21:00,9.9,14.6,10.0,3.0,202.0
2026-04-07T22:00,9.8,14.7,9.9,3.1,219.0
2026-04-07T23:00,9.8,15.1,9.8,3.1,230.0
2026-04-08T00:00,10.0,15.9,9.9,3.0,231.0
2026-04-08T01:00,10.3,16.6,9.9,2.9,225.0
2026-04-08T02:00,10.6,16.9,9.9,2.8,217.0
2026-04-08T03:00,10.9,17.3,9.6,2.8,201.0
2026-04-08T04:00,11.0,17.6,9.1,2.8,182.0
2026-04-08T05:00,8.5,12.7,8.8,1.9,175.0
2026-04-08T06:00,8.0,11.7,8.8,2.0,192.0
2026-04-08T07:00,7.9,11.2,8.8,2.2,220.0
2026-04-08T08:00,7.7,11.2,8.3,2.3,238.0
2026-04-08T09:00,7.4,11.3,7.0,2.1,233.0
2026-04-08T10:00,6.6,10.8,5.4,1.8,217.0
2026-04-08T11:00,5.6,10.0,4.1,1.6,203.0
2026-04-08T12:00,4.8,9.0,3.5,1.4,194.0
2026-04-08T13:00,4.6,8.6,3.4,1.3,187.0
2026-04-08T14:00,5.0,9.5,3.4,1.3,185.0
2026-04-08T15:00,4.7,9.0,3.2,1.3,184.0
2026-04-08T16:00,5.8,11.4,3.1,1.5,188.0
2026-04-08T17:00,5.2,9.8,5.4,1.9,209.0
2026-04-08T18:00,5.5,9.5,9.9,2.6,264.0
2026-04-08T19:00,9.6,13.4,16.3,3.6,337.0
2026-04-08T20:00,12.8,16.4,23.5,4.6,394.0
2026-04-08T21:00,16.7,20.4,32.4,5.8,425.0
2026-04-08T22:00,20.2,23.9,42.0,7.1,441.0
2026-04-08T23:00,21.8,25.1,47.7,7.6,437.0
2026-04-09T00:00,22.3,24.8,46.7,6.6,403.0
2026-04-09T01:00,22.1,24.0,41.9,4.8,349.0
2026-04-09T02:00,20.9,22.5,37.3,3.3,301.0
2026-04-09T03:00,19.4,20.8,34.4,2.5,262.0
2026-04-09T04:00,18.0,19.4,31.6,2.1,230.0
2026-04-09T05:00,13.6,15.4,28.2,2.4,218.0
2026-04-09T06:00,12.3,13.9,24.8,2.6,248.0
2026-04-09T07:00,12.4,13.9,20.0,2.9,300.0
2026-04-09T08:00,11.1,12.6,15.2,3.0,324.0
2026-04-09T09:00,6.7,9.6,10.6,2.7,291.0
2026-04-09T10:00,4.7,7.9,6.0,2.2,231.0
2026-04-09T11:00,3.8,6.5,2.7,1.8,184.0
2026-04-09T12:00,3.3,7.0,1.4,1.6,168.0
2026-04-09T13:00,3.2,7.4,1.3,1.4,166.0
2026-04-09T14:00,3.1,7.5,1.5,1.4,167.0
2026-04-09T15:00,3.2,7.5,0.7,1.3,159.0
2026-04-09T16:00,3.3,7.7,0.1,1.3,155.0
2026-04-09T17:00,4.2,8.2,2.8,1.7,181.0
2026-04-09T18:00,7.7,11.1,12.5,3.4,272.0
2026-04-09T19:00,15.1,18.5,25.8,5.7,393.0
2026-04-09T20:00,20.8,24.4,35.5,7.3,466.0
2026-04-09T21:00,23.1,26.6,38.2,7.5,446.0
2026-04-09T22:00,22.1,25.0,37.2,7.0,377.0
2026-04-09T23:00,19.8,22.1,35.4,6.3,315.0
2026-04-10T00:00,18.1,19.7,33.5,5.3,278.0
2026-04-10T01:00,16.9,18.2,30.8,4.1,248.0
2026-04-10T02:00,15.7,16.8,28.2,3.1,221.0
2026-04-10T03:00,14.1,15.3,26.0,2.6,189.0
2026-04-10T04:00,12.7,13.9,24.0,2.3,161.0
2026-04-10T05:00,12.1,13.2,24.1,2.1,158.0
2026-04-10T06:00,11.5,12.8,21.1,2.3,206.0
2026-04-10T07:00,11.6,13.1,16.9,2.6,280.0
2026-04-10T08:00,12.0,13.3,13.1,3.0,324.0
2026-04-10T09:00,11.5,13.7,10.4,3.6,309.0
2026-04-10T10:00,8.8,12.3,8.3,4.4,264.0
2026-04-10T11:00,7.5,10.9,6.4,4.7,223.0
2026-04-10T12:00,6.3,9.0,4.7,4.2,194.0
2026-04-10T13:00,5.5,8.0,3.3,3.2,168.0
2026-04-10T14:00,5.4,8.1,2.5,2.6,152.0
2026-04-10T15:00,5.6,8.1,2.0,2.5,149.0
2026-04-10T16:00,5.6,8.0,2.0,2.6,156.0
2026-04-10T17:00,4.6,6.2,3.9,3.5,175.0
2026-04-10T18:00,5.3,6.3,7.8,4.4,212.0
2026-04-10T19:00,6.3,7.1,13.4,5.7,261.0
2026-04-10T20:00,9.3,10.0,19.2,6.7,302.0
2026-04-10T21:00,13.4,14.2,25.8,7.5,333.0
2026-04-10T22:00,16.1,16.9,32.6,8.0,356.0
2026-04-10T23:00,17.2,18.2,36.1,7.9,353.0
2026-04-11T00:00,15.9,17.3,33.4,6.8,303.0
2026-04-11T01:00,14.7,16.4,27.3,5.0,226.0
2026-04-11T02:00,14.2,16.1,22.8,3.6,170.0
2026-04-11T03:00,13.8,15.6,22.2,2.8,153.0
2026-04-11T04:00,13.1,15.0,23.2,2.3,155.0
2026-04-11T05:00,10.8,12.4,14.9,1.2,169.0
2026-04-11T06:00,11.8,13.5,14.5,1.5,201.0
2026-04-11T07:00,13.3,14.8,13.7,2.0,245.0
2026-04-11T08:00,12.5,14.3,12.2,2.3,266.0
2026-04-11T09:00,9.0,12.1,9.2,2.2,244.0
2026-04-11T10:00,6.6,10.2,5.5,2.0,200.0
2026-04-11T11:00,5.8,9.3,2.7,1.9,166.0
2026-04-11T12:00,5.4,8.6,1.6,2.1,156.0
2026-04-11T13:00,5.5,8.8,1.5,2.3,155.0
2026-04-11T14:00,5.9,9.3,1.7,2.6,158.0
2026-04-11T15:00,6.3,9.6,1.3,2.7,157.0
2026-04-11T16:00,6.7,10.0,1.2,2.7,159.0
2026-04-11T17:00,6.9,13.4,3.3,2.5,175.0
2026-04-11T18:00,7.9,13.4,7.7,3.5,221.0
2026-04-11T19:00,9.3,14.1,13.9,4.9,281.0
2026-04-11T20:00,13.9,18.2,19.3,5.9,325.0
2026-04-11T21:00,18.7,22.8,23.5,6.1,339.0
2026-04-11T22:00,20.1,24.2,27.1,5.8,335.0
2026-04-11T23:00,20.0,24.2,28.8,5.3,324.0
2026-04-12T00:00,19.9,24.3,27.6,4.5,304.0
2026-04-12T01:00,19.5,24.0,24.6,3.4,277.0
2026-04-12T02:00,18.6,23.4,22.3,2.6,250.0
2026-04-12T03:00,17.8,22.3,21.9,2.1,219.0
2026-04-12T04:00,16.9,20.9,22.1,1.9,189.0
2026-04-12T05:00,14.2,17.3,15.7,1.4,185.0
2026-04-12T06:00,13.6,16.9,14.6,1.7,237.0
2026-04-12T07:00,13.9,17.0,13.1,2.2,315.0
2026-04-12T08:00,14.0,17.0,11.2,2.5,353.0
2026-04-12T09:00,11.8,18.2,8.7,2.5,310.0
2026-04-12T10:00,9.3,17.5,5.9,2.5,227.0
2026-04-12T11:00,8.6,16.2,3.7,2.4,166.0
2026-04-12T12:00,8.3,16.0,2.6,2.4,152.0
2026-04-12T13:00,8.6,17.3,2.1,2.5,159.0
2026-04-12T14:00,8.6,17.6,1.9,2.5,168.0
2026-04-12T15:00,9.2,19.7,1.7,2.4,167.0
2026-04-12T16:00,9.3,19.7,1.7,2.3,168.0
2026-04-12T17:00,10.8,24.5,2.8,2.1,182.0
2026-04-12T18:00,12.2,22.5,7.8,3.2,219.0
2026-04-12T19:00,14.3,23.2,14.6,4.6,269.0
2026-04-12T20:00,16.8,23.9,20.1,5.6,320.0
2026-04-12T21:00,17.4,23.2,22.9,5.8,380.0
2026-04-12T22:00,17.8,22.5,24.3,5.5,441.0
2026-04-12T23:00,17.9,21.9,24.6,5.1,461.0
2026-04-13T00:00,17.6,21.3,23.6,4.5,407.0
2026-04-13T01:00,16.8,20.3,21.5,3.7,312.0
2026-04-13T02:00,15.8,19.2,19.5,3.1,233.0
2026-04-13T03:00,14.8,18.1,18.2,2.6,186.0
2026-04-13T04:00,14.0,17.3,17.1,2.3,154.0
2026-04-13T05:00,13.8,16.7,13.5,1.4,150.0
2026-04-13T06:00,13.2,16.5,12.7,1.7,197.0
2026-04-13T07:00,12.7,15.9,11.5,2.0,270.0
2026-04-13T08:00,11.8,16.3,10.1,2.4,311.0
2026-04-13T09:00,11.0,17.4,8.5,2.8,283.0
2026-04-13T10:00,11.4,24.4,6.6,3.2,222.0
2026-04-13T11:00,12.2,28.6,5.0,3.3,175.0
2026-04-13T12:00,11.9,27.9,3.6,2.9,162.0
2026-04-13T13:00,11.5,27.5,2.4,2.3,164.0
2026-04-13T14:00,10.4,25.0,1.9,1.9,166.0
2026-04-13T15:00,9.8,22.9,2.0,1.7,162.0
2026-04-13T16:00,9.5,21.5,2.8,1.8,158.0
2026-04-13T17:00,6.8,11.9,4.0,3.0,161.0
2026-04-13T18:00,8.1,11.7,6.5,4.2,177.0
2026-04-13T19:00,9.0,11.7,10.0,5.9,200.0
2026-04-13T20:00,9.3,11.3,13.3,7.1,220.0
2026-04-13T21:00,9.5,11.2,16.0,7.6,232.0
2026-04-13T22:00,10.1,11.7,18.4,7.6,241.0
2026-04-13T23:00,11.2,12.7,20.1,7.3,246.0
2026-04-14T00:00,11.8,13.1,20.7,6.4,248.0
2026-04-14T01:00,11.7,13.0,20.7,5.0,246.0
2026-04-14T02:00,11.2,12.7,20.4,3.9,238.0
2026-04-14T03:00,10.8,12.5,20.3,3.2,214.0
2026-04-14T04:00,10.4,12.3,20.0,2.8,184.0
2026-04-14T05:00,11.3,12.3,23.0,2.6,175.0
2026-04-14T06:00,10.7,12.0,20.4,2.8,211.0
2026-04-14T07:00,10.9,12.3,16.7,3.1,267.0
2026-04-14T08:00,10.2,12.0,13.2,3.4,297.0
2026-04-14T09:00,10.0,12.9,10.3,3.8,272.0
2026-04-14T10:00,8.5,12.7,7.6,4.2,221.0
2026-04-14T11:00,7.3,11.8,5.4,4.3,181.0
2026-04-14T12:00,6.6,11.4,3.7,3.7,166.0
2026-04-14T13:00,6.4,11.5,2.4,2.7,162.0
2026-04-14T14:00,6.3,11.8,1.7,1.9,162.0
2026-04-14T15:00,6.2,12.1,1.1,1.5,164.0
2026-04-14T16:00,6.3,12.3,1.2,1.4,170.0
2026-04-14T17:00,4.8,9.3,3.7,1.7,182.0
2026-04-14T18:00,8.3,12.1,11.8,3.2,200.0
2026-04-14T19:00,12.9,16.6,23.0,5.3,222.0
2026-04-14T20:00,16.9,20.7,31.7,6.8,248.0
2026-04-14T21:00,20.1,24.2,36.2,7.2,285.0
2026-04-14T22:00,21.9,25.7,38.1,7.1,324.0
2026-04-14T23:00,21.6,24.4,37.2,6.5,340.0
2026-04-15T00:00,18.5,21.0,31.8,5.3,311.0
2026-04-15T01:00,14.9,17.8,23.6,3.6,258.0
2026-04-15T02:00,13.0,16.1,17.0,2.4,215.0
2026-04-15T03:00,11.9,15.0,13.9,1.9,194.0
2026-04-15T04:00,11.1,14.1,12.5,1.8,182.0
2026-04-15T05:00,13.2,18.2,15.1,2.1,178.0
2026-04-15T06:00,8.8,13.6,13.8,2.6,184.0
2026-04-15T07:00,9.1,17.3,11.8,3.2,197.0
2026-04-15T08:00,10.3,22.0,9.8,3.5,203.0
2026-04-15T09:00,9.8,23.4,7.7,3.2,194.0
2026-04-15T10:00,9.8,25.4,5.4,2.7,177.0
2026-04-15T11:00,13.8,39.7,3.7,2.2,164.0
2026-04-15T12:00,18.4,55.1,2.8,2.0,157.0
2026-04-15T13:00,16.1,47.4,2.4,1.9,154.0
2026-04-15T14:00,16.4,49.1,2.2,1.9,154.0
2026-04-15T15:00,16.2,48.8,2.1,1.9,159.0
2026-04-15T16:00,15.6,47.8,2.3,1.8,168.0
2026-04-15T17:00,18.6,56.9,4.0,1.8,176.0
2026-04-15T18:00,19.4,56.0,4.4,1.9,182.0
2026-04-15T19:00,18.0,51.5,5.1,2.0,186.0
2026-04-15T20:00,17.0,52.5,6.0,2.2,191.0
2026-04-15T21:00,16.8,49.9,7.3,2.5,198.0
2026-04-15T22:00,15.0,42.1,8.9,3.0,205.0
2026-04-15T23:00,13.6,36.2,10.5,3.3,205.0
2026-04-16T00:00,13.0,33.1,12.2,3.5,193.0
2026-04-16T01:00,13.0,32.2,13.8,3.7,174.0
2026-04-16T02:00,13.4,32.4,15.1,3.8,161.0
2026-04-16T03:00,13.5,32.1,16.0,3.9,159.0
2026-04-16T04:00,13.6,32.8,16.4,4.0,163.0
2026-04-16T05:00,14.1,36.0,20.8,3.6,171.0
2026-04-16T06:00,14.5,37.8,18.2,4.2,188.0
2026-04-16T07:00,15.1,38.1,14.4,4.9,210.0
2026-04-16T08:00,15.3,43.0,11.1,5.2,221.0
2026-04-16T09:00,16.8,54.8,8.5,4.7,211.0
2026-04-16T10:00,16.8,54.8,6.2,3.8,191.0
2026-04-16T11:00,17.1,53.9,4.7,3.1,175.0
2026-04-16T12:00,19.7,64.0,4.2,2.7,171.0
2026-04-16T13:00,17.8,53.0,4.3,2.6,172.0
2026-04-16T14:00,16.9,45.1,4.6,2.5,173.0
2026-04-16T15:00,16.5,39.1,4.6,2.6,171.0
2026-04-16T16:00,17.1,41.3,4.7,2.8,168.0
2026-04-16T17:00,23.7,56.2,3.7,2.7,170.0
2026-04-16T18:00,22.6,46.3,5.0,2.7,181.0
2026-04-16T19:00,22.3,43.0,6.9,2.7,195.0
2026-04-16T20:00,21.0,39.2,8.1,2.6,204.0
2026-04-16T21:00,19.3,35.7,8.2,2.4,202.0
2026-04-16T22:00,18.2,35.4,7.7,2.1,193.0
2026-04-16T23:00,16.9,33.6,7.3,1.9,185.0
2026-04-17T00:00,16.2,37.5,7.3,1.7,178.0
2026-04-17T01:00,16.6,47.0,7.5,1.6,172.0
2026-04-17T02:00,17.3,57.4,7.5,1.5,168.0
2026-04-17T03:00,18.2,66.8,7.2,1.5,166.0
2026-04-17T04:00,18.7,72.2,6.7,1.7,166.0
2026-04-17T05:00,19.5,74.0,6.5,1.7,172.0
2026-04-17T06:00,19.3,71.9,6.7,1.9,190.0
2026-04-17T07:00,19.0,67.8,6.9,2.1,212.0
2026-04-17T08:00,20.4,73.8,6.7,2.2,224.0
2026-04-17T09:00,19.2,71.0,5.5,2.1,213.0
2026-04-17T10:00,18.2,65.7,3.9,1.8,192.0
2026-04-17T11:00,17.3,59.3,2.7,1.6,174.0
2026-04-17T12:00,17.5,59.5,2.2,1.5,166.0
2026-04-17T13:00,18.6,65.7,2.1,1.5,163.0
2026-04-17T14:00,18.7,65.7,2.2,1.5,162.0
2026-04-17T15:00,16.5,58.6,1.9,1.5,160.0
2026-04-17T16:00,17.2,62.4,1.9,1.4,160.0
2026-04-17T17:00,21.2,84.5,2.7,1.3,177.0
2026-04-17T18:00,21.3,77.1,6.8,2.1,229.0
2026-04-17T19:00,23.5,71.9,12.5,3.3,297.0
2026-04-17T20:00,25.5,75.2,16.7,4.2,334.0
2026-04-17T21:00,25.6,73.3,17.8,4.6,309.0
2026-04-17T22:00,24.9,68.9,17.4,4.7,252.0
2026-04-17T23:00,23.4,61.0,16.8,4.7,208.0
2026-04-18T00:00,21.4,52.6,16.1,4.6,194.0
2026-04-18T01:00,19.8,45.6,15.1,4.4,191.0
2026-04-18T02:00,18.5,40.0,14.7,4.2,191.0
2026-04-18T03:00,17.5,35.2,15.7,4.1,188.0
2026-04-18T04:00,16.4,30.4,17.3,4.1,187.0
2026-04-18T05:00,15.1,26.4,17.7,3.2,193.0
2026-04-18T06:00,15.0,26.0,16.3,3.4,216.0
2026-04-18T07:00,15.4,25.8,14.4,3.6,245.0
2026-04-18T08:00,17.8,32.5,12.2,3.8,260.0
2026-04-18T09:00,19.6,47.6,9.8,4.0,245.0
2026-04-18T10:00,19.7,54.8,7.1,4.3,214.0
2026-04-18T11:00,15.9,45.8,5.0,4.2,189.0
2026-04-18T12:00,13.7,38.2,3.6,3.6,177.0
2026-04-18T13:00,12.9,34.8,2.7,2.8,171.0
2026-04-18T14:00,12.2,32.5,2.2,2.2,168.0
2026-04-18T15:00,11.7,30.6,1.9,2.1,166.0
2026-04-18T16:00,11.2,28.8,2.0,2.2,167.0
2026-04-18T17:00,9.7,23.3,3.0,3.1,174.0
2026-04-18T18:00,10.3,20.5,5.4,3.7,192.0
2026-04-18T19:00,11.5,19.4,8.7,4.7,215.0
2026-04-18T20:00,11.8,18.5,11.3,5.6,235.0
2026-04-18T21:00,11.4,17.3,12.2,6.6,247.0
2026-04-18T22:00,11.5,17.1,12.4,7.6,254.0
2026-04-18T23:00,12.1,18.0,12.8,8.3,258.0
2026-04-19T00:00,12.7,19.1,13.5,8.5,256.0
2026-04-19T01:00,13.4,20.7,14.3,8.4,250.0
2026-04-19T02:00,14.4,22.2,15.8,8.0,247.0
2026-04-19T03:00,15.5,23.2,19.0,7.1,250.0
2026-04-19T04:00,16.6,24.1,22.8,6.0,256.0
2026-04-19T05:00,17.9,23.0,21.1,3.4,267.0
2026-04-19T06:00,18.0,23.3,18.6,3.8,291.0
2026-04-19T07:00,18.5,23.3,15.1,4.3,320.0
2026-04-19T08:00,19.2,24.6,11.7,4.7,326.0
2026-04-19T09:00,18.6,28.5,8.8,5.1,287.0
2026-04-19T10:00,14.8,26.5,6.0,5.5,224.0
2026-04-19T11:00,10.6,21.8,3.9,5.5,177.0
2026-04-19T12:00,9.4,19.4,2.7,4.8,162.0
2026-04-19T13:00,9.1,19.0,2.1,3.8,163.0
2026-04-19T14:00,9.0,19.0,1.8,3.0,165.0
2026-04-19T15:00,9.2,19.2,1.4,2.7,162.0
2026-04-19T16:00,9.3,19.3,1.2,2.7,160.0
2026-04-19T17:00,9.1,18.3,2.6,2.9,166.0
2026-04-19T18:00,11.4,18.9,11.9,4.4,187.0
2026-04-19T19:00,19.8,27.6,24.9,6.4,215.0
2026-04-19T20:00,26.4,34.5,35.4,7.8,234.0
2026-04-19T21:00,30.6,38.4,41.8,8.3,237.0
2026-04-19T22:00,31.9,39.1,45.8,8.1,231.0
2026-04-19T23:00,31.1,36.7,46.4,7.6,222.0
2026-04-20T00:00,28.3,32.0,42.0,6.4,209.0
2026-04-20T01:00,24.4,27.4,34.3,4.8,193.0
2026-04-20T02:00,20.8,24.0,27.5,3.5,180.0
2026-04-20T03:00,18.2,21.7,23.0,2.8,169.0
2026-04-20T04:00,16.5,19.9,19.3,2.3,161.0
2026-04-20T05:00,17.5,21.0,16.3,2.5,165.0
2026-04-20T06:00,15.7,19.0,14.9,2.6,192.0
2026-04-20T07:00,14.8,17.8,13.0,2.7,231.0
2026-04-20T08:00,14.1,17.3,10.8,2.8,254.0
2026-04-20T09:00,11.2,17.2,8.4,2.9,247.0
2026-04-20T10:00,9.0,17.4,5.8,3.1,224.0
2026-04-20T11:00,8.0,16.2,3.7,3.0,203.0
2026-04-20T12:00,7.3,15.3,2.5,2.5,187.0
2026-04-20T13:00,6.9,14.6,1.8,1.9,172.0
2026-04-20T14:00,6.6,13.9,1.6,1.4,162.0
2026-04-20T15:00,6.4,13.4,1.0,1.1,156.0
2026-04-20T16:00,6.2,12.9,0.9,1.0,154.0
2026-04-20T17:00,4.5,7.0,3.9,1.4,165.0
2026-04-20T18:00,7.3,9.8,10.8,2.5,194.0
2026-04-20T19:00,11.5,14.2,20.2,4.1,236.0
2026-04-20T20:00,14.0,16.8,27.1,5.2,281.0
2026-04-20T21:00,15.7,18.3,29.2,5.4,343.0
2026-04-20T22:00,15.5,17.8,28.8,5.2,407.0
2026-04-20T23:00,14.3,16.7,27.2,4.7,425.0
2026-04-21T00:00,12.6,14.8,24.2,4.0,352.0
2026-04-21T01:00,10.7,12.4,20.0,3.2,233.0
2026-04-21T02:00,9.1,11.0,16.5,2.5,145.0
2026-04-21T03:00,7.8,10.3,14.3,2.2,125.0
2026-04-21T04:00,7.0,9.9,12.8,2.0,138.0
2026-04-21T05:00,8.1,16.6,9.3,2.3,154.0
2026-04-21T06:00,8.0,17.6,9.3,2.4,170.0
2026-04-21T07:00,8.4,16.9,9.2,2.6,190.0
2026-04-21T08:00,8.8,15.7,8.6,2.7,199.0
2026-04-21T09:00,9.7,17.2,7.1,2.7,185.0
2026-04-21T10:00,10.4,21.7,5.2,2.6,160.0
2026-04-21T11:00,11.0,24.7,3.6,2.5,141.0
2026-04-21T12:00,11.1,26.9,2.5,2.2,135.0
2026-04-21T13:00,10.6,27.8,1.7,1.7,136.0
2026-04-21T14:00,9.7,27.5,1.5,1.5,140.0
2026-04-21T15:00,10.2,30.0,1.9,1.6,143.0
2026-04-21T16:00,11.1,32.7,2.9,1.8,149.0
2026-04-21T17:00,11.4,26.0,6.7,2.0,167.0
2026-04-21T18:00,13.6,32.7,7.8,2.2,211.0
2026-04-21T19:00,16.0,40.9,9.4,2.4,268.0
2026-04-21T20:00,18.2,48.3,11.7,2.7,303.0
2026-04-21T21:00,19.7,53.1,15.6,3.2,298.0
2026-04-21T22:00,21.2,57.9,20.2,3.7,272.0
2026-04-21T23:00,23.0,58.3,22.9,4.0,245.0
2026-04-22T00:00,22.9,56.3,22.2,3.8,222.0
2026-04-22T01:00,21.0,50.3,19.6,3.5,197.0
2026-04-22T02:00,21.3,49.7,17.3,3.1,177.0
2026-04-22T03:00,18.6,40.9,16.0,2.9,157.0
2026-04-22T04:00,16.4,34.7,15.0,2.7,142.0
2026-04-22T05:00,12.6,24.0,11.5,2.1,151.0
2026-04-22T06:00,11.5,20.2,11.7,2.2,213.0
2026-04-22T07:00,10.8,17.2,11.8,2.5,300.0
2026-04-22T08:00,10.3,16.4,11.5,2.7,343.0
2026-04-22T09:00,11.3,18.1,10.3,3.0,300.0
2026-04-22T10:00,12.0,23.3,8.6,3.4,213.0
2026-04-22T11:00,12.8,30.7,7.3,3.6,149.0
2026-04-22T12:00,13.9,35.6,6.4,3.4,135.0
2026-04-22T13:00,17.0,44.4,5.8,3.1,142.0
2026-04-22T14:00,16.2,38.3,5.9,2.9,153.0
2026-04-22T15:00,16.1,38.1,6.6,2.9,163.0
2026-04-22T16:00,15.9,35.9,8.0,3.1,176.0
2026-04-22T17:00,21.8,50.5,8.3,2.9,185.0
2026-04-22T18:00,21.9,45.2,9.4,3.3,185.0
2026-04-22T19:00,21.2,40.2,11.1,3.8,181.0
2026-04-22T20:00,20.1,34.8,13.4,4.2,182.0
2026-04-22T21:00,19.6,30.9,17.3,4.4,196.0
2026-04-22T22:00,19.7,29.4,21.8,4.5,214.0
2026-04-22T23:00,20.9,30.3,24.7,4.5,220.0
2026-04-23T00:00,21.1,29.8,24.7,4.6,200.0
2026-04-23T01:00,19.4,28.5,23.0,4.6,168.0
2026-04-23T02:00,19.1,28.3,20.9,4.4,145.0
2026-04-23T03:00,16.1,24.9,18.4,3.8,140.0
2026-04-23T04:00,14.8,22.7,15.6,3.0,144.0
2026-04-23T05:00,13.1,20.8,11.4,2.1,152.0
2026-04-23T06:00,12.9,21.2,10.2,2.2,164.0
2026-04-23T07:00,13.0,21.8,8.4,2.2,180.0
2026-04-23T08:00,12.2,22.6,6.7,2.3,190.0
2026-04-23T09:00,11.5,21.6,5.2,2.4,188.0
2026-04-23T10:00,11.8,21.7,3.8,2.4,181.0
2026-04-23T11:00,10.9,20.3,2.8,2.4,174.0
2026-04-23T12:00,7.7,17.0,2.2,2.2,169.0
2026-04-23T13:00,7.9,17.4,1.9,1.8,164.0
2026-04-23T14:00,9.7,19.8,1.9,1.6,163.0
2026-04-23T15:00,9.9,19.8,1.8,1.6,165.0
2026-04-23T16:00,9.4,18.7,2.1,1.7,170.0
2026-04-23T17:00,8.4,19.4,2.9,1.7,181.0
2026-04-23T18:00,10.0,19.2,6.1,2.5,206.0
2026-04-23T19:00,12.2,21.5,10.7,3.5,237.0
2026-04-23T20:00,16.0,26.5,16.0,4.6,258.0
2026-04-23T21:00,19.2,30.2,22.5,5.7,258.0
2026-04-23T22:00,21.2,32.1,29.6,6.8,247.0
2026-04-23T23:00,23.2,33.3,34.8,7.3,240.0
2026-04-24T00:00,24.0,32.8,36.8,6.6,244.0
2026-04-24T01:00,23.8,30.6,36.9,5.3,252.0
2026-04-24T02:00,22.5,27.4,35.8,4.1,259.0
2026-04-24T03:00,20.3,23.7,33.5,3.3,263.0
2026-04-24T04:00,17.3,20.0,30.1,2.7,266.0
2026-04-24T05:00,15.7,18.2,28.4,2.5,269.0
2026-04-24T06:00,13.9,16.3,24.0,2.8,276.0
2026-04-24T07:00,12.3,14.6,17.8,3.1,282.0
2026-04-24T08:00,10.9,13.0,12.5,3.4,276.0
2026-04-24T09:00,9.5,13.2,8.8,3.5,245.0
2026-04-24T10:00,7.9,13.3,6.0,3.6,201.0
2026-04-24T11:00,6.7,11.8,3.9,3.4,168.0
2026-04-24T12:00,5.8,10.2,2.6,2.9,159.0
2026-04-24T13:00,5.1,9.0,2.1,2.3,161.0
2026-04-24T14:00,4.4,8.1,1.9,1.8,164.0
2026-04-24T15:00,4.0,7.6,1.7,1.6,160.0
2026-04-24T16:00,4.0,7.3,1.9,1.6,158.0
2026-04-24T17:00,5.1,11.7,3.1,1.5,171.0
2026-04-24T18:00,7.7,12.4,9.0,2.7,216.0
2026-04-24T19:00,11.4,16.4,17.2,4.4,277.0
2026-04-24T20:00,14.0,18.9,23.4,5.6,323.0
2026-04-24T21:00,14.3,18.3,25.8,5.9,345.0
2026-04-24T22:00,13.5,16.5,26.3,5.6,352.0
2026-04-24T23:00,13.9,15.9,26.3,5.2,341.0
2026-04-25T00:00,13.5,14.9,26.3,4.6,302.0
2026-04-25T01:00,12.5,13.6,25.8,3.7,245.0
2026-04-25T02:00,11.2,12.3,25.0,3.0,198.0
2026-04-25T03:00,9.9,11.1,23.9,2.5,168.0
2026-04-25T04:00,8.8,10.0,22.5,2.2,149.0
2026-04-25T05:00,8.1,9.3,19.4,2.1,149.0
2026-04-25T06:00,7.3,8.8,17.5,2.3,188.0
2026-04-25T07:00,6.8,8.3,14.9,2.7,246.0
2026-04-25T08:00,7.6,9.2,12.0,2.8,278.0
2026-04-25T09:00,8.4,10.7,8.8,2.6,254.0
2026-04-25T10:00,6.3,10.4,5.4,2.3,203.0
2026-04-25T11:00,5.3,9.4,2.8,1.9,163.0
2026-04-25T12:00,4.5,8.7,1.6,1.6,148.0
2026-04-25T13:00,4.1,8.3,1.2,1.3,144.0
2026-04-25T14:00,3.7,7.9,1.3,1.1,143.0
2026-04-25T15:00,3.6,7.5,1.0,1.1,137.0
2026-04-25T16:00,3.7,7.6,1.1,1.2,135.0
2026-04-25T17:00,3.0,4.3,3.6,1.8,152.0
2026-04-25T18:00,5.4,6.7,8.2,2.4,211.0
2026-04-25T19:00,7.9,9.3,14.6,3.2,291.0
2026-04-25T20:00,9.4,10.7,19.7,3.7,339.0
2026-04-25T21:00,9.9,11.0,22.4,3.7,328.0
2026-04-25T22:00,9.9,10.8,23.9,3.4,287.0
2026-04-25T23:00,9.3,10.2,23.9,3.1,247.0
2026-04-26T00:00,8.0,8.9,21.9,2.7,218.0
2026-04-26T01:00,6.8,7.8,18.5,2.2,190.0
2026-04-26T02:00,6.1,7.1,15.6,1.8,169.0
2026-04-26T03:00,5.5,6.5,14.1,1.6,151.0
2026-04-26T04:00,5.1,6.0,13.2,1.6,139.0
2026-04-26T05:00,4.1,5.2,10.2,1.5,147.0
2026-04-26T06:00,4.5,5.6,10.6,1.7,196.0
2026-04-26T07:00,5.4,6.6,11.1,2.1,264.0
2026-04-26T08:00,7.2,8.4,10.7,2.3,301.0
2026-04-26T09:00,8.4,10.4,8.5,2.3,274.0
2026-04-26T10:00,7.7,11.8,5.4,2.2,216.0
2026-04-26T11:00,6.7,11.8,3.0,2.1,169.0
2026-04-26T12:00,6.0,12.3,2.1,1.9,150.0
2026-04-26T13:00,6.1,13.4,1.9,1.6,143.0
2026-04-26T14:00,6.3,14.2,2.0,1.5,143.0
2026-04-26T15:00,6.2,14.0,1.5,1.6,151.0
2026-04-26T16:00,6.9,15.8,1.2,1.8,165.0
2026-04-26T17:00,9.4,27.2,3.2,2.5,179.0
2026-04-26T18:00,11.2,26.8,6.3,2.9,191.0
2026-04-26T19:00,13.6,27.1,10.4,3.5,202.0
2026-04-26T20:00,12.4,23.8,12.8,3.9,205.0
2026-04-26T21:00,9.2,17.2,11.8,3.9,196.0
2026-04-26T22:00,6.8,11.7,9.1,3.7,180.0
2026-04-26T23:00,5.3,8.1,7.1,3.6,166.0
2026-04-27T00:00,4.1,5.8,6.4,3.6,158.0
2026-04-27T01:00,3.6,5.0,6.5,3.7,153.0
2026-04-27T02:00,3.8,5.5,7.4,3.7,151.0
2026-04-27T03:00,4.7,7.4,10.2,3.7,153.0
2026-04-27T04:00,6.4,10.0,14.0,3.6,159.0
2026-04-27T05:00,9.5,13.4,17.7,2.6,168.0
2026-04-27T06:00,10.5,14.5,16.4,2.9,183.0
2026-04-27T07:00,11.6,15.4,14.4,3.2,201.0
2026-04-27T08:00,11.8,15.8,12.3,3.7,211.0
2026-04-27T09:00,10.7,14.5,9.8,4.3,204.0
2026-04-27T10:00,10.5,14.1,7.1,5.0,188.0
2026-04-27T11:00,10.8,15.3,4.9,5.6,178.0
2026-04-27T12:00,10.2,16.4,3.6,6.2,182.0
2026-04-27T13:00,9.9,18.5,2.8,6.7,193.0
2026-04-27T14:00,10.9,21.5,2.4,7.1,199.0
2026-04-27T15:00,11.3,22.9,2.0,7.3,196.0
2026-04-27T16:00,11.3,23.2,1.9,7.3,189.0
2026-04-27T17:00,3.8,5.2,3.3,7.3,185.0
2026-04-27T18:00,4.5,5.8,5.8,7.8,187.0
2026-04-27T19:00,5.8,6.6,9.4,8.4,192.0
2026-04-27T20:00,6.7,7.1,13.2,9.0,203.0
2026-04-27T21:00,7.4,7.6,17.2,9.6,225.0
2026-04-27T22:00,9.3,9.6,21.3,10.2,252.0
2026-04-27T23:00,12.2,12.9,24.7,10.2,267.0
2026-04-28T00:00,15.0,16.2,27.1,9.1,258.0
2026-04-28T01:00,16.9,18.3,28.8,7.4,237.0
2026-04-28T02:00,17.6,18.9,29.6,5.9,216.0
2026-04-28T03:00,17.3,18.6,29.7,5.0,197.0
2026-04-28T04:00,16.5,17.8,29.1,4.4,180.0
2026-04-28T05:00,15.6,17.8,27.5,2.9,171.0
2026-04-28T06:00,15.7,17.9,23.8,3.2,180.0
2026-04-28T07:00,16.0,18.6,18.6,3.6,199.0
2026-04-28T08:00,15.3,17.6,13.7,4.2,210.0
2026-04-28T09:00,9.4,10.6,9.7,5.2,205.0
2026-04-28T10:00,4.9,5.1,6.0,6.3,194.0
2026-04-28T11:00,4.3,4.6,3.3,7.0,184.0
2026-04-28T12:00,4.8,5.9,2.0,6.8,181.0
2026-04-28T13:00,5.4,7.8,1.8,6.1,180.0
2026-04-28T14:00,5.8,9.4,1.8,5.4,179.0
2026-04-28T15:00,6.3,10.3,1.4,4.9,174.0
2026-04-28T16:00,7.1,11.6,1.4,4.6,170.0
2026-04-28T17:00,5.6,10.8,3.2,4.0,174.0
2026-04-28T18:00,7.9,12.5,7.1,4.2,194.0
2026-04-28T19:00,10.7,16.1,12.5,4.5,224.0
2026-04-28T20:00,13.9,20.9,17.1,4.7,249.0
2026-04-28T21:00,16.2,23.8,20.3,4.7,269.0
2026-04-28T22:00,17.9,26.0,22.7,4.5,284.0
2026-04-28T23:00,19.4,27.2,23.8,4.2,287.0
2026-04-29T00:00,20.0,26.7,22.8,3.6,266.0
2026-04-29T01:00,19.8,25.4,20.4,2.8,233.0
2026-04-29T02:00,19.6,24.5,18.7,2.2,208.0
2026-04-29T03:00,19.4,23.8,18.7,1.8,202.0
2026-04-29T04:00,19.2,23.1,19.4,1.5,205.0
2026-04-29T05:00,16.1,18.7,17.4,1.7,211.0
2026-04-29T06:00,15.9,18.7,16.2,2.1,221.0
2026-04-29T07:00,15.0,18.2,14.5,2.7,233.0
2026-04-29T08:00,13.5,16.5,12.2,3.2,236.0
2026-04-29T09:00,8.2,13.0,8.9,3.4,220.0
2026-04-29T10:00,6.4,11.2,5.2,3.4,194.0
2026-04-29T11:00,5.5,9.6,2.4,3.4,174.0
2026-04-29T12:00,5.0,8.1,1.4,3.4,167.0
2026-04-29T13:00,4.6,6.8,1.3,3.4,167.0
2026-04-29T14:00,4.3,6.0,1.5,3.3,167.0
2026-04-29T15:00,4.2,5.6,0.8,3.1,165.0
2026-04-29T16:00,4.1,5.6,0.3,3.0,164.0
2026-04-29T17:00,8.8,16.6,2.5,3.0,169.0
2026-04-29T18:00,9.8,16.4,9.9,3.9,180.0
2026-04-29T19:00,15.0,21.4,20.0,5.2,196.0
2026-04-29T20:00,19.3,26.1,27.2,6.0,221.0
2026-04-29T21:00,21.8,28.4,28.5,6.0,266.0
2026-04-29T22:00,20.6,27.1,26.8,5.5,319.0
2026-04-29T23:00,20.7,27.1,25.2,4.9,346.0
2026-04-30T00:00,22.3,28.2,24.7,4.1,326.0
2026-04-30T01:00,23.7,29.0,24.3,3.2,280.0
2026-04-30T02:00,24.3,29.2,23.9,2.5,242.0
2026-04-30T03:00,24.4,29.4,23.6,2.0,223.0
2026-04-30T04:00,24.3,29.5,23.2,1.8,211.0
2026-04-30T05:00,20.2,25.5,18.4,1.7,207.0
2026-04-30T06:00,20.8,27.4,16.9,2.0,217.0
2026-04-30T07:00,20.7,27.8,14.6,2.4,235.0
2026-04-30T08:00,19.3,26.7,12.0,2.6,241.0
2026-04-30T09:00,18.0,31.8,8.6,2.5,221.0
2026-04-30T10:00,16.9,35.3,4.9,2.2,190.0
2026-04-30T11:00,15.8,34.7,2.1,2.0,166.0
2026-04-30T12:00,14.1,31.3,1.1,1.9,159.0
2026-04-30T13:00,12.6,28.1,1.0,1.8,160.0
2026-04-30T14:00,12.0,27.4,1.3,1.8,163.0
2026-04-30T15:00,12.0,27.4,1.5,1.9,163.0
2026-04-30T16:00,12.7,27.4,2.1,2.0,165.0
2026-04-30T17:00,9.4,19.0,2.5,2.0,172.0
2026-04-30T18:00,10.9,19.0,4.8,2.2,190.0
2026-04-30T19:00,12.7,19.4,8.0,2.6,214.0
2026-04-30T20:00,13.5,19.7,11.0,2.8,230.0
2026-04-30T21:00,14.0,19.7,13.5,2.8,233.0
2026-04-30T22:00,14.4,19.7,15.7,2.8,229.0
2026-04-30T23:00,14.8,19.8,16.9,2.6,224.0
2026-05-01T00:00,14.6,19.3,16.3,2.3,219.0
2026-05-01T01:00,13.5,18.1,14.6,1.8,213.0
2026-05-01T02:00,12.9,17.1,13.4,1.5,205.0
2026-05-01T03:00,12.5,16.2,13.6,1.4,191.0
2026-05-01T04:00,12.0,15.4,14.3,1.4,176.0
2026-05-01T05:00,9.0,11.1,13.0,1.3,171.0
2026-05-01T06:00,9.0,11.5,12.3,1.6,190.0
2026-05-01T07:00,9.1,11.6,11.2,2.0,220.0
2026-05-01T08:00,10.2,13.3,9.6,2.3,236.0
2026-05-01T09:00,10.1,16.1,7.1,2.3,222.0
2026-05-01T10:00,8.7,16.9,4.1,2.2,193.0
2026-05-01T11:00,8.1,16.9,1.9,2.1,170.0
2026-05-01T12:00,7.8,17.1,1.1,2.0,160.0
2026-05-01T13:00,7.5,17.4,1.2,1.9,157.0
2026-05-01T14:00,7.6,18.4,1.4,1.9,158.0
2026-05-01T15:00,7.2,17.6,1.0,1.8,164.0
2026-05-01T16:00,7.1,17.3,0.8,1.8,175.0
2026-05-01T17:00,9.1,22.5,2.5,1.9,188.0
2026-05-01T18:00,10.2,22.5,6.4,2.2,207.0
2026-05-01T19:00,13.5,25.1,11.9,2.7,228.0
2026-05-01T20:00,14.2,23.5,17.1,3.2,236.0
2026-05-01T21:00,15.2,22.7,21.7,3.6,221.0
2026-05-01T22:00,17.7,24.3,25.9,4.0,192.0
2026-05-01T23:00,20.0,26.4,29.2,4.3,169.0
2026-05-02T00:00,21.5,28.3,31.5,4.5,157.0
2026-05-02T01:00,22.2,29.6,32.8,4.5,150.0
2026-05-02T02:00,23.7,33.9,32.3,4.3,147.0
2026-05-02T03:00,21.5,29.9,28.9,3.6,148.0
2026-05-02T04:00,19.3,26.8,23.7,2.7,153.0
2026-05-02T05:00,14.2,25.2,12.5,1.8,158.0
2026-05-02T06:00,14.1,26.0,11.6,2.3,165.0
2026-05-02T07:00,14.8,29.5,10.4,3.1,172.0
2026-05-02T08:00,15.3,30.4,9.0,3.5,176.0
2026-05-02T09:00,15.4,30.5,7.5,3.3,172.0
2026-05-02T10:00,15.4,30.9,5.9,2.8,164.0
2026-05-02T11:00,15.2,31.8,4.5,2.4,158.0
2026-05-02T12:00,14.4,30.6,3.4,2.2,155.0
2026-05-02T13:00,13.9,29.6,2.5,2.1,153.0
2026-05-02T14:00,14.4,29.7,2.0,2.0,152.0
2026-05-02T15:00,13.3,28.1,1.7,2.0,152.0
2026-05-02T16:00,12.8,26.6,1.7,2.0,152.0
2026-05-02T17:00,18.6,42.8,2.6,1.7,158.0
2026-05-02T18:00,16.9,38.5,4.1,1.9,171.0
2026-05-02T19:00,17.6,35.0,6.3,2.1,190.0
2026-05-02T20:00,19.0,34.8,9.3,2.6,206.0
2026-05-02T21:00,21.4,38.8,13.6,3.5,221.0
2026-05-02T22:00,22.4,40.7,18.6,4.5,233.0
2026-05-02T23:00,25.3,42.4,22.8,5.2,239.0
2026-05-03T00:00,27.0,43.5,25.4,5.2,233.0
2026-05-03T01:00,28.5,44.9,27.0,4.9,220.0
2026-05-03T02:00,29.0,45.9,28.4,4.7,207.0
2026-05-03T03:00,29.6,47.4,30.4,4.8,191.0
2026-05-03T04:00,30.2,49.0,32.2,4.9,175.0
2026-05-03T05:00,29.9,52.3,30.6,3.6,171.0
2026-05-03T06:00,30.9,52.9,25.0,4.2,192.0
2026-05-03T07:00,32.2,46.0,17.1,5.1,224.0
2026-05-03T08:00,25.6,46.7,10.6,5.4,240.0
2026-05-03T09:00,19.5,42.6,6.9,4.7,220.0
2026-05-03T10:00,17.5,41.1,4.5,3.6,184.0
2026-05-03T11:00,17.1,41.6,2.9,2.6,156.0
2026-05-03T12:00,16.2,40.0,1.9,2.1,149.0
2026-05-03T13:00,15.6,38.3,1.5,1.9,150.0
2026-05-03T14:00,15.2,36.3,1.5,1.7,153.0
2026-05-03T15:00,15.1,35.7,1.3,1.5,153.0
2026-05-03T16:00,14.8,33.2,1.4,1.5,154.0
2026-05-03T17:00,23.1,51.7,2.6,2.0,159.0
2026-05-03T18:00,20.1,37.5,5.3,2.6,172.0
2026-05-03T19:00,21.2,36.6,9.0,3.3,189.0
2026-05-03T20:00,24.3,38.3,12.5,3.9,199.0
2026-05-03T21:00,26.7,40.9,15.3,4.1,197.0
2026-05-03T22:00,29.5,44.0,17.8,4.1,188.0
2026-05-03T23:00,28.2,41.1,19.8,4.0,180.0
2026-05-04T00:00,27.2,40.5,21.2,3.7,173.0
2026-05-04T01:00,28.6,42.1,22.2,3.2,166.0
2026-05-04T02:00,29.2,42.1,23.1,2.7,162.0
2026-05-04T03:00,29.5,42.5,24.7,2.3,160.0
2026-05-04T04:00,29.6,42.1,26.2,1.9,161.0
2026-05-04T05:00,24.9,35.0,15.9,1.3,164.0
2026-05-04T06:00,25.9,36.6,13.3,1.7,173.0
2026-05-04T07:00,27.1,36.3,9.7,2.2,185.0
2026-05-04T08:00,26.3,44.4,6.6,2.5,190.0
2026-05-04T09:00,21.3,38.0,4.5,2.3,182.0
2026-05-04T10:00,16.1,29.2,2.9,1.9,167.0
2026-05-04T11:00,12.7,23.5,1.8,1.6,155.0
2026-05-04T12:00,11.1,20.9,1.3,1.4,151.0
2026-05-04T13:00,9.7,20.0,1.2,1.3,151.0
2026-05-04T14:00,8.6,20.2,1.3,1.3,152.0
2026-05-04T15:00,8.1,20.3,0.8,1.2,150.0
2026-05-04T16:00,7.9,20.7,0.4,1.2,148.0
2026-05-04T17:00,8.6,20.3,2.0,1.3,157.0
2026-05-04T18:00,8.8,19.3,7.2,2.1,183.0
2026-05-04T19:00,13.5,22.2,14.6,3.2,220.0
2026-05-04T20:00,18.0,26.4,21.3,4.3,255.0
2026-05-04T21:00,21.3,29.3,26.6,5.5,291.0
2026-05-04T22:00,23.4,31.8,31.2,6.6,326.0
2026-05-04T23:00,24.8,33.5,34.2,7.1,341.0
2026-05-05T00:00,25.8,34.0,35.2,6.3,324.0
2026-05-05T01:00,25.4,31.4,34.7,4.9,288.0
2026-05-05T02:00,22.9,27.1,33.2,3.7,253.0
2026-05-05T03:00,20.0,23.9,30.6,3.1,219.0
2026-05-05T04:00,17.7,21.8,27.0,2.8,186.0
2026-05-05T05:00,13.5,17.5,19.2,2.0,174.0
2026-05-05T06:00,12.2,15.6,16.8,2.2,205.0
2026-05-05T07:00,11.1,14.2,13.4,2.5,257.0
2026-05-05T08:00,10.7,14.7,10.1,2.6,283.0
2026-05-05T09:00,10.0,21.3,7.0,2.3,256.0
2026-05-05T10:00,9.4,24.1,3.9,1.9,203.0
2026-05-05T11:00,7.6,20.9,1.7,1.5,162.0
2026-05-05T12:00,5.9,17.5,0.9,1.3,148.0
2026-05-05T13:00,5.3,16.1,0.9,1.2,146.0
2026-05-05T14:00,4.9,14.8,1.1,1.1,147.0
2026-05-05T15:00,4.6,13.6,0.7,1.0,145.0
2026-05-05T16:00,4.3,12.6,0.5,1.0,146.0
2026-05-05T17:00,4.2,11.8,2.0,1.2,156.0
2026-05-05T18:00,5.6,12.0,5.5,1.6,176.0
2026-05-05T19:00,8.1,13.5,10.5,2.3,205.0
2026-05-05T20:00,9.0,13.9,14.9,2.7,241.0
2026-05-05T21:00,8.7,13.0,18.1,2.8,299.0
2026-05-05T22:00,9.3,12.7,20.8,2.8,364.0
2026-05-05T23:00,9.7,12.3,22.5,2.6,388.0
2026-05-06T00:00,9.9,11.9,23.0,2.3,334.0
2026-05-06T01:00,9.3,11.1,22.6,2.0,239.0
2026-05-06T02:00,8.3,10.1,21.8,1.7,167.0
2026-05-06T03:00,7.3,9.2,20.6,1.6,143.0
2026-05-06T04:00,7.1,9.1,19.1,1.6,143.0
2026-05-06T05:00,5.5,6.3,17.8,1.5,156.0
2026-05-06T06:00,5.8,7.1,15.9,1.9,193.0
2026-05-06T07:00,6.7,8.0,13.3,2.3,244.0
2026-05-06T08:00,8.1,10.0,10.5,2.6,270.0
2026-05-06T09:00,9.2,12.6,7.5,2.5,246.0
2026-05-06T10:00,7.7,14.3,4.4,2.2,198.0
2026-05-06T11:00,8.9,18.8,2.2,1.9,162.0
2026-05-06T12:00,8.5,17.5,1.3,1.7,156.0
2026-05-06T13:00,7.9,15.5,1.2,1.4,164.0
2026-05-06T14:00,7.8,14.6,1.4,1.3,171.0
2026-05-06T15:00,7.7,14.3,1.0,1.2,169.0
2026-05-06T16:00,7.7,14.2,0.9,1.1,167.0
2026-05-06T17:00,1.4,1.7,2.6,1.4,180.0
2026-05-06T18:00,3.2,3.4,8.7,2.4,215.0
2026-05-06T19:00,8.6,8.7,17.3,3.8,264.0
2026-05-06T20:00,11.8,12.1,24.0,4.8,319.0
2026-05-06T21:00,12.5,13.0,27.4,5.0,396.0
2026-05-06T22:00,12.1,12.7,29.0,4.7,479.0
2026-05-06T23:00,12.0,12.7,29.3,4.3,509.0
2026-05-07T00:00,11.1,11.8,27.9,3.8,443.0
2026-05-07T01:00,9.4,10.4,25.2,3.2,324.0
2026-05-07T02:00,7.7,8.9,22.7,2.7,228.0
2026-05-07T03:00,6.5,7.9,21.3,2.3,179.0
2026-05-07T04:00,5.8,7.3,20.1,2.0,152.0
2026-05-07T05:00,5.3,6.5,18.7,2.1,145.0
2026-05-07T06:00,5.1,6.6,17.0,2.3,171.0
2026-05-07T07:00,5.6,7.2,14.5,2.6,218.0
2026-05-07T08:00,6.8,8.9,11.8,2.7,244.0
2026-05-07T09:00,7.5,11.2,8.5,2.6,226.0
2026-05-07T10:00,7.0,14.8,5.0,2.4,188.0
2026-05-07T11:00,7.8,20.7,2.4,2.1,159.0
2026-05-07T12:00,8.5,25.3,1.4,1.8,151.0
2026-05-07T13:00,8.1,27.0,1.3,1.4,152.0
2026-05-07T14:00,7.8,27.9,1.4,1.2,153.0
2026-05-07T15:00,7.8,28.6,0.9,1.1,150.0
2026-05-07T16:00,8.0,29.3,0.7,1.2,147.0
2026-05-07T17:00,8.8,29.5,2.7,2.0,151.0
2026-05-07T18:00,10.3,30.0,6.6,2.9,160.0
2026-05-07T19:00,12.8,30.5,12.0,4.2,176.0
2026-05-07T20:00,13.7,29.7,16.2,5.1,212.0
2026-05-07T21:00,12.2,25.1,18.0,5.5,296.0
2026-05-07T22:00,11.3,21.7,18.6,5.6,400.0
2026-05-07T23:00,11.3,19.4,19.1,5.5,454.0
2026-05-08T00:00,10.7,16.7,19.9,5.0,414.0
2026-05-08T01:00,9.9,14.9,20.7,4.3,323.0
2026-05-08T02:00,9.0,14.0,21.0,3.6,246.0
2026-05-08T03:00,8.2,13.3,20.9,3.0,198.0
2026-05-08T04:00,7.5,12.7,20.3,2.5,162.0
2026-05-08T05:00,7.5,12.3,21.5,2.2,154.0
2026-05-08T06:00,6.8,11.9,19.3,2.2,197.0
2026-05-08T07:00,7.1,12.4,16.2,2.3,268.0
2026-05-08T08:00,8.4,14.5,13.1,2.5,309.0
2026-05-08T09:00,10.1,19.7,10.2,3.1,287.0
2026-05-08T10:00,10.3,23.7,7.4,3.8,235.0
2026-05-08T11:00,10.9,28.0,5.2,4.1,191.0
2026-05-08T12:00,11.0,29.9,3.9,3.6,170.0
2026-05-08T13:00,11.0,31.7,3.1,2.7,157.0
2026-05-08T14:00,11.2,37.7,2.7,2.0,150.0
2026-05-08T15:00,11.9,45.4,2.0,1.6,145.0
2026-05-08T16:00,12.7,49.9,1.6,1.4,146.0
2026-05-08T17:00,12.3,45.9,2.4,1.1,158.0
2026-05-08T18:00,12.9,46.1,6.9,2.0,190.0
2026-05-08T19:00,16.5,49.4,13.1,3.3,234.0
2026-05-08T20:00,19.1,51.0,18.0,4.2,267.0
2026-05-08T21:00,20.0,49.2,20.4,4.5,284.0
2026-05-08T22:00,19.0,43.7,21.6,4.5,290.0
2026-05-08T23:00,18.2,38.5,22.4,4.3,282.0
2026-05-09T00:00,17.4,33.1,23.2,3.8,249.0
2026-05-09T01:00,15.9,29.1,23.5,3.1,202.0
2026-05-09T02:00,14.7,27.9,23.3,2.6,166.0
2026-05-09T03:00,13.3,26.5,22.2,2.4,153.0
2026-05-09T04:00,12.0,23.9,20.5,2.3,151.0
2026-05-09T05:00,9.9,16.1,16.6,2.1,157.0
2026-05-09T06:00,9.3,16.4,15.8,2.3,175.0
2026-05-09T07:00,10.1,20.0,14.6,2.6,201.0
2026-05-09T08:00,11.3,19.8,12.8,2.8,215.0
2026-05-09T09:00,14.3,32.8,10.1,2.8,204.0
2026-05-09T10:00,16.2,49.5,6.8,2.7,180.0
2026-05-09T11:00,16.8,53.8,4.2,2.6,162.0
2026-05-09T12:00,16.7,55.1,2.8,2.5,156.0
2026-05-09T13:00,16.5,52.7,2.2,2.4,156.0
2026-05-09T14:00,15.9,50.6,1.9,2.3,156.0
2026-05-09T15:00,15.5,50.6,1.6,2.3,153.0
2026-05-09T16:00,15.8,53.1,1.7,2.4,151.0
2026-05-09T17:00,14.2,36.7,2.4,2.6,154.0
2026-05-09T18:00,15.7,39.1,3.2,2.7,169.0
2026-05-09T19:00,17.6,43.8,4.3,2.9,188.0
2026-05-09T20:00,18.5,45.3,5.1,3.0,199.0
2026-05-09T21:00,17.8,37.3,5.0,2.9,192.0
2026-05-09T22:00,18.9,44.9,4.5,2.6,177.0
2026-05-09T23:00,18.6,44.5,4.5,2.5,163.0
2026-05-10T00:00,18.7,46.1,5.4,2.6,154.0
2026-05-10T01:00,19.5,49.4,6.8,2.8,146.0
2026-05-10T02:00,19.7,51.8,7.8,3.0,141.0
2026-05-10T03:00,20.3,54.0,8.0,3.0,139.0
2026-05-10T04:00,22.4,58.9,7.9,2.9,141.0
2026-05-10T05:00,14.1,33.4,4.7,1.9,147.0
2026-05-10T06:00,13.1,30.5,5.2,2.2,163.0
2026-05-10T07:00,12.7,29.5,6.0,2.5,183.0
2026-05-10T08:00,12.4,28.8,6.5,2.9,194.0
2026-05-10T09:00,12.5,29.5,6.8,3.3,185.0
2026-05-10T10:00,12.1,28.7,7.0,3.7,167.0
2026-05-10T11:00,12.0,28.4,6.6,3.9,153.0
2026-05-10T12:00,13.1,31.1,5.3,3.7,150.0
2026-05-10T13:00,14.3,34.8,3.5,3.3,152.0
2026-05-10T14:00,13.6,35.7,2.3,2.9,155.0
2026-05-10T15:00,13.9,38.0,1.9,2.7,156.0
2026-05-10T16:00,14.3,40.2,1.9,2.6,158.0
2026-05-10T17:00,14.6,41.6,2.8,2.6,163.0
2026-05-10T18:00,15.2,43.1,5.0,2.8,175.0
2026-05-10T19:00,15.7,38.3,8.0,3.2,189.0
2026-05-10T20:00,16.9,36.4,10.3,3.5,195.0
2026-05-10T21:00,15.5,31.5,11.4,3.5,186.0
2026-05-10T22:00,15.1,30.0,11.7,3.5,169.0
2026-05-10T23:00,15.3,30.9,11.5,3.4,156.0
2026-05-11T00:00,15.0,32.1,10.1,3.3,150.0
2026-05-11T01:00,16.8,42.8,8.2,3.2,148.0
2026-05-11T02:00,15.9,41.7,7.6,3.1,149.0
2026-05-11T03:00,16.2,42.0,10.0,3.2,156.0
2026-05-11T04:00,16.6,40.6,13.7,3.4,166.0
2026-05-11T05:00,19.2,40.5,13.9,2.1,176.0
2026-05-11T06:00,19.4,41.6,11.7,2.5,185.0
2026-05-11T07:00,19.7,41.7,8.7,3.0,194.0
2026-05-11T08:00,19.2,53.1,6.1,3.2,197.0
2026-05-11T09:00,17.5,55.2,4.3,2.8,190.0
2026-05-11T10:00,16.2,50.1,2.9,2.1,178.0
2026-05-11T11:00,13.6,41.4,1.9,1.6,169.0
2026-05-11T12:00,11.8,35.0,1.4,1.4,166.0
2026-05-11T13:00,10.8,31.3,1.3,1.5,166.0
2026-05-11T14:00,10.4,29.2,1.3,1.5,167.0
2026-05-11T15:00,9.9,27.6,1.1,1.5,162.0
2026-05-11T16:00,9.3,25.9,1.0,1.5,158.0
2026-05-11T17:00,7.4,19.6,1.9,1.6,168.0
2026-05-11T18:00,6.7,17.3,4.0,1.9,209.0
2026-05-11T19:00,6.6,14.4,7.1,2.4,265.0
2026-05-11T20:00,7.6,14.4,9.8,2.9,296.0
2026-05-11T21:00,7.9,13.6,11.8,3.6,280.0
2026-05-11T22:00,8.2,13.5,13.5,4.5,239.0
2026-05-11T23:00,9.2,14.4,15.1,5.1,208.0
2026-05-12T00:00,10.2,15.4,16.5,5.5,199.0
2026-05-12T01:00,10.7,15.5,17.8,5.7,200.0
2026-05-12T02:00,10.9,15.3,18.9,5.6,203.0
2026-05-12T03:00,11.3,15.0,20.3,5.0,205.0
2026-05-12T04:00,12.0,15.1,21.6,4.2,209.0
2026-05-12T05:00,15.0,17.9,28.2,2.7,217.0
2026-05-12T06:00,15.0,17.6,23.8,3.6,235.0
2026-05-12T07:00,14.8,17.2,17.6,5.0,256.0
2026-05-12T08:00,14.1,19.6,12.2,5.9,260.0
2026-05-12T09:00,12.7,20.5,8.4,6.2,231.0
2026-05-12T10:00,9.5,17.6,5.3,6.2,186.0
2026-05-12T11:00,8.4,16.2,3.1,5.9,153.0
2026-05-12T12:00,7.4,13.8,1.9,5.2,146.0
2026-05-12T13:00,6.6,11.3,1.5,4.1,151.0
2026-05-12T14:00,5.9,9.3,1.3,3.4,156.0
2026-05-12T15:00,5.5,7.9,1.0,3.2,155.0
2026-05-12T16:00,5.4,7.0,1.0,3.3,154.0
2026-05-12T17:00,5.6,6.7,1.8,3.6,161.0
2026-05-12T18:00,6.3,7.1,3.7,4.3,183.0
2026-05-12T19:00,7.8,8.5,6.5,5.3,214.0
2026-05-12T20:00,9.5,10.0,9.7,6.1,240.0
2026-05-12T21:00,10.6,11.2,13.5,6.8,262.0
2026-05-12T22:00,12.6,13.1,17.8,7.4,279.0
2026-05-12T23:00,14.7,15.2,21.4,7.4,284.0
2026-05-13T00:00,16.0,16.5,24.2,6.4,267.0
2026-05-13T01:00,16.2,16.6,26.5,4.9,238.0
2026-05-13T02:00,15.7,16.1,27.7,3.6,212.0
2026-05-13T03:00,14.9,15.3,27.8,2.8,193.0
2026-05-13T04:00,14.1,14.5,26.9,2.3,177.0
2026-05-13T05:00,16.8,16.9,25.6,3.4,170.0
2026-05-13T06:00,17.1,17.3,22.4,4.1,179.0
2026-05-13T07:00,18.3,18.6,17.8,5.0,197.0
2026-05-13T08:00,16.6,17.8,13.4,5.7,208.0
2026-05-13T09:00,13.9,15.9,9.6,6.0,203.0
2026-05-13T10:00,10.4,12.5,6.0,6.0,190.0
2026-05-13T11:00,9.7,11.9,3.3,5.9,178.0
2026-05-13T12:00,9.7,12.2,2.1,5.5,169.0
2026-05-13T13:00,9.8,12.5,1.8,4.9,162.0
2026-05-13T14:00,9.5,12.2,1.8,4.6,158.0
2026-05-13T15:00,9.4,11.7,1.5,4.7,158.0
2026-05-13T16:00,9.1,11.0,1.5,5.2,163.0
2026-05-13T17:00,8.1,8.7,2.7,5.1,173.0
2026-05-13T18:00,8.1,8.5,5.0,5.8,193.0
2026-05-13T19:00,8.5,8.7,8.3,6.8,219.0
2026-05-13T20:00,9.4,9.5,11.9,7.5,244.0
2026-05-13T21:00,10.6,10.8,15.8,7.7,272.0
2026-05-13T22:00,12.9,13.1,20.0,7.7,300.0
2026-05-13T23:00,15.8,16.0,23.3,7.3,311.0
2026-05-14T00:00,17.3,17.5,25.2,6.3,293.0
2026-05-14T01:00,17.3,17.5,26.2,5.1,258.0
2026-05-14T02:00,16.4,16.6,26.6,4.0,226.0
2026-05-14T03:00,15.3,15.5,26.5,3.4,199.0
2026-05-14T04:00,14.0,14.3,25.8,3.0,174.0
2026-05-14T05:00,12.6,13.0,23.3,3.0,165.0
2026-05-14T06:00,12.2,12.7,20.5,3.2,186.0
2026-05-14T07:00,12.5,13.0,16.5,3.5,221.0
2026-05-14T08:00,12.9,13.6,12.7,4.1,241.0
2026-05-14T09:00,11.4,13.1,9.5,5.2,227.0
2026-05-14T10:00,11.3,13.1,6.4,6.5,197.0
2026-05-14T11:00,11.9,13.7,4.1,7.2,172.0
2026-05-14T12:00,12.0,14.0,2.7,6.6,159.0
2026-05-14T13:00,10.9,13.0,2.0,5.4,151.0
2026-05-14T14:00,9.7,12.0,1.7,4.5,147.0
2026-05-14T15:00,8.9,11.3,1.4,4.1,145.0
2026-05-14T16:00,8.4,10.9,1.4,3.9,147.0
2026-05-14T17:00,3.7,3.7,2.6,4.0,156.0
2026-05-14T18:00,5.1,5.1,5.7,5.0,178.0
2026-05-14T19:00,7.0,7.0,10.1,6.4,207.0
2026-05-14T20:00,9.2,9.2,14.4,7.4,234.0
2026-05-14T21:00,11.1,11.1,18.6,7.8,254.0
2026-05-14T22:00,13.1,13.1,22.8,7.7,272.0
2026-05-14T23:00,14.8,14.8,25.9,7.3,286.0
2026-05-15T00:00,15.4,15.4,27.3,6.3,301.0
2026-05-15T01:00,14.8,14.8,27.7,4.9,313.0
2026-05-15T02:00,13.6,13.6,27.6,3.7,306.0
2026-05-15T03:00,12.3,12.3,27.5,3.0,263.0
2026-05-15T04:00,11.1,11.1,26.9,2.6,202.0
2026-05-15T05:00,9.1,9.1,25.3,2.7,163.0
2026-05-15T06:00,8.9,9.0,22.5,3.0,171.0
2026-05-15T07:00,9.7,9.8,18.5,3.4,202.0
2026-05-15T08:00,10.1,10.2,14.5,3.9,220.0
2026-05-15T09:00,7.8,8.0,10.4,4.6,210.0
2026-05-15T10:00,7.4,7.5,6.2,5.3,189.0
2026-05-15T11:00,7.4,7.6,3.1,5.7,169.0
2026-05-15T12:00,6.6,6.8,1.8,5.4,156.0
2026-05-15T13:00,6.2,6.5,1.7,4.8,144.0
2026-05-15T14:00,6.0,6.7,1.8,4.3,138.0
2026-05-15T15:00,5.8,7.0,1.3,4.0,137.0
2026-05-15T16:00,5.5,7.0,1.0,3.8,140.0
2026-05-15T17:00,3.3,3.3,2.7,4.0,151.0
2026-05-15T18:00,5.6,5.6,7.0,5.1,170.0
2026-05-15T19:00,9.1,9.1,13.0,6.6,196.0
2026-05-15T20:00,13.5,13.6,18.9,7.7,230.0
2026-05-15T21:00,17.1,17.1,24.5,8.0,286.0
2026-05-15T22:00,19.6,19.6,29.9,7.8,349.0
2026-05-15T23:00,20.8,21.0,33.3,7.3,378.0
2026-05-16T00:00,20.3,20.4,33.5,6.4,342.0
2026-05-16T01:00,18.8,18.9,31.8,5.3,272.0
2026-05-16T02:00,16.9,16.9,30.2,4.3,212.0
2026-05-16T03:00,15.1,15.2,29.8,3.6,175.0
2026-05-16T04:00,13.7,13.8,29.4,3.1,149.0
2026-05-16T05:00,10.6,10.7,26.1,2.5,139.0
2026-05-16T06:00,9.6,9.8,22.6,2.7,160.0
2026-05-16T07:00,9.5,9.8,17.7,3.1,197.0
2026-05-16T08:00,9.6,10.1,13.0,3.3,217.0
2026-05-16T09:00,9.5,10.2,8.8,3.4,197.0
2026-05-16T10:00,7.5,8.4,4.8,3.4,160.0
2026-05-16T11:00,6.6,8.0,2.0,3.2,132.0
2026-05-16T12:00,6.4,9.4,0.9,2.8,127.0
2026-05-16T13:00,6.9,14.8,0.9,2.3,132.0
2026-05-16T14:00,9.1,24.0,1.1,1.9,138.0
2026-05-16T15:00,9.8,27.5,1.1,1.9,140.0
2026-05-16T16:00,10.1,28.6,1.3,2.1,143.0
2026-05-16T17:00,7.5,20.3,2.5,2.1,148.0
2026-05-16T18:00,10.0,20.8,4.2,2.4,159.0
2026-05-16T19:00,11.3,22.0,6.6,2.8,174.0
2026-05-16T20:00,10.9,20.7,8.6,3.0,183.0
2026-05-16T21:00,10.2,19.0,9.8,2.9,183.0
2026-05-16T22:00,10.1,17.4,10.5,2.7,178.0
2026-05-16T23:00,10.1,16.0,11.1,2.4,173.0
2026-05-17T00:00,9.5,14.4,11.4,2.1,170.0
2026-05-17T01:00,9.1,13.2,11.5,1.8,166.0
2026-05-17T02:00,9.1,12.7,11.8,1.6,160.0
2026-05-17T03:00,8.9,12.0,12.8,1.5,148.0
2026-05-17T04:00,8.6,11.2,14.0,1.6,134.0
2026-05-17T05:00,7.9,10.7,15.6,2.0,129.0
2026-05-17T06:00,7.5,9.7,14.1,2.2,143.0
2026-05-17T07:00,8.1,10.1,12.0,2.6,165.0
2026-05-17T08:00,9.8,12.1,9.7,2.9,177.0
2026-05-17T09:00,10.1,15.5,7.0,3.3,168.0
2026-05-17T10:00,10.4,19.3,4.2,3.7,148.0
2026-05-17T11:00,10.5,20.8,2.1,3.8,134.0
2026-05-17T12:00,10.5,22.5,1.2,3.4,131.0
2026-05-17T13:00,10.5,24.9,1.1,2.8,134.0
2026-05-17T14:00,10.7,26.6,1.2,2.3,137.0
2026-05-17T15:00,10.8,27.6,1.0,2.1,138.0
2026-05-17T16:00,10.8,27.8,1.0,2.1,140.0
2026-05-17T17:00,7.7,18.3,1.9,2.4,146.0
2026-05-17T18:00,7.8,17.4,4.6,2.9,162.0
2026-05-17T19:00,9.8,18.7,8.6,3.7,182.0
2026-05-17T20:00,12.6,21.4,12.9,4.3,195.0
2026-05-17T21:00,15.8,24.0,18.0,4.8,195.0
2026-05-17T22:00,18.0,25.1,23.4,5.2,189.0
2026-05-17T23:00,18.7,23.9,27.2,5.2,179.0
2026-05-18T00:00,17.9,21.7,28.3,4.7,166.0
2026-05-18T01:00,16.6,19.8,27.6,3.8,151.0
2026-05-18T02:00,15.1,17.9,26.6,3.1,139.0
2026-05-18T03:00,13.1,16.1,25.5,2.8,131.0
2026-05-18T04:00,11.7,14.9,24.0,2.6,126.0
2026-05-18T05:00,10.0,12.7,22.7,2.5,130.0
2026-05-18T06:00,9.6,13.1,21.4,2.8,154.0
2026-05-18T07:00,11.4,15.2,19.4,3.1,188.0
2026-05-18T08:00,12.4,17.6,16.8,3.4,206.0
2026-05-18T09:00,13.7,19.7,13.2,3.5,191.0
2026-05-18T10:00,14.2,23.1,9.1,3.4,159.0
2026-05-18T11:00,16.0,33.4,5.7,3.3,135.0
2026-05-18T12:00,17.5,42.6,3.6,3.1,130.0
2026-05-18T13:00,18.3,47.1,2.4,2.8,132.0
2026-05-18T14:00,18.0,47.8,1.9,2.7,137.0
2026-05-18T15:00,17.5,46.6,2.0,2.9,144.0
2026-05-18T16:00,17.3,45.1,2.8,3.3,152.0
2026-05-18T17:00,14.5,31.3,3.9,4.6,159.0
2026-05-18T18:00,14.8,30.2,6.8,5.0,160.0
2026-05-18T19:00,19.7,33.4,10.7,5.5,159.0
2026-05-18T20:00,17.8,30.2,13.1,5.6,162.0
2026-05-18T21:00,16.3,33.8,12.4,5.0,174.0
2026-05-18T22:00,15.8,34.5,10.2,4.1,191.0
2026-05-18T23:00,17.1,33.5,8.4,3.4,197.0
2026-05-19T00:00,18.4,36.0,7.7,3.1,184.0
2026-05-19T01:00,18.7,38.1,7.4,2.9,162.0
2026-05-19T02:00,19.5,44.9,7.5,2.8,146.0
2026-05-19T03:00,18.6,44.5,8.2,2.6,142.0
2026-05-19T04:00,16.7,37.6,9.2,2.5,144.0
2026-05-19T05:00,21.0,38.8,22.2,4.5,149.0
2026-05-19T06:00,20.5,36.3,19.0,5.3,157.0
2026-05-19T07:00,21.7,38.2,14.6,6.4,168.0
2026-05-19T08:00,23.7,57.0,10.6,6.9,173.0
2026-05-19T09:00,23.4,62.4,7.5,6.1,166.0
2026-05-19T10:00,21.8,65.7,4.9,4.7,154.0
2026-05-19T11:00,22.0,72.9,2.9,3.6,144.0
2026-05-19T12:00,23.3,77.8,1.9,3.3,140.0
2026-05-19T13:00,22.7,75.7,1.6,3.3,139.0
2026-05-19T14:00,22.0,72.6,1.5,3.3,140.0
2026-05-19T15:00,22.2,71.5,1.1,3.3,144.0
2026-05-19T16:00,22.7,71.5,1.0,3.3,150.0
2026-05-19T17:00,15.2,43.8,2.5,3.4,159.0
2026-05-19T18:00,17.6,41.3,3.8,3.5,173.0
2026-05-19T19:00,16.9,34.5,5.7,3.7,189.0
2026-05-19T20:00,16.2,33.5,7.8,3.9,202.0
2026-05-19T21:00,16.2,34.7,10.3,4.1,209.0
2026-05-19T22:00,16.8,32.0,13.0,4.2,213.0
2026-05-19T23:00,18.9,34.3,15.5,4.3,213.0
2026-05-20T00:00,20.1,32.7,17.6,4.4,209.0
2026-05-20T01:00,19.4,30.4,19.4,4.4,201.0
2026-05-20T02:00,19.0,29.0,20.8,4.3,192.0
2026-05-20T03:00,18.0,26.9,21.8,3.9,180.0
2026-05-20T04:00,16.6,24.6,22.4,3.3,168.0
2026-05-20T05:00,13.2,21.9,17.8,2.3,164.0
2026-05-20T06:00,13.2,22.3,15.9,2.7,177.0
2026-05-20T07:00,14.1,22.0,13.3,3.3,199.0
2026-05-20T08:00,16.2,27.3,10.6,3.9,210.0
2026-05-20T09:00,17.7,36.8,7.9,4.4,198.0
2026-05-20T10:00,18.9,39.2,5.1,4.9,176.0
2026-05-20T11:00,20.3,41.8,3.0,5.1,158.0
2026-05-20T12:00,21.2,44.8,2.0,4.7,150.0
2026-05-20T13:00,21.7,49.1,1.7,4.0,146.0
2026-05-20T14:00,22.0,54.0,1.7,3.5,145.0
2026-05-20T15:00,21.9,56.5,1.2,3.2,147.0
2026-05-20T16:00,21.8,57.9,0.9,3.1,153.0
2026-05-20T17:00,14.7,41.0,2.7,3.0,163.0
2026-05-20T18:00,16.8,37.6,7.0,3.7,182.0
2026-05-20T19:00,20.0,40.2,13.2,4.6,206.0
2026-05-20T20:00,24.3,45.5,19.4,5.4,225.0
2026-05-20T21:00,28.2,49.9,25.6,5.9,239.0
2026-05-20T22:00,30.7,51.8,31.8,6.3,249.0
2026-05-20T23:00,31.4,50.2,36.0,6.2,249.0
2026-05-21T00:00,30.0,44.7,37.0,5.5,234.0
2026-05-21T01:00,27.5,38.6,36.0,4.3,211.0
2026-05-21T02:00,25.3,34.7,34.5,3.4,190.0
2026-05-21T03:00,23.3,31.7,33.0,2.8,173.0
2026-05-21T04:00,21.7,29.8,31.0,2.3,159.0
2026-05-21T05:00,17.9,26.3,24.9,2.8,158.0
2026-05-21T06:00,18.0,28.9,22.8,3.3,182.0
2026-05-21T07:00,19.5,29.0,19.8,4.0,218.0
2026-05-21T08:00,20.0,31.1,16.5,4.6,238.0
2026-05-21T09:00,20.3,34.6,12.8,5.2,225.0
2026-05-21T10:00,20.1,41.3,8.9,5.7,196.0
2026-05-21T11:00,19.6,42.8,5.9,6.0,172.0
2026-05-21T12:00,20.8,49.1,4.5,5.8,158.0
2026-05-21T13:00,24.9,62.4,4.0,5.4,148.0
2026-05-21T14:00,23.7,57.2,3.8,4.9,146.0
2026-05-21T15:00,24.9,60.3,3.5,4.3,156.0
2026-05-21T16:00,23.9,56.2,3.4,3.7,174.0
2026-05-21T17:00,18.5,40.7,4.8,3.4,192.0
2026-05-21T18:00,17.8,36.0,6.0,3.5,208.0
2026-05-21T19:00,16.9,32.1,7.7,3.7,224.0
2026-05-21T20:00,16.8,30.6,9.6,3.8,233.0
2026-05-21T21:00,17.1,30.6,11.4,3.8,232.0
2026-05-21T22:00,17.3,31.0,13.3,3.6,224.0
2026-05-21T23:00,17.8,31.0,15.6,3.4,214.0
2026-05-22T00:00,18.6,31.4,18.9,3.0,204.0
2026-05-22T01:00,18.7,30.6,22.7,2.6,192.0
2026-05-22T02:00,19.6,32.4,25.6,2.3,179.0
2026-05-22T03:00,20.0,35.6,27.6,2.2,164.0
2026-05-22T04:00,20.0,38.0,28.8,2.1,148.0
2026-05-22T05:00,14.3,30.5,16.1,1.8,140.0
2026-05-22T06:00,15.1,36.6,13.2,1.9,147.0
2026-05-22T07:00,16.4,41.2,9.2,2.1,161.0
2026-05-22T08:00,17.4,46.3,6.0,2.2,170.0
2026-05-22T09:00,16.2,43.0,4.6,2.3,169.0
2026-05-22T10:00,16.3,42.5,4.0,2.4,163.0
2026-05-22T11:00,16.9,42.8,3.5,2.4,156.0
2026-05-22T12:00,16.1,41.0,2.8,2.3,148.0
2026-05-22T13:00,14.4,35.6,2.1,2.2,140.0
2026-05-22T14:00,13.5,32.0,1.8,2.2,139.0
2026-05-22T15:00,12.7,29.2,1.9,2.3,152.0
2026-05-22T16:00,11.9,26.3,2.4,2.4,173.0
2026-05-22T17:00,17.2,39.9,3.2,2.3,192.0
2026-05-22T18:00,16.3,34.1,4.7,2.4,208.0
2026-05-22T19:00,15.8,29.7,6.8,2.6,222.0
2026-05-22T20:00,15.9,28.8,8.8,2.7,226.0
2026-05-22T21:00,15.7,28.2,10.3,2.7,212.0
2026-05-22T22:00,14.9,26.5,11.7,2.6,187.0
2026-05-22T23:00,16.0,28.1,13.0,2.5,167.0
2026-05-23T00:00,17.6,26.6,14.1,2.4,158.0
2026-05-23T01:00,16.1,23.7,15.0,2.4,155.0
2026-05-23T02:00,16.2,22.7,16.0,2.3,153.0
2026-05-23T03:00,16.8,22.2,17.7,2.1,149.0
2026-05-23T04:00,17.1,21.9,19.5,1.8,147.0
2026-05-23T05:00,17.1,22.2,22.4,1.8,153.0
2026-05-23T06:00,16.8,21.3,19.0,2.4,180.0
2026-05-23T07:00,15.9,20.7,14.2,3.2,215.0
2026-05-23T08:00,14.8,22.2,10.0,3.8,233.0
2026-05-23T09:00,13.0,23.1,6.9,4.0,217.0
2026-05-23T10:00,11.7,21.4,4.4,4.0,183.0
2026-05-23T11:00,11.0,19.6,2.5,3.9,156.0
2026-05-23T12:00,9.5,16.6,1.5,3.6,146.0
2026-05-23T13:00,8.0,13.7,1.3,3.1,144.0
2026-05-23T14:00,7.5,12.5,1.3,2.8,143.0
2026-05-23T15:00,7.2,12.1,1.4,2.7,141.0
2026-05-23T16:00,7.1,12.0,1.8,2.7,140.0
2026-05-23T17:00,4.4,6.0,3.5,3.1,144.0
2026-05-23T18:00,6.2,7.5,3.9,2.8,156.0
2026-05-23T19:00,5.2,6.2,4.5,2.3,173.0
2026-05-23T20:00,4.8,5.8,5.2,2.0,182.0
2026-05-23T21:00,5.0,6.5,6.0,2.0,177.0
2026-05-23T22:00,5.6,7.3,6.9,2.1,165.0
2026-05-23T23:00,6.2,7.9,8.3,2.2,154.0
2026-05-24T00:00,6.9,8.4,10.3,2.3,149.0
2026-05-24T01:00,7.8,9.3,12.8,2.3,145.0
2026-05-24T02:00,8.8,10.3,15.1,2.3,142.0
2026-05-24T03:00,9.6,10.9,17.7,2.2,137.0
2026-05-24T04:00,10.0,11.1,20.2,2.1,132.0
2026-05-24T05:00,8.0,9.7,14.7,2.2,131.0
2026-05-24T06:00,8.6,10.2,13.2,2.6,140.0
2026-05-24T07:00,9.5,11.1,11.1,3.1,153.0
2026-05-24T08:00,7.8,11.1,8.9,3.5,160.0
2026-05-24T09:00,6.3,10.5,6.6,3.5,156.0
2026-05-24T10:00,5.6,10.0,4.3,3.4,146.0
2026-05-24T11:00,5.5,10.2,2.6,3.3,139.0
2026-05-24T12:00,5.9,10.7,1.8,3.2,137.0
2026-05-24T13:00,6.3,11.1,1.5,3.2,137.0
2026-05-24T14:00,6.3,11.2,1.5,3.1,138.0
2026-05-24T15:00,6.4,11.5,1.5,3.1,136.0
2026-05-24T16:00,6.6,11.7,1.8,3.1,136.0
2026-05-24T17:00,12.7,24.9,2.5,2.3,142.0
2026-05-24T18:00,12.9,23.3,3.7,2.6,164.0
2026-05-24T19:00,14.2,23.1,5.5,3.0,194.0
2026-05-24T20:00,16.1,28.5,7.4,3.6,213.0
2026-05-24T21:00,18.9,31.1,9.1,4.4,214.0
2026-05-24T22:00,19.7,32.4,10.9,5.4,205.0
2026-05-24T23:00,21.4,34.2,13.2,5.9,194.0
2026-05-25T00:00,24.4,36.4,16.5,5.8,183.0
2026-05-25T01:00,26.4,36.3,20.2,5.3,169.0
2026-05-25T02:00,27.1,35.4,22.9,4.7,160.0
2026-05-25T03:00,27.4,34.2,24.4,3.9,157.0
2026-05-25T04:00,27.1,32.9,24.8,3.0,158.0
2026-05-25T05:00,27.2,32.9,24.8,2.6,160.0
2026-05-25T06:00,26.3,31.0,20.0,3.4,165.0
2026-05-25T07:00,25.0,29.3,13.3,4.5,170.0
2026-05-25T08:00,17.1,25.8,7.8,5.0,171.0
2026-05-25T09:00,13.6,23.4,4.7,4.4,161.0
2026-05-25T10:00,12.1,20.8,2.8,3.2,147.0
2026-05-25T11:00,11.0,18.1,1.5,2.2,136.0
2026-05-25T12:00,10.2,16.5,0.9,1.8,133.0
2026-05-25T13:00,9.5,15.3,0.9,1.7,133.0
2026-05-25T14:00,9.1,14.5,1.1,1.7,135.0
2026-05-25T15:00,8.7,14.0,0.5,1.6,133.0
2026-05-25T16:00,8.4,13.5,0.1,1.7,132.0
2026-05-25T17:00,8.3,12.8,1.9,2.2,143.0
2026-05-25T18:00,10.2,13.7,6.4,3.1,175.0
2026-05-25T19:00,13.2,16.4,12.7,4.3,219.0
2026-05-25T20:00,17.9,21.4,19.0,5.3,258.0
2026-05-25T21:00,22.4,25.9,25.3,5.9,292.0
2026-05-25T22:00,26.4,30.2,31.6,6.2,321.0
2026-05-25T23:00,29.3,32.6,35.5,6.1,326.0
2026-05-26T00:00,29.7,31.9,35.5,5.3,289.0
2026-05-26T01:00,27.3,29.0,33.1,4.0,227.0
2026-05-26T02:00,24.2,25.7,30.4,3.0,178.0
2026-05-26T03:00,21.1,22.6,28.1,2.5,153.0
2026-05-26T04:00,18.8,20.2,25.5,2.2,140.0
2026-05-26T05:00,17.2,18.6,23.3,2.4,138.0
2026-05-26T06:00,16.7,18.1,20.1,2.9,155.0
2026-05-26T07:00,14.2,15.9,15.5,3.6,183.0
2026-05-26T08:00,13.9,16.2,11.2,4.0,198.0
2026-05-26T09:00,11.4,15.4,7.6,4.1,188.0
2026-05-26T10:00,10.5,14.8,4.4,3.9,165.0
2026-05-26T11:00,10.1,15.1,2.1,3.6,147.0
2026-05-26T12:00,9.3,15.4,1.0,3.0,138.0
2026-05-26T13:00,8.0,15.7,0.9,2.1,133.0
2026-05-26T14:00,7.9,17.7,1.1,1.6,133.0
2026-05-26T15:00,8.3,20.0,1.3,1.5,139.0
2026-05-26T16:00,8.8,21.9,1.9,1.8,149.0
2026-05-26T17:00,7.9,21.0,2.0,2.1,161.0
2026-05-26T18:00,9.0,19.6,3.2,2.3,178.0
2026-05-26T19:00,11.4,20.8,5.0,2.7,197.0
2026-05-26T20:00,10.6,22.4,6.7,3.0,208.0
2026-05-26T21:00,11.2,24.4,8.4,3.3,204.0
2026-05-26T22:00,12.9,26.0,10.2,3.5,191.0
2026-05-26T23:00,13.1,25.0,11.1,3.5,179.0
2026-05-27T00:00,12.8,26.6,10.5,3.1,172.0
2026-05-27T01:00,12.3,25.2,9.2,2.4,165.0
2026-05-27T02:00,11.5,22.9,8.6,1.9,158.0
2026-05-27T03:00,10.6,20.7,9.8,1.7,148.0
2026-05-27T04:00,9.9,18.9,11.7,1.6,137.0
2026-05-27T05:00,6.0,9.7,11.4,1.8,133.0
2026-05-27T06:00,5.3,9.2,9.9,2.0,141.0
2026-05-27T07:00,5.6,9.8,7.7,2.2,156.0
2026-05-27T08:00,7.1,13.9,5.8,2.3,164.0
2026-05-27T09:00,7.7,20.3,4.3,2.3,158.0
2026-05-27T10:00,8.1,24.1,2.9,2.2,145.0
2026-05-27T11:00,9.1,29.5,1.9,2.2,135.0
2026-05-27T12:00,10.5,36.0,1.4,2.2,133.0
2026-05-27T13:00,10.9,36.1,1.2,2.3,135.0
2026-05-27T14:00,11.0,34.3,1.3,2.3,137.0
2026-05-27T15:00,10.7,31.3,1.5,2.3,136.0
2026-05-27T16:00,10.9,30.9,1.9,2.2,135.0
2026-05-27T17:00,8.1,14.4,3.3,2.2,139.0
2026-05-27T18:00,7.8,13.1,3.6,2.2,153.0
2026-05-27T19:00,8.1,14.7,4.0,2.3,172.0
2026-05-27T20:00,9.1,17.6,4.6,2.3,182.0
2026-05-27T21:00,9.6,19.0,5.4,2.3,175.0
2026-05-27T22:00,9.8,18.8,6.3,2.3,160.0
2026-05-27T23:00,9.9,19.4,7.0,2.2,147.0
2026-05-28T00:00,10.0,20.1,7.3,2.1,141.0
2026-05-28T01:00,9.9,21.1,7.3,1.9,138.0
2026-05-28T02:00,10.0,24.6,7.6,1.8,135.0
2026-05-28T03:00,10.7,31.5,8.5,1.8,130.0
2026-05-28T04:00,11.5,35.9,9.5,1.8,125.0
2026-05-28T05:00,11.4,36.6,8.4,1.8,127.0
2026-05-28T06:00,12.4,45.1,7.5,2.0,142.0
2026-05-28T07:00,13.9,53.2,6.2,2.3,164.0
2026-05-28T08:00,15.7,66.6,4.9,2.5,175.0
2026-05-28T09:00,13.1,59.5,3.6,2.3,165.0
2026-05-28T10:00,10.2,41.7,2.2,2.0,144.0
2026-05-28T11:00,9.1,33.1,1.2,1.8,128.0
2026-05-28T12:00,8.8,29.5,0.8,1.7,125.0
2026-05-28T13:00,8.8,27.8,0.9,1.8,126.0
2026-05-28T14:00,8.8,27.0,1.0,1.8,129.0
2026-05-28T15:00,9.1,27.0,0.9,1.8,130.0
2026-05-28T16:00,9.4,27.1,0.8,1.9,131.0
2026-05-28T17:00,10.9,31.8,1.6,2.1,137.0
2026-05-28T18:00,11.2,30.2,3.5,2.6,150.0
2026-05-28T19:00,12.6,28.3,6.3,3.3,168.0
2026-05-28T20:00,14.8,30.5,10.4,4.0,189.0
2026-05-28T21:00,17.9,33.5,16.9,4.8,219.0
2026-05-28T22:00,21.7,37.1,24.6,5.5,252.0
2026-05-28T23:00,24.4,38.9,30.4,5.8,264.0
2026-05-29T00:00,24.7,36.1,32.9,5.3,237.0
2026-05-29T01:00,22.9,30.9,33.4,4.2,188.0
2026-05-29T02:00,20.3,26.5,32.8,3.4,151.0
2026-05-29T03:00,17.6,23.0,31.0,2.9,135.0
2026-05-29T04:00,15.4,20.3,28.2,2.6,131.0
2026-05-29T05:00,13.4,19.0,23.9,3.3,135.0
2026-05-29T06:00,12.3,17.3,21.0,3.7,156.0
2026-05-29T07:00,12.7,17.5,16.9,4.1,186.0
2026-05-29T08:00,14.2,21.8,12.8,4.5,201.0
2026-05-29T09:00,14.2,28.6,8.9,4.6,186.0
2026-05-29T10:00,13.4,28.1,5.1,4.6,157.0
2026-05-29T11:00,11.8,25.3,2.3,4.5,135.0
2026-05-29T12:00,10.3,22.7,1.2,4.1,129.0
2026-05-29T13:00,9.7,21.5,1.2,3.5,130.0
2026-05-29T14:00,9.2,20.3,1.3,3.1,132.0
2026-05-29T15:00,8.7,19.1,0.9,3.0,133.0
2026-05-29T16:00,8.3,18.0,0.7,3.0,134.0
2026-05-29T17:00,3.2,6.4,1.8,3.2,141.0
2026-05-29T18:00,3.5,6.0,4.6,4.0,153.0
2026-05-29T19:00,5.8,7.9,8.7,5.1,169.0
2026-05-29T20:00,9.4,11.7,13.7,6.1,193.0
2026-05-29T21:00,13.8,16.1,20.4,7.1,235.0
2026-05-29T22:00,17.5,19.7,28.0,8.1,285.0
2026-05-29T23:00,19.4,21.6,33.6,8.5,311.0
2026-05-30T00:00,19.8,21.8,35.8,7.8,294.0
2026-05-30T01:00,19.3,21.0,35.9,6.4,253.0
2026-05-30T02:00,17.9,19.3,35.1,5.2,215.0
2026-05-30T03:00,16.3,17.5,33.9,4.5,183.0
2026-05-30T04:00,14.8,15.9,31.8,3.9,153.0
2026-05-30T05:00,13.5,14.4,29.1,3.9,140.0
2026-05-30T06:00,12.3,13.4,24.6,4.2,160.0
2026-05-30T07:00,11.3,12.7,18.3,4.7,196.0
2026-05-30T08:00,11.7,13.6,12.7,4.9,217.0
2026-05-30T09:00,9.3,13.2,8.4,4.8,205.0
2026-05-30T10:00,7.7,12.3,4.7,4.5,178.0
2026-05-30T11:00,7.0,12.5,2.1,4.1,155.0
2026-05-30T12:00,6.9,13.9,1.0,3.4,144.0
2026-05-30T13:00,7.0,14.4,1.0,2.6,139.0
2026-05-30T14:00,6.5,13.5,1.2,2.0,135.0
2026-05-30T15:00,6.0,12.2,0.7,1.7,128.0
2026-05-30T16:00,5.6,11.2,0.5,1.7,123.0
2026-05-30T17:00,6.0,12.3,1.9,1.9,136.0
2026-05-30T18:00,6.0,11.8,5.7,2.6,185.0
2026-05-30T19:00,9.5,14.9,11.0,3.6,252.0
2026-05-30T20:00,12.3,17.9,15.7,4.4,303.0
2026-05-30T21:00,14.4,19.8,19.0,4.8,326.0
2026-05-30T22:00,15.1,20.3,21.7,5.0,332.0
2026-05-30T23:00,16.1,20.8,23.9,4.9,322.0
2026-05-31T00:00,16.8,20.8,25.9,4.4,287.0
2026-05-31T01:00,16.9,20.1,27.6,3.7,236.0
2026-05-31T02:00,16.1,18.6,28.1,3.2,192.0
2026-05-31T03:00,14.5,16.7,27.3,3.0,161.0
2026-05-31T04:00,12.7,15.0,25.4,2.9,137.0
2026-05-31T05:00,13.8,15.8,29.1,2.6,125.0
2026-05-31T06:00,12.0,14.1,24.2,3.0,134.0
2026-05-31T07:00,11.7,13.8,17.3,3.5,156.0
2026-05-31T08:00,12.3,15.3,11.4,3.8,168.0
2026-05-31T09:00,11.5,17.3,7.3,3.8,160.0
2026-05-31T10:00,10.8,19.3,4.1,3.7,142.0
2026-05-31T11:00,10.3,20.5,1.9,3.5,129.0
2026-05-31T12:00,9.9,21.4,1.0,3.2,127.0
2026-05-31T13:00,9.5,21.1,1.2,2.9,130.0
2026-05-31T14:00,9.1,20.9,1.5,2.7,132.0
2026-05-31T15:00,9.2,21.5,1.2,2.7,129.0
2026-05-31T16:00,9.3,21.8,1.0,2.8,125.0
2026-05-31T17:00,2.0,3.3,2.2,3.4,126.0
2026-05-31T18:00,2.9,4.3,6.3,4.1,138.0
2026-05-31T19:00,6.4,7.8,12.0,5.2,156.0
2026-05-31T20:00,10.7,11.9,17.4,6.0,169.0
2026-05-31T21:00,14.1,15.1,22.0,6.6,172.0
2026-05-31T22:00,16.2,16.9,26.3,7.0,171.0
2026-05-31T23:00,16.9,17.6,28.9,7.0,169.0
2026-06-01T00:00,16.1,16.6,29.1,6.3,171.0
2026-06-01T01:00,14.6,15.4,27.6,5.3,173.0
2026-06-01T02:00,12.9,14.5,25.8,4.4,170.0
2026-06-01T03:00,10.4,12.3,24.0,4.0,154.0
2026-06-01T04:00,8.6,10.7,21.8,3.8,132.0
2026-06-01T05:00,8.4,10.8,18.2,3.7,121.0
2026-06-01T06:00,8.1,10.8,16.4,3.8,133.0
2026-06-01T07:00,9.1,12.0,13.8,3.8,156.0
2026-06-01T08:00,10.9,14.5,11.0,3.9,170.0
2026-06-01T09:00,11.0,17.6,7.9,3.9,166.0
2026-06-01T10:00,11.5,22.6,4.6,3.9,154.0
2026-06-01T11:00,12.5,28.8,2.3,3.9,143.0
2026-06-01T12:00,12.9,33.2,1.5,3.9,138.0
2026-06-01T13:00,12.8,35.9,1.7,3.8,134.0
2026-06-01T14:00,13.6,37.8,1.9,3.7,132.0
2026-06-01T15:00,14.3,38.0,1.6,3.5,130.0
2026-06-01T16:00,14.7,39.1,1.3,3.4,130.0
2026-06-01T17:00,20.8,56.9,2.9,3.9,133.0
2026-06-01T18:00,21.1,51.5,4.5,3.9,144.0
2026-06-01T19:00,22.0,50.3,6.8,4.0,158.0
2026-06-01T20:00,22.6,52.0,9.0,4.0,167.0
2026-06-01T21:00,22.9,52.6,10.8,4.0,165.0
2026-06-01T22:00,23.6,54.1,12.5,4.0,158.0
2026-06-01T23:00,24.0,55.2,14.2,4.0,156.0
2026-06-02T00:00,24.3,56.8,16.0,3.9,166.0
2026-06-02T01:00,24.7,58.3,17.6,3.7,181.0
2026-06-02T02:00,24.7,55.2,18.8,3.6,187.0
2026-06-02T03:00,23.0,42.8,19.4,3.5,175.0
2026-06-02T04:00,20.4,35.3,19.4,3.4,156.0
2026-06-02T05:00,20.0,30.2,22.2,3.0,145.0
2026-06-02T06:00,18.7,27.6,20.0,3.5,154.0
2026-06-02T07:00,19.0,27.1,16.7,4.1,172.0
2026-06-02T08:00,21.5,34.9,13.3,4.7,183.0
2026-06-02T09:00,23.0,48.5,9.5,5.2,178.0
2026-06-02T10:00,23.2,51.1,5.5,5.5,167.0
2026-06-02T11:00,22.2,48.2,2.6,5.6,158.0
2026-06-02T12:00,20.5,44.9,1.5,5.1,156.0
2026-06-02T13:00,20.7,45.8,1.5,4.4,157.0
2026-06-02T14:00,21.0,46.7,1.7,3.9,159.0
2026-06-02T15:00,20.3,43.4,1.7,4.0,161.0
2026-06-02T16:00,19.4,42.0,1.9,4.3,163.0
2026-06-02T17:00,21.8,52.7,3.0,4.1,167.0
2026-06-02T18:00,24.3,54.4,4.7,4.5,175.0
2026-06-02T19:00,25.4,51.0,7.2,5.0,184.0
2026-06-02T20:00,26.3,46.9,9.6,5.4,189.0
2026-06-02T21:00,27.6,48.9,11.7,5.6,184.0
2026-06-02T22:00,29.0,52.3,13.9,5.6,175.0
2026-06-02T23:00,30.2,54.5,16.2,5.5,168.0
2026-06-03T00:00,31.4,56.9,19.0,5.3,168.0
2026-06-03T01:00,32.4,57.2,22.0,4.9,170.0
2026-06-03T02:00,32.9,54.6,24.3,4.5,172.0
2026-06-03T03:00,33.6,51.9,25.9,3.9,170.0
2026-06-03T04:00,33.8,49.9,26.7,3.2,167.0
2026-06-03T05:00,36.1,59.8,41.8,6.8,168.0
2026-06-03T06:00,33.6,54.5,34.3,7.5,177.0
2026-06-03T07:00,30.6,44.7,23.8,8.4,189.0
2026-06-03T08:00,29.5,50.5,15.0,9.0,193.0
2026-06-03T09:00,26.1,46.6,9.5,8.9,180.0
2026-06-03T10:00,23.0,41.7,5.7,8.5,158.0
2026-06-03T11:00,19.4,36.4,3.0,7.7,140.0
2026-06-03T12:00,11.8,23.5,1.6,6.4,132.0
2026-06-03T13:00,8.6,17.3,1.3,4.8,130.0
2026-06-03T14:00,7.3,14.8,1.3,3.5,128.0
2026-06-03T15:00,6.5,13.4,0.9,2.9,126.0
2026-06-03T16:00,5.9,12.5,0.8,2.7,125.0
2026-06-03T17:00,3.1,6.4,1.5,2.5,129.0
2026-06-03T18:00,3.3,6.7,3.5,2.8,137.0
2026-06-03T19:00,6.1,9.5,6.4,3.2,150.0
2026-06-03T20:00,7.1,11.0,8.9,3.6,170.0
2026-06-03T21:00,7.2,11.6,10.1,3.9,210.0
2026-06-03T22:00,7.9,12.2,11.0,4.0,257.0
2026-06-03T23:00,9.2,13.2,12.9,4.2,283.0
2026-06-04T00:00,11.2,14.8,17.4,4.4,266.0
2026-06-04T01:00,12.7,16.2,22.9,4.5,227.0
2026-06-04T02:00,13.3,16.8,26.6,4.4,196.0
2026-06-04T03:00,12.9,16.2,27.3,3.9,185.0
2026-06-04T04:00,12.7,16.4,26.2,3.3,182.0
2026-06-04T05:00,12.6,17.9,20.3,5.0,178.0
2026-06-04T06:00,14.1,22.1,17.1,5.2,171.0
2026-06-04T07:00,16.5,27.2,12.6,5.5,164.0
2026-06-04T08:00,19.0,37.0,8.8,5.7,157.0
2026-06-04T09:00,20.6,42.0,6.4,5.8,148.0
2026-06-04T10:00,20.8,43.2,4.6,5.9,139.0
2026-06-04T11:00,20.1,42.6,3.2,5.7,133.0
2026-06-04T12:00,20.0,43.8,2.2,5.1,131.0
2026-06-04T13:00,19.9,45.2,1.7,4.2,133.0
2026-06-04T14:00,20.1,47.4,1.5,3.6,134.0
2026-06-04T15:00,19.8,47.0,1.2,3.6,132.0
2026-06-04T16:00,18.3,41.9,1.2,3.8,131.0
2026-06-04T17:00,17.3,48.5,1.7,2.1,136.0
2026-06-04T18:00,17.3,48.5,5.7,2.7,154.0
2026-06-04T19:00,19.6,49.0,11.5,3.7,180.0
2026-06-04T20:00,24.2,53.7,17.2,4.6,200.0
2026-06-04T21:00,28.0,56.9,22.9,5.6,211.0
2026-06-04T22:00,30.0,58.1,28.6,6.7,218.0
2026-06-04T23:00,31.0,56.6,32.6,7.2,218.0
2026-06-05T00:00,30.9,53.2,33.9,6.7,209.0
2026-06-05T01:00,29.7,48.8,33.5,5.7,195.0
2026-06-05T02:00,28.1,43.9,32.3,4.9,182.0
2026-06-05T03:00,25.9,38.5,30.4,4.5,172.0
2026-06-05T04:00,23.8,35.0,27.7,4.4,164.0
2026-06-05T05:00,21.1,28.9,24.3,5.1,162.0
2026-06-05T06:00,20.1,27.0,21.5,5.5,174.0
2026-06-05T07:00,19.6,26.1,17.6,6.1,193.0
2026-06-05T08:00,21.0,31.9,13.9,6.8,201.0
2026-06-05T09:00,22.4,40.4,10.7,8.1,188.0
2026-06-05T10:00,23.3,44.2,7.7,9.5,163.0
2026-06-05T11:00,23.2,47.0,5.2,9.9,143.0
2026-06-05T12:00,23.9,54.2,3.4,8.4,132.0
2026-06-05T13:00,23.7,65.9,2.1,6.0,124.0
2026-06-05T14:00,22.5,75.9,1.3,3.9,120.0
2026-06-05T15:00,22.1,81.0,0.6,2.7,119.0
2026-06-05T16:00,21.9,82.7,0.4,2.0,120.0
2026-06-05T17:00,23.6,89.9,1.4,1.5,124.0
2026-06-05T18:00,23.1,81.3,4.6,2.1,130.0
2026-06-05T19:00,24.7,78.7,8.9,3.0,138.0
2026-06-05T20:00,27.2,81.5,12.4,3.8,146.0
2026-06-05T21:00,28.0,78.2,13.9,4.3,155.0
2026-06-05T22:00,27.0,70.3,14.5,4.7,164.0
2026-06-05T23:00,26.1,64.3,15.0,4.9,170.0
2026-06-06T00:00,25.6,60.5,15.6,4.9,169.0
2026-06-06T01:00,25.3,58.2,16.0,4.8,164.0
2026-06-06T02:00,25.4,56.9,16.8,4.7,162.0
2026-06-06T03:00,25.5,54.9,18.6,4.4,168.0
2026-06-06T04:00,25.1,50.5,20.7,4.2,177.0
2026-06-06T05:00,25.1,42.5,22.6,3.8,181.0
2026-06-06T06:00,24.4,38.8,20.0,4.3,175.0
2026-06-06T07:00,25.7,38.2,16.2,5.1,164.0
2026-06-06T08:00,29.5,58.0,12.6,5.8,155.0
2026-06-06T09:00,33.5,77.3,9.2,6.4,150.0
2026-06-06T10:00,35.2,82.2,6.0,7.0,146.0
2026-06-06T11:00,36.1,85.7,3.5,7.1,143.0
2026-06-06T12:00,36.1,89.6,2.2,6.6,141.0
2026-06-06T13:00,32.0,87.1,1.8,5.6,139.0
2026-06-06T14:00,26.3,79.4,1.5,4.7,137.0
2026-06-06T15:00,21.5,71.0,0.9,3.8,134.0
2026-06-06T16:00,18.3,61.7,0.5,2.9,132.0
2026-06-06T17:00,15.5,52.5,1.5,2.3,131.0
2026-06-06T18:00,13.6,42.0,4.3,2.8,132.0
2026-06-06T19:00,14.3,37.8,8.1,3.4,135.0
2026-06-06T20:00,15.7,37.3,10.9,3.9,141.0
2026-06-06T21:00,15.2,33.6,11.4,4.2,153.0
2026-06-06T22:00,13.6,29.7,10.8,4.4,168.0
2026-06-06T23:00,13.0,28.6,10.9,4.4,184.0
2026-06-07T00:00,13.3,29.4,12.7,4.3,205.0
2026-06-07T01:00,14.1,29.3,15.2,4.1,226.0
2026-06-07T02:00,15.0,28.1,17.4,3.8,234.0
2026-06-07T03:00,15.4,25.6,19.2,3.3,217.0
2026-06-07T04:00,15.1,23.2,20.6,2.8,186.0
2026-06-07T05:00,15.5,23.6,21.1,2.9,162.0
2026-06-07T06:00,15.5,23.4,18.6,3.4,156.0
2026-06-07T07:00,16.9,24.9,15.0,4.2,157.0
2026-06-07T08:00,19.6,34.7,11.5,4.8,156.0
2026-06-07T09:00,22.5,49.4,8.2,5.3,150.0
2026-06-07T10:00,23.5,54.0,4.9,5.7,142.0
2026-06-07T11:00,24.0,56.1,2.5,5.7,136.0
2026-06-07T12:00,21.5,51.6,1.5,5.1,133.0
2026-06-07T13:00,18.1,43.7,1.3,4.1,131.0
2026-06-07T14:00,16.5,38.8,1.3,3.4,129.0
2026-06-07T15:00,15.6,35.7,1.0,3.2,125.0
2026-06-07T16:00,15.1,33.9,0.8,3.3,120.0
2026-06-07T17:00,9.7,22.2,1.7,3.0,123.0
2026-06-07T18:00,10.1,22.6,5.8,3.6,138.0
2026-06-07T19:00,13.4,24.3,11.5,4.5,159.0
2026-06-07T20:00,18.0,29.1,17.2,5.3,178.0
2026-06-07T21:00,21.8,32.6,22.7,6.0,192.0
2026-06-07T22:00,24.0,34.0,28.0,6.5,203.0
2026-06-07T23:00,24.2,32.7,31.6,6.6,210.0
2026-06-08T00:00,22.6,29.4,32.4,6.0,214.0
2026-06-08T01:00,20.7,25.8,31.5,4.9,213.0
2026-06-08T02:00,19.2,23.4,30.2,4.0,205.0
2026-06-08T03:00,17.6,21.2,29.0,3.4,180.0
2026-06-08T04:00,15.9,19.3,27.4,3.0,148.0
2026-06-08T05:00,12.3,15.6,21.9,4.0,130.0
2026-06-08T06:00,12.5,16.2,19.8,4.4,142.0
2026-06-08T07:00,13.7,18.0,16.7,5.0,168.0
2026-06-08T08:00,16.1,21.3,13.3,5.3,183.0
2026-06-08T09:00,16.6,28.9,9.4,5.3,172.0
2026-06-08T10:00,15.8,29.0,5.2,5.0,151.0
2026-06-08T11:00,14.2,26.6,2.2,4.6,133.0
2026-06-08T12:00,13.5,26.0,1.1,3.8,126.0
2026-06-08T13:00,12.5,24.9,1.0,2.8,124.0
2026-06-08T14:00,11.8,24.1,1.2,2.0,123.0
2026-06-08T15:00,11.4,23.7,0.9,1.7,122.0
2026-06-08T16:00,11.1,23.5,0.9,1.7,122.0
2026-06-08T17:00,13.3,27.5,2.4,2.3,127.0
2026-06-08T18:00,13.3,26.3,5.1,2.8,137.0
2026-06-08T19:00,15.1,25.7,9.0,3.4,151.0
2026-06-08T20:00,16.5,26.7,12.5,3.9,170.0
2026-06-08T21:00,17.1,27.0,15.2,4.1,201.0
2026-06-08T22:00,17.3,26.5,17.7,4.2,236.0
2026-06-08T23:00,17.8,26.8,19.7,4.1,257.0
2026-06-09T00:00,18.6,27.5,21.3,3.8,254.0
2026-06-09T01:00,18.4,26.7,22.6,3.3,236.0
2026-06-09T02:00,17.1,25.2,23.3,2.8,214.0
2026-06-09T03:00,15.8,24.2,23.5,2.4,186.0
2026-06-09T04:00,14.4,21.9,23.1,2.1,154.0
2026-06-09T05:00,17.2,25.0,27.3,2.6,137.0
2026-06-09T06:00,15.8,24.5,23.0,2.8,151.0
2026-06-09T07:00,16.5,27.6,16.9,3.0,179.0
2026-06-09T08:00,18.6,37.3,11.5,3.2,195.0
2026-06-09T09:00,21.8,60.3,7.7,3.5,183.0
2026-06-09T10:00,24.7,75.9,4.6,3.7,158.0
2026-06-09T11:00,26.4,81.3,2.4,3.9,139.0
2026-06-09T12:00,26.3,77.3,1.4,4.0,133.0
2026-06-09T13:00,25.6,71.2,1.3,3.9,133.0
2026-06-09T14:00,24.3,66.4,1.4,3.8,133.0
2026-06-09T15:00,23.3,62.2,1.0,3.4,130.0
2026-06-09T16:00,22.4,59.1,0.8,2.9,127.0
2026-06-09T17:00,26.2,67.5,1.8,3.0,126.0
2026-06-09T18:00,25.9,66.1,4.8,3.5,125.0
2026-06-09T19:00,27.0,64.3,9.2,4.2,127.0
2026-06-09T20:00,30.4,67.1,13.9,4.9,135.0
2026-06-09T21:00,33.1,68.9,19.1,5.7,158.0
2026-06-09T22:00,35.5,70.5,24.5,6.4,187.0
2026-06-09T23:00,37.4,68.9,28.5,6.8,209.0
2026-06-10T00:00,36.9,64.7,30.1,6.5,217.0
2026-06-10T01:00,35.0,58.7,30.1,5.9,217.0
2026-06-10T02:00,32.2,51.1,29.8,5.2,210.0
2026-06-10T03:00,29.2,43.8,29.7,4.5,192.0
2026-06-10T04:00,26.8,39.0,29.2,3.9,168.0
2026-06-10T05:00,33.6,54.2,36.3,4.4,151.0
2026-06-10T06:00,30.9,48.1,29.3,4.7,151.0
2026-06-10T07:00,29.0,42.6,19.5,5.1,159.0
2026-06-10T08:00,28.6,56.0,11.5,5.4,164.0
2026-06-10T09:00,25.1,51.9,7.1,5.3,160.0
2026-06-10T10:00,22.6,47.0,4.6,5.1,152.0
2026-06-10T11:00,21.1,44.4,2.8,4.8,145.0
2026-06-10T12:00,20.5,43.9,1.7,4.4,138.0
2026-06-10T13:00,20.4,46.0,1.4,4.0,132.0
2026-06-10T14:00,21.2,49.0,1.4,3.6,129.0
2026-06-10T15:00,21.1,48.0,1.3,3.4,130.0
2026-06-10T16:00,21.0,46.9,1.4,3.3,135.0
2026-06-10T17:00,35.7,85.9,1.6,3.0,143.0
2026-06-10T18:00,29.6,69.4,3.6,3.1,152.0
2026-06-10T19:00,25.1,57.2,6.5,3.2,166.0
2026-06-10T20:00,24.5,53.0,8.9,3.4,193.0
2026-06-10T21:00,25.2,51.8,10.6,3.8,256.0
2026-06-10T22:00,25.3,50.2,12.0,4.3,334.0
2026-06-10T23:00,23.0,45.2,12.4,4.6,367.0
2026-06-11T00:00,19.2,40.3,11.2,4.5,315.0
2026-06-11T01:00,16.8,41.1,9.1,4.1,220.0
2026-06-11T02:00,17.3,45.4,7.9,4.3,148.0
2026-06-11T03:00,19.3,49.0,8.6,5.3,127.0
2026-06-11T04:00,21.4,50.9,10.1,6.8,129.0
2026-06-11T05:00,25.0,48.2,14.5,8.8,137.0
2026-06-11T06:00,25.1,46.2,13.3,9.4,150.0
2026-06-11T07:00,25.1,41.0,11.6,10.1,168.0
2026-06-11T08:00,26.0,51.8,9.5,9.9,175.0
2026-06-11T09:00,24.7,65.9,6.7,7.8,160.0
2026-06-11T10:00,19.2,75.0,3.6,4.9,134.0
2026-06-11T11:00,16.4,69.2,1.4,2.6,115.0
2026-06-11T12:00,14.2,61.5,0.7,1.9,110.0
2026-06-11T13:00,12.7,53.3,0.8,1.8,111.0
2026-06-11T14:00,11.6,46.0,1.0,1.9,113.0
2026-06-11T15:00,10.5,39.3,0.7,1.7,115.0
2026-06-11T16:00,9.7,34.2,0.5,1.7,118.0
2026-06-11T17:00,5.6,17.9,1.5,1.9,122.0
2026-06-11T18:00,4.9,14.5,5.4,2.5,129.0
2026-06-11T19:00,6.7,15.1,10.9,3.4,138.0
2026-06-11T20:00,11.7,20.2,15.6,4.2,143.0
2026-06-11T21:00,16.2,24.4,18.7,4.8,143.0
2026-06-11T22:00,17.4,24.9,21.0,5.4,140.0
2026-06-11T23:00,14.6,20.7,22.2,5.7,137.0
2026-06-12T00:00,12.0,16.4,21.6,5.7,137.0
2026-06-12T01:00,10.5,13.6,20.0,5.4,137.0
2026-06-12T02:00,9.5,11.8,19.0,5.1,137.0
2026-06-12T03:00,8.7,10.6,20.0,4.8,135.0
2026-06-12T04:00,7.9,9.5,21.6,4.4,134.0
2026-06-12T05:00,6.6,7.4,21.9,4.1,138.0
2026-06-12T06:00,6.5,7.6,19.5,4.6,155.0
2026-06-12T07:00,7.6,8.9,16.1,5.3,178.0
2026-06-12T08:00,8.7,11.2,12.5,5.5,188.0
2026-06-12T09:00,8.6,22.2,8.6,4.8,171.0
2026-06-12T10:00,10.3,37.0,4.5,3.7,141.0
2026-06-12T11:00,10.4,40.5,1.6,2.8,119.0
2026-06-12T12:00,9.9,37.6,0.6,2.5,113.0
2026-06-12T13:00,9.5,35.2,0.8,2.3,115.0
2026-06-12T14:00,9.4,33.8,1.1,2.3,117.0
2026-06-12T15:00,9.4,33.1,0.6,2.2,117.0
2026-06-12T16:00,9.5,32.7,0.2,2.1,118.0
2026-06-12T17:00,7.0,22.8,1.7,2.3,121.0
2026-06-12T18:00,7.5,22.8,5.0,2.8,128.0
2026-06-12T19:00,8.6,23.7,9.7,3.6,137.0
2026-06-12T20:00,13.0,28.0,13.5,4.4,144.0
2026-06-12T21:00,17.1,31.3,15.6,5.2,148.0
2026-06-12T22:00,17.0,29.2,17.0,6.1,150.0
2026-06-12T23:00,15.0,25.2,18.1,6.6,151.0
2026-06-13T00:00,14.1,23.5,19.2,6.7,151.0
2026-06-13T01:00,14.0,23.1,20.0,6.5,151.0
2026-06-13T02:00,13.9,21.9,21.0,6.2,150.0
2026-06-13T03:00,13.2,19.4,22.8,5.6,148.0
2026-06-13T04:00,12.1,16.8,24.7,4.7,147.0
2026-06-13T05:00,10.5,14.3,23.7,4.2,150.0
2026-06-13T06:00,10.0,13.8,20.9,4.7,163.0
2026-06-13T07:00,10.4,14.3,16.8,5.3,181.0
2026-06-13T08:00,11.8,17.8,12.8,5.6,189.0
2026-06-13T09:00,11.9,23.3,8.9,5.4,179.0
2026-06-13T10:00,11.1,23.1,5.1,5.0,160.0
2026-06-13T11:00,10.0,21.8,2.3,4.4,143.0
2026-06-13T12:00,9.2,21.6,1.2,3.7,133.0
2026-06-13T13:00,8.8,21.3,1.2,2.9,126.0
2026-06-13T14:00,8.5,20.6,1.3,2.4,121.0
2026-06-13T15:00,8.2,19.8,1.0,2.2,117.0
2026-06-13T16:00,7.9,19.0,0.9,2.3,115.0
2026-06-13T17:00,4.0,8.7,1.7,2.3,119.0
2026-06-13T18:00,4.0,8.4,4.1,2.7,128.0
2026-06-13T19:00,4.8,8.8,7.7,3.3,143.0
2026-06-13T20:00,8.2,11.9,11.9,3.9,174.0
2026-06-13T21:00,12.5,16.1,17.1,4.6,244.0
2026-06-13T22:00,15.5,18.7,22.9,5.3,329.0
2026-06-13T23:00,16.4,19.3,27.6,5.7,368.0
2026-06-14T00:00,17.1,19.8,30.6,5.4,317.0
2026-06-14T01:00,17.5,19.7,32.4,4.7,220.0
2026-06-14T02:00,16.8,18.5,33.0,4.1,146.0
2026-06-14T03:00,15.2,16.5,32.3,3.6,122.0
2026-06-14T04:00,13.0,14.2,30.5,3.1,121.0
2026-06-14T05:00,9.8,10.5,26.9,2.8,127.0
2026-06-14T06:00,9.0,9.9,23.4,3.1,139.0
2026-06-14T07:00,8.8,9.8,18.5,3.5,159.0
2026-06-14T08:00,9.8,11.2,13.8,3.8,168.0
2026-06-14T09:00,8.2,12.3,9.4,3.8,158.0
2026-06-14T10:00,8.3,15.6,5.2,3.8,137.0
2026-06-14T11:00,8.7,18.4,2.2,3.5,122.0
2026-06-14T12:00,7.6,17.0,1.0,3.0,117.0
2026-06-14T13:00,6.5,15.0,1.0,2.3,117.0
2026-06-14T14:00,6.0,13.9,1.1,1.8,118.0
2026-06-14T15:00,5.6,13.1,0.9,1.7,116.0
2026-06-14T16:00,5.5,12.8,0.9,1.7,115.0
2026-06-14T17:00,8.6,21.5,1.6,1.9,118.0
2026-06-14T18:00,8.9,20.4,3.1,2.1,126.0
2026-06-14T19:00,9.8,19.1,5.4,2.5,138.0
2026-06-14T20:00,10.5,20.4,7.7,2.8,153.0
2026-06-14T21:00,11.6,22.3,10.2,3.1,175.0
2026-06-14T22:00,13.2,23.6,12.8,3.3,200.0
2026-06-14T23:00,14.3,22.8,14.8,3.4,211.0
2026-06-15T00:00,14.8,21.7,16.0,3.2,198.0
2026-06-15T01:00,14.1,20.8,16.6,2.8,172.0
2026-06-15T02:00,13.2,19.9,17.1,2.5,150.0
2026-06-15T03:00,12.4,18.9,18.0,2.3,136.0
2026-06-15T04:00,11.7,17.9,18.7,2.2,126.0
2026-06-15T05:00,11.2,15.8,19.3,2.4,125.0
2026-06-15T06:00,10.6,15.0,17.4,2.7,143.0
2026-06-15T07:00,10.8,15.1,14.6,3.2,169.0
2026-06-15T08:00,12.8,17.2,11.6,3.5,183.0
2026-06-15T09:00,12.2,22.5,8.2,3.4,169.0
2026-06-15T10:00,13.5,30.3,4.5,3.2,142.0
2026-06-15T11:00,14.6,34.5,1.9,2.9,121.0
2026-06-15T12:00,14.7,35.6,1.0,2.6,115.0
2026-06-15T13:00,13.8,33.5,1.1,2.4,116.0
2026-06-15T14:00,13.0,31.4,1.3,2.2,118.0
2026-06-15T15:00,12.5,29.6,1.1,2.1,120.0
2026-06-15T16:00,12.3,29.6,1.1,2.0,123.0
2026-06-15T17:00,16.1,30.6,1.8,2.1,129.0
2026-06-15T18:00,16.0,29.1,3.0,2.6,135.0
2026-06-15T19:00,16.9,28.6,4.9,3.4,144.0
2026-06-15T20:00,18.3,29.0,7.8,4.1,168.0
2026-06-15T21:00,20.1,29.9,12.8,4.7,231.0
2026-06-15T22:00,22.6,32.0,18.8,5.1,310.0
2026-06-15T23:00,25.0,33.4,23.4,5.3,346.0
2026-06-16T00:00,25.7,32.7,25.5,4.9,300.0
2026-06-16T01:00,24.9,31.2,26.1,4.2,211.0
2026-06-16T02:00,23.3,29.7,26.0,3.7,143.0
2026-06-16T03:00,21.5,28.3,25.2,3.5,119.0
2026-06-16T04:00,19.9,27.1,23.7,3.4,116.0
2026-06-16T05:00,17.4,27.4,15.2,5.5,121.0
2026-06-16T06:00,18.2,27.2,14.3,5.8,138.0
2026-06-16T07:00,19.6,27.8,13.0,6.2,164.0
2026-06-16T08:00,21.1,33.1,11.1,6.2,178.0
2026-06-16T09:00,21.9,42.1,8.2,5.6,169.0
2026-06-16T10:00,21.2,46.8,4.7,4.8,149.0
2026-06-16T11:00,17.6,40.7,2.1,4.0,132.0
2026-06-16T12:00,13.0,30.3,1.2,3.5,124.0
2026-06-16T13:00,10.1,23.6,1.2,3.0,119.0
2026-06-16T14:00,8.5,19.7,1.3,2.7,116.0
2026-06-16T15:00,7.6,17.8,0.8,2.5,116.0
2026-06-16T16:00,7.5,17.5,0.4,2.3,118.0
2026-06-16T17:00,12.1,29.2,1.7,2.3,122.0
2026-06-16T18:00,12.6,29.5,6.0,2.8,123.0
2026-06-16T19:00,14.6,30.5,12.0,3.6,126.0
2026-06-16T20:00,19.6,34.8,17.3,4.4,143.0
2026-06-16T21:00,22.6,36.2,21.4,5.2,191.0
2026-06-16T22:00,26.1,39.1,24.9,6.0,253.0
2026-06-16T23:00,24.8,37.4,27.0,6.5,295.0
2026-06-17T00:00,22.3,33.8,26.8,6.5,301.0
2026-06-17T01:00,19.9,30.4,25.2,6.2,287.0
2026-06-17T02:00,18.8,27.8,24.0,5.8,268.0
2026-06-17T03:00,17.8,25.0,24.5,5.1,248.0
2026-06-17T04:00,16.8,23.5,25.4,4.3,225.0
2026-06-17T05:00,12.4,20.6,15.7,4.7,202.0
2026-06-17T06:00,13.5,21.3,13.9,4.7,182.0
2026-06-17T07:00,14.1,20.1,11.3,4.8,163.0
2026-06-17T08:00,14.2,21.8,8.8,5.0,148.0
2026-06-17T09:00,14.5,23.6,6.6,5.5,140.0
2026-06-17T10:00,15.0,24.8,4.5,6.2,136.0
2026-06-17T11:00,15.1,26.7,2.9,6.4,134.0
2026-06-17T12:00,15.5,30.3,2.1,5.7,132.0
2026-06-17T13:00,15.5,33.4,1.7,4.5,132.0
2026-06-17T14:00,16.0,36.4,1.6,3.5,132.0
2026-06-17T15:00,16.0,36.9,1.6,3.1,131.0
2026-06-17T16:00,15.9,36.7,1.8,3.0,131.0
2026-06-17T17:00,15.1,34.2,3.0,2.9,136.0
2026-06-17T18:00,15.4,33.8,5.7,3.5,147.0
2026-06-17T19:00,16.2,34.3,9.6,4.3,163.0
2026-06-17T20:00,19.2,36.6,13.4,5.1,182.0
2026-06-17T21:00,20.6,36.1,16.6,5.7,209.0
2026-06-17T22:00,20.2,34.5,19.6,6.3,239.0
2026-06-17T23:00,21.7,36.0,22.5,6.5,255.0
2026-06-18T00:00,23.9,37.5,25.6,6.2,245.0
2026-06-18T01:00,23.5,34.7,28.6,5.7,220.0
2026-06-18T02:00,22.6,31.4,30.3,5.1,196.0
2026-06-18T03:00,21.4,28.8,30.2,4.6,177.0
2026-06-18T04:00,19.3,26.0,28.7,4.1,158.0
2026-06-18T05:00,13.7,18.1,22.3,3.2,146.0
2026-06-18T06:00,13.3,17.9,19.2,3.5,145.0
2026-06-18T07:00,13.5,18.5,14.7,4.0,151.0
2026-06-18T08:00,13.7,23.1,10.8,4.4,154.0
2026-06-18T09:00,13.0,25.4,7.9,4.7,150.0
2026-06-18T10:00,13.4,26.5,5.5,5.0,143.0
2026-06-18T11:00,14.3,28.5,3.6,5.0,138.0
2026-06-18T12:00,15.3,32.0,2.4,4.4,139.0
2026-06-18T13:00,16.2,36.2,1.8,3.5,142.0
2026-06-18T14:00,16.5,39.3,1.5,2.9,145.0
2026-06-18T15:00,17.5,44.9,1.3,2.7,147.0
2026-06-18T16:00,17.9,50.3,1.4,2.7,148.0
2026-06-18T17:00,16.8,54.2,2.1,2.5,148.0
2026-06-18T18:00,15.9,46.7,3.0,2.7,144.0
2026-06-18T19:00,14.9,39.1,4.4,3.1,138.0
2026-06-18T20:00,14.9,34.9,6.7,3.5,143.0
2026-06-18T21:00,15.1,32.9,10.4,4.1,167.0
2026-06-18T22:00,16.2,34.0,15.1,4.9,201.0
2026-06-18T23:00,19.8,37.7,19.6,5.4,230.0
2026-06-19T00:00,23.4,41.9,24.2,5.5,251.0
2026-06-19T01:00,25.9,44.8,28.7,5.4,268.0
2026-06-19T02:00,26.1,42.7,31.6,5.1,271.0
2026-06-19T03:00,24.6,38.0,32.6,4.5,252.0
2026-06-19T04:00,23.9,35.2,32.1,3.8,220.0
2026-06-19T05:00,20.1,34.3,26.9,3.0,194.0
2026-06-19T06:00,19.3,29.9,21.2,3.6,185.0
2026-06-19T07:00,18.9,31.2,13.4,4.4,182.0
2026-06-19T08:00,18.5,42.3,7.1,4.8,176.0
2026-06-19T09:00,16.2,38.9,4.0,4.4,161.0
2026-06-19T10:00,14.5,33.8,2.6,3.6,144.0
2026-06-19T11:00,12.2,27.6,1.7,3.0,131.0
2026-06-19T12:00,10.6,23.5,1.2,2.7,128.0
2026-06-19T13:00,10.2,21.7,1.3,2.6,131.0
2026-06-19T14:00,10.2,21.0,1.5,2.5,133.0
2026-06-19T15:00,10.1,20.0,1.5,2.4,131.0
2026-06-19T16:00,9.9,19.2,1.6,2.4,128.0
2026-06-19T17:00,10.8,21.2,1.8,2.4,131.0
2026-06-19T18:00,11.0,20.9,2.8,2.5,147.0
2026-06-19T19:00,12.2,21.3,4.3,2.8,169.0
2026-06-19T20:00,12.7,19.5,6.6,3.1,183.0
2026-06-19T21:00,13.0,19.4,10.0,3.7,181.0
2026-06-19T22:00,14.4,21.1,14.2,4.5,171.0
2026-06-19T23:00,17.1,23.5,18.0,5.0,164.0
2026-06-20T00:00,18.3,24.3,21.2,5.0,163.0
2026-06-20T01:00,18.6,24.2,24.0,4.8,164.0
2026-06-20T02:00,19.0,24.2,26.3,4.5,167.0
2026-06-20T03:00,19.3,24.0,28.7,4.0,176.0
2026-06-20T04:00,19.9,24.0,30.6,3.5,187.0
2026-06-20T05:00,19.7,23.1,31.4,3.2,192.0
2026-06-20T06:00,18.7,21.5,24.7,3.8,187.0
2026-06-20T07:00,16.2,20.4,15.5,4.7,177.0
2026-06-20T08:00,13.0,20.1,8.2,5.2,167.0
2026-06-20T09:00,12.5,20.4,4.7,5.0,158.0
2026-06-20T10:00,13.0,21.4,3.2,4.5,148.0
2026-06-20T11:00,13.2,21.7,2.2,4.0,141.0
2026-06-20T12:00,13.3,21.9,1.5,3.7,135.0
2026-06-20T13:00,13.5,22.4,1.3,3.4,131.0
2026-06-20T14:00,13.6,22.5,1.4,3.2,132.0
2026-06-20T15:00,13.6,22.4,1.4,3.2,142.0
2026-06-20T16:00,13.8,22.1,1.5,3.3,157.0
2026-06-20T17:00,15.5,26.0,2.0,2.6,171.0
2026-06-20T18:00,14.8,24.0,4.4,2.9,177.0
2026-06-20T19:00,16.5,24.8,7.8,3.2,182.0
2026-06-20T20:00,18.2,25.2,10.7,3.5,196.0
2026-06-20T21:00,20.4,27.6,12.5,3.7,237.0
2026-06-20T22:00,21.0,28.8,13.8,3.9,287.0
2026-06-20T23:00,22.2,30.3,15.5,3.9,311.0
2026-06-21T00:00,24.0,31.7,18.3,3.7,282.0
2026-06-21T01:00,26.0,33.4,21.6,3.5,227.0
2026-06-21T02:00,27.8,34.2,23.9,3.2,184.0
2026-06-21T03:00,27.8,32.7,25.1,2.9,172.0
2026-06-21T04:00,26.4,30.3,25.5,2.5,172.0
2026-06-21T05:00,23.7,28.1,24.1,2.7,172.0
2026-06-21T06:00,23.0,27.0,19.3,3.5,167.0
2026-06-21T07:00,22.2,27.4,12.5,4.5,162.0
2026-06-21T08:00,19.2,26.7,7.1,5.1,156.0
2026-06-21T09:00,15.7,22.7,4.3,5.0,147.0
2026-06-21T10:00,14.2,21.0,2.8,4.4,136.0
2026-06-21T11:00,13.4,19.7,1.8,4.0,129.0
2026-06-21T12:00,12.9,19.0,1.3,3.8,128.0
2026-06-21T13:00,12.8,18.6,1.3,3.7,131.0
2026-06-21T14:00,12.8,18.5,1.4,3.6,135.0
2026-06-21T15:00,12.4,17.8,1.3,3.5,138.0
2026-06-21T16:00,12.1,17.2,1.3,3.4,143.0
2026-06-21T17:00,13.0,17.3,2.7,3.7,152.0
2026-06-21T18:00,13.3,17.1,3.8,4.2,166.0
2026-06-21T19:00,13.8,17.3,5.4,4.9,185.0
2026-06-21T20:00,15.0,18.6,8.3,5.6,210.0
2026-06-21T21:00,17.5,21.1,13.3,6.3,252.0
2026-06-21T22:00,21.0,24.5,19.4,7.0,301.0
2026-06-21T23:00,23.2,26.8,24.4,7.3,329.0
2026-06-22T00:00,25.0,28.5,27.3,6.9,321.0
2026-06-22T01:00,26.4,29.5,29.0,6.2,291.0
2026-06-22T02:00,26.8,29.2,29.8,5.4,257.0
2026-06-22T03:00,26.0,27.7,29.9,4.6,216.0
2026-06-22T04:00,24.1,25.5,29.1,3.7,170.0
2026-06-22T05:00,20.1,21.6,27.7,4.2,139.0
2026-06-22T06:00,19.1,20.5,22.2,4.6,137.0
2026-06-22T07:00,18.0,19.4,14.5,5.1,150.0
2026-06-22T08:00,14.6,17.1,8.3,5.4,158.0
2026-06-22T09:00,13.4,16.4,5.0,5.3,153.0
2026-06-22T10:00,14.1,17.2,3.2,4.9,144.0
2026-06-22T11:00,15.2,18.6,2.0,4.6,137.0
2026-06-22T12:00,16.1,19.7,1.4,4.3,137.0
2026-06-22T13:00,16.5,20.1,1.4,4.1,140.0
2026-06-22T14:00,16.8,20.1,1.5,4.0,142.0
2026-06-22T15:00,16.9,20.1,1.3,4.1,140.0
2026-06-22T16:00,16.8,19.9,1.3,4.4,136.0
2026-06-22T17:00,11.2,12.6,2.1,4.6,137.0
2026-06-22T18:00,11.2,12.5,4.3,5.1,146.0
2026-06-22T19:00,12.2,13.4,7.4,5.7,159.0
2026-06-22T20:00,14.7,15.8,10.4,6.2,169.0
2026-06-22T21:00,16.8,17.8,13.0,6.3,176.0
2026-06-22T22:00,17.8,18.8,15.5,6.3,180.0
2026-06-22T23:00,18.1,19.2,17.2,6.0,180.0
2026-06-23T00:00,18.3,19.4,17.8,5.4,173.0
2026-06-23T01:00,18.6,19.7,17.6,4.7,161.0
2026-06-23T02:00,18.6,19.6,17.6,4.0,155.0
2026-06-23T03:00,18.2,19.2,18.6,3.5,158.0
2026-06-23T04:00,17.3,18.4,19.8,3.0,166.0
2026-06-23T05:00,15.0,15.9,16.7,3.0,174.0
2026-06-23T06:00,14.4,15.3,13.9,3.2,183.0
2026-06-23T07:00,14.1,14.8,9.9,3.4,191.0
2026-06-23T08:00,13.3,14.8,6.5,3.6,192.0
2026-06-23T09:00,14.6,16.9,4.3,3.6,177.0
2026-06-23T10:00,15.2,17.6,2.8,3.5,155.0
2026-06-23T11:00,14.1,16.2,1.7,3.4,137.0
2026-06-23T12:00,12.0,13.7,1.2,3.2,130.0
2026-06-23T13:00,10.6,12.1,1.2,3.0,128.0
2026-06-23T14:00,9.7,11.2,1.3,2.9,128.0
2026-06-23T15:00,9.1,10.6,1.1,2.8,127.0
2026-06-23T16:00,8.7,10.1,1.0,2.8,127.0
2026-06-23T17:00,0.4,0.4,1.7,2.3,132.0
2026-06-23T18:00,0.6,0.6,5.3,3.0,144.0
2026-06-23T19:00,2.4,2.4,10.4,4.0,160.0
2026-06-23T20:00,6.8,6.8,14.7,4.8,176.0
2026-06-23T21:00,8.0,8.1,17.6,5.3,193.0
2026-06-23T22:00,8.4,8.4,19.9,5.7,209.0
2026-06-23T23:00,9.0,9.0,21.2,5.8,220.0
2026-06-24T00:00,9.5,9.6,21.5,5.6,224.0
2026-06-24T01:00,10.5,10.7,20.9,5.1,222.0
2026-06-24T02:00,9.6,10.3,19.7,4.8,211.0
2026-06-24T03:00,8.4,9.9,17.6,4.7,182.0
2026-06-24T04:00,7.8,9.3,14.8,4.7,144.0
2026-06-24T05:00,7.8,9.4,18.2,4.3,121.0
2026-06-24T06:00,8.1,9.8,15.8,4.9,129.0
2026-06-24T07:00,8.6,10.9,12.4,5.6,152.0
2026-06-24T08:00,9.4,12.4,9.2,6.2,167.0
2026-06-24T09:00,10.4,14.5,6.6,6.5,164.0
2026-06-24T10:00,11.3,16.0,4.2,6.5,153.0
2026-06-24T11:00,12.0,17.2,2.5,6.3,143.0
2026-06-24T12:00,12.1,18.3,1.7,5.7,138.0
2026-06-24T13:00,12.1,19.6,1.5,4.9,135.0
2026-06-24T14:00,12.8,22.4,1.4,4.1,131.0
2026-06-24T15:00,13.0,25.0,1.0,3.5,125.0
2026-06-24T16:00,12.4,25.7,0.8,3.0,118.0
2026-06-24T17:00,11.2,25.2,1.6,2.7,116.0
2026-06-24T18:00,10.5,24.1,4.4,2.9,123.0
2026-06-24T19:00,10.7,22.7,8.3,3.3,134.0
2026-06-24T20:00,13.2,24.6,11.2,3.7,142.0
2026-06-24T21:00,12.9,23.2,12.1,3.9,146.0
2026-06-24T22:00,11.3,19.8,12.0,4.1,147.0
2026-06-24T23:00,10.1,17.2,11.9,4.3,144.0
2026-06-25T00:00,9.6,15.7,12.0,4.5,134.0
2026-06-25T01:00,9.3,14.8,12.1,4.6,122.0
2026-06-25T02:00,9.1,14.1,12.6,4.7,115.0
2026-06-25T03:00,8.9,13.3,14.3,4.7,120.0
2026-06-25T04:00,9.2,13.0,16.4,4.7,131.0
2026-06-25T05:00,10.1,13.5,17.4,4.9,144.0
2026-06-25T06:00,10.8,13.6,16.5,5.6,160.0
2026-06-25T07:00,11.8,14.3,14.4,6.4,177.0
2026-06-25T08:00,13.4,18.0,11.8,6.8,185.0
2026-06-25T09:00,11.6,19.8,8.5,6.2,175.0
2026-06-25T10:00,10.9,22.4,4.7,5.2,155.0
2026-06-25T11:00,10.9,24.6,2.0,4.3,139.0
2026-06-25T12:00,10.6,23.9,1.1,3.8,133.0
2026-06-25T13:00,10.2,22.4,1.2,3.5,132.0
2026-06-25T14:00,10.0,21.5,1.4,3.3,130.0
2026-06-25T15:00,9.7,20.7,1.0,3.2,125.0
2026-06-25T16:00,9.3,19.7,0.7,3.2,121.0
2026-06-25T17:00,2.6,2.6,1.9,3.3,122.0
2026-06-25T18:00,3.0,3.1,4.7,3.9,130.0
2026-06-25T19:00,4.9,4.9,8.8,4.9,144.0
2026-06-25T20:00,7.7,7.7,13.1,5.7,162.0
2026-06-25T21:00,11.7,11.7,17.9,6.5,191.0
2026-06-25T22:00,13.9,13.9,23.0,7.2,224.0
2026-06-25T23:00,14.8,14.8,26.8,7.5,244.0
2026-06-26T00:00,15.1,15.2,28.7,7.0,240.0
2026-06-26T01:00,14.7,14.7,29.4,6.0,222.0
2026-06-26T02:00,13.5,13.6,29.5,5.1,200.0
2026-06-26T03:00,12.3,12.3,29.5,4.4,172.0
2026-06-26T04:00,11.2,11.3,28.9,3.9,141.0
2026-06-26T05:00,9.9,10.0,27.4,3.8,125.0
2026-06-26T06:00,9.8,10.0,25.7,4.2,137.0
2026-06-26T07:00,11.2,11.5,23.3,4.9,163.0
2026-06-26T08:00,12.7,13.2,19.9,5.5,181.0
2026-06-26T09:00,10.1,10.9,14.9,6.1,179.0
2026-06-26T10:00,9.3,10.0,9.0,6.8,167.0
2026-06-26T11:00,8.6,9.3,4.5,7.0,158.0
2026-06-26T12:00,8.5,9.5,2.6,6.6,155.0
2026-06-26T13:00,8.9,10.6,2.1,5.9,154.0
2026-06-26T14:00,9.6,11.8,2.0,5.2,152.0
2026-06-26T15:00,10.0,12.6,1.6,4.8,146.0
2026-06-26T16:00,10.1,13.6,1.5,4.5,140.0
2026-06-26T17:00,9.7,17.4,2.5,3.9,140.0
2026-06-26T18:00,9.5,17.3,5.2,4.4,148.0
2026-06-26T19:00,10.5,18.3,8.9,5.1,162.0
2026-06-26T20:00,14.0,21.3,11.8,5.5,183.0
2026-06-26T21:00,15.3,22.1,13.2,5.4,221.0
2026-06-26T22:00,15.7,22.1,13.8,5.1,266.0
2026-06-26T23:00,16.1,22.2,14.4,4.7,290.0
2026-06-27T00:00,16.2,22.1,15.3,4.2,275.0
2026-06-27T01:00,16.5,21.8,16.1,3.7,239.0
2026-06-27T02:00,16.4,21.1,17.1,3.3,203.0
2026-06-27T03:00,16.2,20.5,18.7,3.1,172.0
2026-06-27T04:00,15.7,19.8,20.3,3.1,141.0
2026-06-27T05:00,17.2,22.7,27.2,3.3,123.0
2026-06-27T06:00,15.5,20.8,22.9,4.0,128.0
2026-06-27T07:00,14.5,20.8,16.9,5.0,146.0
2026-06-27T08:00,15.6,22.9,11.6,5.5,157.0
2026-06-27T09:00,13.1,25.6,7.6,5.2,150.0
2026-06-27T10:00,10.7,24.2,4.2,4.5,135.0
2026-06-27T11:00,10.2,24.2,1.8,3.9,123.0
2026-06-27T12:00,9.9,23.7,0.9,3.6,119.0
2026-06-27T13:00,10.0,23.9,1.1,3.3,119.0
2026-06-27T14:00,10.7,25.4,1.3,3.1,120.0
2026-06-27T15:00,10.6,24.6,1.1,2.9,122.0
2026-06-27T16:00,10.3,23.9,1.0,2.7,125.0
2026-06-27T17:00,15.7,37.5,1.8,2.6,130.0
2026-06-27T18:00,15.1,34.9,4.4,3.0,137.0
2026-06-27T19:00,16.2,31.8,8.2,3.6,145.0
2026-06-27T20:00,17.9,33.4,12.5,4.2,153.0
2026-06-27T21:00,20.3,35.5,18.1,4.9,161.0
2026-06-27T22:00,23.2,37.3,24.3,5.6,169.0
2026-06-27T23:00,24.7,36.2,28.2,5.9,174.0
2026-06-28T00:00,23.4,32.2,28.1,5.7,174.0
2026-06-28T01:00,21.2,28.8,25.7,5.1,171.0
2026-06-28T02:00,19.0,25.5,23.5,4.6,163.0
2026-06-28T03:00,17.1,22.8,22.8,4.2,147.0
2026-06-28T04:00,15.5,20.7,22.3,3.9,127.0
2026-06-28T05:00,13.9,18.5,19.5,3.5,116.0
2026-06-28T06:00,13.4,17.7,17.5,3.5,122.0
2026-06-28T07:00,13.8,18.0,14.7,3.5,136.0
2026-06-28T08:00,15.8,20.1,11.7,3.5,144.0
2026-06-28T09:00,16.0,25.4,8.3,3.5,140.0
2026-06-28T10:00,16.1,26.5,4.7,3.6,130.0
2026-06-28T11:00,14.8,25.0,2.1,3.5,122.0
2026-06-28T12:00,13.7,27.9,1.1,3.1,120.0
2026-06-28T13:00,16.1,39.0,1.1,2.7,120.0
2026-06-28T14:00,17.4,46.9,1.2,2.3,120.0
2026-06-28T15:00,17.6,52.4,1.1,2.2,118.0
2026-06-28T16:00,16.5,49.8,1.1,2.2,116.0
2026-06-28T17:00,15.1,43.7,1.6,2.3,117.0
2026-06-28T18:00,13.8,37.1,3.1,2.6,122.0
2026-06-28T19:00,15.3,35.5,5.0,3.0,130.0
2026-06-28T20:00,15.7,34.1,6.8,3.3,135.0
2026-06-28T21:00,14.5,29.7,8.0,3.3,135.0
2026-06-28T22:00,12.7,24.2,9.0,3.1,132.0
2026-06-28T23:00,11.2,19.6,10.0,2.9,129.0
2026-06-29T00:00,10.5,17.2,11.3,2.7,124.0
2026-06-29T01:00,10.3,16.6,12.7,2.4,118.0
2026-06-29T02:00,10.6,16.6,13.8,2.3,115.0
2026-06-29T03:00,11.1,16.9,14.6,2.3,117.0
2026-06-29T04:00,12.1,18.1,15.0,2.4,121.0
2026-06-29T05:00,11.7,17.3,10.3,3.0,124.0
2026-06-29T06:00,12.2,18.7,8.1,3.0,123.0
2026-06-29T07:00,13.1,21.4,5.1,3.1,120.0
2026-06-29T08:00,14.4,25.6,2.8,3.0,117.0
2026-06-29T09:00,15.6,30.6,1.8,2.8,115.0
2026-06-29T10:00,16.6,34.7,1.5,2.4,114.0
2026-06-29T11:00,18.3,40.2,1.3,2.2,114.0
2026-06-29T12:00,21.0,47.6,1.1,2.2,115.0
2026-06-29T13:00,21.9,50.3,1.1,2.3,116.0
2026-06-29T14:00,22.3,50.9,1.2,2.4,118.0
2026-06-29T15:00,22.1,50.2,1.1,2.5,120.0
2026-06-29T16:00,21.8,49.4,1.0,2.5,122.0
2026-06-29T17:00,20.9,48.5,1.9,2.7,126.0
2026-06-29T18:00,20.4,47.1,3.6,2.9,132.0
2026-06-29T19:00,18.9,38.6,6.0,3.3,140.0
2026-06-29T20:00,18.0,33.8,7.9,3.6,149.0
2026-06-29T21:00,17.5,31.3,8.8,3.8,160.0
2026-06-29T22:00,16.9,29.5,9.3,4.0,171.0
2026-06-29T23:00,16.5,28.3,10.1,4.1,179.0
2026-06-30T00:00,16.5,28.1,11.2,4.2,181.0
2026-06-30T01:00,17.1,29.4,12.6,4.4,180.0
2026-06-30T02:00,17.9,30.9,14.9,4.5,178.0
2026-06-30T03:00,19.0,32.2,19.6,4.5,177.0
2026-06-30T04:00,19.8,33.5,25.1,4.5,176.0
2026-06-30T05:00,19.0,34.8,22.9,4.3,173.0
2026-06-30T06:00,19.0,32.9,18.6,5.1,167.0
2026-06-30T07:00,18.3,32.1,12.7,6.1,160.0
2026-06-30T08:00,19.5,39.7,7.8,6.6,152.0
2026-06-30T09:00,20.6,44.9,4.9,6.0,144.0
2026-06-30T10:00,21.5,49.0,3.1,4.9,135.0
2026-06-30T11:00,22.1,51.5,1.8,4.0,128.0
2026-06-30T12:00,20.8,47.7,1.1,3.5,124.0
2026-06-30T13:00,18.5,41.3,1.0,3.1,122.0
2026-06-30T14:00,16.2,35.9,1.1,2.8,122.0
2026-06-30T15:00,14.1,31.2,0.9,2.6,123.0
2026-06-30T16:00,11.9,26.3,0.8,2.4,126.0
2026-06-30T17:00,18.0,41.7,1.7,2.3,129.0
2026-06-30T18:00,15.5,34.2,4.2,2.7,133.0
2026-06-30T19:00,15.6,30.6,7.6,3.3,138.0
2026-06-30T20:00,17.1,31.3,10.5,3.7,142.0
2026-06-30T21:00,17.9,32.2,12.1,3.9,145.0
2026-06-30T22:00,19.3,35.3,13.1,4.0,148.0
2026-06-30T23:00,20.8,38.4,14.3,4.0,147.0
2026-07-01T00:00,22.8,42.4,16.0,4.0,140.0
2026-07-01T01:00,24.7,46.3,17.9,3.8,131.0
2026-07-01T02:00,26.5,48.8,20.2,3.7,124.0
2026-07-01T03:00,27.6,48.2,24.3,3.4,123.0
2026-07-01T04:00,29.6,48.1,28.7,3.1,125.0
2026-07-01T05:00,29.7,48.1,23.8,3.0,129.0
2026-07-01T06:00,30.9,46.4,19.2,3.8,137.0
2026-07-01T07:00,29.0,43.8,12.8,4.8,147.0
2026-07-01T08:00,29.9,62.4,7.6,5.4,150.0
2026-07-01T09:00,25.1,55.5,4.8,5.2,141.0
2026-07-01T10:00,23.2,52.5,3.2,4.7,126.0
2026-07-01T11:00,21.0,48.2,2.1,4.1,114.0
2026-07-01T12:00,18.7,43.7,1.5,3.6,110.0
2026-07-01T13:00,17.1,40.3,1.4,3.2,110.0
2026-07-01T14:00,15.5,37.7,1.4,2.8,111.0
2026-07-01T15:00,12.9,34.7,0.9,2.4,111.0
2026-07-01T16:00,10.9,30.2,0.5,2.2,111.0
2026-07-01T17:00,10.0,26.2,1.8,2.2,115.0
2026-07-01T18:00,9.5,23.6,5.2,2.8,121.0
2026-07-01T19:00,12.4,23.9,10.1,3.7,130.0
2026-07-01T20:00,16.4,28.8,15.6,4.5,149.0
2026-07-01T21:00,20.6,33.1,22.4,5.2,189.0
2026-07-01T22:00,23.7,35.5,29.8,5.8,240.0
2026-07-01T23:00,25.7,36.7,35.0,6.0,276.0
2026-07-02T00:00,25.6,35.3,36.4,5.4,287.0
2026-07-02T01:00,24.0,32.6,35.6,4.3,285.0
2026-07-02T02:00,22.2,30.0,34.0,3.4,274.0
2026-07-02T03:00,20.9,28.5,31.9,2.7,254.0
2026-07-02T04:00,20.2,27.8,29.0,2.1,226.0
2026-07-02T05:00,20.7,35.5,30.3,5.2,202.0
2026-07-02T06:00,20.1,35.3,26.8,6.2,188.0
2026-07-02T07:00,19.8,32.5,21.9,7.4,178.0
2026-07-02T08:00,17.8,31.5,17.0,7.9,166.0
2026-07-02T09:00,15.8,31.1,12.2,6.8,146.0
2026-07-02T10:00,13.9,28.2,7.3,4.8,124.0
2026-07-02T11:00,10.3,20.4,3.9,3.4,109.0
2026-07-02T12:00,12.0,26.2,2.7,3.1,107.0
2026-07-02T13:00,15.0,34.7,2.9,3.2,111.0
2026-07-02T14:00,14.1,34.1,3.1,3.3,116.0
2026-07-02T15:00,13.0,31.8,2.5,3.0,118.0
2026-07-02T16:00,12.3,29.3,1.9,2.5,119.0
2026-07-02T17:00,13.5,39.7,2.0,2.0,123.0
2026-07-02T18:00,14.0,38.4,4.6,2.4,130.0
2026-07-02T19:00,14.8,34.8,8.4,3.0,138.0
2026-07-02T20:00,17.5,36.7,13.0,3.7,147.0
2026-07-02T21:00,20.8,40.3,19.0,4.7,158.0
2026-07-02T22:00,23.7,43.9,25.7,5.8,170.0
2026-07-02T23:00,26.4,47.0,31.4,6.5,174.0
2026-07-03T00:00,28.4,48.9,35.4,6.3,163.0
2026-07-03T01:00,28.9,48.4,38.3,5.7,143.0
2026-07-03T02:00,28.0,46.3,39.7,5.1,131.0
2026-07-03T03:00,26.1,43.4,39.4,4.6,134.0
2026-07-03T04:00,23.6,40.5,37.6,4.3,143.0
2026-07-03T05:00,24.7,45.6,37.9,5.0,150.0
2026-07-03T06:00,24.6,44.7,29.7,5.5,152.0
2026-07-03T07:00,21.7,38.6,18.4,6.2,151.0
2026-07-03T08:00,17.8,47.0,9.4,6.5,147.0
2026-07-03T09:00,19.0,55.8,5.3,6.1,138.0
2026-07-03T10:00,20.0,56.6,3.6,5.3,127.0
2026-07-03T11:00,20.0,59.8,2.5,4.6,118.0
2026-07-03T12:00,19.4,67.5,1.6,4.0,115.0
2026-07-03T13:00,19.4,73.6,1.4,3.4,114.0
2026-07-03T14:00,19.4,75.0,1.4,2.9,114.0
2026-07-03T15:00,18.8,71.5,1.1,2.6,113.0
2026-07-03T16:00,17.8,65.0,0.9,2.5,112.0
2026-07-03T17:00,19.7,68.5,2.1,2.8,117.0
2026-07-03T18:00,19.3,61.5,6.7,3.5,133.0
2026-07-03T19:00,21.0,53.6,13.0,4.5,155.0
2026-07-03T20:00,25.8,59.4,17.3,5.2,169.0
2026-07-03T21:00,28.3,62.4,17.8,5.6,169.0
2026-07-03T22:00,25.8,60.3,16.4,5.8,161.0
2026-07-03T23:00,22.3,55.1,14.4,5.6,151.0
2026-07-04T00:00,19.4,48.3,11.9,4.8,139.0
2026-07-04T01:00,14.3,39.2,8.9,3.7,126.0
2026-07-04T02:00,13.1,34.6,7.1,2.9,117.0
2026-07-04T03:00,11.8,29.9,7.6,2.6,116.0
2026-07-04T04:00,11.8,26.7,9.4,2.7,119.0
2026-07-04T05:00,8.2,16.4,7.7,2.6,124.0
2026-07-04T06:00,8.6,17.2,7.1,2.9,133.0
2026-07-04T07:00,8.8,17.3,6.3,3.2,144.0
2026-07-04T08:00,9.1,18.6,5.4,3.4,149.0
2026-07-04T09:00,9.7,20.6,4.2,3.3,143.0
2026-07-04T10:00,10.2,22.6,2.9,3.1,130.0
2026-07-04T11:00,10.4,24.3,1.9,2.8,120.0
2026-07-04T12:00,9.9,23.2,1.4,2.5,114.0
2026-07-04T13:00,9.6,21.7,1.2,2.2,111.0
2026-07-04T14:00,9.2,19.7,1.1,2.0,109.0
2026-07-04T15:00,8.9,19.2,1.0,2.0,105.0
2026-07-04T16:00,8.9,18.9,1.1,2.0,103.0
2026-07-04T17:00,9.6,21.7,1.4,1.7,116.0
2026-07-04T18:00,9.9,21.3,3.5,2.1,163.0
2026-07-04T19:00,10.7,18.7,6.3,2.6,226.0
2026-07-04T20:00,11.0,18.0,8.7,3.0,263.0
2026-07-04T21:00,10.4,16.7,9.7,3.1,250.0
2026-07-04T22:00,10.2,16.2,10.3,3.0,210.0
2026-07-04T23:00,10.7,16.2,11.6,2.9,177.0
2026-07-05T00:00,11.7,16.3,14.7,2.7,162.0
2026-07-05T01:00,12.3,16.0,18.6,2.4,153.0
2026-07-05T02:00,12.6,16.0,21.6,2.2,145.0
2026-07-05T03:00,12.3,15.7,23.2,2.0,133.0
2026-07-05T04:00,11.5,14.9,23.9,1.9,121.0
2026-07-05T05:00,10.0,13.3,21.8,2.4,116.0
2026-07-05T06:00,9.5,12.6,19.0,2.8,125.0
2026-07-05T07:00,9.8,13.0,15.0,3.4,140.0
2026-07-05T08:00,10.8,15.7,11.2,3.8,148.0
2026-07-05T09:00,10.7,19.9,7.7,4.0,141.0
2026-07-05T10:00,10.0,22.1,4.5,4.1,126.0
2026-07-05T11:00,9.7,23.3,2.1,4.0,115.0
2026-07-05T12:00,9.2,22.8,1.2,3.7,113.0
2026-07-05T13:00,8.6,21.4,1.1,3.1,114.0
2026-07-05T14:00,7.9,19.8,1.3,2.8,116.0
2026-07-05T15:00,7.6,18.6,0.9,2.7,115.0
2026-07-05T16:00,7.3,17.6,0.8,2.7,115.0
2026-07-05T17:00,2.2,3.9,1.9,2.7,121.0
2026-07-05T18:00,2.4,3.5,5.2,3.3,142.0
2026-07-05T19:00,5.9,6.6,9.7,4.0,170.0
2026-07-05T20:00,8.3,8.8,12.7,4.7,186.0
2026-07-05T21:00,7.7,7.9,12.6,5.1,179.0
2026-07-05T22:00,6.1,6.3,11.1,5.4,160.0
2026-07-05T23:00,5.3,5.4,10.3,5.7,146.0
2026-07-06T00:00,5.1,5.3,11.1,5.9,144.0
2026-07-06T01:00,5.2,5.4,12.6,6.1,148.0
2026-07-06T02:00,5.4,5.5,14.3,6.1,150.0
2026-07-06T03:00,5.5,5.7,16.8,5.7,146.0
2026-07-06T04:00,5.5,5.7,19.5,5.2,141.0
2026-07-06T05:00,6.4,6.6,22.1,4.6,143.0
2026-07-06T06:00,6.8,6.9,19.7,5.3,160.0
2026-07-06T07:00,7.7,7.9,16.3,6.3,184.0
2026-07-06T08:00,8.2,8.5,12.8,7.1,196.0
2026-07-06T09:00,7.9,8.4,9.3,7.8,185.0
2026-07-06T10:00,8.3,9.3,5.8,8.5,163.0
2026-07-06T11:00,8.2,10.0,3.2,8.4,144.0
2026-07-06T12:00,7.3,10.0,1.9,7.1,134.0
2026-07-06T13:00,6.5,9.7,1.6,5.2,126.0
2026-07-06T14:00,6.0,9.6,1.4,3.7,122.0
2026-07-06T15:00,5.5,9.3,0.7,3.0,120.0
2026-07-06T16:00,5.2,8.9,0.3,2.6,121.0
2026-07-06T17:00,2.7,3.5,1.8,2.9,125.0
2026-07-06T18:00,2.9,3.5,7.0,3.6,133.0
2026-07-06T19:00,7.4,7.8,14.3,4.5,144.0
2026-07-06T20:00,13.9,14.3,21.0,5.3,161.0
2026-07-06T21:00,17.6,18.2,26.4,6.0,188.0
2026-07-06T22:00,18.8,19.4,31.1,6.6,221.0
2026-07-06T23:00,19.0,19.6,34.2,6.9,245.0
2026-07-07T00:00,18.5,19.0,34.7,6.5,255.0
2026-07-07T01:00,17.3,17.9,33.5,5.8,256.0
2026-07-07T02:00,16.1,16.8,32.2,5.1,250.0
2026-07-07T03:00,15.0,15.7,31.8,4.5,235.0
2026-07-07T04:00,13.7,14.3,31.2,3.9,214.0
2026-07-07T05:00,8.7,9.9,23.7,4.8,197.0
2026-07-07T06:00,8.7,9.7,20.9,5.3,188.0
2026-07-07T07:00,9.5,10.3,17.0,6.0,184.0
2026-07-07T08:00,9.7,10.8,13.2,6.8,177.0
2026-07-07T09:00,9.2,11.2,9.8,8.1,166.0
2026-07-07T10:00,10.4,13.1,6.6,9.6,152.0
2026-07-07T11:00,11.9,15.7,4.1,10.1,141.0
2026-07-07T12:00,12.7,17.6,2.6,8.8,133.0
2026-07-07T13:00,12.1,17.5,1.9,6.6,126.0
2026-07-07T14:00,10.4,15.8,1.5,4.8,122.0
2026-07-07T15:00,9.7,15.2,0.9,4.0,119.0
2026-07-07T16:00,9.5,14.9,0.7,3.7,118.0
2026-07-07T17:00,8.0,13.7,1.7,2.7,123.0
2026-07-07T18:00,8.1,12.9,6.0,3.2,132.0
2026-07-07T19:00,11.1,15.5,12.1,4.0,147.0
2026-07-07T20:00,16.1,20.4,18.0,4.8,176.0
2026-07-07T21:00,20.0,24.3,23.4,5.6,241.0
2026-07-07T22:00,22.4,26.3,28.6,6.4,319.0
2026-07-07T23:00,23.3,26.6,32.2,6.8,354.0
2026-07-08T00:00,23.4,26.1,33.4,6.5,304.0
2026-07-08T01:00,22.7,25.1,33.1,5.7,211.0
2026-07-08T02:00,21.5,23.6,32.4,5.0,141.0
2026-07-08T03:00,20.1,21.8,32.2,4.4,125.0
2026-07-08T04:00,18.5,20.0,31.6,3.9,132.0
2026-07-08T05:00,18.7,20.6,31.9,4.3,141.0
2026-07-08T06:00,17.8,19.5,27.6,4.5,147.0
2026-07-08T07:00,18.2,19.6,21.4,4.9,156.0
2026-07-08T08:00,17.5,20.0,15.7,5.1,159.0
2026-07-08T09:00,13.4,17.0,10.8,5.2,152.0
2026-07-08T10:00,11.6,14.8,6.2,5.3,140.0
2026-07-08T11:00,11.5,14.6,2.9,5.2,131.0
2026-07-08T12:00,12.0,15.1,1.6,5.0,128.0
2026-07-08T13:00,11.5,14.3,1.5,4.7,128.0
2026-07-08T14:00,9.6,12.3,1.6,4.4,129.0
2026-07-08T15:00,7.7,10.0,1.2,3.9,129.0
2026-07-08T16:00,6.5,8.3,0.9,3.4,129.0
2026-07-08T17:00,8.1,11.1,1.8,3.0,131.0
2026-07-08T18:00,7.4,9.8,4.9,3.3,138.0
2026-07-08T19:00,8.8,10.8,9.2,3.9,147.0
2026-07-08T20:00,10.7,12.4,12.4,4.4,154.0
2026-07-08T21:00,10.7,12.1,13.0,5.0,154.0
2026-07-08T22:00,9.0,9.9,12.4,5.7,152.0
2026-07-08T23:00,7.8,8.5,12.7,6.2,153.0
2026-07-09T00:00,7.9,8.5,15.1,6.4,161.0
2026-07-09T01:00,9.0,9.6,18.3,6.4,172.0
2026-07-09T02:00,10.1,10.7,21.1,6.2,181.0
2026-07-09T03:00,10.5,10.9,23.3,5.5,185.0
2026-07-09T04:00,10.3,10.7,24.9,4.5,188.0
2026-07-09T05:00,9.9,10.0,24.2,3.9,189.0
2026-07-09T06:00,9.9,10.1,21.6,4.3,192.0
2026-07-09T07:00,10.8,11.1,17.8,4.8,194.0
2026-07-09T08:00,12.3,12.9,14.0,5.3,190.0
2026-07-09T09:00,11.5,13.0,10.0,5.8,176.0
2026-07-09T10:00,11.1,12.8,6.0,6.3,157.0
2026-07-09T11:00,10.4,11.8,3.0,6.4,141.0
2026-07-09T12:00,8.9,10.2,1.7,5.6,132.0
2026-07-09T13:00,6.9,7.9,1.5,4.5,127.0
2026-07-09T14:00,5.8,7.0,1.5,3.6,123.0
2026-07-09T15:00,5.6,7.0,1.2,3.4,119.0
2026-07-09T16:00,5.6,7.0,1.2,3.5,117.0
2026-07-09T17:00,4.3,5.4,2.1,3.5,120.0
2026-07-09T18:00,5.1,6.2,5.0,3.9,130.0
2026-07-09T19:00,8.1,9.0,9.2,4.5,145.0
2026-07-09T20:00,10.4,11.3,12.8,4.9,169.0
2026-07-09T21:00,11.5,12.4,15.4,5.1,213.0
2026-07-09T22:00,12.1,13.2,17.5,5.1,265.0
2026-07-09T23:00,12.4,13.7,19.2,5.0,296.0
2026-07-10T00:00,12.3,13.6,20.3,4.7,289.0
2026-07-10T01:00,11.9,13.1,21.0,4.1,261.0
2026-07-10T02:00,11.6,12.6,21.9,3.7,231.0
2026-07-10T03:00,11.2,12.0,23.8,3.3,200.0
2026-07-10T04:00,10.6,11.2,25.9,3.0,166.0
2026-07-10T05:00,13.5,14.0,29.3,3.8,147.0
2026-07-10T06:00,12.7,13.2,24.9,3.9,155.0
2026-07-10T07:00,13.0,13.5,18.7,4.0,176.0
2026-07-10T08:00,12.2,13.1,13.1,4.2,188.0
2026-07-10T09:00,8.5,9.9,8.9,4.5,177.0
2026-07-10T10:00,7.6,8.8,5.3,4.9,156.0
2026-07-10T11:00,7.9,8.9,2.7,5.0,140.0
2026-07-10T12:00,7.4,8.9,1.6,4.6,135.0
2026-07-10T13:00,7.0,9.2,1.5,3.9,136.0
2026-07-10T14:00,6.6,9.3,1.6,3.3,136.0
2026-07-10T15:00,6.4,9.1,1.4,3.0,134.0
2026-07-10T16:00,6.2,8.5,1.4,2.9,133.0
2026-07-10T17:00,4.6,5.8,2.0,2.7,134.0
2026-07-10T18:00,5.5,6.7,4.5,3.1,140.0
2026-07-10T19:00,7.6,8.5,7.9,3.7,149.0
2026-07-10T20:00,8.4,8.9,10.7,4.2,158.0
2026-07-10T21:00,7.5,7.8,11.8,4.5,165.0
2026-07-10T22:00,6.7,6.9,12.4,4.7,173.0
2026-07-10T23:00,7.3,7.6,14.0,4.7,185.0
2026-07-11T00:00,9.5,10.0,18.0,4.6,207.0
2026-07-11T01:00,11.7,12.2,23.1,4.4,234.0
2026-07-11T02:00,13.2,13.7,27.2,4.1,249.0
2026-07-11T03:00,13.7,14.3,29.9,3.8,245.0
2026-07-11T04:00,13.5,14.0,31.5,3.4,230.0
2026-07-11T05:00,12.0,12.5,29.7,3.6,215.0
2026-07-11T06:00,12.1,12.6,25.4,3.9,206.0
2026-07-11T07:00,12.9,13.3,19.4,4.3,197.0
2026-07-11T08:00,12.4,13.0,13.8,4.6,187.0
2026-07-11T09:00,9.0,9.9,9.3,4.6,172.0
2026-07-11T10:00,6.9,7.6,5.3,4.4,156.0
2026-07-11T11:00,5.3,5.8,2.4,4.1,142.0
2026-07-11T12:00,4.4,4.9,1.2,3.7,133.0
2026-07-11T13:00,3.8,4.4,1.2,3.1,126.0
2026-07-11T14:00,3.8,4.4,1.4,2.7,123.0
2026-07-11T15:00,4.0,4.8,1.3,2.5,123.0
2026-07-11T16:00,4.4,5.3,1.3,2.4,126.0
2026-07-11T17:00,10.6,13.6,2.1,2.4,130.0
2026-07-11T18:00,10.1,12.6,3.5,2.6,134.0
2026-07-11T19:00,11.4,13.3,5.4,2.8,140.0
2026-07-11T20:00,11.8,14.0,6.9,2.9,151.0
2026-07-11T21:00,13.2,15.9,7.3,2.7,172.0
2026-07-11T22:00,14.8,18.2,7.2,2.3,198.0
2026-07-11T23:00,15.9,19.6,7.3,2.0,216.0
2026-07-12T00:00,16.5,20.3,7.7,1.9,221.0
2026-07-12T01:00,16.8,20.7,8.2,1.9,219.0
2026-07-12T02:00,16.6,20.7,9.3,1.9,212.0
2026-07-12T03:00,16.2,20.1,11.5,1.9,199.0
2026-07-12T04:00,15.8,19.4,14.3,1.8,182.0
2026-07-12T05:00,14.9,17.6,13.0,2.0,168.0
2026-07-12T06:00,14.9,17.3,11.6,2.4,162.0
2026-07-12T07:00,15.4,17.8,9.6,2.8,160.0
2026-07-12T08:00,15.9,18.5,7.6,3.1,156.0
2026-07-12T09:00,14.5,17.6,5.5,2.9,145.0
2026-07-12T10:00,11.1,14.1,3.3,2.4,132.0
2026-07-12T11:00,10.0,12.8,1.7,2.1,123.0
2026-07-12T12:00,9.5,12.0,1.1,2.1,120.0
2026-07-12T13:00,9.3,11.3,1.2,2.1,120.0
2026-07-12T14:00,9.7,11.4,1.4,2.3,122.0
2026-07-12T15:00,10.3,11.9,1.5,2.5,124.0
2026-07-12T16:00,10.8,12.3,1.7,2.8,127.0
2026-07-12T17:00,26.1,32.6,2.3,3.2,131.0
2026-07-12T18:00,26.3,31.7,3.9,3.6,137.0
2026-07-12T19:00,28.3,32.4,6.2,4.1,144.0
2026-07-12T20:00,30.7,34.8,8.7,4.5,152.0
2026-07-12T21:00,31.3,35.2,11.6,4.8,163.0
2026-07-12T22:00,31.9,35.7,14.6,4.9,176.0
2026-07-12T23:00,32.7,36.2,16.6,4.9,181.0
2026-07-13T00:00,32.9,36.0,16.7,4.5,173.0
2026-07-13T01:00,31.3,33.8,15.7,4.0,159.0
2026-07-13T02:00,28.1,30.3,15.1,3.5,148.0
2026-07-13T03:00,25.3,27.1,15.7,3.1,144.0
2026-07-13T04:00,23.3,24.9,16.6,2.7,143.0
2026-07-13T05:00,22.1,23.3,18.7,2.7,147.0
2026-07-13T06:00,20.8,21.8,17.0,3.2,160.0
2026-07-13T07:00,20.3,21.4,14.4,3.8,178.0
2026-07-13T08:00,21.2,22.6,11.6,4.2,185.0
2026-07-13T09:00,19.3,21.5,8.2,4.0,172.0
2026-07-13T10:00,14.5,16.1,4.5,3.6,149.0
2026-07-13T11:00,11.8,12.9,1.9,3.3,130.0
2026-07-13T12:00,11.7,13.0,1.1,3.3,122.0
2026-07-13T13:00,12.6,14.0,1.4,3.4,118.0
2026-07-13T14:00,12.9,14.3,1.7,3.5,117.0
2026-07-13T15:00,12.0,13.3,1.3,3.4,119.0
2026-07-13T16:00,10.7,11.8,0.9,3.2,125.0
2026-07-13T17:00,7.2,7.7,2.0,3.6,129.0
2026-07-13T18:00,7.6,8.0,6.5,4.2,130.0
2026-07-13T19:00,13.0,13.4,12.9,5.1,131.0
2026-07-13T20:00,17.0,17.5,18.7,5.9,132.0
2026-07-13T21:00,20.8,21.2,23.4,6.8,135.0
2026-07-13T22:00,22.5,22.9,27.4,7.7,139.0
2026-07-13T23:00,21.9,22.3,30.0,8.1,144.0
2026-07-14T00:00,20.4,20.7,30.3,7.9,152.0
2026-07-14T01:00,19.3,19.6,29.2,7.2,161.0
2026-07-14T02:00,18.0,18.2,28.1,6.5,165.0
2026-07-14T03:00,16.7,16.9,27.9,5.8,158.0
2026-07-14T04:00,15.7,15.8,27.7,5.0,146.0
2026-07-14T05:00,16.3,16.5,27.9,4.4,140.0
2026-07-14T06:00,15.7,15.8,24.5,4.6,148.0
2026-07-14T07:00,16.4,16.6,19.7,4.9,162.0
2026-07-14T08:00,18.0,18.5,14.9,4.9,169.0
2026-07-14T09:00,17.6,18.8,10.2,4.4,161.0
2026-07-14T10:00,15.8,17.1,5.4,3.7,147.0
2026-07-14T11:00,13.4,14.4,2.1,3.2,137.0
2026-07-14T12:00,12.1,12.9,1.0,3.3,139.0
2026-07-14T13:00,11.4,12.0,1.3,3.6,146.0
2026-07-14T14:00,10.9,11.4,1.7,4.0,151.0
2026-07-14T15:00,10.5,11.0,1.6,4.2,152.0
2026-07-14T16:00,10.4,10.9,1.7,4.5,151.0
2026-07-14T17:00,5.5,6.4,2.4,4.0,151.0
2026-07-14T18:00,6.4,7.1,8.1,4.8,150.0
2026-07-14T19:00,12.8,13.3,16.0,5.9,149.0
2026-07-14T20:00,18.6,19.2,22.8,6.9,159.0
2026-07-14T21:00,21.9,22.4,27.5,7.9,191.0
2026-07-14T22:00,22.9,23.4,31.1,8.8,234.0
2026-07-14T23:00,22.4,22.8,33.4,9.2,259.0
2026-07-15T00:00,21.5,21.9,34.1,8.8,251.0
2026-07-15T01:00,20.7,21.0,33.5,7.9,225.0
2026-07-15T02:00,19.3,19.6,32.2,7.1,200.0
2026-07-15T03:00,17.4,17.8,30.4,6.4,177.0
2026-07-15T04:00,15.7,16.0,27.9,5.7,155.0
2026-07-15T05:00,12.7,12.9,27.1,4.5,144.0
2026-07-15T06:00,12.4,12.6,24.0,4.9,154.0
2026-07-15T07:00,13.6,13.8,19.6,5.5,176.0
2026-07-15T08:00,15.3,15.6,15.1,5.8,186.0
2026-07-15T09:00,15.0,15.5,10.5,5.5,173.0
2026-07-15T10:00,15.5,16.2,5.8,4.8,148.0
2026-07-15T11:00,15.4,16.2,2.5,4.3,131.0
2026-07-15T12:00,14.3,15.1,1.4,4.2,129.0
2026-07-15T13:00,12.8,13.6,1.6,4.2,133.0
2026-07-15T14:00,11.6,12.4,1.9,4.2,136.0
2026-07-15T15:00,10.2,11.0,1.6,4.1,130.0
2026-07-15T16:00,9.4,10.2,1.4,4.1,123.0
2026-07-15T17:00,7.2,7.4,2.3,3.6,129.0
2026-07-15T18:00,7.8,8.1,6.2,4.4,155.0
2026-07-15T19:00,11.8,12.0,11.8,5.5,193.0
2026-07-15T20:00,16.0,16.2,17.5,6.6,237.0
2026-07-15T21:00,19.8,20.1,23.6,7.7,297.0
2026-07-15T22:00,23.1,23.2,29.9,8.7,362.0
2026-07-15T23:00,24.6,24.7,34.1,9.1,392.0
2026-07-16T00:00,24.4,24.6,34.9,8.5,357.0
2026-07-16T01:00,22.9,23.1,33.7,7.2,287.0
2026-07-16T02:00,20.7,20.8,32.4,6.1,227.0
2026-07-16T03:00,18.6,18.7,31.9,5.2,192.0
2026-07-16T04:00,16.6,16.7,31.3,4.5,167.0
2026-07-16T05:00,14.5,14.6,29.2,3.7,155.0
2026-07-16T06:00,13.6,13.7,26.5,4.0,164.0
2026-07-16T07:00,14.4,14.5,22.7,4.4,186.0
2026-07-16T08:00,16.2,16.3,18.3,4.7,197.0
2026-07-16T09:00,14.5,14.6,13.0,4.8,184.0
2026-07-16T10:00,12.9,13.1,7.2,4.9,161.0
2026-07-16T11:00,11.3,11.5,3.0,4.9,143.0
2026-07-16T12:00,10.4,10.7,1.6,5.0,136.0
2026-07-16T13:00,9.7,10.0,1.8,5.0,134.0
2026-07-16T14:00,9.3,9.6,2.1,5.0,134.0
2026-07-16T15:00,8.6,8.9,1.6,4.8,134.0
2026-07-16T16:00,8.1,8.4,1.2,4.5,135.0
2026-07-16T17:00,6.1,6.3,2.4,4.2,144.0
2026-07-16T18:00,6.5,6.7,6.8,5.1,161.0
2026-07-16T19:00,11.0,11.1,13.1,6.3,185.0
2026-07-16T20:00,16.5,16.6,19.1,7.4,217.0
2026-07-16T21:00,20.6,20.8,24.4,8.3,268.0
2026-07-16T22:00,22.6,22.8,29.3,9.0,326.0
2026-07-16T23:00,22.8,22.9,32.7,9.1,357.0
2026-07-17T00:00,21.9,22.0,33.6,8.2,339.0
2026-07-17T01:00,20.0,20.1,32.9,6.8,293.0
2026-07-17T02:00,17.6,17.6,31.9,5.6,253.0
2026-07-17T03:00,15.3,15.3,31.3,4.9,229.0
2026-07-17T04:00,13.1,13.1,30.5,4.3,211.0
2026-07-17T05:00,11.6,11.6,28.7,3.9,199.0
2026-07-17T06:00,11.2,11.2,26.1,4.1,199.0
2026-07-17T07:00,12.7,12.7,22.4,4.5,207.0
2026-07-17T08:00,15.0,15.0,18.2,4.8,207.0
2026-07-17T09:00,14.1,14.3,13.0,5.1,191.0
2026-07-17T10:00,12.4,12.6,7.4,5.5,169.0
2026-07-17T11:00,11.6,11.7,3.3,5.8,151.0
2026-07-17T12:00,10.9,11.1,1.9,6.1,143.0
2026-07-17T13:00,10.8,11.0,2.2,6.5,140.0
2026-07-17T14:00,10.9,11.1,2.5,6.6,138.0
2026-07-17T15:00,10.4,10.8,2.0,6.3,133.0
2026-07-17T16:00,9.7,10.6,1.7,5.8,129.0
2026-07-17T17:00,12.0,12.6,2.4,4.6,130.0
2026-07-17T18:00,12.0,13.0,6.5,5.2,137.0
2026-07-17T19:00,17.5,18.2,12.3,6.2,149.0
2026-07-17T20:00,22.0,22.6,17.6,7.0,168.0
2026-07-17T21:00,24.6,25.3,21.9,7.8,201.0
2026-07-17T22:00,26.2,26.8,25.7,8.5,241.0
2026-07-17T23:00,26.7,27.3,28.2,8.7,263.0
2026-07-18T00:00,26.0,26.5,28.7,8.1,255.0
2026-07-18T01:00,24.6,25.0,28.0,7.0,231.0
2026-07-18T02:00,22.8,23.1,27.3,6.0,205.0
2026-07-18T03:00,20.8,21.1,27.6,5.3,180.0
2026-07-18T04:00,19.0,19.3,28.1,4.8,154.0
2026-07-18T05:00,15.4,15.5,27.5,4.6,140.0
2026-07-18T06:00,14.8,15.0,24.8,4.7,149.0
2026-07-18T07:00,16.0,16.2,20.9,4.8,169.0
2026-07-18T08:00,19.1,19.3,16.7,4.9,180.0
2026-07-18T09:00,16.9,17.5,11.8,5.0,171.0
2026-07-18T10:00,15.2,15.7,6.6,5.0,154.0
2026-07-18T11:00,14.3,14.8,2.8,5.1,140.0
2026-07-18T12:00,13.6,14.2,1.6,5.2,135.0
2026-07-18T13:00,12.9,13.8,1.9,5.3,132.0
2026-07-18T14:00,12.4,13.4,2.3,5.5,131.0
2026-07-18T15:00,12.5,13.5,2.1,5.7,127.0
2026-07-18T16:00,12.9,13.8,2.2,6.0,123.0
2026-07-18T17:00,16.5,18.3,3.1,5.5,127.0
2026-07-18T18:00,18.6,20.1,6.2,5.9,143.0
2026-07-18T19:00,23.7,25.0,10.6,6.4,166.0
2026-07-18T20:00,26.4,27.8,14.1,6.8,188.0
2026-07-18T21:00,27.8,29.2,15.8,7.1,209.0
2026-07-18T22:00,28.1,29.4,16.6,7.2,229.0
2026-07-18T23:00,27.2,28.6,17.2,7.2,236.0
2026-07-19T00:00,25.9,27.2,17.6,6.8,220.0
2026-07-19T01:00,24.7,25.9,17.7,6.3,192.0
2026-07-19T02:00,23.9,24.9,18.4,5.7,167.0
2026-07-19T03:00,23.0,23.8,20.7,5.2,152.0
2026-07-19T04:00,21.8,22.5,23.6,4.6,141.0
2026-07-19T05:00,23.1,23.6,26.3,4.4,136.0
2026-07-19T06:00,21.5,21.9,23.4,4.6,141.0
2026-07-19T07:00,21.8,22.2,19.3,5.0,151.0
2026-07-19T08:00,24.1,24.7,15.1,5.2,157.0
2026-07-19T09:00,21.8,22.9,10.7,5.2,152.0
2026-07-19T10:00,18.7,20.1,6.1,5.1,141.0
2026-07-19T11:00,17.7,19.3,2.9,5.2,133.0
2026-07-19T12:00,18.2,20.0,1.9,5.8,130.0
2026-07-19T13:00,19.3,21.2,2.2,6.5,128.0
2026-07-19T14:00,20.4,22.2,2.6,7.1,127.0
2026-07-19T15:00,21.2,23.1,2.4,7.3,124.0
2026-07-19T16:00,22.1,23.9,2.3,7.3,122.0
2026-07-19T17:00,17.4,19.8,3.4,7.0,120.0
2026-07-19T18:00,18.9,21.0,7.6,7.5,120.0
2026-07-19T19:00,22.8,24.7,13.3,8.2,121.0
2026-07-19T20:00,27.2,29.0,17.6,8.6,123.0
2026-07-19T21:00,28.7,30.5,18.9,8.6,126.0
2026-07-19T22:00,27.5,29.2,18.8,8.2,129.0
2026-07-19T23:00,23.3,24.9,18.4,7.8,131.0
2026-07-20T00:00,19.0,20.4,18.0,7.2,129.0
2026-07-20T01:00,17.0,18.1,17.4,6.5,126.0
2026-07-20T02:00,16.4,17.4,17.4,5.9,126.0
2026-07-20T03:00,15.7,16.6,18.8,5.4,134.0
2026-07-20T04:00,15.1,16.0,20.8,5.1,146.0
2026-07-20T05:00,10.3,11.1,18.9,4.8,156.0
2026-07-20T06:00,11.5,12.4,16.8,4.9,165.0
2026-07-20T07:00,13.2,14.0,13.9,5.1,172.0
2026-07-20T08:00,13.7,14.7,10.9,5.2,174.0
2026-07-20T09:00,11.4,12.5,8.0,5.2,165.0
2026-07-20T10:00,9.4,10.5,5.0,5.1,150.0
2026-07-20T11:00,8.5,9.5,2.9,5.1,140.0
2026-07-20T12:00,8.7,10.0,2.1,5.4,142.0
2026-07-20T13:00,9.5,11.1,2.2,5.9,149.0
2026-07-20T14:00,10.4,12.4,2.3,6.1,151.0
2026-07-20T15:00,11.2,13.6,2.2,5.9,140.0
2026-07-20T16:00,11.1,14.1,2.1,5.5,124.0
2026-07-20T17:00,10.8,22.1,1.7,2.2,114.0
2026-07-20T18:00,10.3,20.6,3.2,2.5,117.0
2026-07-20T19:00,10.8,19.2,5.3,2.9,126.0
2026-07-20T20:00,11.9,19.4,6.6,3.1,132.0
2026-07-20T21:00,12.6,19.0,6.4,3.1,130.0
2026-07-20T22:00,12.9,18.8,5.5,2.9,124.0
2026-07-20T23:00,13.2,19.2,5.0,2.7,118.0
2026-07-21T00:00,13.6,19.4,5.2,2.5,114.0
2026-07-21T01:00,13.9,19.0,5.7,2.3,110.0
2026-07-21T02:00,14.1,18.5,6.6,2.2,107.0
2026-07-21T03:00,14.1,17.7,8.2,2.3,106.0
2026-07-21T04:00,14.0,16.7,10.1,2.5,106.0
2026-07-21T05:00,13.2,15.2,8.3,2.6,109.0
2026-07-21T06:00,12.9,14.7,7.6,3.1,117.0
2026-07-21T07:00,13.2,14.7,6.7,3.7,128.0
2026-07-21T08:00,11.6,13.3,5.6,4.1,135.0
2026-07-21T09:00,10.7,12.8,4.4,4.2,133.0
2026-07-21T10:00,10.4,12.7,3.0,4.1,126.0
2026-07-21T11:00,10.1,13.3,2.0,3.8,120.0
2026-07-21T12:00,9.1,14.8,1.4,3.3,117.0
2026-07-21T13:00,7.9,19.0,1.1,2.6,114.0
2026-07-21T14:00,8.5,27.0,1.0,2.0,113.0
2026-07-21T15:00,8.8,34.7,0.6,1.7,112.0
2026-07-21T16:00,9.1,40.2,0.4,1.5,113.0
2026-07-21T17:00,11.1,53.2,1.3,1.4,116.0
2026-07-21T18:00,12.0,55.1,3.6,1.8,123.0
2026-07-21T19:00,12.6,54.7,6.9,2.4,132.0
2026-07-21T20:00,15.7,58.1,10.4,2.9,140.0
2026-07-21T21:00,19.0,57.4,14.1,3.5,146.0
2026-07-21T22:00,18.9,52.0,18.0,4.0,150.0
2026-07-21T23:00,18.4,48.5,21.2,4.3,156.0
2026-07-22T00:00,18.3,48.3,23.2,4.2,167.0
2026-07-22T01:00,18.8,49.7,24.5,3.9,178.0
2026-07-22T02:00,19.6,50.5,25.7,3.6,180.0
2026-07-22T03:00,19.7,48.9,27.7,3.5,163.0
2026-07-22T04:00,19.3,45.9,29.6,3.4,137.0
2026-07-22T05:00,13.6,31.4,18.2,3.1,120.0
2026-07-22T06:00,12.6,27.6,15.1,3.1,123.0
2026-07-22T07:00,12.0,23.8,10.6,3.2,134.0
2026-07-22T08:00,10.4,22.5,6.9,3.1,140.0
2026-07-22T09:00,8.6,18.0,4.5,2.8,133.0
2026-07-22T10:00,8.4,16.2,2.7,2.4,120.0
2026-07-22T11:00,7.9,14.3,1.5,2.0,110.0
2026-07-22T12:00,7.9,15.0,0.9,1.8,107.0
2026-07-22T13:00,8.0,15.8,0.8,1.6,107.0
2026-07-22T14:00,7.6,14.7,0.9,1.5,108.0
2026-07-22T15:00,6.9,12.9,0.7,1.4,107.0
2026-07-22T16:00,6.3,11.3,0.6,1.3,107.0
2026-07-22T17:00,7.0,16.8,1.2,1.2,109.0
2026-07-22T18:00,7.7,25.2,2.9,1.5,113.0
2026-07-22T19:00,8.9,30.0,5.3,1.9,119.0
2026-07-22T20:00,10.6,29.5,7.5,2.3,128.0
2026-07-22T21:00,10.8,25.1,9.3,2.6,141.0
2026-07-22T22:00,10.3,21.4,10.9,2.8,157.0
2026-07-22T23:00,9.9,19.4,12.1,2.9,169.0
2026-07-23T00:00,9.1,16.9,12.6,2.7,178.0
2026-07-23T01:00,8.2,14.8,12.8,2.4,184.0
2026-07-23T02:00,7.7,14.5,13.4,2.1,182.0
2026-07-23T03:00,7.5,15.7,15.3,2.0,165.0
2026-07-23T04:00,7.7,17.8,17.6,1.9,141.0
2026-07-23T05:00,8.2,15.4,16.5,2.6,125.0
2026-07-23T06:00,8.4,17.8,14.3,2.8,126.0
2026-07-23T07:00,9.5,19.7,11.1,3.1,136.0
2026-07-23T08:00,11.4,30.2,8.1,3.2,141.0
2026-07-23T09:00,13.0,35.3,5.5,2.9,135.0
2026-07-23T10:00,12.0,30.2,3.0,2.3,125.0
2026-07-23T11:00,13.6,44.7,1.3,1.9,117.0
2026-07-23T12:00,15.2,53.7,0.7,1.8,115.0
2026-07-23T13:00,15.8,54.2,0.8,1.8,115.0
2026-07-23T14:00,15.9,51.8,1.0,1.8,116.0
2026-07-23T15:00,15.5,47.3,0.8,1.8,117.0
2026-07-23T16:00,14.9,41.1,0.6,1.8,119.0
2026-07-23T17:00,15.0,34.7,1.5,1.8,124.0
2026-07-23T18:00,13.9,30.3,3.8,2.2,131.0
2026-07-23T19:00,13.6,28.8,7.2,2.7,141.0
2026-07-23T20:00,16.6,32.0,11.1,3.3,154.0
2026-07-23T21:00,19.2,34.5,15.8,4.0,176.0
2026-07-23T22:00,21.3,36.1,21.1,4.8,201.0
2026-07-23T23:00,24.1,38.4,25.2,5.4,218.0
2026-07-24T00:00,26.1,40.2,27.4,5.5,220.0
2026-07-24T01:00,26.2,39.9,28.4,5.4,214.0
2026-07-24T02:00,25.3,38.9,29.0,5.2,204.0
2026-07-24T03:00,24.0,37.1,29.9,4.9,188.0
2026-07-24T04:00,22.2,33.9,30.5,4.6,169.0
2026-07-24T05:00,22.4,37.6,26.7,4.3,154.0
2026-07-24T06:00,22.6,37.4,22.3,4.8,150.0
2026-07-24T07:00,22.8,32.8,16.2,5.4,150.0
2026-07-24T08:00,23.5,45.6,10.9,5.8,150.0
2026-07-24T09:00,22.4,46.3,7.3,5.7,146.0
2026-07-24T10:00,19.4,38.8,4.4,5.3,141.0
2026-07-24T11:00,16.3,31.9,2.4,4.8,136.0
2026-07-24T12:00,13.9,27.5,1.4,4.2,130.0
2026-07-24T13:00,12.8,25.3,1.3,3.5,124.0
2026-07-24T14:00,12.2,23.7,1.3,3.0,120.0
2026-07-24T15:00,11.6,21.9,0.9,2.7,116.0
2026-07-24T16:00,11.1,20.0,0.8,2.7,113.0
2026-07-24T17:00,7.1,12.5,1.6,2.4,117.0
2026-07-24T18:00,6.6,10.3,5.0,2.9,134.0
2026-07-24T19:00,7.5,10.1,9.8,3.6,158.0
2026-07-24T20:00,12.0,14.5,14.0,4.4,173.0
2026-07-24T21:00,15.0,17.3,16.7,5.3,169.0
2026-07-24T22:00,15.4,17.6,18.8,6.1,156.0
2026-07-24T23:00,15.2,17.3,20.6,6.7,147.0
2026-07-25T00:00,15.3,17.3,22.2,6.7,149.0
2026-07-25T01:00,15.3,17.3,23.4,6.4,156.0
2026-07-25T02:00,15.2,17.1,24.7,6.0,164.0
2026-07-25T03:00,14.6,16.0,26.6,5.4,172.0
2026-07-25T04:00,13.6,14.7,28.5,4.7,180.0
2026-07-25T05:00,14.1,15.0,29.8,4.3,186.0
2026-07-25T06:00,13.6,14.5,26.0,4.7,189.0
2026-07-25T07:00,14.1,15.1,20.6,5.2,190.0
2026-07-25T08:00,14.0,15.9,15.5,5.8,185.0
2026-07-25T09:00,12.3,14.6,10.9,6.5,169.0
2026-07-25T10:00,12.3,14.2,6.5,7.3,148.0
2026-07-25T11:00,12.2,13.9,3.3,7.5,132.0
2026-07-25T12:00,11.2,13.1,1.9,6.7,126.0
2026-07-25T13:00,10.9,13.9,1.6,5.4,125.0
2026-07-25T14:00,10.5,15.6,1.6,4.4,125.0
2026-07-25T15:00,10.4,16.2,1.1,4.0,123.0
2026-07-25T16:00,10.3,15.9,0.8,3.9,123.0
2026-07-25T17:00,8.0,10.9,1.8,4.0,125.0
2026-07-25T18:00,7.9,10.1,5.6,4.5,133.0
2026-07-25T19:00,10.0,11.7,10.8,5.3,144.0
2026-07-25T20:00,14.1,15.6,15.0,6.0,153.0
2026-07-25T21:00,16.3,17.6,17.0,6.7,156.0
2026-07-25T22:00,15.8,16.9,17.9,7.3,157.0
2026-07-25T23:00,15.1,16.1,18.7,7.7,159.0
2026-07-26T00:00,14.6,15.5,19.6,7.6,163.0
2026-07-26T01:00,14.3,15.3,20.4,7.2,169.0
2026-07-26T02:00,14.2,15.0,21.3,6.7,172.0
2026-07-26T03:00,13.6,14.2,23.0,5.9,173.0
2026-07-26T04:00,12.6,13.0,24.9,4.9,171.0
2026-07-26T05:00,12.0,12.4,25.2,4.8,168.0
2026-07-26T06:00,11.8,12.0,22.4,5.0,162.0
2026-07-26T07:00,12.3,12.5,18.4,5.2,154.0
2026-07-26T08:00,12.7,13.1,14.4,5.5,147.0
2026-07-26T09:00,11.3,12.3,10.3,6.1,144.0
2026-07-26T10:00,11.8,12.7,6.2,6.8,143.0
2026-07-26T11:00,12.0,12.8,3.1,7.0,141.0
2026-07-26T12:00,11.7,12.6,1.8,6.2,136.0
2026-07-26T13:00,11.1,12.2,1.6,4.8,130.0
2026-07-26T14:00,10.4,11.8,1.6,3.8,127.0
2026-07-26T15:00,9.7,11.8,1.3,3.5,128.0
2026-07-26T16:00,9.5,11.8,1.2,3.5,130.0
2026-07-26T17:00,4.6,6.4,2.0,3.3,135.0
2026-07-26T18:00,4.9,6.3,6.0,3.9,142.0
2026-07-26T19:00,8.7,9.9,11.5,4.7,150.0
2026-07-26T20:00,12.7,14.1,16.6,5.4,157.0
2026-07-26T21:00,15.3,16.7,20.6,6.0,160.0
2026-07-26T22:00,17.0,18.2,24.0,6.6,161.0
2026-07-26T23:00,17.8,18.8,26.5,6.7,164.0
2026-07-27T00:00,17.8,18.5,27.8,6.2,172.0
2026-07-27T01:00,16.9,17.5,28.1,5.3,183.0
2026-07-27T02:00,15.3,15.7,28.2,4.5,187.0
2026-07-27T03:00,13.5,13.8,28.6,4.0,179.0
2026-07-27T04:00,11.8,12.1,28.8,3.7,164.0
2026-07-27T05:00,12.6,12.8,29.3,3.6,156.0
2026-07-27T06:00,11.8,12.0,25.5,3.9,161.0
2026-07-27T07:00,12.1,12.5,20.2,4.4,172.0
2026-07-27T08:00,12.2,13.0,15.1,4.8,178.0
2026-07-27T09:00,10.1,11.2,10.6,5.2,172.0
2026-07-27T10:00,9.2,10.1,6.4,5.7,160.0
2026-07-27T11:00,9.1,9.7,3.3,5.9,150.0
2026-07-27T12:00,9.3,9.7,2.1,5.8,144.0
2026-07-27T13:00,9.0,9.8,2.0,5.5,140.0
2026-07-27T14:00,8.6,10.0,2.1,5.1,137.0
2026-07-27T15:00,8.1,9.9,1.6,4.6,132.0
2026-07-27T16:00,7.9,9.9,1.3,4.1,128.0
2026-07-27T17:00,10.5,14.9,2.1,3.6,128.0
2026-07-27T18:00,10.9,14.3,5.1,4.0,135.0
2026-07-27T19:00,14.8,17.6,9.4,4.5,145.0
2026-07-27T20:00,16.8,19.6,13.2,5.0,153.0
2026-07-27T21:00,18.2,21.0,16.2,5.3,154.0
2026-07-27T22:00,19.4,21.8,18.7,5.6,152.0
2026-07-27T23:00,19.8,21.8,20.3,5.6,156.0
2026-07-28T00:00,19.0,20.9,20.3,5.3,173.0
2026-07-28T01:00,17.9,19.7,19.3,4.7,196.0
2026-07-28T02:00,17.1,18.7,18.8,4.3,206.0
2026-07-28T03:00,16.1,17.5,20.0,4.0,190.0
2026-07-28T04:00,15.1,16.2,21.6,3.9,161.0
2026-07-28T05:00,17.4,18.5,25.7,3.9,142.0
2026-07-28T06:00,16.3,17.3,21.9,4.1,144.0
2026-07-28T07:00,16.1,17.1,16.6,4.4,156.0
2026-07-28T08:00,14.6,16.0,11.8,4.7,163.0
2026-07-28T09:00,10.6,11.9,8.2,5.1,160.0
2026-07-28T10:00,8.9,9.7,5.1,5.6,153.0
2026-07-28T11:00,8.4,8.9,2.9,5.9,146.0
2026-07-28T12:00,8.7,9.1,2.0,6.0,139.0
2026-07-28T13:00,9.0,9.4,1.9,6.0,133.0
2026-07-28T14:00,9.0,9.3,2.0,5.9,128.0
2026-07-28T15:00,8.6,9.0,1.7,5.6,126.0
2026-07-28T16:00,8.6,9.2,1.6,5.3,127.0
2026-07-28T17:00,6.1,7.1,2.3,4.0,130.0
2026-07-28T18:00,6.5,7.5,6.1,4.5,135.0
2026-07-28T19:00,11.2,12.0,11.4,5.1,141.0
2026-07-28T20:00,13.4,14.3,16.4,5.7,153.0
2026-07-28T21:00,15.3,16.2,20.8,6.2,173.0
2026-07-28T22:00,17.3,18.1,24.9,6.7,197.0
2026-07-28T23:00,19.3,20.0,27.7,6.9,218.0
2026-07-29T00:00,20.0,20.5,28.5,6.6,237.0
2026-07-29T01:00,19.2,19.7,28.1,5.9,252.0
2026-07-29T02:00,17.6,18.1,27.5,5.3,252.0
2026-07-29T03:00,16.0,16.4,27.7,4.9,224.0
2026-07-29T04:00,14.5,14.9,27.7,4.5,180.0
2026-07-29T05:00,14.9,15.3,29.7,4.6,152.0
2026-07-29T06:00,13.9,14.3,25.7,4.8,156.0
2026-07-29T07:00,14.1,14.4,20.1,5.1,174.0
2026-07-29T08:00,12.7,13.1,14.8,5.5,185.0
2026-07-29T09:00,8.5,9.0,10.3,6.0,179.0
2026-07-29T10:00,7.2,7.6,6.3,6.5,165.0
2026-07-29T11:00,7.5,7.8,3.3,6.8,153.0
2026-07-29T12:00,8.1,8.4,2.1,6.7,144.0
2026-07-29T13:00,8.2,8.6,1.9,6.3,135.0
2026-07-29T14:00,7.6,8.1,2.0,5.9,129.0
2026-07-29T15:00,7.0,7.7,1.7,5.5,125.0
2026-07-29T16:00,6.7,7.3,1.5,5.0,123.0
2026-07-29T17:00,5.2,6.6,2.2,4.6,127.0
2026-07-29T18:00,5.6,6.9,5.0,4.8,141.0
2026-07-29T19:00,8.6,9.5,8.9,5.2,161.0
2026-07-29T20:00,8.7,9.6,11.9,5.4,181.0
2026-07-29T21:00,8.0,8.9,13.1,5.4,202.0
2026-07-29T22:00,7.4,8.3,13.4,5.3,223.0
2026-07-29T23:00,7.3,8.1,14.2,5.1,240.0
2026-07-30T00:00,8.0,8.8,15.9,4.9,254.0
2026-07-30T01:00,9.0,9.7,18.0,4.7,264.0
2026-07-30T02:00,9.9,10.6,20.1,4.5,260.0
2026-07-30T03:00,10.4,11.1,22.6,4.3,228.0
2026-07-30T04:00,10.6,11.2,25.2,4.1,182.0
2026-07-30T05:00,13.5,14.3,27.9,4.5,152.0
2026-07-30T06:00,13.1,13.9,24.5,4.8,155.0
2026-07-30T07:00,13.4,13.9,19.7,5.2,174.0
2026-07-30T08:00,12.5,13.2,15.0,5.5,184.0
2026-07-30T09:00,7.0,7.6,10.5,5.4,174.0
2026-07-30T10:00,6.1,6.5,6.2,5.2,155.0
2026-07-30T11:00,6.4,6.9,3.0,5.1,141.0
2026-07-30T12:00,7.5,8.0,1.8,5.3,137.0
2026-07-30T13:00,8.5,9.1,1.8,5.6,137.0
2026-07-30T14:00,8.9,9.7,2.0,5.7,138.0
2026-07-30T15:00,8.8,10.2,1.7,5.5,137.0
2026-07-30T16:00,8.9,10.5,1.5,5.2,137.0
2026-07-30T17:00,9.9,10.7,2.2,4.5,140.0
2026-07-30T18:00,11.4,12.0,5.9,4.9,147.0
2026-07-30T19:00,15.8,16.4,11.1,5.4,159.0
2026-07-30T20:00,16.8,17.3,15.2,5.8,175.0
2026-07-30T21:00,17.1,17.6,17.0,6.1,202.0
2026-07-30T22:00,16.9,17.5,17.7,6.2,234.0
2026-07-30T23:00,16.8,17.3,18.2,6.2,257.0
2026-07-31T00:00,16.3,16.8,18.6,5.8,266.0
2026-07-31T01:00,15.8,16.3,18.7,5.2,267.0
2026-07-31T02:00,15.4,15.8,19.3,4.7,256.0
2026-07-31T03:00,14.9,15.2,21.1,4.4,226.0
2026-07-31T04:00,14.2,14.5,23.4,4.2,184.0
2026-07-31T05:00,16.2,16.5,27.9,4.3,158.0
2026-07-31T06:00,15.7,15.9,24.6,4.6,163.0
2026-07-31T07:00,16.3,16.5,19.8,5.1,182.0
2026-07-31T08:00,16.5,16.8,15.1,5.4,193.0
2026-07-31T09:00,14.3,14.6,10.6,5.4,184.0
2026-07-31T10:00,13.4,13.6,6.3,5.3,167.0
2026-07-31T11:00,13.3,13.4,3.1,5.2,152.0
2026-07-31T12:00,13.6,13.9,1.9,5.3,144.0
2026-07-31T13:00,13.2,13.4,1.8,5.6,138.0
2026-07-31T14:00,11.6,11.8,2.0,5.7,133.0
2026-07-31T15:00,10.5,10.8,1.6,5.6,128.0
2026-07-31T16:00,9.7,10.0,1.4,5.3,124.0
2026-07-31T17:00,4.6,4.8,2.0,4.1,127.0
2026-07-31T18:00,6.7,6.8,7.5,4.7,145.0
2026-07-31T19:00,13.6,13.7,15.1,5.6,170.0
2026-07-31T20:00,16.5,16.6,21.1,6.3,187.0
2026-07-31T21:00,16.7,16.8,23.7,6.6,183.0
2026-07-31T22:00,16.6,16.8,24.7,6.6,170.0
2026-07-31T23:00,16.4,16.5,25.2,6.5,171.0
2026-08-01T00:00,15.5,15.7,25.3,6.1,206.0
2026-08-01T01:00,14.6,14.7,24.9,5.5,255.0
2026-08-01T02:00,14.1,14.2,25.0,4.9,282.0
2026-08-01T03:00,14.0,14.1,26.8,4.4,263.0
2026-08-01T04:00,13.6,13.7,29.2,4.0,221.0
2026-08-01T05:00,12.9,13.0,28.0,4.5,192.0
2026-08-01T06:00,12.7,12.9,25.9,4.7,193.0
2026-08-01T07:00,13.9,14.0,22.8,4.9,206.0
2026-08-01T08:00,15.5,15.5,18.9,5.2,211.0
2026-08-01T09:00,9.8,9.9,13.6,5.6,197.0
2026-08-01T10:00,7.8,7.9,7.5,6.1,175.0
2026-08-01T11:00,7.7,7.9,3.1,6.5,156.0
2026-08-01T12:00,8.5,8.6,1.6,6.8,143.0
2026-08-01T13:00,9.3,9.5,1.8,7.0,132.0
2026-08-01T14:00,9.6,9.7,2.1,7.0,125.0
2026-08-01T15:00,9.3,9.5,1.5,6.7,119.0
2026-08-01T16:00,9.1,9.4,1.1,6.3,116.0
2026-08-01T17:00,5.7,5.8,1.8,5.4,122.0
2026-08-01T18:00,8.6,8.7,6.2,5.7,142.0
2026-08-01T19:00,13.1,13.2,12.1,6.1,172.0
2026-08-01T20:00,14.5,14.6,16.5,6.4,204.0
2026-08-01T21:00,13.5,13.6,17.5,6.4,245.0
2026-08-01T22:00,12.6,12.7,16.9,6.2,289.0
2026-08-01T23:00,12.0,12.1,16.5,5.9,311.0
2026-08-02T00:00,12.0,12.0,17.1,5.6,297.0
2026-08-02T01:00,12.2,12.2,17.9,5.2,261.0
2026-08-02T02:00,12.2,12.2,18.9,4.9,227.0
2026-08-02T03:00,11.9,11.9,20.5,4.6,198.0
2026-08-02T04:00,11.4,11.4,22.1,4.2,169.0
2026-08-02T05:00,10.8,10.8,26.9,4.5,151.0
2026-08-02T06:00,10.7,10.8,24.2,4.6,151.0
2026-08-02T07:00,11.6,11.6,20.3,4.8,162.0
2026-08-02T08:00,12.6,12.7,16.1,5.0,167.0
2026-08-02T09:00,9.0,9.1,11.4,5.1,159.0
2026-08-02T10:00,8.1,8.2,6.4,5.3,145.0
2026-08-02T11:00,8.4,8.5,2.8,5.4,134.0
2026-08-02T12:00,9.2,9.3,1.5,5.6,128.0
2026-08-02T13:00,9.6,9.8,1.6,5.9,125.0
2026-08-02T14:00,8.6,8.9,1.8,5.8,122.0
2026-08-02T15:00,6.9,7.7,1.3,5.1,118.0
2026-08-02T16:00,5.7,6.9,0.9,4.0,115.0
2026-08-02T17:00,3.9,5.0,1.3,3.0,116.0
2026-08-02T18:00,4.2,5.4,3.6,3.3,124.0
2026-08-02T19:00,6.3,7.7,6.7,3.8,136.0
2026-08-02T20:00,7.2,8.9,8.6,4.0,142.0
2026-08-02T21:00,6.7,8.4,8.2,3.9,136.0
2026-08-02T22:00,5.6,7.4,6.6,3.5,125.0
2026-08-02T23:00,5.0,6.8,5.4,3.3,116.0
2026-08-03T00:00,4.7,6.4,5.1,3.2,115.0
2026-08-03T01:00,4.4,6.1,5.1,3.2,117.0
2026-08-03T02:00,4.3,5.9,5.5,3.3,118.0
2026-08-03T03:00,4.4,5.8,6.6,3.5,115.0
2026-08-03T04:00,4.6,5.9,8.1,3.8,112.0
2026-08-03T05:00,5.1,6.7,11.8,5.6,116.0
2026-08-03T06:00,5.9,7.5,12.5,5.9,138.0
2026-08-03T07:00,8.4,9.6,13.3,6.3,168.0
2026-08-03T08:00,9.5,10.7,12.9,6.8,183.0
2026-08-03T09:00,8.8,10.2,10.3,7.7,169.0
2026-08-03T10:00,9.4,10.9,6.6,8.7,141.0
2026-08-03T11:00,10.3,11.9,3.7,8.9,119.0
2026-08-03T12:00,10.7,12.5,2.3,7.7,113.0
2026-08-03T13:00,10.7,12.8,1.7,5.8,113.0
2026-08-03T14:00,10.4,13.1,1.4,4.3,114.0
2026-08-03T15:00,9.9,13.4,0.7,3.5,114.0
2026-08-03T16:00,9.8,14.3,0.2,3.1,114.0
2026-08-03T17:00,5.5,9.5,1.4,3.0,118.0
2026-08-03T18:00,5.9,10.4,5.5,3.7,126.0
2026-08-03T19:00,9.1,14.2,11.1,4.6,137.0
2026-08-03T20:00,13.3,19.1,15.5,5.4,152.0
2026-08-03T21:00,15.8,22.3,17.3,5.8,176.0
2026-08-03T22:00,15.7,23.1,17.7,6.1,203.0
2026-08-03T23:00,15.0,23.3,18.2,6.3,218.0
2026-08-04T00:00,14.5,23.2,18.8,6.4,211.0
2026-08-04T01:00,14.7,23.5,19.4,6.5,192.0
2026-08-04T02:00,15.3,23.7,20.6,6.4,177.0
2026-08-04T03:00,15.4,23.2,23.5,6.1,173.0
2026-08-04T04:00,15.0,21.8,27.1,5.7,172.0
2026-08-04T05:00,12.8,20.4,25.8,5.2,169.0
2026-08-04T06:00,12.9,20.4,22.5,5.2,162.0
2026-08-04T07:00,12.8,18.0,17.9,5.2,153.0
2026-08-04T08:00,12.7,17.0,13.4,5.1,143.0
2026-08-04T09:00,10.5,15.8,9.1,4.7,133.0
2026-08-04T10:00,9.3,17.8,5.0,4.2,122.0
2026-08-04T11:00,9.4,22.0,2.0,3.6,114.0
2026-08-04T12:00,10.6,26.7,0.8,2.9,110.0
2026-08-04T13:00,11.6,30.4,0.8,2.3,108.0
2026-08-04T14:00,13.2,34.7,0.9,1.8,108.0
2026-08-04T15:00,15.3,39.0,0.5,1.7,108.0
2026-08-04T16:00,16.5,42.1,0.3,1.8,109.0
2026-08-04T17:00,15.8,41.7,1.2,2.0,112.0
2026-08-04T18:00,14.6,36.6,4.1,2.4,120.0
2026-08-04T19:00,14.8,31.0,8.2,3.0,131.0
2026-08-04T20:00,17.7,33.9,11.8,3.5,139.0
2026-08-04T21:00,19.3,35.3,14.6,3.9,140.0
2026-08-04T22:00,19.9,35.7,17.0,4.1,138.0
2026-08-04T23:00,20.1,36.0,18.6,4.2,136.0
2026-08-05T00:00,19.7,36.0,18.9,3.9,134.0
2026-08-05T01:00,19.0,36.1,18.5,3.5,132.0
2026-08-05T02:00,18.8,36.1,18.8,3.2,132.0
2026-08-05T03:00,19.0,35.7,21.1,3.2,133.0
2026-08-05T04:00,19.4,35.4,24.0,3.3,137.0
2026-08-05T05:00,18.9,34.1,26.5,3.2,144.0
2026-08-05T06:00,19.0,33.2,23.1,3.6,162.0
2026-08-05T07:00,19.7,29.8,18.2,4.1,184.0
2026-08-05T08:00,17.5,28.1,13.5,4.4,194.0
2026-08-05T09:00,14.6,23.9,9.2,4.2,183.0
2026-08-05T10:00,10.7,16.5,5.1,3.7,160.0
2026-08-05T11:00,8.0,12.1,2.1,3.3,141.0
2026-08-05T12:00,6.8,11.2,1.0,3.0,131.0
2026-08-05T13:00,6.7,13.0,1.0,2.7,124.0
2026-08-05T14:00,6.8,15.1,1.2,2.5,120.0
2026-08-05T15:00,6.9,16.8,1.0,2.3,120.0
2026-08-05T16:00,6.9,18.0,0.8,2.2,124.0
2026-08-05T17:00,6.3,17.3,1.5,2.2,128.0
2026-08-05T18:00,6.5,17.1,3.7,2.5,133.0
2026-08-05T19:00,7.1,15.9,6.8,3.0,139.0
2026-08-05T20:00,9.8,17.5,9.5,3.5,143.0
2026-08-05T21:00,10.9,17.1,11.2,4.0,143.0
2026-08-05T22:00,11.6,16.6,12.6,4.5,142.0
2026-08-05T23:00,12.1,16.5,13.9,5.0,142.0
2026-08-06T00:00,12.4,16.6,15.3,5.4,145.0
2026-08-06T01:00,12.5,16.9,16.7,5.7,150.0
2026-08-06T02:00,12.5,16.9,18.4,5.8,155.0
2026-08-06T03:00,12.3,16.5,21.4,5.5,159.0
2026-08-06T04:00,11.8,15.5,24.7,5.0,163.0
2026-08-06T05:00,11.9,16.5,27.0,5.4,168.0
2026-08-06T06:00,12.0,16.5,24.3,6.0,179.0
2026-08-06T07:00,13.5,16.3,20.4,6.7,191.0
2026-08-06T08:00,12.8,17.2,16.3,7.4,194.0
2026-08-06T09:00,10.8,17.7,11.8,7.9,179.0
2026-08-06T10:00,10.6,17.4,7.2,8.4,155.0
2026-08-06T11:00,10.3,16.9,3.7,8.3,137.0
2026-08-06T12:00,9.8,16.5,2.2,7.4,131.0
2026-08-06T13:00,9.0,16.0,1.8,5.9,130.0
2026-08-06T14:00,7.9,15.4,1.7,4.8,130.0
2026-08-06T15:00,7.5,15.2,1.1,4.3,127.0
2026-08-06T16:00,7.2,15.0,0.8,4.0,125.0
2026-08-06T17:00,2.9,4.7,1.9,4.0,129.0
2026-08-06T18:00,3.1,4.5,6.1,4.6,142.0
2026-08-06T19:00,6.4,7.8,11.9,5.5,162.0
2026-08-06T20:00,10.6,12.0,17.1,6.2,178.0
2026-08-06T21:00,12.5,13.9,20.8,6.6,189.0
2026-08-06T22:00,13.9,15.4,23.9,6.9,197.0
2026-08-06T23:00,14.8,16.2,26.1,6.9,204.0
2026-08-07T00:00,15.4,16.8,27.1,6.5,214.0
2026-08-07T01:00,15.4,16.5,27.2,5.7,222.0
2026-08-07T02:00,14.8,15.7,27.4,5.1,221.0
2026-08-07T03:00,13.9,14.7,28.4,4.6,201.0
2026-08-07T04:00,12.8,13.5,29.4,4.2,172.0
2026-08-07T05:00,14.7,15.3,31.8,4.6,152.0
2026-08-07T06:00,13.9,14.6,28.5,4.7,154.0
2026-08-07T07:00,14.1,14.7,23.7,4.9,167.0
2026-08-07T08:00,13.0,13.8,18.7,5.1,173.0
2026-08-07T09:00,8.4,9.9,13.5,5.4,166.0
2026-08-07T10:00,6.9,8.0,8.0,5.8,153.0
2026-08-07T11:00,6.7,7.5,4.0,6.0,142.0
2026-08-07T12:00,7.1,7.8,2.3,5.8,135.0
2026-08-07T13:00,7.0,7.9,1.9,5.5,129.0
2026-08-07T14:00,6.5,7.9,1.8,5.1,126.0
2026-08-07T15:00,6.0,8.5,1.4,4.7,124.0
2026-08-07T16:00,6.0,9.0,1.2,4.2,124.0
2026-08-07T17:00,7.7,13.5,1.9,3.5,128.0
2026-08-07T18:00,7.4,12.0,4.6,3.9,141.0
2026-08-07T19:00,9.7,13.3,8.3,4.4,158.0
2026-08-07T20:00,10.6,14.0,11.2,4.7,171.0
2026-08-07T21:00,10.4,13.6,12.1,4.7,173.0
2026-08-07T22:00,10.0,13.0,12.2,4.6,171.0
2026-08-07T23:00,10.0,12.8,12.6,4.4,178.0
2026-08-08T00:00,10.4,13.3,14.0,4.2,207.0
2026-08-08T01:00,11.3,14.1,15.7,3.9,246.0
2026-08-08T02:00,12.0,14.5,17.7,3.6,268.0
2026-08-08T03:00,12.4,14.6,20.4,3.3,259.0
2026-08-08T04:00,12.5,14.6,23.3,2.9,235.0
2026-08-08T05:00,13.0,15.0,24.5,3.2,214.0
2026-08-08T06:00,13.0,15.2,22.2,3.6,206.0
2026-08-08T07:00,14.3,16.4,18.9,4.0,201.0
2026-08-08T08:00,14.7,17.8,15.2,4.4,193.0
2026-08-08T09:00,11.4,17.0,10.7,4.6,177.0
2026-08-08T10:00,9.4,14.0,5.8,4.6,157.0
2026-08-08T11:00,8.0,11.2,2.3,4.5,142.0
2026-08-08T12:00,7.3,9.9,1.1,4.2,135.0
2026-08-08T13:00,7.1,10.0,1.2,3.8,132.0
2026-08-08T14:00,7.3,10.9,1.5,3.4,131.0
2026-08-08T15:00,7.6,12.2,1.2,3.2,130.0
2026-08-08T16:00,7.9,13.5,1.1,3.0,132.0
2026-08-08T17:00,12.4,25.2,1.9,2.7,135.0
2026-08-08T18:00,13.4,25.3,5.5,3.2,136.0
2026-08-08T19:00,17.2,27.3,10.6,4.0,140.0
2026-08-08T20:00,19.2,29.5,14.5,4.5,160.0
2026-08-08T21:00,20.3,31.2,16.2,4.7,220.0
2026-08-08T22:00,20.3,31.4,16.8,4.8,296.0
2026-08-08T23:00,19.1,29.5,17.1,4.7,338.0
2026-08-09T00:00,17.5,26.1,16.8,4.3,312.0
2026-08-09T01:00,16.2,23.2,16.1,3.8,251.0
2026-08-09T02:00,15.6,21.6,16.4,3.3,199.0
2026-08-09T03:00,15.5,20.8,19.1,2.9,172.0
2026-08-09T04:00,15.5,20.0,22.7,2.6,155.0
2026-08-09T05:00,14.5,17.2,22.5,2.3,146.0
2026-08-09T06:00,13.8,16.6,20.1,2.6,148.0
2026-08-09T07:00,14.2,16.9,16.6,3.1,158.0
2026-08-09T08:00,14.6,19.0,13.0,3.4,162.0
2026-08-09T09:00,13.1,21.5,9.1,3.6,154.0
2026-08-09T10:00,11.9,20.4,5.1,3.7,140.0
2026-08-09T11:00,10.8,17.6,2.2,3.7,129.0
2026-08-09T12:00,10.6,16.9,1.1,3.5,123.0
2026-08-09T13:00,10.8,17.6,1.2,3.2,120.0
2026-08-09T14:00,10.4,17.4,1.4,3.0,118.0
2026-08-09T15:00,9.7,16.8,1.1,2.8,116.0
2026-08-09T16:00,9.0,15.7,1.0,2.7,116.0
2026-08-09T17:00,11.6,20.0,1.8,2.5,121.0
2026-08-09T18:00,12.1,18.7,4.0,2.9,134.0
2026-08-09T19:00,13.6,18.9,7.0,3.5,152.0
2026-08-09T20:00,14.8,20.0,9.5,3.9,170.0
2026-08-09T21:00,14.6,19.3,10.4,3.9,189.0
2026-08-09T22:00,14.5,19.0,10.8,3.8,208.0
2026-08-09T23:00,14.9,19.8,12.2,3.6,217.0
2026-08-10T00:00,16.5,21.7,15.8,3.5,211.0
2026-08-10T01:00,18.5,23.2,20.4,3.3,195.0
2026-08-10T02:00,19.4,23.1,24.0,3.1,180.0
2026-08-10T03:00,19.4,22.3,26.1,2.7,165.0
2026-08-10T04:00,18.5,21.1,27.1,2.4,151.0
2026-08-10T05:00,18.0,20.6,28.8,2.6,147.0
2026-08-10T06:00,16.8,19.3,25.7,3.0,165.0
2026-08-10T07:00,16.4,18.6,21.2,3.5,193.0
2026-08-10T08:00,16.6,18.9,16.6,4.0,205.0
2026-08-10T09:00,14.3,19.3,11.7,4.3,186.0
2026-08-10T10:00,12.7,19.8,6.5,4.5,151.0
2026-08-10T11:00,12.5,19.8,2.8,4.5,125.0
2026-08-10T12:00,12.5,19.5,1.4,4.3,118.0
2026-08-10T13:00,12.6,19.7,1.4,3.9,121.0
2026-08-10T14:00,12.7,19.9,1.6,3.5,123.0
2026-08-10T15:00,12.0,18.8,1.1,3.1,122.0
2026-08-10T16:00,10.9,16.9,0.7,2.8,121.0
2026-08-10T17:00,10.9,17.4,1.7,2.4,124.0
2026-08-10T18:00,11.2,16.9,4.9,3.0,128.0
2026-08-10T19:00,13.5,18.3,9.3,3.7,136.0
2026-08-10T20:00,15.9,20.8,13.3,4.4,153.0
2026-08-10T21:00,17.1,21.4,16.2,4.8,193.0
2026-08-10T22:00,17.5,21.4,18.6,5.1,243.0
2026-08-10T23:00,18.5,22.2,21.0,5.2,270.0
2026-08-11T00:00,19.6,23.1,23.5,5.0,254.0
2026-08-11T01:00,20.4,23.5,25.8,4.6,216.0
2026-08-11T02:00,20.5,23.5,27.8,4.1,184.0
2026-08-11T03:00,20.1,22.8,29.8,3.5,167.0
2026-08-11T04:00,19.3,21.6,31.4,3.0,157.0
2026-08-11T05:00,13.7,15.4,24.9,2.7,157.0
2026-08-11T06:00,13.1,15.0,22.7,3.1,177.0
2026-08-11T07:00,13.6,15.5,19.4,3.7,207.0
2026-08-11T08:00,14.8,17.1,15.7,4.0,219.0
2026-08-11T09:00,13.2,17.6,11.1,4.0,196.0
2026-08-11T10:00,10.8,15.0,5.9,3.8,156.0
2026-08-11T11:00,10.5,14.2,2.2,3.5,125.0
2026-08-11T12:00,10.3,13.7,0.9,3.2,116.0
2026-08-11T13:00,10.7,14.3,1.0,2.9,116.0
2026-08-11T14:00,10.9,14.5,1.3,2.7,117.0
2026-08-11T15:00,10.8,14.4,1.0,2.6,113.0
2026-08-11T16:00,10.7,14.2,0.9,2.5,111.0
2026-08-11T17:00,9.3,12.5,1.7,2.7,120.0
2026-08-11T18:00,11.2,13.6,4.6,3.3,148.0
2026-08-11T19:00,13.5,15.4,8.7,4.0,187.0
2026-08-11T20:00,14.3,16.2,12.7,4.7,226.0
2026-08-11T21:00,15.0,16.8,16.1,5.2,268.0
2026-08-11T22:00,16.2,18.2,19.3,5.6,309.0
2026-08-11T23:00,17.9,19.8,22.1,5.7,328.0
2026-08-12T00:00,19.3,21.1,24.5,5.3,309.0
2026-08-12T01:00,19.9,21.5,26.5,4.7,268.0
2026-08-12T02:00,19.6,20.9,27.9,4.1,230.0
2026-08-12T03:00,18.7,19.9,28.7,3.7,197.0
2026-08-12T04:00,17.5,18.6,28.8,3.3,168.0
2026-08-12T05:00,16.7,17.5,31.1,3.3,157.0
2026-08-12T06:00,15.5,16.6,28.1,3.6,185.0
2026-08-12T07:00,15.9,17.0,23.7,4.0,233.0
2026-08-12T08:00,16.9,18.6,19.0,4.4,257.0
2026-08-12T09:00,15.7,19.3,13.6,4.9,232.0
2026-08-12T10:00,13.5,18.2,7.8,5.5,183.0
2026-08-12T11:00,13.0,17.1,3.5,5.8,145.0
2026-08-12T12:00,13.5,17.2,1.8,5.5,130.0
2026-08-12T13:00,13.2,16.6,1.6,4.9,126.0
2026-08-12T14:00,12.0,15.1,1.7,4.4,124.0
2026-08-12T15:00,10.7,13.5,1.1,4.0,122.0
2026-08-12T16:00,9.9,12.4,0.7,3.7,122.0
2026-08-12T17:00,10.1,12.8,2.0,3.6,127.0
2026-08-12T18:00,12.1,14.1,7.4,4.5,139.0
2026-08-12T19:00,18.0,20.0,15.0,5.7,155.0
2026-08-12T20:00,22.1,24.2,21.6,6.6,167.0
2026-08-12T21:00,25.0,27.1,26.2,7.2,169.0
2026-08-12T22:00,26.4,28.3,29.8,7.5,167.0
2026-08-12T23:00,26.5,28.2,31.9,7.4,167.0
2026-08-13T00:00,25.7,27.1,31.9,6.7,175.0
2026-08-13T01:00,24.2,25.3,30.6,5.6,185.0
2026-08-13T02:00,22.0,22.9,29.3,4.7,191.0
2026-08-13T03:00,19.9,20.7,29.1,4.2,184.0
2026-08-13T04:00,18.0,18.7,28.9,3.8,173.0
2026-08-13T05:00,16.5,17.1,27.8,3.9,172.0
2026-08-13T06:00,15.7,16.4,25.5,4.3,195.0
2026-08-13T07:00,16.3,17.2,22.1,4.7,229.0
2026-08-13T08:00,19.1,21.1,18.1,5.0,244.0
2026-08-13T09:00,19.8,26.1,13.0,4.8,222.0
2026-08-13T10:00,19.9,27.5,7.4,4.4,182.0
2026-08-13T11:00,17.7,22.9,3.3,4.2,149.0
2026-08-13T12:00,15.2,18.5,1.9,4.4,135.0
2026-08-13T13:00,13.1,15.3,2.0,4.8,129.0
2026-08-13T14:00,11.2,12.7,2.2,5.0,125.0
2026-08-13T15:00,9.3,10.5,1.5,4.7,122.0
2026-08-13T16:00,7.8,8.8,1.0,4.3,121.0
2026-08-13T17:00,4.6,5.0,2.0,3.2,123.0
2026-08-13T18:00,7.9,8.2,8.9,4.2,129.0
2026-08-13T19:00,15.1,15.4,18.3,5.5,138.0
2026-08-13T20:00,20.6,20.9,24.9,6.5,146.0
2026-08-13T21:00,23.5,23.8,26.0,6.9,153.0
2026-08-13T22:00,21.4,21.7,24.3,6.9,159.0
2026-08-13T23:00,16.2,16.5,22.4,6.7,160.0
2026-08-14T00:00,12.9,13.1,20.8,6.3,151.0
2026-08-14T01:00,10.9,11.1,19.1,5.7,136.0
2026-08-14T02:00,9.7,10.0,18.4,5.1,128.0
2026-08-14T03:00,9.3,9.4,20.1,4.5,131.0
2026-08-14T04:00,8.8,8.9,23.0,3.9,141.0
2026-08-14T05:00,7.2,7.2,24.2,4.1,153.0
2026-08-14T06:00,7.1,7.2,21.5,4.3,170.0
2026-08-14T07:00,8.0,8.1,17.6,4.6,189.0
2026-08-14T08:00,8.2,8.3,13.8,4.9,200.0
2026-08-14T09:00,6.7,6.8,10.0,5.3,196.0
2026-08-14T10:00,6.2,6.3,6.3,5.9,183.0
2026-08-14T11:00,6.2,6.2,3.5,6.2,169.0
2026-08-14T12:00,6.7,6.7,2.4,6.3,156.0
2026-08-14T13:00,7.0,7.0,2.2,6.3,141.0
2026-08-14T14:00,6.5,6.5,2.2,6.1,130.0
2026-08-14T15:00,5.2,5.3,1.3,5.4,121.0
2026-08-14T16:00,4.5,4.8,0.6,4.6,116.0
2026-08-14T17:00,9.1,9.4,2.0,3.6,120.0
2026-08-14T18:00,12.7,12.8,8.7,4.5,144.0
2026-08-14T19:00,19.7,19.8,18.0,5.8,177.0
2026-08-14T20:00,24.8,25.0,25.5,6.9,197.0
2026-08-14T21:00,27.1,27.3,29.3,7.7,189.0
2026-08-14T22:00,27.0,27.1,31.3,8.4,167.0
2026-08-14T23:00,25.6,25.8,32.3,8.6,153.0
2026-08-15T00:00,24.3,24.5,32.2,8.2,160.0
2026-08-15T01:00,23.0,23.1,31.1,7.4,174.0
2026-08-15T02:00,21.3,21.4,30.2,6.5,184.0
2026-08-15T03:00,19.6,19.7,30.5,5.6,179.0
2026-08-15T04:00,18.2,18.3,31.1,4.7,169.0
2026-08-15T05:00,18.2,18.3,31.0,4.6,168.0
2026-08-15T06:00,17.4,17.5,28.4,4.7,189.0
2026-08-15T07:00,17.9,17.9,24.6,4.9,219.0
2026-08-15T08:00,19.3,19.4,20.2,5.2,231.0
2026-08-15T09:00,16.9,17.1,14.5,5.8,205.0
2026-08-15T10:00,13.5,13.7,8.2,6.6,161.0
2026-08-15T11:00,12.3,12.7,3.5,6.9,128.0
2026-08-15T12:00,11.1,11.6,1.7,6.4,119.0
2026-08-15T13:00,9.6,10.1,1.6,5.4,121.0
2026-08-15T14:00,8.3,8.9,1.8,4.6,123.0
2026-08-15T15:00,7.6,8.5,1.2,4.2,121.0
2026-08-15T16:00,7.2,8.4,0.8,4.0,120.0
2026-08-15T17:00,6.4,8.5,1.9,2.8,121.0
2026-08-15T18:00,11.1,12.9,7.9,3.7,128.0
2026-08-15T19:00,17.1,18.7,16.3,4.8,137.0
2026-08-15T20:00,20.5,22.1,23.2,5.7,146.0
2026-08-15T21:00,22.6,24.0,27.7,6.0,155.0
2026-08-15T22:00,23.2,24.5,30.7,5.9,164.0
2026-08-15T23:00,23.5,25.0,31.2,5.7,164.0
2026-08-16T00:00,22.6,24.7,27.4,5.2,149.0
2026-08-16T01:00,18.2,21.7,21.1,4.5,126.0
2026-08-16T02:00,14.8,19.7,16.3,4.0,110.0
2026-08-16T03:00,13.5,19.4,15.1,3.7,107.0
2026-08-16T04:00,12.8,19.0,15.4,3.4,110.0
2026-08-16T05:00,9.8,16.7,9.5,2.8,115.0
2026-08-16T06:00,9.3,15.4,9.1,3.0,122.0
2026-08-16T07:00,10.3,15.5,8.5,3.2,129.0
2026-08-16T08:00,10.2,14.2,7.5,3.5,133.0
2026-08-16T09:00,9.1,13.9,5.9,4.0,128.0
2026-08-16T10:00,9.4,14.7,3.8,4.5,118.0
2026-08-16T11:00,9.2,15.3,2.3,4.7,111.0
2026-08-16T12:00,8.7,16.1,1.6,4.1,109.0
2026-08-16T13:00,7.9,17.0,1.3,3.2,108.0
2026-08-16T14:00,6.8,16.3,1.2,2.4,109.0
2026-08-16T15:00,5.5,13.8,0.9,1.9,109.0
2026-08-16T16:00,4.9,11.5,0.8,1.7,111.0
2026-08-16T17:00,3.6,4.7,1.5,1.6,113.0
2026-08-16T18:00,4.5,5.1,3.2,1.9,118.0
2026-08-16T19:00,5.9,6.2,5.6,2.4,124.0
2026-08-16T20:00,7.1,7.4,7.3,2.7,128.0
2026-08-16T21:00,7.6,7.9,7.7,2.9,127.0
2026-08-16T22:00,7.8,8.1,7.5,2.9,124.0
2026-08-16T23:00,7.9,8.1,7.6,3.0,121.0
2026-08-17T00:00,7.7,8.1,7.9,3.0,119.0
2026-08-17T01:00,7.8,8.1,8.4,3.1,118.0
2026-08-17T02:00,8.0,8.3,10.0,3.1,119.0
2026-08-17T03:00,8.3,8.6,14.2,3.1,123.0
2026-08-17T04:00,8.7,9.0,19.5,3.2,129.0
2026-08-17T05:00,8.6,8.9,24.1,3.8,138.0
2026-08-17T06:00,9.0,9.2,21.6,3.9,155.0
2026-08-17T07:00,10.4,10.6,18.1,4.2,174.0
2026-08-17T08:00,9.4,9.7,14.5,4.6,185.0
2026-08-17T09:00,8.3,8.6,10.9,5.4,180.0
2026-08-17T10:00,8.7,8.9,7.2,6.4,166.0
2026-08-17T11:00,9.6,9.9,4.4,7.0,152.0
2026-08-17T12:00,10.8,11.0,3.0,7.0,141.0
2026-08-17T13:00,11.1,11.5,2.4,6.6,131.0
2026-08-17T14:00,9.9,10.3,2.1,5.9,125.0
2026-08-17T15:00,7.8,8.3,1.4,4.8,123.0
2026-08-17T16:00,6.3,6.9,1.0,3.5,125.0
2026-08-17T17:00,4.8,6.5,1.7,2.5,129.0
2026-08-17T18:00,6.0,8.3,4.5,2.9,137.0
2026-08-17T19:00,8.3,10.8,8.3,3.5,146.0
2026-08-17T20:00,9.5,12.1,11.0,3.9,154.0
2026-08-17T21:00,8.9,11.5,11.3,4.1,158.0
2026-08-17T22:00,8.3,10.9,10.5,4.2,160.0
2026-08-17T23:00,8.1,10.7,10.0,4.2,159.0
2026-08-18T00:00,8.0,10.6,10.3,4.1,152.0
2026-08-18T01:00,8.0,10.5,10.9,4.0,143.0
2026-08-18T02:00,7.9,10.3,11.8,3.9,137.0
2026-08-18T03:00,7.5,10.0,13.2,3.9,135.0
2026-08-18T04:00,7.2,9.6,14.9,3.9,137.0
2026-08-18T05:00,7.2,8.8,15.1,5.7,148.0
2026-08-18T06:00,7.6,9.2,15.2,6.0,182.0
2026-08-18T07:00,9.2,10.5,15.1,6.4,225.0
2026-08-18T08:00,10.8,12.0,14.0,6.8,248.0
2026-08-18T09:00,10.1,13.0,10.9,7.2,232.0
2026-08-18T10:00,9.8,15.1,6.9,7.6,196.0
2026-08-18T11:00,10.2,18.9,3.7,7.5,164.0
2026-08-18T12:00,11.2,23.1,2.3,6.4,145.0
2026-08-18T13:00,11.6,25.1,1.7,4.8,130.0
2026-08-18T14:00,11.1,25.1,1.5,3.5,120.0
2026-08-18T15:00,10.4,23.7,0.6,2.8,117.0
2026-08-18T16:00,9.5,21.7,0.1,2.5,118.0
2026-08-18T17:00,6.3,13.9,1.9,2.5,124.0
2026-08-18T18:00,7.0,11.9,7.9,3.5,136.0
2026-08-18T19:00,12.4,16.9,16.4,5.0,151.0
2026-08-18T20:00,18.1,22.7,23.6,6.2,162.0
2026-08-18T21:00,21.8,26.5,28.3,6.9,166.0
2026-08-18T22:00,22.8,27.0,31.7,7.4,165.0
2026-08-18T23:00,22.3,26.1,33.9,7.5,163.0
2026-08-19T00:00,21.6,25.3,34.8,7.1,158.0
2026-08-19T01:00,20.8,24.3,34.5,6.3,151.0
2026-08-19T02:00,19.9,22.9,33.9,5.5,150.0
2026-08-19T03:00,18.2,20.5,33.5,4.8,158.0
2026-08-19T04:00,16.2,18.2,32.7,4.0,173.0
2026-08-19T05:00,18.2,20.5,35.4,4.7,190.0
2026-08-19T06:00,17.3,19.4,31.7,5.0,217.0
2026-08-19T07:00,17.6,19.0,26.4,5.4,247.0
2026-08-19T08:00,17.9,19.3,20.8,5.8,257.0
2026-08-19T09:00,13.3,15.6,14.6,6.1,227.0
2026-08-19T10:00,9.7,11.8,8.2,6.3,177.0
2026-08-19T11:00,7.5,9.1,3.5,6.3,138.0
2026-08-19T12:00,6.0,7.5,1.8,5.7,126.0
2026-08-19T13:00,5.4,6.6,1.8,4.8,126.0
2026-08-19T14:00,5.4,6.7,2.1,4.2,127.0
2026-08-19T15:00,5.7,7.3,1.5,4.2,124.0
2026-08-19T16:00,6.2,8.2,1.1,4.4,122.0
2026-08-19T17:00,13.3,18.9,3.2,4.0,124.0
2026-08-19T18:00,19.5,24.0,9.0,4.9,133.0
2026-08-19T19:00,26.9,30.7,16.8,6.1,147.0
2026-08-19T20:00,28.9,32.4,21.6,6.9,160.0
2026-08-19T21:00,23.6,26.7,20.4,6.8,175.0
2026-08-19T22:00,18.3,20.6,16.3,6.1,189.0
2026-08-19T23:00,15.5,17.6,13.4,5.7,194.0
2026-08-20T00:00,14.8,16.7,13.5,5.7,181.0
2026-08-20T01:00,14.9,16.8,14.9,5.9,159.0
2026-08-20T02:00,15.3,17.1,16.5,5.9,142.0
2026-08-20T03:00,15.6,17.3,18.5,5.6,132.0
2026-08-20T04:00,15.7,17.3,20.8,5.2,129.0
2026-08-20T05:00,16.4,18.2,21.4,6.3,143.0
2026-08-20T06:00,16.9,18.9,20.8,6.3,197.0
2026-08-20T07:00,18.2,20.0,19.8,6.4,268.0
2026-08-20T08:00,21.2,22.8,17.8,6.7,305.0
2026-08-20T09:00,22.5,25.6,13.7,7.8,274.0
2026-08-20T10:00,18.7,23.2,8.6,9.2,208.0
2026-08-20T11:00,16.3,21.0,4.6,9.7,154.0
2026-08-20T12:00,15.3,20.3,2.8,8.4,129.0
2026-08-20T13:00,13.2,18.5,2.1,6.1,116.0
2026-08-20T14:00,10.8,15.8,1.8,4.3,110.0
2026-08-20T15:00,9.4,13.9,1.2,3.3,109.0
2026-08-20T16:00,8.3,12.0,0.9,2.6,115.0
2026-08-20T17:00,4.0,5.9,2.0,2.3,123.0
2026-08-20T18:00,6.2,7.7,5.9,3.0,136.0
2026-08-20T19:00,11.9,13.2,11.5,4.0,152.0
2026-08-20T20:00,14.6,15.8,16.0,4.9,163.0
2026-08-20T21:00,14.8,15.8,18.5,5.6,166.0
2026-08-20T22:00,15.7,16.5,20.0,6.2,166.0
2026-08-20T23:00,17.2,17.9,21.4,6.6,163.0
2026-08-21T00:00,18.8,19.4,23.2,6.6,158.0
2026-08-21T01:00,19.6,20.4,24.8,6.4,152.0
2026-08-21T02:00,18.8,19.5,26.0,6.0,149.0
2026-08-21T03:00,17.6,18.3,26.8,5.4,148.0
2026-08-21T04:00,16.2,16.7,27.1,4.7,149.0
2026-08-21T05:00,11.8,12.1,25.5,4.2,163.0
2026-08-21T06:00,11.4,11.7,23.4,4.3,203.0
2026-08-21T07:00,12.4,12.7,20.3,4.6,255.0
2026-08-21T08:00,14.1,14.5,16.8,5.1,286.0
2026-08-21T09:00,11.9,12.5,12.6,6.2,278.0
2026-08-21T10:00,10.0,10.6,8.1,7.6,248.0
2026-08-21T11:00,9.2,9.6,4.6,8.3,214.0
2026-08-21T12:00,8.8,9.2,2.9,7.7,177.0
2026-08-21T13:00,8.1,8.5,2.3,6.5,137.0
2026-08-21T14:00,7.2,7.5,2.0,5.3,109.0
2026-08-21T15:00,6.2,6.5,1.1,4.3,103.0
2026-08-21T16:00,5.1,5.3,0.5,3.4,110.0
2026-08-21T17:00,2.5,2.6,1.7,2.3,121.0
2026-08-21T18:00,4.0,4.1,6.1,3.0,136.0
2026-08-21T19:00,8.4,8.6,12.1,4.0,155.0
2026-08-21T20:00,11.9,12.0,16.8,4.8,166.0
2026-08-21T21:00,12.8,12.9,18.4,5.4,161.0
2026-08-21T22:00,12.5,12.7,18.5,5.8,148.0
2026-08-21T23:00,12.9,13.0,19.2,5.9,140.0
2026-08-22T00:00,14.2,14.3,21.5,5.7,143.0
2026-08-22T01:00,15.3,15.4,24.2,5.2,152.0
2026-08-22T02:00,15.4,15.5,26.3,4.7,164.0
2026-08-22T03:00,14.5,14.6,27.5,4.2,181.0
2026-08-22T04:00,13.4,13.5,28.0,3.8,202.0
2026-08-22T05:00,11.1,11.2,24.5,4.1,218.0
2026-08-22T06:00,9.9,10.0,21.4,4.1,228.0
2026-08-22T07:00,9.6,9.7,17.0,4.1,233.0
2026-08-22T08:00,8.8,8.9,12.7,4.0,227.0
2026-08-22T09:00,5.9,6.2,8.8,3.8,201.0
2026-08-22T10:00,5.0,5.7,5.1,3.5,164.0
2026-08-22T11:00,5.0,5.9,2.4,3.2,135.0
2026-08-22T12:00,5.2,5.9,1.3,2.9,121.0
2026-08-22T13:00,5.4,5.8,1.2,2.7,116.0
2026-08-22T14:00,5.7,6.2,1.2,2.4,113.0
2026-08-22T15:00,5.7,6.2,0.8,2.1,112.0
2026-08-22T16:00,5.6,6.2,0.5,1.8,114.0
2026-08-22T17:00,8.8,9.5,1.6,1.8,121.0
2026-08-22T18:00,9.7,10.2,5.3,2.2,139.0
2026-08-22T19:00,12.5,12.9,10.4,2.9,161.0
2026-08-22T20:00,14.3,14.6,14.2,3.3,174.0
2026-08-22T21:00,14.6,14.8,15.2,3.4,168.0
2026-08-22T22:00,14.1,14.3,14.9,3.3,152.0
2026-08-22T23:00,13.3,13.6,14.5,3.2,141.0
2026-08-23T00:00,12.7,13.1,14.2,3.0,140.0
2026-08-23T01:00,12.3,12.9,13.8,2.7,143.0
2026-08-23T02:00,12.1,12.8,14.1,2.5,147.0
2026-08-23T03:00,12.3,13.0,16.1,2.4,149.0
2026-08-23T04:00,12.6,13.4,18.7,2.3,152.0
2026-08-23T05:00,11.7,12.5,16.1,2.3,155.0
2026-08-23T06:00,11.8,12.7,15.2,2.5,162.0
2026-08-23T07:00,13.0,13.6,13.9,2.9,169.0
2026-08-23T08:00,13.4,14.3,12.0,3.1,169.0
2026-08-23T09:00,9.3,10.8,8.8,3.1,156.0
2026-08-23T10:00,6.8,8.0,5.0,3.1,136.0
2026-08-23T11:00,5.6,7.4,2.2,2.9,120.0
2026-08-23T12:00,5.8,9.4,1.2,2.6,114.0
2026-08-23T13:00,6.1,11.3,1.1,2.2,113.0
2026-08-23T14:00,6.3,12.1,1.2,2.0,112.0
2026-08-23T15:00,6.4,12.1,0.8,1.9,109.0
2026-08-23T16:00,6.4,11.9,0.5,2.0,107.0
2026-08-23T17:00,4.6,9.3,1.7,2.1,112.0
2026-08-23T18:00,6.7,10.3,4.4,2.6,123.0
2026-08-23T19:00,8.9,11.7,8.2,3.2,141.0
2026-08-23T20:00,10.0,12.6,11.5,3.7,174.0
2026-08-23T21:00,10.5,13.0,13.5,3.9,242.0
2026-08-23T22:00,11.1,13.3,15.0,4.0,325.0
2026-08-23T23:00,11.8,13.8,16.5,3.9,366.0
2026-08-24T00:00,12.6,14.4,18.3,3.6,328.0
2026-08-24T01:00,12.8,14.4,19.9,3.1,249.0
2026-08-24T02:00,12.3,13.9,21.0,2.8,185.0
2026-08-24T03:00,11.5,12.9,21.2,2.6,156.0
2026-08-24T04:00,10.2,11.4,20.7,2.5,142.0
2026-08-24T05:00,9.2,10.2,19.9,2.4,139.0
2026-08-24T06:00,8.4,9.4,18.4,2.7,155.0
2026-08-24T07:00,8.6,9.6,16.1,3.1,183.0
2026-08-24T08:00,9.4,10.5,13.4,3.4,196.0
2026-08-24T09:00,7.0,9.7,9.7,3.5,180.0
2026-08-24T10:00,5.4,9.4,5.4,3.4,150.0
2026-08-24T11:00,5.4,10.0,2.3,3.2,127.0
2026-08-24T12:00,5.2,10.2,1.2,2.9,119.0
2026-08-24T13:00,5.6,12.0,1.2,2.5,117.0
2026-08-24T14:00,6.5,16.6,1.3,2.1,117.0
2026-08-24T15:00,7.6,21.7,1.0,1.8,117.0
2026-08-24T16:00,8.1,26.0,0.8,1.6,118.0
2026-08-24T17:00,11.5,39.2,1.5,1.5,122.0
2026-08-24T18:00,11.3,32.6,3.4,2.0,130.0
2026-08-24T19:00,11.5,25.4,6.0,2.7,141.0
2026-08-24T20:00,10.4,19.3,7.8,3.3,147.0
2026-08-24T21:00,8.2,12.9,8.0,3.6,145.0
2026-08-24T22:00,6.6,8.8,7.5,3.6,138.0
2026-08-24T23:00,5.8,7.4,7.2,3.7,133.0
2026-08-25T00:00,5.6,7.4,7.3,3.7,132.0
2026-08-25T01:00,5.6,7.8,7.6,3.7,133.0
2026-08-25T02:00,6.0,8.9,8.6,3.7,135.0
2026-08-25T03:00,6.7,10.5,11.0,3.6,136.0
2026-08-25T04:00,7.6,12.6,14.0,3.6,138.0
2026-08-25T05:00,9.1,14.7,16.9,3.7,149.0
2026-08-25T06:00,10.2,16.9,16.6,4.1,181.0
2026-08-25T07:00,12.3,18.6,16.1,4.6,221.0
2026-08-25T08:00,12.7,18.2,14.6,5.1,239.0
2026-08-25T09:00,10.9,18.3,11.2,5.5,214.0
2026-08-25T10:00,8.1,15.0,6.8,5.9,167.0
2026-08-25T11:00,5.7,10.2,3.4,5.9,131.0
2026-08-25T12:00,4.5,7.4,2.0,5.4,119.0
2026-08-25T13:00,4.2,6.2,1.7,4.5,118.0
2026-08-25T14:00,3.9,5.5,1.6,3.9,120.0
2026-08-25T15:00,3.5,4.7,1.0,3.7,124.0
2026-08-25T16:00,3.4,4.2,0.7,3.8,131.0
2026-08-25T17:00,2.1,2.4,2.0,3.7,139.0
2026-08-25T18:00,3.3,3.5,6.2,4.5,148.0
2026-08-25T19:00,8.3,8.4,12.1,5.5,159.0
2026-08-25T20:00,11.5,11.6,17.2,6.5,172.0
2026-08-25T21:00,12.8,12.9,20.7,7.3,188.0
2026-08-25T22:00,14.6,14.7,23.5,8.0,206.0
2026-08-25T23:00,16.8,16.8,25.7,8.2,221.0
2026-08-26T00:00,18.1,18.2,27.4,7.7,234.0
2026-08-26T01:00,18.2,18.3,28.4,6.7,243.0
2026-08-26T02:00,17.1,17.2,28.9,5.8,242.0
2026-08-26T03:00,15.3,15.4,28.9,5.1,218.0
2026-08-26T04:00,13.5,13.6,28.3,4.4,184.0
2026-08-26T05:00,15.6,15.7,28.7,4.2,164.0
2026-08-26T06:00,14.6,14.7,26.4,4.4,176.0
2026-08-26T07:00,15.4,15.4,22.9,4.8,203.0
2026-08-26T08:00,16.8,16.9,19.0,5.4,218.0
2026-08-26T09:00,11.2,11.4,14.2,6.5,208.0
2026-08-26T10:00,9.1,9.2,8.9,7.8,186.0
2026-08-26T11:00,8.7,8.8,4.8,8.4,167.0
2026-08-26T12:00,8.0,8.1,2.9,7.7,155.0
2026-08-26T13:00,7.3,7.7,2.2,6.2,147.0
2026-08-26T14:00,6.9,7.8,2.0,5.1,141.0
2026-08-26T15:00,6.9,8.1,1.4,4.7,138.0
2026-08-26T16:00,7.2,8.6,1.3,4.7,138.0
2026-08-26T17:00,1.7,2.0,2.5,4.3,145.0
2026-08-26T18:00,4.7,5.0,8.6,5.2,160.0
2026-08-26T19:00,12.1,12.5,16.9,6.3,181.0
2026-08-26T20:00,15.8,16.2,23.0,7.1,205.0
2026-08-26T21:00,15.6,16.0,24.2,7.2,235.0
2026-08-26T22:00,14.5,14.9,23.2,6.9,269.0
2026-08-26T23:00,14.7,15.1,22.7,6.5,293.0
2026-08-27T00:00,15.9,16.4,24.2,6.0,305.0
2026-08-27T01:00,16.8,17.2,26.2,5.3,308.0
2026-08-27T02:00,16.4,16.6,27.6,4.7,297.0
2026-08-27T03:00,15.0,15.2,28.0,4.2,258.0
2026-08-27T04:00,13.4,13.7,27.7,3.8,204.0
2026-08-27T05:00,14.1,14.4,29.1,4.2,173.0
2026-08-27T06:00,13.5,13.8,27.2,4.4,188.0
2026-08-27T07:00,14.1,14.4,24.3,4.7,225.0
2026-08-27T08:00,15.7,15.9,20.5,5.1,246.0
2026-08-27T09:00,10.0,10.4,15.1,5.8,233.0
2026-08-27T10:00,7.9,8.3,8.9,6.5,205.0
2026-08-27T11:00,8.3,8.6,4.2,6.9,180.0
2026-08-27T12:00,8.3,8.5,2.3,6.5,164.0
2026-08-27T13:00,7.7,8.1,1.9,5.8,151.0
2026-08-27T14:00,7.2,7.6,1.9,5.1,142.0
2026-08-27T15:00,6.8,7.2,1.1,4.6,137.0
2026-08-27T16:00,6.7,7.0,0.6,4.3,136.0
2026-08-27T17:00,6.8,7.2,2.4,4.4,138.0
2026-08-27T18:00,9.1,9.3,8.7,5.4,146.0
2026-08-27T19:00,16.4,16.7,17.3,6.8,157.0
2026-08-27T20:00,21.2,21.4,23.1,7.8,166.0
2026-08-27T21:00,20.3,20.6,23.5,8.0,172.0
2026-08-27T22:00,18.6,18.8,21.1,7.8,175.0
2026-08-27T23:00,17.5,17.8,19.1,7.5,174.0
2026-08-28T00:00,16.8,17.0,18.6,7.1,164.0
2026-08-28T01:00,16.1,16.4,18.4,6.6,150.0
2026-08-28T02:00,15.5,15.7,18.8,6.0,142.0
2026-08-28T03:00,14.9,15.0,20.2,5.3,142.0
2026-08-28T04:00,14.3,14.4,22.1,4.7,147.0
2026-08-28T05:00,13.8,13.9,21.5,4.6,163.0
2026-08-28T06:00,14.1,14.1,20.9,4.7,201.0
2026-08-28T07:00,15.9,16.0,19.9,4.9,248.0
2026-08-28T08:00,18.8,18.8,17.9,5.5,274.0
2026-08-28T09:00,15.0,15.0,14.1,7.2,259.0
2026-08-28T10:00,14.9,15.0,9.2,9.3,223.0
2026-08-28T11:00,15.0,15.3,5.4,10.3,189.0
2026-08-28T12:00,14.4,16.0,3.4,9.2,165.0
2026-08-28T13:00,12.8,16.8,2.5,7.0,143.0
2026-08-28T14:00,10.8,17.8,1.9,5.0,129.0
2026-08-28T15:00,9.0,19.8,1.3,3.7,125.0
2026-08-28T16:00,9.4,25.0,1.0,2.7,128.0
2026-08-28T17:00,7.1,20.7,1.5,1.8,135.0
2026-08-28T18:00,7.2,19.0,3.2,2.2,146.0
2026-08-28T19:00,8.3,17.8,5.7,2.8,160.0
2026-08-28T20:00,9.0,17.3,7.8,3.4,171.0
2026-08-28T21:00,9.2,16.8,9.3,4.0,175.0
2026-08-28T22:00,9.6,16.7,10.4,4.6,175.0
2026-08-28T23:00,10.1,17.0,11.2,5.2,172.0
2026-08-29T00:00,10.3,17.3,11.4,6.0,163.0
2026-08-29T01:00,10.0,17.0,11.2,6.9,149.0
2026-08-29T02:00,9.5,16.3,11.4,7.5,139.0
2026-08-29T03:00,9.1,15.5,12.6,7.7,130.0
2026-08-29T04:00,9.0,15.1,14.3,7.5,125.0
2026-08-29T05:00,9.5,16.4,15.6,8.3,133.0
2026-08-29T06:00,10.0,15.7,15.5,7.7,170.0
2026-08-29T07:00,11.3,15.0,15.1,6.9,221.0
2026-08-29T08:00,13.4,16.6,14.0,6.6,251.0
2026-08-29T09:00,11.8,19.5,11.4,7.7,243.0
2026-08-29T10:00,11.6,19.0,8.0,9.3,215.0
2026-08-29T11:00,10.7,16.8,5.1,9.9,187.0
2026-08-29T12:00,10.2,16.5,3.3,8.5,162.0
2026-08-29T13:00,8.6,15.7,2.2,6.0,135.0
2026-08-29T14:00,6.7,13.7,1.4,4.0,118.0
2026-08-29T15:00,5.6,12.2,1.0,3.0,114.0
2026-08-29T16:00,4.9,11.1,1.0,2.3,119.0
2026-08-29T17:00,5.5,9.3,1.6,2.0,126.0
2026-08-29T18:00,5.8,8.7,3.7,2.4,137.0
2026-08-29T19:00,7.6,9.9,6.6,3.1,151.0
2026-08-29T20:00,9.2,11.2,8.9,3.6,160.0
2026-08-29T21:00,9.8,11.7,9.9,4.0,160.0
2026-08-29T22:00,10.2,12.0,10.3,4.4,154.0
2026-08-29T23:00,10.5,12.2,11.1,4.6,149.0
2026-08-30T00:00,10.9,12.4,12.9,4.7,146.0
2026-08-30T01:00,11.2,12.5,15.1,4.7,143.0
2026-08-30T02:00,11.4,12.5,17.2,4.6,142.0
2026-08-30T03:00,11.3,12.1,19.4,4.3,144.0
2026-08-30T04:00,10.8,11.4,21.5,3.9,148.0
2026-08-30T05:00,10.1,10.5,21.5,4.1,157.0
2026-08-30T06:00,9.9,10.2,19.6,4.3,176.0
2026-08-30T07:00,10.8,11.1,16.8,4.5,200.0
2026-08-30T08:00,12.3,12.7,13.9,5.1,210.0
2026-08-30T09:00,10.6,11.8,10.9,6.4,194.0
2026-08-30T10:00,10.9,12.4,7.7,8.0,166.0
2026-08-30T11:00,11.8,13.5,5.2,9.0,143.0
2026-08-30T12:00,12.6,14.7,3.7,8.8,135.0
2026-08-30T13:00,12.8,15.8,3.0,7.9,134.0
2026-08-30T14:00,12.3,16.9,2.4,6.8,133.0
2026-08-30T15:00,11.2,17.8,1.5,5.5,127.0
2026-08-30T16:00,9.9,17.5,0.8,4.0,122.0
2026-08-30T17:00,8.6,15.4,1.9,3.2,124.0
2026-08-30T18:00,11.4,16.8,7.3,4.1,143.0
2026-08-30T19:00,18.0,23.5,14.9,5.3,170.0
2026-08-30T20:00,23.3,28.6,21.1,6.1,187.0
2026-08-30T21:00,26.3,31.1,24.7,6.3,182.0
2026-08-30T22:00,27.5,31.5,26.9,6.0,167.0
2026-08-30T23:00,27.0,30.4,28.0,5.7,155.0
2026-08-31T00:00,25.7,28.6,27.8,5.3,153.0
2026-08-31T01:00,23.9,26.6,26.5,4.7,155.0
2026-08-31T02:00,22.2,24.6,25.3,4.2,159.0
2026-08-31T03:00,20.4,22.6,25.0,3.8,162.0
2026-08-31T04:00,18.7,20.7,24.8,3.4,167.0
2026-08-31T05:00,16.5,18.3,22.7,3.1,177.0
2026-08-31T06:00,15.4,17.3,20.7,3.2,200.0
2026-08-31T07:00,15.8,17.5,17.8,3.4,228.0
2026-08-31T08:00,18.0,19.6,14.6,3.7,240.0
2026-08-31T09:00,15.3,19.3,10.9,4.3,222.0
2026-08-31T10:00,13.2,17.9,6.8,5.0,189.0
2026-08-31T11:00,13.0,17.9,3.7,5.3,160.0
2026-08-31T12:00,12.8,18.1,2.2,4.8,143.0
2026-08-31T13:00,11.8,18.0,1.7,4.0,131.0
2026-08-31T14:00,9.9,16.8,1.4,3.2,123.0
2026-08-31T15:00,7.2,12.8,1.1,2.6,120.0
2026-08-31T16:00,4.8,8.5,1.1,2.1,122.0
2026-08-31T17:00,2.4,4.6,1.6,1.7,125.0
2026-08-31T18:00,2.3,4.2,3.1,2.0,128.0
2026-08-31T19:00,3.9,5.3,5.2,2.5,133.0
2026-08-31T20:00,4.8,6.0,7.0,3.1,137.0
2026-08-31T21:00,5.1,6.2,7.9,3.8,140.0
2026-08-31T22:00,5.4,6.2,8.5,4.7,142.0
2026-08-31T23:00,5.7,6.2,9.4,5.5,145.0
2026-09-01T00:00,6.0,6.4,10.9,6.3,148.0
2026-09-01T01:00,6.3,6.7,12.6,7.0,150.0
2026-09-01T02:00,6.6,7.0,14.5,7.5,153.0
2026-09-01T03:00,6.9,7.3,16.9,7.6,157.0
2026-09-01T04:00,7.3,7.8,19.3,7.5,160.0
2026-09-01T05:00,7.5,7.8,21.2,8.0,164.0
2026-09-01T06:00,8.7,9.2,19.3,8.0,168.0
2026-09-01T07:00,11.4,12.0,16.5,8.0,173.0
2026-09-01T08:00,9.3,9.6,13.9,8.3,173.0
2026-09-01T09:00,7.4,7.6,11.7,9.5,166.0
2026-09-01T10:00,7.1,7.2,9.5,11.0,155.0
2026-09-01T11:00,7.4,7.7,7.6,11.8,147.0
2026-09-01T12:00,8.2,8.5,5.9,11.3,147.0
2026-09-01T13:00,8.8,9.3,4.3,10.0,149.0
2026-09-01T14:00,8.9,9.5,3.2,8.7,149.0
2026-09-01T15:00,8.2,8.8,2.3,7.3,140.0
2026-09-01T16:00,7.3,8.0,1.8,5.8,129.0
2026-09-01T17:00,0.3,0.3,2.1,4.0,124.0
2026-09-01T18:00,1.3,1.3,4.8,4.2,132.0
2026-09-01T19:00,4.7,4.7,8.5,4.5,146.0
2026-09-01T20:00,6.2,6.3,11.5,4.8,158.0
2026-09-01T21:00,5.8,5.9,12.6,5.3,164.0
2026-09-01T22:00,5.8,5.8,13.0,5.9,168.0
2026-09-01T23:00,6.7,6.8,13.8,6.3,173.0
2026-09-02T00:00,7.9,8.0,15.8,6.5,185.0
2026-09-02T01:00,9.1,9.1,18.3,6.5,198.0
2026-09-02T02:00,9.9,10.0,20.6,6.4,204.0
2026-09-02T03:00,10.5,10.6,23.1,6.0,195.0
2026-09-02T04:00,10.7,10.9,25.4,5.4,177.0
2026-09-02T05:00,11.3,11.4,27.2,5.2,167.0
2026-09-02T06:00,11.4,11.5,24.2,5.2,172.0
2026-09-02T07:00,12.7,12.8,20.1,5.2,184.0
2026-09-02T08:00,11.7,11.8,16.0,5.6,189.0
2026-09-02T09:00,7.2,7.3,12.4,6.7,179.0
2026-09-02T10:00,6.1,6.2,8.8,8.1,163.0
2026-09-02T11:00,5.4,5.4,6.1,8.9,149.0
2026-09-02T12:00,4.9,4.9,4.4,8.4,141.0
2026-09-02T13:00,4.5,4.6,3.5,7.3,136.0
2026-09-02T14:00,4.5,4.5,3.0,6.5,133.0
2026-09-02T15:00,4.7,4.8,2.5,6.3,129.0
2026-09-02T16:00,5.0,5.0,2.4,6.4,127.0
2026-09-02T17:00,2.1,2.1,3.2,5.6,130.0
2026-09-02T18:00,6.0,6.0,6.8,5.9,143.0
2026-09-02T19:00,9.3,9.3,11.9,6.3,162.0
2026-09-02T20:00,9.9,9.9,16.0,6.5,179.0
2026-09-02T21:00,10.2,10.2,18.0,6.5,189.0
2026-09-02T22:00,10.7,10.7,19.0,6.3,197.0
2026-09-02T23:00,11.6,11.7,19.9,6.1,207.0
2026-09-03T00:00,13.1,13.2,21.1,5.7,223.0
2026-09-03T01:00,13.7,13.9,22.3,5.3,240.0
2026-09-03T02:00,13.2,13.3,22.6,4.9,252.0
2026-09-03T03:00,11.7,11.8,21.9,4.7,255.0
2026-09-03T04:00,10.0,10.2,20.4,4.5,252.0
2026-09-03T05:00,7.5,7.7,19.4,4.2,247.0
2026-09-03T06:00,7.2,7.5,17.5,4.4,244.0
2026-09-03T07:00,7.9,8.3,14.7,4.6,239.0
2026-09-03T08:00,7.4,7.8,11.9,5.0,228.0
2026-09-03T09:00,3.8,3.9,9.0,5.6,203.0
2026-09-03T10:00,2.9,3.0,6.0,6.4,172.0
2026-09-03T11:00,3.2,3.2,3.7,6.8,148.0
2026-09-03T12:00,3.2,3.2,2.5,6.5,138.0
2026-09-03T13:00,3.2,3.4,2.1,5.8,134.0
2026-09-03T14:00,3.4,4.1,1.9,5.3,133.0
2026-09-03T15:00,3.7,4.9,1.5,5.0,131.0
2026-09-03T16:00,3.8,5.3,1.4,4.9,132.0
2026-09-03T17:00,3.4,5.7,2.3,4.7,136.0
2026-09-03T18:00,5.6,7.0,5.7,5.1,147.0
2026-09-03T19:00,9.5,10.7,10.3,5.5,161.0
2026-09-03T20:00,10.4,11.4,13.7,5.8,172.0
2026-09-03T21:00,9.3,9.9,14.5,5.7,178.0
2026-09-03T22:00,8.6,9.1,14.0,5.3,181.0
2026-09-03T23:00,9.2,9.6,13.9,5.0,181.0
2026-09-04T00:00,10.2,10.7,14.7,4.8,177.0
2026-09-04T01:00,10.4,10.9,15.8,4.5,171.0
2026-09-04T02:00,9.8,10.3,16.9,4.3,166.0
2026-09-04T03:00,9.6,10.1,18.1,4.1,165.0
2026-09-04T04:00,9.4,9.9,19.3,3.8,166.0
2026-09-04T05:00,6.3,6.7,14.5,3.9,167.0
2026-09-04T06:00,6.2,6.6,13.2,4.0,168.0
2026-09-04T07:00,6.7,7.0,11.3,4.1,169.0
2026-09-04T08:00,6.5,6.6,9.3,4.3,165.0
2026-09-04T09:00,4.7,4.8,7.0,4.5,153.0
2026-09-04T10:00,4.2,4.3,4.5,4.8,137.0
2026-09-04T11:00,4.2,4.6,2.6,4.9,126.0
2026-09-04T12:00,4.6,5.5,1.7,4.8,124.0
2026-09-04T13:00,5.0,6.9,1.5,4.5,128.0
2026-09-04T14:00,5.4,7.9,1.4,4.3,131.0
2026-09-04T15:00,5.6,8.6,1.2,4.3,131.0
2026-09-04T16:00,5.8,8.8,1.3,4.3,132.0
2026-09-04T17:00,10.3,21.9,1.9,3.2,137.0
2026-09-04T18:00,11.0,18.8,6.4,3.9,149.0
2026-09-04T19:00,16.4,24.4,12.7,4.9,164.0
2026-09-04T20:00,18.5,26.4,17.7,5.6,182.0
2026-09-04T21:00,18.2,25.8,20.0,5.8,202.0
2026-09-04T22:00,19.2,26.7,20.9,5.6,225.0
2026-09-04T23:00,20.5,27.5,21.5,5.3,243.0
2026-09-05T00:00,21.5,27.7,22.2,4.8,256.0
2026-09-05T01:00,22.2,27.2,22.7,4.1,265.0
2026-09-05T02:00,22.0,26.0,22.6,3.5,268.0
2026-09-05T03:00,21.3,25.0,21.9,3.1,258.0
2026-09-05T04:00,19.9,23.6,20.7,2.7,242.0
2026-09-05T05:00,18.7,25.3,17.1,2.4,236.0
2026-09-05T06:00,20.5,26.9,16.7,2.8,258.0
2026-09-05T07:00,23.0,28.1,16.0,3.3,292.0
2026-09-05T08:00,19.8,24.4,14.4,3.8,302.0
2026-09-05T09:00,15.3,25.1,10.9,4.4,266.0
2026-09-05T10:00,13.8,26.3,6.5,5.0,208.0
2026-09-05T11:00,12.9,24.2,3.1,5.3,162.0
2026-09-05T12:00,11.9,21.8,1.8,5.0,144.0
2026-09-05T13:00,11.4,20.7,1.5,4.3,138.0
2026-09-05T14:00,10.6,19.1,1.5,3.8,137.0
2026-09-05T15:00,9.9,17.6,0.9,3.6,136.0
2026-09-05T16:00,9.7,16.7,0.5,3.7,140.0
2026-09-05T17:00,7.4,10.9,2.3,4.3,148.0
2026-09-05T18:00,12.2,14.6,9.6,5.6,164.0
2026-09-05T19:00,20.4,23.0,19.8,7.4,186.0
2026-09-05T20:00,26.8,29.6,27.8,8.6,206.0
2026-09-05T21:00,30.3,32.8,31.8,8.8,223.0
2026-09-05T22:00,31.7,33.8,33.7,8.4,238.0
2026-09-05T23:00,31.8,33.2,34.2,7.7,247.0
2026-09-06T00:00,29.4,30.4,32.9,6.7,247.0
2026-09-06T01:00,26.4,27.3,30.1,5.4,242.0
2026-09-06T02:00,23.6,24.6,27.6,4.3,239.0
2026-09-06T03:00,21.2,22.2,26.4,3.6,241.0
2026-09-06T04:00,19.2,20.3,25.4,3.2,245.0
2026-09-06T05:00,18.4,19.6,25.9,3.0,249.0
2026-09-06T06:00,17.7,19.0,23.1,3.2,257.0
2026-09-06T07:00,18.9,20.2,19.2,3.6,264.0
2026-09-06T08:00,19.7,21.0,15.2,4.1,260.0
2026-09-06T09:00,15.3,18.9,11.1,5.1,233.0
2026-09-06T10:00,13.2,18.9,7.0,6.4,195.0
2026-09-06T11:00,12.5,18.3,3.9,7.0,164.0
2026-09-06T12:00,11.9,17.2,2.4,6.4,149.0
2026-09-06T13:00,10.9,15.7,1.8,5.2,142.0
2026-09-06T14:00,9.8,14.4,1.6,4.3,137.0
2026-09-06T15:00,9.0,13.4,1.0,3.9,133.0
2026-09-06T16:00,8.7,12.9,0.7,3.7,131.0
2026-09-06T17:00,5.6,6.7,2.1,4.2,133.0
2026-09-06T18:00,8.4,9.3,7.3,5.2,142.0
2026-09-06T19:00,14.9,15.8,14.4,6.5,154.0
2026-09-06T20:00,20.4,21.2,20.4,7.5,161.0
2026-09-06T21:00,23.6,24.4,24.0,8.0,158.0
2026-09-06T22:00,25.6,26.3,26.3,8.1,150.0
2026-09-06T23:00,26.1,26.8,27.6,7.8,143.0
2026-09-07T00:00,26.0,26.5,27.5,6.9,139.0
2026-09-07T01:00,24.4,24.9,26.3,5.6,137.0
2026-09-07T02:00,21.9,22.3,25.2,4.6,138.0
2026-09-07T03:00,19.6,19.8,24.7,4.1,141.0
2026-09-07T04:00,17.5,17.8,24.2,3.9,148.0
2026-09-07T05:00,16.9,17.2,22.7,4.0,163.0
2026-09-07T06:00,16.8,17.1,21.6,4.4,198.0
2026-09-07T07:00,19.0,19.3,20.0,4.9,242.0
2026-09-07T08:00,20.7,21.1,17.6,5.8,264.0
2026-09-07T09:00,16.7,17.4,13.8,7.4,245.0
2026-09-07T10:00,14.2,15.2,9.2,9.3,205.0
2026-09-07T11:00,14.1,15.1,5.6,10.2,172.0
2026-09-07T12:00,12.7,13.7,3.6,9.2,156.0
2026-09-07T13:00,10.2,11.4,2.6,7.3,146.0
2026-09-07T14:00,8.4,9.9,1.9,5.6,140.0
2026-09-07T15:00,7.2,8.9,0.9,4.6,134.0
2026-09-07T16:00,6.4,8.1,0.2,4.0,131.0
2026-09-07T17:00,9.5,13.1,2.0,3.6,138.0
2026-09-07T18:00,12.0,15.0,8.0,4.7,166.0
2026-09-07T19:00,18.6,21.7,16.3,6.3,204.0
2026-09-07T20:00,24.2,27.2,23.1,7.5,227.0
2026-09-07T21:00,27.7,30.6,27.1,8.0,218.0
2026-09-07T22:00,29.5,32.1,29.5,8.1,194.0
2026-09-07T23:00,29.2,31.5,30.6,7.8,178.0
2026-09-08T00:00,27.9,29.8,29.9,7.0,184.0
2026-09-08T01:00,26.1,27.5,27.8,5.8,199.0
2026-09-08T02:00,23.8,24.9,26.0,4.8,208.0
2026-09-08T03:00,21.5,22.5,25.3,4.2,202.0
2026-09-08T04:00,19.7,20.6,24.8,3.9,190.0
2026-09-08T05:00,20.3,21.4,24.5,3.4,186.0
2026-09-08T06:00,19.7,20.8,22.9,3.8,201.0
2026-09-08T07:00,21.1,22.2,20.5,4.3,223.0
2026-09-08T08:00,22.2,23.3,17.3,4.8,232.0
2026-09-08T09:00,17.6,20.3,12.7,5.4,215.0
2026-09-08T10:00,14.6,18.5,7.4,6.0,184.0
2026-09-08T11:00,13.4,17.3,3.4,6.3,159.0
2026-09-08T12:00,12.7,16.4,1.8,5.9,146.0
2026-09-08T13:00,11.8,15.5,1.6,5.1,138.0
2026-09-08T14:00,11.1,15.3,1.6,4.5,135.0
2026-09-08T15:00,10.7,15.8,1.0,4.1,136.0
2026-09-08T16:00,10.5,15.7,0.6,3.8,142.0
2026-09-08T17:00,8.9,12.7,2.0,3.4,150.0
2026-09-08T18:00,11.2,14.0,6.2,4.2,159.0
2026-09-08T19:00,15.9,18.6,12.1,5.4,169.0
2026-09-08T20:00,18.6,21.3,17.4,6.4,182.0
2026-09-08T21:00,21.3,24.1,21.5,7.2,197.0
2026-09-08T22:00,24.0,26.7,24.9,7.8,213.0
2026-09-08T23:00,25.7,28.3,27.2,7.9,231.0
2026-09-09T00:00,26.4,28.7,27.9,7.1,256.0
2026-09-09T01:00,26.4,28.2,27.5,5.9,282.0
2026-09-09T02:00,24.8,26.2,26.9,4.8,290.0
2026-09-09T03:00,23.1,24.0,26.7,4.1,260.0
2026-09-09T04:00,21.4,22.2,26.5,3.6,212.0
2026-09-09T05:00,20.7,21.5,25.5,3.6,190.0
2026-09-09T06:00,20.1,21.0,23.8,3.9,228.0
2026-09-09T07:00,21.8,22.5,21.4,4.4,292.0
2026-09-09T08:00,23.4,24.2,18.2,5.0,323.0
2026-09-09T09:00,20.7,22.3,13.7,6.0,286.0
2026-09-09T10:00,15.5,17.9,8.6,7.2,216.0
2026-09-09T11:00,13.8,16.1,4.6,7.8,162.0
2026-09-09T12:00,12.4,14.5,2.8,7.2,143.0
2026-09-09T13:00,11.1,13.2,2.2,6.0,139.0
2026-09-09T14:00,9.6,12.6,2.0,5.0,137.0
2026-09-09T15:00,8.8,12.5,1.1,4.3,128.0
2026-09-09T16:00,8.1,11.8,0.6,3.9,121.0
2026-09-09T17:00,10.4,15.2,2.5,3.6,130.0
2026-09-09T18:00,14.5,18.3,9.2,4.7,172.0
2026-09-09T19:00,21.6,25.3,18.4,6.2,230.0
2026-09-09T20:00,26.5,29.9,25.5,7.4,262.0
2026-09-09T21:00,28.9,31.9,28.5,7.9,241.0
2026-09-09T22:00,29.0,31.9,29.4,8.1,195.0
2026-09-09T23:00,27.2,29.6,29.2,7.9,163.0
2026-09-10T00:00,25.0,27.0,27.6,7.3,165.0
2026-09-10T01:00,23.1,24.6,24.8,6.5,182.0
2026-09-10T02:00,21.1,22.1,22.7,5.7,195.0
2026-09-10T03:00,19.0,19.8,22.2,5.1,191.0
2026-09-10T04:00,17.6,18.3,22.3,4.7,184.0
2026-09-10T05:00,15.9,16.5,21.2,4.9,193.0
2026-09-10T06:00,16.1,16.7,20.5,5.0,244.0
2026-09-10T07:00,18.4,19.0,19.4,5.1,312.0
2026-09-10T08:00,21.1,21.8,17.4,5.7,344.0
2026-09-10T09:00,20.2,21.4,13.6,7.2,304.0
2026-09-10T10:00,17.2,20.3,8.8,9.1,227.0
2026-09-10T11:00,16.2,18.9,5.1,10.1,167.0
2026-09-10T12:00,15.0,17.2,3.3,9.4,145.0
2026-09-10T13:00,13.4,15.5,2.5,7.9,140.0
2026-09-10T14:00,11.5,15.0,2.2,6.6,139.0
2026-09-10T15:00,10.7,15.6,1.4,5.8,136.0
2026-09-10T16:00,10.5,16.8,1.0,5.2,136.0
2026-09-10T17:00,2.5,8.0,2.7,4.0,143.0
2026-09-10T18:00,8.1,13.0,9.4,5.1,162.0
2026-09-10T19:00,16.1,21.0,18.8,6.7,187.0
2026-09-10T20:00,21.5,26.0,26.2,7.9,204.0
2026-09-10T21:00,23.9,28.1,29.9,8.4,203.0
2026-09-10T22:00,24.4,28.5,31.6,8.5,195.0
2026-09-10T23:00,24.1,27.8,32.2,8.1,192.0
2026-09-11T00:00,23.0,26.2,31.6,7.1,202.0
2026-09-11T01:00,21.3,23.9,29.8,5.6,219.0
2026-09-11T02:00,19.3,21.5,28.1,4.4,233.0
2026-09-11T03:00,17.2,19.0,27.0,3.7,243.0
2026-09-11T04:00,15.3,16.7,25.9,3.4,251.0
2026-09-11T05:00,11.9,13.0,23.0,3.6,258.0
2026-09-11T06:00,11.8,13.2,21.8,3.8,270.0
2026-09-11T07:00,13.8,15.0,20.0,4.1,282.0
2026-09-11T08:00,16.8,18.0,17.5,4.8,279.0
2026-09-11T09:00,16.2,18.3,13.6,6.2,250.0
2026-09-11T10:00,10.8,15.0,9.0,7.9,207.0
2026-09-11T11:00,9.4,14.2,5.4,8.9,173.0
2026-09-11T12:00,9.2,15.3,3.6,8.5,157.0
2026-09-11T13:00,9.8,18.0,2.7,7.3,150.0
2026-09-11T14:00,11.2,23.6,2.2,6.2,144.0
2026-09-11T15:00,12.5,28.1,1.6,5.2,131.0
2026-09-11T16:00,12.9,29.1,1.3,4.2,119.0
2026-09-11T17:00,13.3,30.2,2.2,3.1,129.0
2026-09-11T18:00,13.7,25.3,5.2,3.6,186.0
2026-09-11T19:00,17.6,28.5,9.2,4.3,264.0
2026-09-11T20:00,17.5,26.8,11.8,4.8,305.0
2026-09-11T21:00,16.1,22.6,11.5,4.8,273.0
2026-09-11T22:00,15.5,20.5,9.8,4.7,205.0
2026-09-11T23:00,15.8,20.4,8.8,4.5,151.0
2026-09-12T00:00,16.3,21.1,9.3,4.5,133.0
2026-09-12T01:00,16.8,22.2,10.5,4.5,130.0
2026-09-12T02:00,17.8,23.7,12.1,4.4,131.0
2026-09-12T03:00,18.9,25.1,14.5,4.2,134.0
2026-09-12T04:00,19.6,26.0,17.3,3.9,141.0
2026-09-12T05:00,20.6,25.9,18.7,4.3,152.0
2026-09-12T06:00,21.4,26.6,18.1,4.8,172.0
2026-09-12T07:00,24.6,29.7,17.1,5.4,196.0
2026-09-12T08:00,22.4,26.9,15.3,5.9,207.0
2026-09-12T09:00,16.8,22.2,11.9,6.1,193.0
2026-09-12T10:00,14.6,21.0,7.6,6.1,165.0
2026-09-12T11:00,12.7,19.4,4.3,5.8,142.0
2026-09-12T12:00,11.0,17.9,2.6,5.0,130.0
2026-09-12T13:00,9.6,16.3,1.9,3.9,122.0
2026-09-12T14:00,8.3,14.4,1.5,3.1,118.0
2026-09-12T15:00,7.2,12.9,1.2,2.7,118.0
2026-09-12T16:00,6.4,11.9,1.3,2.5,121.0
2026-09-12T17:00,3.3,5.8,1.9,2.4,125.0
2026-09-12T18:00,4.3,6.8,3.6,2.6,132.0
2026-09-12T19:00,7.3,10.0,5.9,2.9,139.0
2026-09-12T20:00,7.9,13.0,7.6,3.2,144.0
2026-09-12T21:00,8.9,19.1,7.9,3.4,142.0
2026-09-12T22:00,10.5,25.1,7.4,3.5,136.0
2026-09-12T23:00,11.8,28.0,7.3,3.8,134.0
2026-09-13T00:00,12.4,28.7,7.8,4.4,139.0
2026-09-13T01:00,12.6,28.3,8.5,5.2,147.0
2026-09-13T02:00,12.5,27.2,9.5,6.0,154.0
2026-09-13T03:00,12.3,25.7,11.0,6.7,154.0
2026-09-13T04:00,12.2,24.5,12.6,7.4,152.0
2026-09-13T05:00,12.4,24.6,14.0,8.2,157.0
2026-09-13T06:00,13.1,24.1,14.1,7.9,180.0
2026-09-13T07:00,15.6,25.4,14.2,7.5,210.0
2026-09-13T08:00,17.2,26.1,13.6,7.7,227.0
2026-09-13T09:00,14.8,30.5,11.7,9.1,220.0
2026-09-13T10:00,15.4,35.9,9.1,11.0,201.0
2026-09-13T11:00,16.1,38.6,6.7,11.8,181.0
2026-09-13T12:00,15.8,38.0,4.9,10.7,164.0
2026-09-13T13:00,14.6,34.8,3.4,8.5,147.0
2026-09-13T14:00,13.2,31.3,2.3,6.6,134.0
2026-09-13T15:00,11.9,28.5,1.6,5.4,127.0
2026-09-13T16:00,10.7,25.8,1.3,4.5,124.0
2026-09-13T17:00,7.5,16.2,1.9,3.1,124.0
2026-09-13T18:00,7.3,13.5,4.0,3.4,129.0
2026-09-13T19:00,9.5,14.9,6.9,3.8,137.0
2026-09-13T20:00,9.8,14.4,9.1,4.1,142.0
2026-09-13T21:00,8.9,12.6,9.9,4.2,140.0
2026-09-13T22:00,8.5,11.7,10.0,4.3,136.0
2026-09-13T23:00,9.2,12.3,10.6,4.3,133.0
2026-09-14T00:00,10.7,13.9,12.3,4.2,133.0
2026-09-14T01:00,12.3,15.4,14.4,4.1,136.0
2026-09-14T02:00,13.3,16.2,16.4,4.0,142.0
2026-09-14T03:00,13.7,16.4,18.3,3.8,153.0
2026-09-14T04:00,13.7,16.4,19.9,3.5,168.0
2026-09-14T05:00,14.7,18.0,20.2,3.9,183.0
2026-09-14T06:00,15.0,18.8,18.8,4.1,200.0
2026-09-14T07:00,17.2,21.2,16.7,4.4,216.0
2026-09-14T08:00,17.1,20.8,14.2,4.7,222.0
2026-09-14T09:00,12.8,18.8,11.0,5.1,208.0
2026-09-14T10:00,10.6,15.8,7.4,5.6,183.0
2026-09-14T11:00,9.5,14.2,4.7,6.0,162.0
2026-09-14T12:00,8.9,13.2,3.4,6.3,149.0
2026-09-14T13:00,8.4,12.3,2.9,6.5,140.0
2026-09-14T14:00,8.2,11.7,2.7,6.5,134.0
2026-09-14T15:00,7.4,10.5,1.7,6.0,129.0
2026-09-14T16:00,6.4,9.3,0.9,5.2,128.0
2026-09-14T17:00,8.2,15.4,2.5,4.4,134.0
2026-09-14T18:00,10.3,15.9,7.8,5.3,157.0
2026-09-14T19:00,16.6,22.1,15.1,6.6,188.0
2026-09-14T20:00,20.1,25.3,20.9,7.6,207.0
2026-09-14T21:00,21.5,26.3,23.6,8.1,201.0
2026-09-14T22:00,22.1,26.5,24.7,8.2,184.0
2026-09-14T23:00,22.5,26.5,25.2,8.0,178.0
2026-09-15T00:00,23.0,26.7,25.4,7.1,201.0
2026-09-15T01:00,22.6,25.5,25.0,5.8,236.0
2026-09-15T02:00,21.2,23.2,24.4,4.7,253.0
2026-09-15T03:00,19.4,21.0,23.8,4.0,228.0
2026-09-15T04:00,17.9,19.3,23.1,3.5,185.0
2026-09-15T05:00,17.7,18.9,22.0,3.5,162.0
2026-09-15T06:00,17.2,18.5,20.6,3.9,187.0
2026-09-15T07:00,19.0,20.4,18.4,4.5,232.0
2026-09-15T08:00,20.8,22.6,15.8,5.2,256.0
2026-09-15T09:00,16.5,21.5,12.3,5.9,236.0
2026-09-15T10:00,14.4,19.6,8.3,6.7,195.0
2026-09-15T11:00,13.1,17.2,5.2,7.4,164.0
2026-09-15T12:00,12.5,16.1,3.8,8.0,156.0
2026-09-15T13:00,12.6,15.9,3.3,8.5,157.0
2026-09-15T14:00,12.5,16.1,3.1,8.6,157.0
2026-09-15T15:00,12.0,15.5,2.3,8.1,152.0
2026-09-15T16:00,11.1,14.5,1.7,7.2,146.0
2026-09-15T17:00,7.0,9.3,2.6,6.0,145.0
2026-09-15T18:00,8.4,10.2,5.5,6.5,155.0
2026-09-15T19:00,11.2,12.8,9.5,7.1,170.0
2026-09-15T20:00,10.8,12.0,12.7,7.8,181.0
2026-09-15T21:00,9.7,10.5,14.4,8.5,180.0
2026-09-15T22:00,10.0,10.7,15.3,9.2,175.0
2026-09-15T23:00,11.1,11.8,16.1,9.4,177.0
2026-09-16T00:00,12.7,13.2,17.2,8.6,196.0
2026-09-16T01:00,13.7,14.1,18.2,7.3,223.0
2026-09-16T02:00,14.0,14.4,18.8,6.2,235.0
2026-09-16T03:00,13.8,14.2,19.0,5.4,218.0
2026-09-16T04:00,13.3,13.7,18.8,4.7,186.0
2026-09-16T05:00,12.7,13.0,18.9,4.9,169.0
2026-09-16T06:00,12.6,13.0,17.9,5.1,183.0
2026-09-16T07:00,14.7,15.1,16.4,5.3,212.0
2026-09-16T08:00,16.9,17.4,14.4,5.8,227.0
2026-09-16T09:00,12.5,13.8,11.4,6.6,215.0
2026-09-16T10:00,10.6,11.6,7.9,7.6,190.0
2026-09-16T11:00,10.3,10.9,5.2,8.3,171.0
2026-09-16T12:00,10.6,11.0,3.8,8.7,168.0
2026-09-16T13:00,10.9,11.4,3.2,8.8,172.0
2026-09-16T14:00,11.0,11.7,2.8,8.5,171.0
2026-09-16T15:00,9.8,10.6,2.0,7.3,159.0
2026-09-16T16:00,7.4,8.2,1.4,5.6,143.0
2026-09-16T17:00,4.1,4.8,1.9,2.7,134.0
2026-09-16T18:00,3.9,4.2,3.6,3.2,136.0
2026-09-16T19:00,5.8,6.1,6.0,3.8,144.0
2026-09-16T20:00,6.4,6.7,8.8,4.5,157.0
2026-09-16T21:00,7.5,7.9,12.4,5.3,174.0
2026-09-16T22:00,10.6,11.0,16.4,6.2,195.0
2026-09-16T23:00,14.9,15.5,19.0,6.6,216.0
2026-09-17T00:00,16.4,17.2,19.2,6.3,241.0
2026-09-17T01:00,16.5,17.6,18.0,5.5,265.0
2026-09-17T02:00,16.7,17.9,17.0,4.8,270.0
2026-09-17T03:00,16.5,17.8,16.9,4.2,234.0
2026-09-17T04:00,15.9,17.2,17.0,3.7,178.0
2026-09-17T05:00,16.9,17.6,21.5,3.8,145.0
2026-09-17T06:00,16.6,17.5,20.1,4.1,164.0
2026-09-17T07:00,18.3,19.1,18.0,4.5,206.0
2026-09-17T08:00,18.7,19.7,15.3,4.9,231.0
2026-09-17T09:00,13.0,15.2,11.6,5.3,218.0
2026-09-17T10:00,10.3,12.0,7.3,5.6,187.0
2026-09-17T11:00,8.9,10.0,4.0,5.7,161.0
2026-09-17T12:00,6.9,7.6,2.5,5.2,145.0
2026-09-17T13:00,5.7,6.4,1.9,4.4,134.0
2026-09-17T14:00,5.0,5.9,1.7,3.8,127.0
2026-09-17T15:00,4.7,5.8,1.2,3.5,125.0
2026-09-17T16:00,4.7,5.9,0.9,3.3,127.0
2026-09-17T17:00,1.8,2.5,2.2,3.0,136.0
2026-09-17T18:00,5.3,5.9,7.0,3.8,151.0
2026-09-17T19:00,10.9,11.5,13.7,4.9,173.0
2026-09-17T20:00,12.8,13.4,18.4,5.7,207.0
2026-09-17T21:00,12.5,13.1,19.3,5.9,267.0
2026-09-17T22:00,12.0,12.5,18.3,5.7,339.0
2026-09-17T23:00,12.1,12.7,17.7,5.4,386.0
2026-09-18T00:00,12.7,13.3,18.3,5.0,389.0
2026-09-18T01:00,13.5,13.9,19.3,4.5,366.0
2026-09-18T02:00,14.1,14.5,20.1,4.1,337.0
2026-09-18T03:00,14.0,14.3,20.9,3.7,299.0
2026-09-18T04:00,13.2,13.5,21.6,3.3,255.0
2026-09-18T05:00,13.3,13.6,22.2,3.4,231.0
2026-09-18T06:00,12.7,13.0,21.2,3.8,249.0
2026-09-18T07:00,14.4,14.8,19.6,4.3,287.0
2026-09-18T08:00,16.6,16.9,17.1,4.6,302.0
2026-09-18T09:00,11.3,11.8,12.7,4.7,267.0
2026-09-18T10:00,5.0,5.5,7.3,4.7,209.0
2026-09-18T11:00,3.8,4.2,3.2,4.5,163.0
2026-09-18T12:00,3.6,4.2,1.6,4.0,143.0
2026-09-18T13:00,3.6,4.5,1.3,3.3,136.0
2026-09-18T14:00,3.7,4.9,1.4,2.8,133.0
2026-09-18T15:00,3.9,5.5,0.6,2.6,129.0
2026-09-18T16:00,4.2,6.0,0.2,2.6,130.0
2026-09-18T17:00,0.4,0.5,2.2,2.7,142.0
2026-09-18T18:00,4.8,4.9,9.2,4.0,173.0
2026-09-18T19:00,13.0,13.1,19.0,5.8,215.0
2026-09-18T20:00,18.7,18.8,27.0,7.2,252.0
2026-09-18T21:00,22.0,22.2,31.6,7.8,283.0
2026-09-18T22:00,24.1,24.3,34.3,7.9,309.0
2026-09-18T23:00,25.2,25.4,35.3,7.6,321.0
2026-09-19T00:00,24.9,25.0,34.1,6.7,313.0
2026-09-19T01:00,23.1,23.2,31.1,5.5,291.0
2026-09-19T02:00,20.3,20.4,28.3,4.5,264.0
2026-09-19T03:00,17.5,17.6,26.3,4.0,224.0
2026-09-19T04:00,15.0,15.1,24.4,3.7,180.0
2026-09-19T05:00,13.4,13.5,24.7,3.3,162.0
2026-09-19T06:00,12.4,12.5,22.7,3.6,201.0
2026-09-19T07:00,13.9,14.0,19.8,4.1,267.0
2026-09-19T08:00,15.4,15.6,16.4,4.5,302.0
2026-09-19T09:00,14.1,14.4,12.1,4.8,274.0
2026-09-19T10:00,6.3,7.3,7.2,4.9,215.0
2026-09-19T11:00,4.5,6.0,3.6,4.8,167.0
2026-09-19T12:00,3.3,5.1,2.0,4.2,147.0
2026-09-19T13:00,3.0,5.3,1.6,3.2,139.0
2026-09-19T14:00,2.9,5.6,1.5,2.6,135.0
2026-09-19T15:00,3.0,5.8,0.8,2.4,129.0
2026-09-19T16:00,3.0,5.8,0.4,2.4,127.0
2026-09-19T17:00,7.2,13.9,2.6,2.9,143.0
2026-09-19T18:00,12.9,18.7,9.8,4.2,193.0
2026-09-19T19:00,20.5,26.4,19.8,6.0,260.0
2026-09-19T20:00,25.3,31.0,26.9,7.2,313.0
2026-09-19T21:00,26.8,32.4,28.8,7.5,342.0
2026-09-19T22:00,26.0,31.2,27.8,7.3,355.0
2026-09-19T23:00,24.1,28.4,26.2,6.8,347.0
2026-09-20T00:00,22.1,25.7,24.2,6.0,304.0
2026-09-20T01:00,20.0,23.0,21.4,4.9,238.0
2026-09-20T02:00,17.8,20.4,19.1,4.0,186.0
2026-09-20T03:00,15.8,18.2,17.8,3.4,157.0
2026-09-20T04:00,13.9,16.2,16.9,3.0,141.0
2026-09-20T05:00,13.3,15.3,16.6,2.3,139.0
2026-09-20T06:00,12.3,14.1,16.0,2.6,162.0
2026-09-20T07:00,13.4,15.1,15.0,2.9,199.0
2026-09-20T08:00,14.9,16.4,13.2,3.2,221.0
2026-09-20T09:00,11.5,14.7,9.8,3.2,214.0
2026-09-20T10:00,9.3,13.9,5.6,3.2,193.0
2026-09-20T11:00,9.1,13.9,2.5,3.0,172.0
2026-09-20T12:00,8.0,12.9,1.3,2.7,154.0
2026-09-20T13:00,6.5,11.5,1.2,2.4,136.0
2026-09-20T14:00,5.4,10.4,1.2,2.2,123.0
2026-09-20T15:00,4.8,9.7,1.0,2.1,116.0
2026-09-20T16:00,4.4,9.6,0.9,2.1,113.0
2026-09-20T17:00,5.8,14.9,1.7,1.8,115.0
2026-09-20T18:00,6.4,13.3,4.2,2.4,123.0
2026-09-20T19:00,9.3,15.7,7.6,3.2,134.0
2026-09-20T20:00,9.8,15.4,10.3,3.8,143.0
2026-09-20T21:00,9.7,14.1,11.4,4.2,147.0
2026-09-20T22:00,9.7,13.1,11.8,4.4,147.0
2026-09-20T23:00,9.5,12.0,11.9,4.5,146.0
2026-09-21T00:00,9.4,11.6,11.9,4.4,141.0
2026-09-21T01:00,9.5,11.6,11.7,4.2,133.0
2026-09-21T02:00,9.8,12.1,11.8,3.9,128.0
2026-09-21T03:00,10.1,12.6,12.8,3.6,122.0
2026-09-21T04:00,10.4,13.0,14.0,3.2,119.0
2026-09-21T05:00,13.3,16.6,17.9,3.5,134.0
2026-09-21T06:00,13.3,16.8,17.4,3.9,191.0
2026-09-21T07:00,14.8,18.0,16.4,4.5,267.0
2026-09-21T08:00,15.7,17.9,14.7,4.9,305.0
2026-09-21T09:00,12.4,15.7,11.3,5.1,270.0
2026-09-21T10:00,6.5,10.9,7.1,5.2,197.0
2026-09-21T11:00,5.1,9.3,3.9,5.1,141.0
2026-09-21T12:00,4.7,8.6,2.5,4.7,123.0
2026-09-21T13:00,4.4,7.7,2.1,4.2,122.0
2026-09-21T14:00,4.4,6.9,2.0,3.9,124.0
2026-09-21T15:00,4.4,6.5,1.5,3.8,124.0
2026-09-21T16:00,4.6,6.3,1.3,3.9,126.0
2026-09-21T17:00,2.4,2.4,2.9,4.0,135.0
2026-09-21T18:00,8.6,8.6,10.4,5.5,152.0
2026-09-21T19:00,16.3,16.3,20.9,7.6,174.0
2026-09-21T20:00,21.0,21.0,28.8,9.1,199.0
2026-09-21T21:00,23.2,23.2,32.1,9.5,229.0
2026-09-21T22:00,24.3,24.3,32.9,9.4,261.0
2026-09-21T23:00,24.2,24.3,32.5,8.9,280.0
2026-09-22T00:00,23.2,23.3,30.7,7.9,281.0
2026-09-22T01:00,21.3,21.4,27.6,6.5,270.0
2026-09-22T02:00,18.8,18.9,24.9,5.4,251.0
2026-09-22T03:00,16.2,16.2,23.3,4.7,213.0
2026-09-22T04:00,13.9,14.0,22.0,4.1,168.0
2026-09-22T05:00,13.4,13.4,21.3,3.9,154.0
2026-09-22T06:00,12.6,12.7,20.4,4.3,209.0
2026-09-22T07:00,14.1,14.3,19.1,4.8,295.0
2026-09-22T08:00,16.1,16.3,16.9,5.3,345.0
2026-09-22T09:00,15.8,16.2,13.3,5.9,320.0
2026-09-22T10:00,7.8,8.8,8.8,6.4,259.0
2026-09-22T11:00,6.3,7.0,5.3,6.7,207.0
2026-09-22T12:00,5.7,6.2,3.4,6.3,181.0
2026-09-22T13:00,5.2,6.7,2.5,5.7,164.0
2026-09-22T14:00,5.3,8.3,2.0,5.2,152.0
2026-09-22T15:00,5.6,9.3,1.1,5.0,143.0
2026-09-22T16:00,5.9,9.3,0.6,5.0,140.0
2026-09-22T17:00,4.8,6.3,2.9,5.5,147.0
2026-09-22T18:00,10.4,11.5,9.8,6.8,174.0
2026-09-22T19:00,17.5,18.7,19.3,8.6,212.0
2026-09-22T20:00,22.1,23.2,27.1,10.0,233.0
2026-09-22T21:00,25.1,26.4,31.6,10.6,218.0
2026-09-22T22:00,27.1,28.3,34.4,10.8,187.0
2026-09-22T23:00,29.6,30.9,35.4,10.5,173.0
2026-09-23T00:00,30.7,32.0,34.0,9.4,197.0
2026-09-23T01:00,28.9,29.9,30.8,7.8,238.0
2026-09-23T02:00,25.4,26.1,27.7,6.4,266.0
2026-09-23T03:00,21.5,22.1,25.4,5.6,260.0
2026-09-23T04:00,18.6,19.2,23.2,5.0,241.0
2026-09-23T05:00,15.8,16.2,20.9,5.2,239.0
2026-09-23T06:00,13.8,14.7,21.2,5.6,282.0
2026-09-23T07:00,14.5,15.7,21.4,6.0,343.0
2026-09-23T08:00,16.9,18.5,19.9,6.3,367.0
2026-09-23T09:00,13.9,16.5,15.0,6.1,317.0
2026-09-23T10:00,6.6,9.9,8.4,5.7,231.0
2026-09-23T11:00,5.5,9.1,3.5,5.3,165.0
2026-09-23T12:00,5.7,9.5,1.8,5.0,143.0
2026-09-23T13:00,5.9,9.9,1.8,4.6,142.0
2026-09-23T14:00,6.0,10.1,2.1,4.5,143.0
2026-09-23T15:00,6.1,10.2,1.8,4.6,143.0
2026-09-23T16:00,6.2,9.9,1.9,4.9,146.0
2026-09-23T17:00,11.1,15.8,5.1,5.7,149.0
2026-09-23T18:00,15.1,19.0,9.1,6.5,152.0
2026-09-23T19:00,19.2,22.5,14.6,7.6,155.0
2026-09-23T20:00,19.3,22.1,19.4,8.5,158.0
2026-09-23T21:00,18.7,21.1,22.6,9.3,159.0
2026-09-23T22:00,20.1,22.4,25.0,10.0,160.0
2026-09-23T23:00,22.8,25.1,26.6,10.1,165.0
2026-09-24T00:00,24.7,27.2,27.1,9.4,180.0
2026-09-24T01:00,24.9,27.4,26.6,8.2,198.0
2026-09-24T02:00,23.9,26.1,25.9,7.1,205.0
2026-09-24T03:00,22.1,23.6,25.0,6.1,187.0
2026-09-24T04:00,20.3,21.6,23.9,5.1,156.0
2026-09-24T05:00,16.2,17.3,22.7,4.5,139.0
2026-09-24T06:00,16.2,18.2,20.8,4.8,150.0
2026-09-24T07:00,17.8,20.1,18.1,5.2,174.0
2026-09-24T08:00,15.4,16.8,15.0,5.7,189.0
2026-09-24T09:00,9.1,10.1,11.3,6.5,182.0
2026-09-24T10:00,6.1,6.8,7.2,7.3,166.0
2026-09-24T11:00,4.8,5.4,4.1,7.9,152.0
2026-09-24T12:00,4.4,5.1,2.7,8.0,143.0
2026-09-24T13:00,4.5,5.3,2.3,7.8,137.0
2026-09-24T14:00,5.0,6.0,2.2,7.6,132.0
2026-09-24T15:00,5.3,6.3,1.5,7.2,128.0
2026-09-24T16:00,5.5,6.5,1.1,6.8,127.0
2026-09-24T17:00,8.4,10.8,2.3,5.4,131.0
2026-09-24T18:00,12.0,13.8,7.3,6.2,144.0
2026-09-24T19:00,17.8,19.6,14.2,7.4,162.0
2026-09-24T20:00,19.8,21.7,19.8,8.2,180.0
2026-09-24T21:00,20.4,22.4,22.7,8.5,193.0
2026-09-24T22:00,21.6,23.7,24.4,8.4,205.0
2026-09-24T23:00,23.9,26.0,25.4,8.1,227.0
2026-09-25T00:00,26.0,27.9,26.1,7.3,275.0
2026-09-25T01:00,27.0,28.6,26.1,6.2,333.0
2026-09-25T02:00,26.5,27.8,25.9,5.2,361.0
2026-09-25T03:00,25.3,26.4,25.5,4.5,324.0
2026-09-25T04:00,24.0,25.1,24.8,4.0,256.0
2026-09-25T05:00,17.8,19.2,19.3,3.2,220.0
2026-09-25T06:00,18.2,19.6,17.8,3.7,258.0
2026-09-25T07:00,20.9,22.3,15.5,4.5,327.0
2026-09-25T08:00,23.2,24.3,13.0,5.1,359.0
2026-09-25T09:00,14.5,17.9,10.0,5.5,312.0
2026-09-25T10:00,12.0,16.8,6.7,5.8,227.0
2026-09-25T11:00,11.6,16.6,4.1,5.9,161.0
2026-09-25T12:00,11.4,16.3,2.8,5.6,138.0
2026-09-25T13:00,11.1,15.8,2.2,5.0,133.0
2026-09-25T14:00,10.8,15.1,1.9,4.6,133.0
2026-09-25T15:00,10.3,14.1,1.6,4.3,127.0
2026-09-25T16:00,9.9,13.4,1.6,4.2,125.0
2026-09-25T17:00,14.3,18.6,2.5,4.2,142.0
2026-09-25T18:00,18.3,21.7,4.6,4.4,194.0
2026-09-25T19:00,19.0,21.6,7.6,4.6,265.0
2026-09-25T20:00,16.6,18.6,9.6,4.6,324.0
2026-09-25T21:00,14.0,15.7,9.7,4.3,364.0
2026-09-25T22:00,12.1,13.7,8.8,3.7,394.0
2026-09-25T23:00,11.1,12.8,8.6,3.3,403.0
2026-09-26T00:00,11.0,13.1,9.7,3.1,386.0
2026-09-26T01:00,12.1,14.3,11.3,3.0,349.0
2026-09-26T02:00,13.9,16.0,13.0,2.9,306.0
2026-09-26T03:00,15.3,17.2,14.8,2.8,253.0
2026-09-26T04:00,16.1,18.0,16.6,2.6,194.0
2026-09-26T05:00,14.3,16.4,15.1,2.6,158.0
2026-09-26T06:00,14.1,16.5,14.5,3.0,167.0
2026-09-26T07:00,14.8,17.2,13.6,3.6,198.0
2026-09-26T08:00,13.1,14.9,11.9,3.9,214.0
2026-09-26T09:00,8.2,11.1,8.8,3.8,194.0
2026-09-26T10:00,5.8,8.7,5.0,3.6,159.0
2026-09-26T11:00,5.2,7.1,2.2,3.3,132.0
2026-09-26T12:00,4.6,6.0,1.1,3.0,123.0
2026-09-26T13:00,4.3,5.8,1.0,2.7,121.0
2026-09-26T14:00,4.7,6.0,1.1,2.5,122.0
2026-09-26T15:00,5.4,6.6,0.6,2.3,122.0
2026-09-26T16:00,6.5,7.5,0.3,2.2,125.0
2026-09-26T17:00,2.8,3.1,1.7,2.3,131.0
2026-09-26T18:00,4.6,4.8,5.3,3.1,145.0
2026-09-26T19:00,9.7,9.9,10.4,4.2,164.0
2026-09-26T20:00,10.9,11.0,14.1,5.1,176.0
2026-09-26T21:00,10.4,10.5,15.2,5.6,175.0
2026-09-26T22:00,10.4,10.5,15.0,5.9,167.0
2026-09-26T23:00,10.8,10.9,15.1,6.0,163.0
2026-09-27T00:00,12.2,12.3,16.4,5.9,168.0
2026-09-27T01:00,13.5,13.6,18.1,5.5,176.0
2026-09-27T02:00,14.5,14.7,19.1,5.2,179.0
2026-09-27T03:00,14.4,14.6,18.9,4.9,172.0
2026-09-27T04:00,13.5,13.7,18.1,4.7,159.0
2026-09-27T05:00,14.4,14.6,17.1,4.6,154.0
2026-09-27T06:00,15.3,15.4,17.4,4.9,164.0
2026-09-27T07:00,18.6,18.7,17.7,5.3,181.0
2026-09-27T08:00,20.5,20.7,16.6,5.5,188.0
2026-09-27T09:00,7.7,7.9,12.7,5.3,175.0
2026-09-27T10:00,8.0,8.3,7.3,4.9,153.0
2026-09-27T11:00,9.3,9.6,3.2,4.4,135.0
2026-09-27T12:00,9.2,9.6,1.6,3.8,126.0
2026-09-27T13:00,8.3,9.1,1.3,3.1,121.0
2026-09-27T14:00,7.6,8.6,1.2,2.6,118.0
2026-09-27T15:00,7.1,8.1,0.7,2.3,112.0
2026-09-27T16:00,6.6,7.4,0.6,2.2,109.0
2026-09-27T17:00,2.9,3.3,1.7,2.3,125.0
2026-09-27T18:00,4.6,4.9,6.8,3.5,180.0
2026-09-27T19:00,10.7,11.0,13.9,5.1,254.0
2026-09-27T20:00,15.2,15.5,20.1,6.4,298.0
2026-09-27T21:00,18.2,18.6,24.6,7.1,281.0
2026-09-27T22:00,21.6,22.0,28.2,7.6,234.0
2026-09-27T23:00,24.2,24.6,30.7,7.7,207.0
2026-09-28T00:00,25.6,26.0,31.6,7.4,229.0
2026-09-28T01:00,26.0,26.4,31.2,6.7,271.0
2026-09-28T02:00,25.8,26.3,30.7,6.1,292.0
2026-09-28T03:00,25.1,25.7,30.5,5.5,263.0
2026-09-28T04:00,24.3,24.7,30.1,4.9,214.0
2026-09-28T05:00,26.0,26.6,30.7,5.0,193.0
2026-09-28T06:00,25.5,26.3,28.6,5.3,238.0
2026-09-28T07:00,27.5,28.3,25.5,5.8,310.0
2026-09-28T08:00,29.8,30.4,21.9,6.6,344.0
2026-09-28T09:00,18.9,19.4,17.4,8.0,297.0
2026-09-28T10:00,11.7,12.2,12.4,9.7,212.0
2026-09-28T11:00,9.3,9.7,8.3,10.4,147.0
2026-09-28T12:00,7.9,8.2,5.8,9.4,128.0
2026-09-28T13:00,7.6,8.0,4.2,7.4,130.0
2026-09-28T14:00,7.7,8.3,3.3,5.9,134.0
2026-09-28T15:00,7.8,8.6,2.5,5.4,134.0
2026-09-28T16:00,7.9,8.9,2.3,5.3,136.0
2026-09-28T17:00,6.6,8.3,3.0,4.2,142.0
2026-09-28T18:00,8.9,10.0,6.4,4.7,155.0
2026-09-28T19:00,13.0,14.0,11.0,5.5,171.0
2026-09-28T20:00,13.3,14.0,14.6,6.1,183.0
2026-09-28T21:00,13.1,13.7,16.0,6.4,187.0
2026-09-28T22:00,13.5,14.0,16.4,6.6,187.0
2026-09-28T23:00,14.3,14.8,16.7,6.6,182.0
2026-09-29T00:00,15.0,15.5,17.1,6.5,169.0
2026-09-29T01:00,15.4,15.9,17.4,6.2,152.0
2026-09-29T02:00,15.6,16.1,17.7,5.9,139.0
2026-09-29T03:00,15.4,15.8,18.3,5.5,132.0
2026-09-29T04:00,15.0,15.4,19.0,5.1,129.0
2026-09-29T05:00,13.3,13.5,20.2,4.7,140.0
2026-09-29T06:00,13.8,14.1,18.7,4.9,180.0
2026-09-29T07:00,16.3,16.8,16.6,5.2,234.0
2026-09-29T08:00,17.6,18.1,14.3,5.9,264.0
2026-09-29T09:00,11.9,12.5,11.9,7.4,247.0
2026-09-29T10:00,10.6,11.0,9.4,9.3,207.0
2026-09-29T11:00,9.7,10.2,7.2,10.3,172.0
2026-09-29T12:00,9.2,10.0,5.6,9.8,153.0
2026-09-29T13:00,9.1,10.5,4.3,8.6,140.0
2026-09-29T14:00,9.1,11.2,3.5,7.4,132.0
2026-09-29T15:00,9.1,11.5,2.5,6.5,126.0
2026-09-29T16:00,8.8,11.1,2.0,5.7,125.0
2026-09-29T17:00,6.6,8.1,3.2,4.5,139.0
2026-09-29T18:00,10.2,11.4,8.9,5.9,178.0
2026-09-29T19:00,15.5,16.7,16.8,7.7,232.0
2026-09-29T20:00,19.2,20.4,23.5,9.3,277.0
2026-09-29T21:00,22.2,23.5,28.2,10.3,306.0
2026-09-29T22:00,26.4,27.6,31.8,11.1,326.0
2026-09-29T23:00,28.3,29.5,33.3,11.1,335.0
2026-09-30T00:00,28.3,29.3,31.7,10.1,332.0
2026-09-30T01:00,26.7,27.5,28.0,8.4,319.0
2026-09-30T02:00,24.4,25.1,24.9,6.9,300.0
2026-09-30T03:00,22.1,22.6,23.1,5.7,262.0
2026-09-30T04:00,19.8,20.3,21.8,4.8,217.0
2026-09-30T05:00,22.4,22.7,25.1,3.9,209.0
2026-09-30T06:00,21.1,21.5,23.4,4.4,282.0
2026-09-30T07:00,22.5,22.9,21.0,5.0,392.0
2026-09-30T08:00,23.3,23.7,18.7,6.0,449.0
2026-09-30T09:00,22.1,22.8,16.8,7.7,397.0
2026-09-30T10:00,16.1,17.2,15.0,9.6,292.0
2026-09-30T11:00,15.0,16.3,12.9,10.5,207.0
2026-09-30T12:00,11.3,13.6,9.8,9.4,168.0
2026-09-30T13:00,9.7,13.7,6.3,7.2,150.0
2026-09-30T14:00,9.0,15.1,4.1,5.6,147.0
2026-09-30T15:00,9.3,16.6,4.0,5.3,167.0
2026-09-30T16:00,9.8,17.4,5.2,5.6,202.0
2026-09-30T17:00,19.3,36.3,5.0,4.9,225.0
2026-09-30T18:00,25.1,40.9,8.9,5.4,219.0
2026-09-30T19:00,31.3,45.6,14.3,6.1,200.0
2026-09-30T20:00,27.7,39.6,19.0,6.7,188.0
2026-09-30T21:00,25.6,38.6,22.3,7.0,193.0
2026-09-30T22:00,28.1,40.7,24.8,7.2,205.0
2026-09-30T23:00,31.1,42.8,25.8,7.2,219.0
