vaqt,shamol_ms,shamol_yonalishi_grad
2025-10-02T00:00,2.3,51
2025-10-02T01:00,1.2,63
2025-10-02T02:00,0.7,104
2025-10-02T03:00,0.8,207
2025-10-02T04:00,0.4,180
2025-10-02T05:00,3.0,65
2025-10-02T06:00,3.3,54
2025-10-02T07:00,3.0,76
2025-10-02T08:00,6.9,73
2025-10-02T09:00,5.4,48
2025-10-02T10:00,5.8,30
2025-10-02T11:00,8.1,32
2025-10-02T12:00,4.0,108
2025-10-02T13:00,4.1,61
2025-10-02T14:00,6.7,87
2025-10-02T15:00,4.3,158
2025-10-02T16:00,6.6,193
2025-10-02T17:00,3.8,265
2025-10-02T18:00,1.7,238
2025-10-02T19:00,4.2,306
2025-10-02T20:00,2.2,5
2025-10-02T21:00,3.6,360
2025-10-02T22:00,3.6,360
2025-10-02T23:00,5.4,2
2025-10-03T00:00,4.9,354
2025-10-03T01:00,6.2,353
2025-10-03T02:00,4.2,10
2025-10-03T03:00,2.5,4
2025-10-03T04:00,5.9,14
2025-10-03T05:00,4.7,358
2025-10-03T06:00,7.3,9
2025-10-03T07:00,4.1,13
2025-10-03T08:00,4.2,12
2025-10-03T09:00,2.2,55
2025-10-03T10:00,1.0,149
2025-10-03T11:00,4.9,208
2025-10-03T12:00,6.6,191
2025-10-03T13:00,7.2,199
2025-10-03T14:00,8.6,188
2025-10-03T15:00,9.5,181
2025-10-03T16:00,9.2,181
2025-10-03T17:00,6.5,193
2025-10-03T18:00,3.2,109
2025-10-03T19:00,5.9,70
2025-10-03T20:00,4.4,52
2025-10-03T21:00,6.0,21
2025-10-03T22:00,7.9,30
2025-10-03T23:00,5.4,21
2025-10-04T00:00,9.2,40
2025-10-04T01:00,8.9,43
2025-10-04T02:00,9.8,43
2025-10-04T03:00,10.2,46
2025-10-04T04:00,10.6,47
2025-10-04T05:00,6.0,49
2025-10-04T06:00,9.3,58
2025-10-04T07:00,8.7,45
2025-10-04T08:00,8.1,37
2025-10-04T09:00,5.7,44
2025-10-04T10:00,2.3,58
2025-10-04T11:00,7.0,215
2025-10-04T12:00,9.8,197
2025-10-04T13:00,10.7,189
2025-10-04T14:00,13.3,189
2025-10-04T15:00,15.2,185
2025-10-04T16:00,14.0,179
2025-10-04T17:00,12.3,184
2025-10-04T18:00,7.8,154
2025-10-04T19:00,3.7,79
2025-10-04T20:00,3.4,18
2025-10-04T21:00,4.0,27
2025-10-04T22:00,6.6,22
2025-10-04T23:00,9.0,22
2025-10-05T00:00,10.2,24
2025-10-05T01:00,9.5,22
2025-10-05T02:00,8.2,23
2025-10-05T03:00,8.1,28
2025-10-05T04:00,8.4,28
2025-10-05T05:00,5.4,30
2025-10-05T06:00,9.7,43
2025-10-05T07:00,9.4,40
2025-10-05T08:00,7.8,26
2025-10-05T09:00,1.7,58
2025-10-05T10:00,3.0,218
2025-10-05T11:00,8.2,220
2025-10-05T12:00,12.2,214
2025-10-05T13:00,12.9,207
2025-10-05T14:00,13.5,203
2025-10-05T15:00,14.6,198
2025-10-05T16:00,13.4,194
2025-10-05T17:00,12.4,199
2025-10-05T18:00,9.7,176
2025-10-05T19:00,2.9,101
2025-10-05T20:00,2.4,27
2025-10-05T21:00,4.3,28
2025-10-05T22:00,4.0,3
2025-10-05T23:00,2.0,5
2025-10-06T00:00,6.0,3
2025-10-06T01:00,6.8,11
2025-10-06T02:00,6.9,14
2025-10-06T03:00,6.9,17
2025-10-06T04:00,7.5,24
2025-10-06T05:00,3.0,14
2025-10-06T06:00,5.0,35
2025-10-06T07:00,7.5,37
2025-10-06T08:00,7.5,20
2025-10-06T09:00,3.1,10
2025-10-06T10:00,1.7,319
2025-10-06T11:00,6.6,249
2025-10-06T12:00,12.2,245
2025-10-06T13:00,13.6,228
2025-10-06T14:00,12.7,211
2025-10-06T15:00,14.1,190
2025-10-06T16:00,11.7,177
2025-10-06T17:00,7.3,144
2025-10-06T18:00,6.7,81
2025-10-06T19:00,5.3,72
2025-10-06T20:00,3.1,50
2025-10-06T21:00,4.7,28
2025-10-06T22:00,7.2,28
2025-10-06T23:00,5.6,22
2025-10-07T00:00,7.3,42
2025-10-07T01:00,7.9,45
2025-10-07T02:00,8.4,47
2025-10-07T03:00,7.9,49
2025-10-07T04:00,7.3,52
2025-10-07T05:00,7.5,55
2025-10-07T06:00,7.8,53
2025-10-07T07:00,7.8,50
2025-10-07T08:00,5.9,55
2025-10-07T09:00,1.8,186
2025-10-07T10:00,4.6,231
2025-10-07T11:00,7.3,230
2025-10-07T12:00,8.9,216
2025-10-07T13:00,11.1,203
2025-10-07T14:00,13.2,191
2025-10-07T15:00,12.6,189
2025-10-07T16:00,11.8,188
2025-10-07T17:00,9.3,165
2025-10-07T18:00,5.8,110
2025-10-07T19:00,3.9,77
2025-10-07T20:00,2.2,48
2025-10-07T21:00,1.5,30
2025-10-07T22:00,1.7,13
2025-10-07T23:00,1.6,6
2025-10-08T00:00,2.9,7
2025-10-08T01:00,5.1,10
2025-10-08T02:00,5.7,11
2025-10-08T03:00,5.9,14
2025-10-08T04:00,5.9,20
2025-10-08T05:00,3.9,22
2025-10-08T06:00,5.2,27
2025-10-08T07:00,6.8,27
2025-10-08T08:00,6.2,22
2025-10-08T09:00,1.5,60
2025-10-08T10:00,1.3,188
2025-10-08T11:00,3.8,191
2025-10-08T12:00,6.7,185
2025-10-08T13:00,8.6,190
2025-10-08T14:00,10.4,197
2025-10-08T15:00,11.2,199
2025-10-08T16:00,12.0,192
2025-10-08T17:00,7.8,184
2025-10-08T18:00,5.0,139
2025-10-08T19:00,3.3,61
2025-10-08T20:00,2.7,4
2025-10-08T21:00,4.0,8
2025-10-08T22:00,4.7,18
2025-10-08T23:00,5.3,28
2025-10-09T00:00,8.0,31
2025-10-09T01:00,10.3,38
2025-10-09T02:00,10.8,44
2025-10-09T03:00,9.7,45
2025-10-09T04:00,8.5,44
2025-10-09T05:00,6.7,38
2025-10-09T06:00,9.7,55
2025-10-09T07:00,9.7,48
2025-10-09T08:00,8.4,42
2025-10-09T09:00,5.3,72
2025-10-09T10:00,2.8,101
2025-10-09T11:00,2.4,167
2025-10-09T12:00,3.5,129
2025-10-09T13:00,5.2,139
2025-10-09T14:00,6.2,136
2025-10-09T15:00,7.1,150
2025-10-09T16:00,7.1,142
2025-10-09T17:00,5.0,128
2025-10-09T18:00,6.2,75
2025-10-09T19:00,6.0,51
2025-10-09T20:00,6.4,40
2025-10-09T21:00,7.2,28
2025-10-09T22:00,8.5,18
2025-10-09T23:00,8.1,32
2025-10-10T00:00,11.3,34
2025-10-10T01:00,11.7,37
2025-10-10T02:00,11.1,39
2025-10-10T03:00,9.0,37
2025-10-10T04:00,7.8,37
2025-10-10T05:00,6.2,33
2025-10-10T06:00,8.9,43
2025-10-10T07:00,4.4,32
2025-10-10T08:00,5.1,32
2025-10-10T09:00,4.7,16
2025-10-10T10:00,3.3,347
2025-10-10T11:00,3.9,246
2025-10-10T12:00,3.1,201
2025-10-10T13:00,3.9,193
2025-10-10T14:00,5.2,202
2025-10-10T15:00,7.0,203
2025-10-10T16:00,6.9,203
2025-10-10T17:00,3.5,189
2025-10-10T18:00,7.3,65
2025-10-10T19:00,8.2,52
2025-10-10T20:00,7.3,44
2025-10-10T21:00,10.1,46
2025-10-10T22:00,9.4,50
2025-10-10T23:00,7.4,43
2025-10-11T00:00,10.9,61
2025-10-11T01:00,12.7,55
2025-10-11T02:00,13.5,52
2025-10-11T03:00,13.8,50
2025-10-11T04:00,14.0,52
2025-10-11T05:00,10.7,44
2025-10-11T06:00,13.4,57
2025-10-11T07:00,13.3,54
2025-10-11T08:00,11.9,49
2025-10-11T09:00,8.3,39
2025-10-11T10:00,6.3,39
2025-10-11T11:00,1.9,253
2025-10-11T12:00,6.1,238
2025-10-11T13:00,5.8,214
2025-10-11T14:00,4.3,175
2025-10-11T15:00,5.2,160
2025-10-11T16:00,5.3,152
2025-10-11T17:00,4.2,149
2025-10-11T18:00,3.1,87
2025-10-11T19:00,3.6,53
2025-10-11T20:00,3.2,27
2025-10-11T21:00,4.2,18
2025-10-11T22:00,5.5,17
2025-10-11T23:00,5.8,26
2025-10-12T00:00,8.4,25
2025-10-12T01:00,9.5,27
2025-10-12T02:00,9.9,27
2025-10-12T03:00,10.4,30
2025-10-12T04:00,11.4,31
2025-10-12T05:00,10.4,34
2025-10-12T06:00,13.4,42
2025-10-12T07:00,13.2,37
2025-10-12T08:00,12.4,42
2025-10-12T09:00,7.4,43
2025-10-12T10:00,7.9,164
2025-10-12T11:00,4.7,317
2025-10-12T12:00,1.3,45
2025-10-12T13:00,3.7,104
2025-10-12T14:00,6.1,156
2025-10-12T15:00,7.8,157
2025-10-12T16:00,9.2,133
2025-10-12T17:00,4.4,168
2025-10-12T18:00,4.3,147
2025-10-12T19:00,2.2,90
2025-10-12T20:00,1.5,36
2025-10-12T21:00,1.3,352
2025-10-12T22:00,5.6,345
2025-10-12T23:00,6.8,12
2025-10-13T00:00,2.7,20
2025-10-13T01:00,3.1,40
2025-10-13T02:00,2.6,25
2025-10-13T03:00,1.8,6
2025-10-13T04:00,2.6,12
2025-10-13T05:00,1.8,11
2025-10-13T06:00,1.6,354
2025-10-13T07:00,2.0,360
2025-10-13T08:00,2.9,22
2025-10-13T09:00,4.2,149
2025-10-13T10:00,4.9,170
2025-10-13T11:00,10.3,185
2025-10-13T12:00,9.6,185
2025-10-13T13:00,11.4,191
2025-10-13T14:00,12.2,188
2025-10-13T15:00,11.7,180
2025-10-13T16:00,10.2,173
2025-10-13T17:00,7.1,164
2025-10-13T18:00,3.4,93
2025-10-13T19:00,1.2,51
2025-10-13T20:00,0.0,270
2025-10-13T21:00,1.9,338
2025-10-13T22:00,3.3,6
2025-10-13T23:00,4.0,32
2025-10-14T00:00,7.8,22
2025-10-14T01:00,8.2,26
2025-10-14T02:00,8.4,28
2025-10-14T03:00,8.0,28
2025-10-14T04:00,7.9,27
2025-10-14T05:00,7.0,35
2025-10-14T06:00,10.3,40
2025-10-14T07:00,10.9,34
2025-10-14T08:00,10.6,34
2025-10-14T09:00,7.6,56
2025-10-14T10:00,6.0,63
2025-10-14T11:00,0.4,153
2025-10-14T12:00,2.4,171
2025-10-14T13:00,4.6,169
2025-10-14T14:00,6.7,166
2025-10-14T15:00,7.2,167
2025-10-14T16:00,6.9,155
2025-10-14T17:00,4.8,155
2025-10-14T18:00,3.4,96
2025-10-14T19:00,3.2,63
2025-10-14T20:00,3.0,38
2025-10-14T21:00,3.1,28
2025-10-14T22:00,3.6,18
2025-10-14T23:00,4.5,37
2025-10-15T00:00,7.0,26
2025-10-15T01:00,6.8,25
2025-10-15T02:00,6.8,22
2025-10-15T03:00,7.3,23
2025-10-15T04:00,7.7,25
2025-10-15T05:00,5.6,31
2025-10-15T06:00,9.1,41
2025-10-15T07:00,9.3,40
2025-10-15T08:00,9.2,48
2025-10-15T09:00,6.2,83
2025-10-15T10:00,3.7,113
2025-10-15T11:00,5.9,162
2025-10-15T12:00,5.6,153
2025-10-15T13:00,7.5,165
2025-10-15T14:00,9.9,179
2025-10-15T15:00,10.8,181
2025-10-15T16:00,9.7,170
2025-10-15T17:00,4.7,133
2025-10-15T18:00,4.8,61
2025-10-15T19:00,5.5,41
2025-10-15T20:00,7.2,32
2025-10-15T21:00,9.8,36
2025-10-15T22:00,11.8,38
2025-10-15T23:00,10.6,44
2025-10-16T00:00,14.9,45
2025-10-16T01:00,15.4,45
2025-10-16T02:00,15.0,43
2025-10-16T03:00,14.8,40
2025-10-16T04:00,14.5,37
2025-10-16T05:00,11.5,44
2025-10-16T06:00,16.1,54
2025-10-16T07:00,16.3,49
2025-10-16T08:00,14.5,48
2025-10-16T09:00,11.3,53
2025-10-16T10:00,9.9,61
2025-10-16T11:00,2.5,98
2025-10-16T12:00,6.0,117
2025-10-16T13:00,9.6,150
2025-10-16T14:00,11.6,172
2025-10-16T15:00,11.7,175
2025-10-16T16:00,11.3,163
2025-10-16T17:00,6.7,149
2025-10-16T18:00,4.3,88
2025-10-16T19:00,4.9,57
2025-10-16T20:00,3.6,30
2025-10-16T21:00,3.2,19
2025-10-16T22:00,4.7,28
2025-10-16T23:00,5.4,37
2025-10-17T00:00,8.9,34
2025-10-17T01:00,9.2,35
2025-10-17T02:00,8.3,33
2025-10-17T03:00,7.3,33
2025-10-17T04:00,7.1,34
2025-10-17T05:00,5.7,35
2025-10-17T06:00,9.3,41
2025-10-17T07:00,9.7,40
2025-10-17T08:00,8.4,45
2025-10-17T09:00,5.6,92
2025-10-17T10:00,3.9,143
2025-10-17T11:00,6.4,170
2025-10-17T12:00,6.5,174
2025-10-17T13:00,10.7,187
2025-10-17T14:00,12.9,193
2025-10-17T15:00,12.2,188
2025-10-17T16:00,10.1,174
2025-10-17T17:00,5.2,155
2025-10-17T18:00,3.8,79
2025-10-17T19:00,2.3,51
2025-10-17T20:00,0.8,315
2025-10-17T21:00,0.7,14
2025-10-17T22:00,2.7,8
2025-10-17T23:00,2.7,37
2025-10-18T00:00,5.3,28
2025-10-18T01:00,6.1,30
2025-10-18T02:00,5.8,36
2025-10-18T03:00,5.0,30
2025-10-18T04:00,4.1,29
2025-10-18T05:00,4.3,48
2025-10-18T06:00,5.6,50
2025-10-18T07:00,4.1,49
2025-10-18T08:00,3.4,65
2025-10-18T09:00,3.2,128
2025-10-18T10:00,3.7,166
2025-10-18T11:00,6.9,186
2025-10-18T12:00,8.0,190
2025-10-18T13:00,9.6,193
2025-10-18T14:00,10.3,191
2025-10-18T15:00,11.1,187
2025-10-18T16:00,10.5,183
2025-10-18T17:00,6.7,188
2025-10-18T18:00,4.4,148
2025-10-18T19:00,2.0,90
2025-10-18T20:00,0.6,288
2025-10-18T21:00,1.2,321
2025-10-18T22:00,0.5,315
2025-10-18T23:00,0.8,27
2025-10-19T00:00,1.7,347
2025-10-19T01:00,1.3,8
2025-10-19T02:00,0.5,360
2025-10-19T03:00,0.6,342
2025-10-19T04:00,0.5,360
2025-10-19T05:00,2.8,40
2025-10-19T06:00,3.4,18
2025-10-19T07:00,0.9,53
2025-10-19T08:00,1.4,67
2025-10-19T09:00,1.3,236
2025-10-19T10:00,1.6,186
2025-10-19T11:00,2.5,176
2025-10-19T12:00,4.7,198
2025-10-19T13:00,6.9,211
2025-10-19T14:00,8.9,205
2025-10-19T15:00,9.1,197
2025-10-19T16:00,7.7,189
2025-10-19T17:00,4.0,170
2025-10-19T18:00,2.2,90
2025-10-19T19:00,0.9,53
2025-10-19T20:00,3.4,357
2025-10-19T21:00,4.0,18
2025-10-19T22:00,5.8,34
2025-10-19T23:00,5.3,35
2025-10-20T00:00,5.3,45
2025-10-20T01:00,3.5,51
2025-10-20T02:00,3.8,59
2025-10-20T03:00,5.8,51
2025-10-20T04:00,7.4,51
2025-10-20T05:00,5.9,43
2025-10-20T06:00,8.9,58
2025-10-20T07:00,9.5,58
2025-10-20T08:00,10.1,57
2025-10-20T09:00,7.7,49
2025-10-20T10:00,6.2,57
2025-10-20T11:00,0.4,207
2025-10-20T12:00,7.3,222
2025-10-20T13:00,9.2,211
2025-10-20T14:00,9.0,192
2025-10-20T15:00,8.7,175
2025-10-20T16:00,8.0,157
2025-10-20T17:00,4.2,149
2025-10-20T18:00,4.3,85
2025-10-20T19:00,2.6,51
2025-10-20T20:00,3.6,27
2025-10-20T21:00,5.0,30
2025-10-20T22:00,6.8,35
2025-10-20T23:00,5.8,30
2025-10-21T00:00,6.8,58
2025-10-21T01:00,5.6,63
2025-10-21T02:00,5.0,69
2025-10-21T03:00,4.1,77
2025-10-21T04:00,4.0,63
2025-10-21T05:00,1.0,338
2025-10-21T06:00,0.9,37
2025-10-21T07:00,3.1,59
2025-10-21T08:00,3.7,39
2025-10-21T09:00,0.8,153
2025-10-21T10:00,2.2,215
2025-10-21T11:00,3.5,208
2025-10-21T12:00,5.7,198
2025-10-21T13:00,8.3,194
2025-10-21T14:00,9.6,184
2025-10-21T15:00,9.8,172
2025-10-21T16:00,9.2,157
2025-10-21T17:00,5.0,145
2025-10-21T18:00,4.2,80
2025-10-21T19:00,6.2,54
2025-10-21T20:00,5.7,32
2025-10-21T21:00,7.8,32
2025-10-21T22:00,8.5,36
2025-10-21T23:00,6.3,51
2025-10-22T00:00,9.5,44
2025-10-22T01:00,11.0,41
2025-10-22T02:00,10.4,36
2025-10-22T03:00,10.0,30
2025-10-22T04:00,9.5,29
2025-10-22T05:00,7.3,36
2025-10-22T06:00,11.5,49
2025-10-22T07:00,11.5,46
2025-10-22T08:00,10.3,46
2025-10-22T09:00,8.0,65
2025-10-22T10:00,4.5,88
2025-10-22T11:00,4.2,160
2025-10-22T12:00,5.8,150
2025-10-22T13:00,8.2,148
2025-10-22T14:00,9.3,161
2025-10-22T15:00,10.0,165
2025-10-22T16:00,10.0,152
2025-10-22T17:00,4.8,121
2025-10-22T18:00,5.0,71
2025-10-22T19:00,4.6,48
2025-10-22T20:00,3.8,25
2025-10-22T21:00,5.4,21
2025-10-22T22:00,7.7,24
2025-10-22T23:00,6.1,28
2025-10-23T00:00,10.6,34
2025-10-23T01:00,11.3,37
2025-10-23T02:00,11.4,39
2025-10-23T03:00,11.4,39
2025-10-23T04:00,12.3,40
2025-10-23T05:00,9.2,42
2025-10-23T06:00,12.9,54
2025-10-23T07:00,13.3,52
2025-10-23T08:00,12.3,50
2025-10-23T09:00,8.7,58
2025-10-23T10:00,6.1,66
2025-10-23T11:00,1.0,121
2025-10-23T12:00,2.5,172
2025-10-23T13:00,4.4,168
2025-10-23T14:00,6.7,171
2025-10-23T15:00,8.0,166
2025-10-23T16:00,6.7,134
2025-10-23T17:00,4.3,114
2025-10-23T18:00,4.8,56
2025-10-23T19:00,6.1,47
2025-10-23T20:00,6.3,31
2025-10-23T21:00,7.2,25
2025-10-23T22:00,8.5,32
2025-10-23T23:00,8.0,38
2025-10-24T00:00,11.4,49
2025-10-24T01:00,11.9,48
2025-10-24T02:00,12.4,49
2025-10-24T03:00,12.8,55
2025-10-24T04:00,12.8,55
2025-10-24T05:00,9.2,47
2025-10-24T06:00,13.2,60
2025-10-24T07:00,12.8,61
2025-10-24T08:00,12.5,58
2025-10-24T09:00,10.0,51
2025-10-24T10:00,8.1,61
2025-10-24T11:00,2.9,94
2025-10-24T12:00,2.7,172
2025-10-24T13:00,5.2,182
2025-10-24T14:00,6.3,183
2025-10-24T15:00,8.7,193
2025-10-24T16:00,8.3,164
2025-10-24T17:00,3.8,135
2025-10-24T18:00,3.2,63
2025-10-24T19:00,3.6,41
2025-10-24T20:00,4.4,32
2025-10-24T21:00,6.3,18
2025-10-24T22:00,7.5,15
2025-10-24T23:00,10.2,23
2025-10-25T00:00,9.3,27
2025-10-25T01:00,9.2,26
2025-10-25T02:00,8.6,26
2025-10-25T03:00,10.7,35
2025-10-25T04:00,10.9,27
2025-10-25T05:00,10.1,31
2025-10-25T06:00,13.1,49
2025-10-25T07:00,13.0,53
2025-10-25T08:00,11.5,51
2025-10-25T09:00,8.7,37
2025-10-25T10:00,5.6,45
2025-10-25T11:00,5.2,49
2025-10-25T12:00,3.2,74
2025-10-25T13:00,4.5,157
2025-10-25T14:00,7.3,190
2025-10-25T15:00,8.3,184
2025-10-25T16:00,7.3,173
2025-10-25T17:00,3.3,151
2025-10-25T18:00,3.1,62
2025-10-25T19:00,3.7,43
2025-10-25T20:00,5.4,21
2025-10-25T21:00,6.1,19
2025-10-25T22:00,8.3,22
2025-10-25T23:00,5.6,31
2025-10-26T00:00,9.0,35
2025-10-26T01:00,10.2,37
2025-10-26T02:00,10.0,30
2025-10-26T03:00,7.7,39
2025-10-26T04:00,9.8,44
2025-10-26T05:00,10.0,39
2025-10-26T06:00,15.4,38
2025-10-26T07:00,12.7,50
2025-10-26T08:00,11.1,60
2025-10-26T09:00,9.5,75
2025-10-26T10:00,9.7,61
2025-10-26T11:00,9.6,62
2025-10-26T12:00,7.9,77
2025-10-26T13:00,2.2,156
2025-10-26T14:00,7.9,207
2025-10-26T15:00,8.9,216
2025-10-26T16:00,7.4,206
2025-10-26T17:00,5.5,191
2025-10-26T18:00,2.5,135
2025-10-26T19:00,2.0,45
2025-10-26T20:00,3.1,357
2025-10-26T21:00,6.3,5
2025-10-26T22:00,5.5,23
2025-10-26T23:00,5.8,14
2025-10-27T00:00,7.1,19
2025-10-27T01:00,8.4,31
2025-10-27T02:00,9.1,34
2025-10-27T03:00,9.7,42
2025-10-27T04:00,10.3,44
2025-10-27T05:00,11.2,48
2025-10-27T06:00,10.8,44
2025-10-27T07:00,11.0,41
2025-10-27T08:00,11.0,42
2025-10-27T09:00,8.6,60
2025-10-27T10:00,7.1,60
2025-10-27T11:00,1.8,217
2025-10-27T12:00,3.6,160
2025-10-27T13:00,6.3,162
2025-10-27T14:00,8.4,164
2025-10-27T15:00,9.4,162
2025-10-27T16:00,9.1,142
2025-10-27T17:00,4.7,122
2025-10-27T18:00,4.4,63
2025-10-27T19:00,3.7,35
2025-10-27T20:00,3.3,22
2025-10-27T21:00,5.1,17
2025-10-27T22:00,9.0,29
2025-10-27T23:00,8.7,34
2025-10-28T00:00,9.7,45
2025-10-28T01:00,10.2,45
2025-10-28T02:00,9.9,46
2025-10-28T03:00,8.7,43
2025-10-28T04:00,8.8,41
2025-10-28T05:00,6.3,24
2025-10-28T06:00,11.3,33
2025-10-28T07:00,12.6,43
2025-10-28T08:00,13.0,44
2025-10-28T09:00,10.6,23
2025-10-28T10:00,11.7,20
2025-10-28T11:00,8.1,360
2025-10-28T12:00,9.0,329
2025-10-28T13:00,9.3,313
2025-10-28T14:00,4.6,249
2025-10-28T15:00,6.4,218
2025-10-28T16:00,5.5,148
2025-10-28T17:00,4.1,15
2025-10-28T18:00,5.4,4
2025-10-28T19:00,11.5,346
2025-10-28T20:00,7.5,339
2025-10-28T21:00,7.5,340
2025-10-28T22:00,7.3,31
2025-10-28T23:00,4.8,27
2025-10-29T00:00,5.4,42
2025-10-29T01:00,7.6,76
2025-10-29T02:00,5.2,46
2025-10-29T03:00,4.3,92
2025-10-29T04:00,1.3,74
2025-10-29T05:00,2.1,105
2025-10-29T06:00,2.2,215
2025-10-29T07:00,3.0,107
2025-10-29T08:00,6.1,78
2025-10-29T09:00,3.5,192
2025-10-29T10:00,2.7,242
2025-10-29T11:00,0.6,162
2025-10-29T12:00,3.1,140
2025-10-29T13:00,3.6,135
2025-10-29T14:00,4.1,142
2025-10-29T15:00,3.5,141
2025-10-29T16:00,2.8,140
2025-10-29T17:00,1.3,34
2025-10-29T18:00,6.7,19
2025-10-29T19:00,6.8,29
2025-10-29T20:00,8.2,41
2025-10-29T21:00,9.7,43
2025-10-29T22:00,12.3,46
2025-10-29T23:00,12.1,44
2025-10-30T00:00,15.3,52
2025-10-30T01:00,14.9,47
2025-10-30T02:00,14.7,49
2025-10-30T03:00,14.6,50
2025-10-30T04:00,15.0,52
2025-10-30T05:00,12.9,44
2025-10-30T06:00,15.6,52
2025-10-30T07:00,15.8,50
2025-10-30T08:00,15.7,48
2025-10-30T09:00,12.6,44
2025-10-30T10:00,12.6,43
2025-10-30T11:00,9.5,61
2025-10-30T12:00,7.9,60
2025-10-30T13:00,5.1,58
2025-10-30T14:00,3.4,87
2025-10-30T15:00,3.4,96
2025-10-30T16:00,2.0,90
2025-10-30T17:00,3.2,16
2025-10-30T18:00,2.9,43
2025-10-30T19:00,5.2,61
2025-10-30T20:00,12.0,54
2025-10-30T21:00,14.8,50
2025-10-30T22:00,16.0,50
2025-10-30T23:00,14.0,43
2025-10-31T00:00,17.7,52
2025-10-31T01:00,17.5,53
2025-10-31T02:00,17.0,51
2025-10-31T03:00,16.2,51
2025-10-31T04:00,16.0,52
2025-10-31T05:00,12.6,48
2025-10-31T06:00,17.1,57
2025-10-31T07:00,15.4,58
2025-10-31T08:00,15.2,56
2025-10-31T09:00,13.3,55
2025-10-31T10:00,8.8,64
2025-10-31T11:00,2.5,90
2025-10-31T12:00,3.9,133
2025-10-31T13:00,7.4,146
2025-10-31T14:00,10.1,164
2025-10-31T15:00,9.4,179
2025-10-31T16:00,7.6,176
2025-10-31T17:00,6.3,193
2025-10-31T18:00,9.8,206
2025-10-31T19:00,12.3,185
2025-10-31T20:00,5.9,162
2025-10-31T21:00,2.6,56
2025-10-31T22:00,6.1,30
2025-10-31T23:00,2.2,76
2025-11-01T00:00,1.6,180
2025-11-01T01:00,0.7,194
2025-11-01T02:00,0.8,135
2025-11-01T03:00,0.5,135
2025-11-01T04:00,0.0,270
2025-11-01T05:00,2.2,76
2025-11-01T06:00,3.5,62
2025-11-01T07:00,3.5,39
2025-11-01T08:00,5.0,44
2025-11-01T09:00,4.6,64
2025-11-01T10:00,2.2,125
2025-11-01T11:00,3.0,166
2025-11-01T12:00,3.5,141
2025-11-01T13:00,3.8,131
2025-11-01T14:00,4.8,132
2025-11-01T15:00,5.2,149
2025-11-01T16:00,4.3,147
2025-11-01T17:00,1.9,73
2025-11-01T18:00,6.0,44
2025-11-01T19:00,6.6,33
2025-11-01T20:00,8.1,37
2025-11-01T21:00,10.2,46
2025-11-01T22:00,11.8,50
2025-11-01T23:00,9.8,36
2025-11-02T00:00,13.4,51
2025-11-02T01:00,13.9,53
2025-11-02T02:00,14.0,55
2025-11-02T03:00,14.7,57
2025-11-02T04:00,15.2,57
2025-11-02T05:00,11.5,50
2025-11-02T06:00,15.5,58
2025-11-02T07:00,15.3,53
2025-11-02T08:00,15.0,51
2025-11-02T09:00,13.0,45
2025-11-02T10:00,10.7,42
2025-11-02T11:00,6.3,51
2025-11-02T12:00,2.8,63
2025-11-02T13:00,3.3,167
2025-11-02T14:00,6.2,173
2025-11-02T15:00,8.1,180
2025-11-02T16:00,6.3,153
2025-11-02T17:00,3.9,114
2025-11-02T18:00,3.6,72
2025-11-02T19:00,4.2,47
2025-11-02T20:00,4.5,37
2025-11-02T21:00,4.8,29
2025-11-02T22:00,6.0,21
2025-11-02T23:00,4.8,48
2025-11-03T00:00,4.9,39
2025-11-03T01:00,5.4,34
2025-11-03T02:00,6.3,31
2025-11-03T03:00,7.4,34
2025-11-03T04:00,8.0,36
2025-11-03T05:00,7.2,58
2025-11-03T06:00,9.1,51
2025-11-03T07:00,7.9,41
2025-11-03T08:00,8.2,38
2025-11-03T09:00,6.5,60
2025-11-03T10:00,4.3,92
2025-11-03T11:00,6.0,153
2025-11-03T12:00,7.0,159
2025-11-03T13:00,9.5,182
2025-11-03T14:00,9.7,192
2025-11-03T15:00,7.9,179
2025-11-03T16:00,5.4,194
2025-11-03T17:00,3.8,185
2025-11-03T18:00,4.1,193
2025-11-03T19:00,5.3,147
2025-11-03T20:00,4.3,175
2025-11-03T21:00,7.2,199
2025-11-03T22:00,5.2,205
2025-11-03T23:00,7.7,237
2025-11-04T00:00,9.3,226
2025-11-04T01:00,9.8,206
2025-11-04T02:00,10.1,197
2025-11-04T03:00,8.3,194
2025-11-04T04:00,9.1,187
2025-11-04T05:00,5.9,178
2025-11-04T06:00,10.4,201
2025-11-04T07:00,10.9,202
2025-11-04T08:00,11.8,211
2025-11-04T09:00,9.8,193
2025-11-04T10:00,10.3,183
2025-11-04T11:00,8.3,185
2025-11-04T12:00,6.1,192
2025-11-04T13:00,8.5,207
2025-11-04T14:00,13.9,213
2025-11-04T15:00,14.5,208
2025-11-04T16:00,11.5,197
2025-11-04T17:00,9.8,200
2025-11-04T18:00,5.6,184
2025-11-04T19:00,7.3,171
2025-11-04T20:00,8.6,165
2025-11-04T21:00,6.7,146
2025-11-04T22:00,5.1,144
2025-11-04T23:00,4.9,188
2025-11-05T00:00,6.3,183
2025-11-05T01:00,6.0,190
2025-11-05T02:00,8.1,183
2025-11-05T03:00,6.7,164
2025-11-05T04:00,5.1,148
2025-11-05T05:00,8.1,184
2025-11-05T06:00,8.5,176
2025-11-05T07:00,8.1,184
2025-11-05T08:00,5.6,187
2025-11-05T09:00,7.0,201
2025-11-05T10:00,8.0,194
2025-11-05T11:00,7.5,230
2025-11-05T12:00,9.6,236
2025-11-05T13:00,10.3,220
2025-11-05T14:00,10.1,219
2025-11-05T15:00,8.2,206
2025-11-05T16:00,8.1,193
2025-11-05T17:00,1.5,240
2025-11-05T18:00,4.1,131
2025-11-05T19:00,2.5,94
2025-11-05T20:00,0.2,360
2025-11-05T21:00,4.0,27
2025-11-05T22:00,11.7,38
2025-11-05T23:00,13.1,46
2025-11-06T00:00,16.2,54
2025-11-06T01:00,15.8,56
2025-11-06T02:00,15.3,56
2025-11-06T03:00,14.9,60
2025-11-06T04:00,14.3,62
2025-11-06T05:00,11.6,55
2025-11-06T06:00,13.7,57
2025-11-06T07:00,13.3,62
2025-11-06T08:00,13.1,65
2025-11-06T09:00,10.9,82
2025-11-06T10:00,7.0,94
2025-11-06T11:00,3.8,98
2025-11-06T12:00,4.8,45
2025-11-06T13:00,3.5,69
2025-11-06T14:00,3.3,68
2025-11-06T15:00,2.6,39
2025-11-06T16:00,1.6,6
2025-11-06T17:00,2.8,18
2025-11-06T18:00,2.4,9
2025-11-06T19:00,3.6,41
2025-11-06T20:00,5.8,64
2025-11-06T21:00,9.6,62
2025-11-06T22:00,10.9,61
2025-11-06T23:00,10.3,49
2025-11-07T00:00,13.4,61
2025-11-07T01:00,11.6,60
2025-11-07T02:00,9.7,62
2025-11-07T03:00,7.7,65
2025-11-07T04:00,7.2,63
2025-11-07T05:00,4.2,43
2025-11-07T06:00,8.3,60
2025-11-07T07:00,10.7,57
2025-11-07T08:00,12.0,57
2025-11-07T09:00,10.1,59
2025-11-07T10:00,6.5,46
2025-11-07T11:00,2.4,333
2025-11-07T12:00,1.1,270
2025-11-07T13:00,4.0,234
2025-11-07T14:00,6.4,230
2025-11-07T15:00,5.4,220
2025-11-07T16:00,3.2,183
2025-11-07T17:00,1.8,45
2025-11-07T18:00,3.6,37
2025-11-07T19:00,2.8,27
2025-11-07T20:00,3.7,35
2025-11-07T21:00,4.9,36
2025-11-07T22:00,7.1,41
2025-11-07T23:00,4.8,45
2025-11-08T00:00,7.2,53
2025-11-08T01:00,6.3,51
2025-11-08T02:00,6.7,52
2025-11-08T03:00,6.8,55
2025-11-08T04:00,6.7,59
2025-11-08T05:00,3.5,51
2025-11-08T06:00,6.7,59
2025-11-08T07:00,8.6,54
2025-11-08T08:00,11.0,55
2025-11-08T09:00,11.1,54
2025-11-08T10:00,7.9,47
2025-11-08T11:00,1.7,41
2025-11-08T12:00,1.1,252
2025-11-08T13:00,4.0,216
2025-11-08T14:00,5.8,210
2025-11-08T15:00,6.2,195
2025-11-08T16:00,2.8,135
2025-11-08T17:00,1.3,45
2025-11-08T18:00,4.2,40
2025-11-08T19:00,3.6,20
2025-11-08T20:00,4.3,28
2025-11-08T21:00,6.8,37
2025-11-08T22:00,7.5,40
2025-11-08T23:00,4.2,50
2025-11-09T00:00,6.5,62
2025-11-09T01:00,6.4,61
2025-11-09T02:00,6.3,55
2025-11-09T03:00,6.4,50
2025-11-09T04:00,6.0,49
2025-11-09T05:00,3.1,36
2025-11-09T06:00,6.7,52
2025-11-09T07:00,8.5,46
2025-11-09T08:00,10.0,41
2025-11-09T09:00,8.9,42
2025-11-09T10:00,6.0,85
2025-11-09T11:00,5.4,143
2025-11-09T12:00,7.3,136
2025-11-09T13:00,7.6,133
2025-11-09T14:00,8.1,135
2025-11-09T15:00,8.7,138
2025-11-09T16:00,8.0,130
2025-11-09T17:00,4.2,85
2025-11-09T18:00,4.8,56
2025-11-09T19:00,6.0,37
2025-11-09T20:00,8.9,27
2025-11-09T21:00,9.1,27
2025-11-09T22:00,9.4,30
2025-11-09T23:00,8.4,35
2025-11-10T00:00,11.1,39
2025-11-10T01:00,10.9,36
2025-11-10T02:00,10.2,36
2025-11-10T03:00,9.3,34
2025-11-10T04:00,8.8,33
2025-11-10T05:00,7.1,36
2025-11-10T06:00,9.6,47
2025-11-10T07:00,7.9,41
2025-11-10T08:00,7.7,39
2025-11-10T09:00,7.0,48
2025-11-10T10:00,5.4,116
2025-11-10T11:00,6.2,150
2025-11-10T12:00,5.9,135
2025-11-10T13:00,7.2,145
2025-11-10T14:00,7.4,148
2025-11-10T15:00,6.8,151
2025-11-10T16:00,5.1,144
2025-11-10T17:00,2.8,101
2025-11-10T18:00,3.6,84
2025-11-10T19:00,3.8,65
2025-11-10T20:00,5.2,44
2025-11-10T21:00,7.1,34
2025-11-10T22:00,8.3,34
2025-11-10T23:00,6.5,39
2025-11-11T00:00,9.4,42
2025-11-11T01:00,8.9,50
2025-11-11T02:00,9.0,52
2025-11-11T03:00,8.8,47
2025-11-11T04:00,9.8,46
2025-11-11T05:00,7.8,40
2025-11-11T06:00,11.3,48
2025-11-11T07:00,11.8,46
2025-11-11T08:00,12.5,39
2025-11-11T09:00,11.8,39
2025-11-11T10:00,9.9,48
2025-11-11T11:00,5.1,54
2025-11-11T12:00,3.7,29
2025-11-11T13:00,1.5,36
2025-11-11T14:00,1.5,97
2025-11-11T15:00,3.2,109
2025-11-11T16:00,3.2,90
2025-11-11T17:00,1.5,36
2025-11-11T18:00,2.3,23
2025-11-11T19:00,4.2,31
2025-11-11T20:00,9.7,39
2025-11-11T21:00,13.0,38
2025-11-11T22:00,13.3,40
2025-11-11T23:00,10.6,40
2025-11-12T00:00,13.3,48
2025-11-12T01:00,13.4,49
2025-11-12T02:00,13.4,49
2025-11-12T03:00,13.0,49
2025-11-12T04:00,12.5,50
2025-11-12T05:00,9.4,45
2025-11-12T06:00,12.9,50
2025-11-12T07:00,12.7,45
2025-11-12T08:00,12.1,43
2025-11-12T09:00,10.8,44
2025-11-12T10:00,7.5,63
2025-11-12T11:00,5.4,64
2025-11-12T12:00,4.8,59
2025-11-12T13:00,4.0,95
2025-11-12T14:00,3.6,127
2025-11-12T15:00,3.9,137
2025-11-12T16:00,2.2,145
2025-11-12T17:00,1.6,63
2025-11-12T18:00,3.7,35
2025-11-12T19:00,5.6,29
2025-11-12T20:00,10.5,33
2025-11-12T21:00,13.8,37
2025-11-12T22:00,13.9,42
2025-11-12T23:00,11.2,44
2025-11-13T00:00,13.7,50
2025-11-13T01:00,13.8,48
2025-11-13T02:00,13.9,48
2025-11-13T03:00,13.9,47
2025-11-13T04:00,13.2,46
2025-11-13T05:00,10.1,44
2025-11-13T06:00,13.0,48
2025-11-13T07:00,12.5,46
2025-11-13T08:00,12.1,43
2025-11-13T09:00,10.2,41
2025-11-13T10:00,6.9,60
2025-11-13T11:00,3.1,118
2025-11-13T12:00,2.2,156
2025-11-13T13:00,4.4,171
2025-11-13T14:00,5.1,176
2025-11-13T15:00,6.1,175
2025-11-13T16:00,4.1,146
2025-11-13T17:00,1.1,90
2025-11-13T18:00,1.3,34
2025-11-13T19:00,2.6,51
2025-11-13T20:00,5.9,31
2025-11-13T21:00,10.4,37
2025-11-13T22:00,12.2,38
2025-11-13T23:00,10.3,40
2025-11-14T00:00,12.8,48
2025-11-14T01:00,12.9,49
2025-11-14T02:00,13.1,48
2025-11-14T03:00,13.0,47
2025-11-14T04:00,12.1,47
2025-11-14T05:00,7.8,42
2025-11-14T06:00,11.0,49
2025-11-14T07:00,11.5,45
2025-11-14T08:00,12.1,44
2025-11-14T09:00,10.8,44
2025-11-14T10:00,7.4,47
2025-11-14T11:00,3.6,72
2025-11-14T12:00,0.3,225
2025-11-14T13:00,1.9,236
2025-11-14T14:00,3.6,240
2025-11-14T15:00,4.9,237
2025-11-14T16:00,3.5,242
2025-11-14T17:00,0.7,180
2025-11-14T18:00,1.0,22
2025-11-14T19:00,3.8,19
2025-11-14T20:00,6.9,33
2025-11-14T21:00,11.7,37
2025-11-14T22:00,12.7,40
2025-11-14T23:00,9.8,43
2025-11-15T00:00,12.4,51
2025-11-15T01:00,12.7,50
2025-11-15T02:00,12.8,52
2025-11-15T03:00,12.4,50
2025-11-15T04:00,11.5,49
2025-11-15T05:00,6.5,42
2025-11-15T06:00,9.3,50
2025-11-15T07:00,9.3,43
2025-11-15T08:00,10.6,42
2025-11-15T09:00,10.0,39
2025-11-15T10:00,6.5,60
2025-11-15T11:00,3.3,77
2025-11-15T12:00,0.9,143
2025-11-15T13:00,4.0,183
2025-11-15T14:00,4.7,184
2025-11-15T15:00,4.3,175
2025-11-15T16:00,1.5,150
2025-11-15T17:00,1.1,18
2025-11-15T18:00,1.1,360
2025-11-15T19:00,1.4,23
2025-11-15T20:00,6.0,39
2025-11-15T21:00,12.6,38
2025-11-15T22:00,13.6,40
2025-11-15T23:00,11.0,41
2025-11-16T00:00,14.3,50
2025-11-16T01:00,14.6,51
2025-11-16T02:00,13.8,50
2025-11-16T03:00,13.5,49
2025-11-16T04:00,14.0,49
2025-11-16T05:00,11.2,50
2025-11-16T06:00,16.2,55
2025-11-16T07:00,15.5,51
2025-11-16T08:00,15.2,48
2025-11-16T09:00,13.8,48
2025-11-16T10:00,12.1,46
2025-11-16T11:00,9.2,47
2025-11-16T12:00,11.6,42
2025-11-16T13:00,9.7,45
2025-11-16T14:00,6.0,49
2025-11-16T15:00,3.3,49
2025-11-16T16:00,4.1,41
2025-11-16T17:00,3.7,43
2025-11-16T18:00,9.6,34
2025-11-16T19:00,10.7,41
2025-11-16T20:00,5.1,23
2025-11-16T21:00,4.8,37
2025-11-16T22:00,3.3,36
2025-11-16T23:00,2.6,25
2025-11-17T00:00,5.1,54
2025-11-17T01:00,7.2,53
2025-11-17T02:00,9.6,43
2025-11-17T03:00,6.8,37
2025-11-17T04:00,8.2,32
2025-11-17T05:00,7.3,44
2025-11-17T06:00,10.6,44
2025-11-17T07:00,7.1,38
2025-11-17T08:00,8.5,38
2025-11-17T09:00,8.7,42
2025-11-17T10:00,7.9,47
2025-11-17T11:00,3.8,98
2025-11-17T12:00,2.8,207
2025-11-17T13:00,3.5,192
2025-11-17T14:00,4.2,175
2025-11-17T15:00,3.9,156
2025-11-17T16:00,2.3,122
2025-11-17T17:00,2.5,69
2025-11-17T18:00,4.2,40
2025-11-17T19:00,7.6,25
2025-11-17T20:00,11.8,34
2025-11-17T21:00,13.2,34
2025-11-17T22:00,13.6,35
2025-11-17T23:00,8.9,38
2025-11-18T00:00,12.7,45
2025-11-18T01:00,13.4,41
2025-11-18T02:00,12.5,33
2025-11-18T03:00,11.7,29
2025-11-18T04:00,11.5,27
2025-11-18T05:00,7.4,34
2025-11-18T06:00,12.3,46
2025-11-18T07:00,12.0,40
2025-11-18T08:00,11.9,35
2025-11-18T09:00,10.4,28
2025-11-18T10:00,6.8,35
2025-11-18T11:00,3.5,62
2025-11-18T12:00,0.8,207
2025-11-18T13:00,6.7,226
2025-11-18T14:00,9.4,212
2025-11-18T15:00,8.4,189
2025-11-18T16:00,4.2,149
2025-11-18T17:00,2.9,137
2025-11-18T18:00,3.0,65
2025-11-18T19:00,3.6,30
2025-11-18T20:00,4.6,18
2025-11-18T21:00,7.8,29
2025-11-18T22:00,7.4,18
2025-11-18T23:00,5.7,24
2025-11-19T00:00,8.2,29
2025-11-19T01:00,10.2,30
2025-11-19T02:00,11.2,28
2025-11-19T03:00,10.4,28
2025-11-19T04:00,9.5,33
2025-11-19T05:00,8.9,36
2025-11-19T06:00,8.7,38
2025-11-19T07:00,8.4,40
2025-11-19T08:00,9.0,37
2025-11-19T09:00,7.4,34
2025-11-19T10:00,2.1,142
2025-11-19T11:00,3.1,173
2025-11-19T12:00,3.6,186
2025-11-19T13:00,5.9,180
2025-11-19T14:00,6.5,180
2025-11-19T15:00,5.9,160
2025-11-19T16:00,5.3,128
2025-11-19T17:00,1.5,111
2025-11-19T18:00,3.6,45
2025-11-19T19:00,2.8,18
2025-11-19T20:00,2.0,10
2025-11-19T21:00,1.2,27
2025-11-19T22:00,2.7,32
2025-11-19T23:00,3.7,23
2025-11-20T00:00,4.0,36
2025-11-20T01:00,2.5,45
2025-11-20T02:00,3.5,39
2025-11-20T03:00,6.7,36
2025-11-20T04:00,9.0,33
2025-11-20T05:00,7.3,31
2025-11-20T06:00,9.3,40
2025-11-20T07:00,6.9,39
2025-11-20T08:00,6.8,32
2025-11-20T09:00,5.2,20
2025-11-20T10:00,1.0,45
2025-11-20T11:00,2.3,252
2025-11-20T12:00,4.6,259
2025-11-20T13:00,6.2,249
2025-11-20T14:00,7.0,241
2025-11-20T15:00,7.1,221
2025-11-20T16:00,4.3,197
2025-11-20T17:00,1.4,140
2025-11-20T18:00,2.7,28
2025-11-20T19:00,1.8,11
2025-11-20T20:00,2.4,9
2025-11-20T21:00,4.4,21
2025-11-20T22:00,7.5,33
2025-11-20T23:00,5.4,30
2025-11-21T00:00,9.7,43
2025-11-21T01:00,10.4,44
2025-11-21T02:00,9.8,44
2025-11-21T03:00,8.7,42
2025-11-21T04:00,8.0,40
2025-11-21T05:00,5.2,29
2025-11-21T06:00,6.5,44
2025-11-21T07:00,8.0,36
2025-11-21T08:00,10.2,34
2025-11-21T09:00,9.6,23
2025-11-21T10:00,4.1,38
2025-11-21T11:00,1.5,315
2025-11-21T12:00,4.4,251
2025-11-21T13:00,7.6,245
2025-11-21T14:00,8.9,243
2025-11-21T15:00,8.6,240
2025-11-21T16:00,5.0,232
2025-11-21T17:00,1.5,120
2025-11-21T18:00,1.2,27
2025-11-21T19:00,2.9,11
2025-11-21T20:00,4.5,16
2025-11-21T21:00,6.7,31
2025-11-21T22:00,8.1,37
2025-11-21T23:00,5.9,27
2025-11-22T00:00,8.9,48
2025-11-22T01:00,10.1,47
2025-11-22T02:00,9.0,43
2025-11-22T03:00,8.0,42
2025-11-22T04:00,8.0,44
2025-11-22T05:00,3.7,23
2025-11-22T06:00,7.1,49
2025-11-22T07:00,7.3,44
2025-11-22T08:00,7.3,40
2025-11-22T09:00,7.2,28
2025-11-22T10:00,3.1,28
2025-11-22T11:00,2.1,239
2025-11-22T12:00,6.2,248
2025-11-22T13:00,8.0,245
2025-11-22T14:00,8.5,245
2025-11-22T15:00,8.5,238
2025-11-22T16:00,5.1,238
2025-11-22T17:00,0.2,90
2025-11-22T18:00,0.9,360
2025-11-22T19:00,2.2,351
2025-11-22T20:00,2.8,11
2025-11-22T21:00,4.3,28
2025-11-22T22:00,5.4,34
2025-11-22T23:00,2.8,15
2025-11-23T00:00,5.7,37
2025-11-23T01:00,7.1,38
2025-11-23T02:00,6.8,35
2025-11-23T03:00,6.3,35
2025-11-23T04:00,5.3,38
2025-11-23T05:00,0.8,27
2025-11-23T06:00,4.1,52
2025-11-23T07:00,4.8,53
2025-11-23T08:00,5.1,45
2025-11-23T09:00,4.7,40
2025-11-23T10:00,1.3,188
2025-11-23T11:00,2.8,195
2025-11-23T12:00,2.9,227
2025-11-23T13:00,4.3,202
2025-11-23T14:00,6.3,198
2025-11-23T15:00,5.8,182
2025-11-23T16:00,2.1,128
2025-11-23T17:00,1.7,72
2025-11-23T18:00,3.7,43
2025-11-23T19:00,1.7,13
2025-11-23T20:00,3.0,14
2025-11-23T21:00,4.5,29
2025-11-23T22:00,6.6,35
2025-11-23T23:00,4.8,22
2025-11-24T00:00,8.0,46
2025-11-24T01:00,7.2,51
2025-11-24T02:00,6.4,52
2025-11-24T03:00,6.2,52
2025-11-24T04:00,6.4,54
2025-11-24T05:00,2.7,37
2025-11-24T06:00,5.7,53
2025-11-24T07:00,6.0,49
2025-11-24T08:00,5.9,45
2025-11-24T09:00,6.2,36
2025-11-24T10:00,3.4,32
2025-11-24T11:00,2.3,238
2025-11-24T12:00,6.8,245
2025-11-24T13:00,6.8,233
2025-11-24T14:00,5.3,225
2025-11-24T15:00,5.0,221
2025-11-24T16:00,2.8,198
2025-11-24T17:00,1.7,103
2025-11-24T18:00,1.3,56
2025-11-24T19:00,0.7,360
2025-11-24T20:00,2.7,8
2025-11-24T21:00,4.2,20
2025-11-24T22:00,6.5,30
2025-11-24T23:00,5.4,30
2025-11-25T00:00,8.0,46
2025-11-25T01:00,8.5,42
2025-11-25T02:00,8.7,43
2025-11-25T03:00,8.4,47
2025-11-25T04:00,8.3,51
2025-11-25T05:00,5.1,36
2025-11-25T06:00,11.3,48
2025-11-25T07:00,11.3,47
2025-11-25T08:00,13.6,46
2025-11-25T09:00,14.1,39
2025-11-25T10:00,14.1,23
2025-11-25T11:00,12.1,37
2025-11-25T12:00,14.2,39
2025-11-25T13:00,12.7,46
2025-11-25T14:00,10.1,44
2025-11-25T15:00,3.0,17
2025-11-25T16:00,0.6,326
2025-11-25T17:00,1.9,56
2025-11-25T18:00,8.2,58
2025-11-25T19:00,13.7,44
2025-11-25T20:00,13.6,43
2025-11-25T21:00,13.0,43
2025-11-25T22:00,13.2,47
2025-11-25T23:00,8.9,43
2025-11-26T00:00,13.8,53
2025-11-26T01:00,15.9,46
2025-11-26T02:00,16.3,45
2025-11-26T03:00,14.5,44
2025-11-26T04:00,13.3,42
2025-11-26T05:00,9.3,46
2025-11-26T06:00,12.0,53
2025-11-26T07:00,11.0,48
2025-11-26T08:00,10.6,46
2025-11-26T09:00,8.8,39
2025-11-26T10:00,6.0,7
2025-11-26T11:00,3.8,275
2025-11-26T12:00,7.5,240
2025-11-26T13:00,8.0,252
2025-11-26T14:00,8.3,248
2025-11-26T15:00,6.8,243
2025-11-26T16:00,2.7,266
2025-11-26T17:00,0.6,18
2025-11-26T18:00,1.6,360
2025-11-26T19:00,1.9,17
2025-11-26T20:00,3.3,22
2025-11-26T21:00,4.2,25
2025-11-26T22:00,5.0,30
2025-11-26T23:00,5.2,25
2025-11-27T00:00,8.8,47
2025-11-27T01:00,8.7,48
2025-11-27T02:00,8.2,49
2025-11-27T03:00,8.6,53
2025-11-27T04:00,8.0,54
2025-11-27T05:00,4.5,53
2025-11-27T06:00,7.4,58
2025-11-27T07:00,7.1,52
2025-11-27T08:00,7.5,50
2025-11-27T09:00,7.8,42
2025-11-27T10:00,5.2,12
2025-11-27T11:00,2.3,293
2025-11-27T12:00,4.0,231
2025-11-27T13:00,3.7,194
2025-11-27T14:00,3.6,147
2025-11-27T15:00,4.3,147
2025-11-27T16:00,2.3,113
2025-11-27T17:00,2.4,63
2025-11-27T18:00,4.7,47
2025-11-27T19:00,4.1,38
2025-11-27T20:00,4.3,33
2025-11-27T21:00,5.0,35
2025-11-27T22:00,6.6,37
2025-11-27T23:00,6.2,33
2025-11-28T00:00,8.4,56
2025-11-28T01:00,7.5,55
2025-11-28T02:00,7.4,58
2025-11-28T03:00,8.2,58
2025-11-28T04:00,7.9,60
2025-11-28T05:00,2.4,73
2025-11-28T06:00,4.3,62
2025-11-28T07:00,4.6,54
2025-11-28T08:00,6.6,49
2025-11-28T09:00,7.4,51
2025-11-28T10:00,5.3,55
2025-11-28T11:00,1.8,143
2025-11-28T12:00,4.3,185
2025-11-28T13:00,5.9,180
2025-11-28T14:00,5.8,164
2025-11-28T15:00,5.6,147
2025-11-28T16:00,3.5,114
2025-11-28T17:00,2.2,90
2025-11-28T18:00,3.8,59
2025-11-28T19:00,1.5,21
2025-11-28T20:00,1.9,17
2025-11-28T21:00,4.3,24
2025-11-28T22:00,5.4,30
2025-11-28T23:00,5.6,27
2025-11-29T00:00,6.9,43
2025-11-29T01:00,4.7,50
2025-11-29T02:00,4.0,63
2025-11-29T03:00,4.1,56
2025-11-29T04:00,4.1,52
2025-11-29T05:00,0.8,27
2025-11-29T06:00,1.9,61
2025-11-29T07:00,4.3,48
2025-11-29T08:00,5.5,46
2025-11-29T09:00,5.7,44
2025-11-29T10:00,2.1,31
2025-11-29T11:00,3.5,246
2025-11-29T12:00,6.8,241
2025-11-29T13:00,6.0,229
2025-11-29T14:00,4.4,212
2025-11-29T15:00,2.4,189
2025-11-29T16:00,0.4,153
2025-11-29T17:00,0.8,153
2025-11-29T18:00,0.6,34
2025-11-29T19:00,1.1,9
2025-11-29T20:00,1.1,360
2025-11-29T21:00,2.1,15
2025-11-29T22:00,3.1,31
2025-11-29T23:00,2.6,16
2025-11-30T00:00,1.4,40
2025-11-30T01:00,1.8,66
2025-11-30T02:00,3.3,61
2025-11-30T03:00,3.7,55
2025-11-30T04:00,4.4,60
2025-11-30T05:00,0.6,108
2025-11-30T06:00,0.4,90
2025-11-30T07:00,3.7,67
2025-11-30T08:00,2.0,63
2025-11-30T09:00,1.5,97
2025-11-30T10:00,0.2,180
2025-11-30T11:00,2.7,222
2025-11-30T12:00,2.3,247
2025-11-30T13:00,1.9,202
2025-11-30T14:00,2.6,205
2025-11-30T15:00,1.6,180
2025-11-30T16:00,0.7,76
2025-11-30T17:00,1.5,69
2025-11-30T18:00,0.5,45
2025-11-30T19:00,0.5,315
2025-11-30T20:00,0.9,360
2025-11-30T21:00,1.5,14
2025-11-30T22:00,2.0,27
2025-11-30T23:00,1.4,360
2025-12-01T00:00,1.5,54
2025-12-01T01:00,2.3,51
2025-12-01T02:00,3.8,45
2025-12-01T03:00,4.3,48
2025-12-01T04:00,4.5,53
2025-12-01T05:00,0.7,346
2025-12-01T06:00,1.5,69
2025-12-01T07:00,4.5,50
2025-12-01T08:00,5.0,49
2025-12-01T09:00,5.0,35
2025-12-01T10:00,2.5,339
2025-12-01T11:00,4.0,260
2025-12-01T12:00,6.3,252
2025-12-01T13:00,4.7,247
2025-12-01T14:00,4.9,242
2025-12-01T15:00,1.9,236
2025-12-01T16:00,0.4,297
2025-12-01T17:00,1.8,37
2025-12-01T18:00,1.4,40
2025-12-01T19:00,1.5,36
2025-12-01T20:00,3.1,36
2025-12-01T21:00,3.9,43
2025-12-01T22:00,4.2,54
2025-12-01T23:00,1.5,60
2025-12-02T00:00,5.4,50
2025-12-02T01:00,5.5,52
2025-12-02T02:00,5.7,53
2025-12-02T03:00,5.6,50
2025-12-02T04:00,5.3,57
2025-12-02T05:00,1.9,68
2025-12-02T06:00,6.0,63
2025-12-02T07:00,7.6,56
2025-12-02T08:00,9.4,52
2025-12-02T09:00,9.4,54
2025-12-02T10:00,7.4,49
2025-12-02T11:00,2.7,48
2025-12-02T12:00,0.8,225
2025-12-02T13:00,2.4,197
2025-12-02T14:00,3.4,177
2025-12-02T15:00,2.4,163
2025-12-02T16:00,2.7,113
2025-12-02T17:00,2.0,80
2025-12-02T18:00,3.9,53
2025-12-02T19:00,4.5,47
2025-12-02T20:00,5.6,33
2025-12-02T21:00,9.0,33
2025-12-02T22:00,10.2,41
2025-12-02T23:00,7.4,49
2025-12-03T00:00,9.0,64
2025-12-03T01:00,8.7,63
2025-12-03T02:00,8.6,61
2025-12-03T03:00,9.2,59
2025-12-03T04:00,9.4,60
2025-12-03T05:00,6.9,51
2025-12-03T06:00,11.3,59
2025-12-03T07:00,9.9,58
2025-12-03T08:00,9.4,59
2025-12-03T09:00,9.0,60
2025-12-03T10:00,7.8,75
2025-12-03T11:00,5.0,90
2025-12-03T12:00,4.9,92
2025-12-03T13:00,5.5,117
2025-12-03T14:00,6.7,121
2025-12-03T15:00,6.8,115
2025-12-03T16:00,5.7,99
2025-12-03T17:00,2.4,81
2025-12-03T18:00,5.7,72
2025-12-03T19:00,7.1,52
2025-12-03T20:00,10.0,41
2025-12-03T21:00,11.2,37
2025-12-03T22:00,11.3,39
2025-12-03T23:00,8.4,43
2025-12-04T00:00,11.5,49
2025-12-04T01:00,12.0,45
2025-12-04T02:00,10.3,49
2025-12-04T03:00,9.9,52
2025-12-04T04:00,9.0,55
2025-12-04T05:00,5.6,48
2025-12-04T06:00,4.6,59
2025-12-04T07:00,3.6,70
2025-12-04T08:00,2.1,70
2025-12-04T09:00,1.1,180
2025-12-04T10:00,1.9,338
2025-12-04T11:00,3.7,293
2025-12-04T12:00,4.7,270
2025-12-04T13:00,5.0,229
2025-12-04T14:00,5.1,207
2025-12-04T15:00,4.9,231
2025-12-04T16:00,0.5,315
2025-12-04T17:00,5.2,74
2025-12-04T18:00,5.8,64
2025-12-04T19:00,6.5,51
2025-12-04T20:00,7.7,33
2025-12-04T21:00,8.8,39
2025-12-04T22:00,6.8,40
2025-12-04T23:00,5.4,53
2025-12-05T00:00,5.5,27
2025-12-05T01:00,3.5,9
2025-12-05T02:00,2.8,11
2025-12-05T03:00,2.7,37
2025-12-05T04:00,1.9,73
2025-12-05T05:00,1.9,107
2025-12-05T06:00,1.8,90
2025-12-05T07:00,1.9,124
2025-12-05T08:00,1.6,180
2025-12-05T09:00,2.8,140
2025-12-05T10:00,4.0,108
2025-12-05T11:00,3.6,147
2025-12-05T12:00,3.8,175
2025-12-05T13:00,5.2,176
2025-12-05T14:00,5.0,165
2025-12-05T15:00,5.0,111
2025-12-05T16:00,4.9,82
2025-12-05T17:00,4.7,62
2025-12-05T18:00,7.1,63
2025-12-05T19:00,5.2,61
2025-12-05T20:00,4.8,31
2025-12-05T21:00,5.8,26
2025-12-05T22:00,7.1,24
2025-12-05T23:00,7.3,31
2025-12-06T00:00,10.9,29
2025-12-06T01:00,11.6,33
2025-12-06T02:00,11.7,38
2025-12-06T03:00,11.8,46
2025-12-06T04:00,12.6,48
2025-12-06T05:00,10.6,43
2025-12-06T06:00,12.5,44
2025-12-06T07:00,12.5,40
2025-12-06T08:00,13.5,43
2025-12-06T09:00,13.7,45
2025-12-06T10:00,12.2,45
2025-12-06T11:00,9.4,60
2025-12-06T12:00,10.4,54
2025-12-06T13:00,8.6,49
2025-12-06T14:00,7.4,49
2025-12-06T15:00,7.0,58
2025-12-06T16:00,6.0,53
2025-12-06T17:00,5.5,49
2025-12-06T18:00,11.2,49
2025-12-06T19:00,10.1,40
2025-12-06T20:00,8.7,40
2025-12-06T21:00,9.2,48
2025-12-06T22:00,10.2,39
2025-12-06T23:00,12.4,33
2025-12-07T00:00,12.8,40
2025-12-07T01:00,11.5,42
2025-12-07T02:00,13.3,30
2025-12-07T03:00,13.2,37
2025-12-07T04:00,12.1,35
2025-12-07T05:00,10.3,47
2025-12-07T06:00,13.7,28
2025-12-07T07:00,11.0,38
2025-12-07T08:00,8.2,33
2025-12-07T09:00,10.6,47
2025-12-07T10:00,8.8,41
2025-12-07T11:00,8.7,42
2025-12-07T12:00,11.2,12
2025-12-07T13:00,4.3,42
2025-12-07T14:00,6.3,39
2025-12-07T15:00,9.3,36
2025-12-07T16:00,9.1,27
2025-12-07T17:00,9.5,32
2025-12-07T18:00,12.5,20
2025-12-07T19:00,13.2,20
2025-12-07T20:00,13.9,25
2025-12-07T21:00,13.5,21
2025-12-07T22:00,14.1,25
2025-12-07T23:00,11.1,31
2025-12-08T00:00,8.5,35
2025-12-08T01:00,5.6,65
2025-12-08T02:00,4.6,59
2025-12-08T03:00,5.7,53
2025-12-08T04:00,5.3,28
2025-12-08T05:00,6.6,37
2025-12-08T06:00,8.9,43
2025-12-08T07:00,9.7,40
2025-12-08T08:00,6.7,56
2025-12-08T09:00,3.5,111
2025-12-08T10:00,4.7,176
2025-12-08T11:00,5.0,199
2025-12-08T12:00,6.0,171
2025-12-08T13:00,4.7,184
2025-12-08T14:00,4.4,161
2025-12-08T15:00,5.0,131
2025-12-08T16:00,4.8,110
2025-12-08T17:00,4.5,88
2025-12-08T18:00,5.6,69
2025-12-08T19:00,6.6,45
2025-12-08T20:00,7.9,35
2025-12-08T21:00,8.5,25
2025-12-08T22:00,12.0,21
2025-12-08T23:00,13.1,32
2025-12-09T00:00,17.9,38
2025-12-09T01:00,16.6,41
2025-12-09T02:00,15.3,43
2025-12-09T03:00,15.2,41
2025-12-09T04:00,14.9,41
2025-12-09T05:00,9.6,41
2025-12-09T06:00,14.5,47
2025-12-09T07:00,11.7,44
2025-12-09T08:00,13.6,32
2025-12-09T09:00,12.9,32
2025-12-09T10:00,7.3,20
2025-12-09T11:00,5.3,24
2025-12-09T12:00,5.9,27
2025-12-09T13:00,5.9,50
2025-12-09T14:00,5.4,76
2025-12-09T15:00,4.1,105
2025-12-09T16:00,4.5,97
2025-12-09T17:00,4.4,109
2025-12-09T18:00,5.2,102
2025-12-09T19:00,4.6,103
2025-12-09T20:00,5.4,110
2025-12-09T21:00,4.9,90
2025-12-09T22:00,4.3,85
2025-12-09T23:00,1.5,83
2025-12-10T00:00,3.4,106
2025-12-10T01:00,2.1,149
2025-12-10T02:00,4.1,165
2025-12-10T03:00,3.8,155
2025-12-10T04:00,4.7,157
2025-12-10T05:00,4.8,153
2025-12-10T06:00,5.2,146
2025-12-10T07:00,5.0,142
2025-12-10T08:00,4.6,135
2025-12-10T09:00,4.6,138
2025-12-10T10:00,5.0,161
2025-12-10T11:00,4.9,170
2025-12-10T12:00,6.1,168
2025-12-10T13:00,6.0,147
2025-12-10T14:00,5.7,125
2025-12-10T15:00,5.0,134
2025-12-10T16:00,4.5,151
2025-12-10T17:00,1.7,108
2025-12-10T18:00,1.9,119
2025-12-10T19:00,1.5,83
2025-12-10T20:00,4.1,61
2025-12-10T21:00,7.0,44
2025-12-10T22:00,10.8,43
2025-12-10T23:00,8.0,42
2025-12-11T00:00,13.2,45
2025-12-11T01:00,13.1,43
2025-12-11T02:00,13.8,42
2025-12-11T03:00,14.4,43
2025-12-11T04:00,14.3,48
2025-12-11T05:00,11.0,49
2025-12-11T06:00,17.6,58
2025-12-11T07:00,16.7,56
2025-12-11T08:00,16.4,57
2025-12-11T09:00,16.8,55
2025-12-11T10:00,16.5,53
2025-12-11T11:00,14.0,45
2025-12-11T12:00,16.2,47
2025-12-11T13:00,15.0,44
2025-12-11T14:00,12.0,37
2025-12-11T15:00,11.5,58
2025-12-11T16:00,13.1,56
2025-12-11T17:00,12.8,52
2025-12-11T18:00,18.8,46
2025-12-11T19:00,18.6,52
2025-12-11T20:00,19.0,48
2025-12-11T21:00,16.1,49
2025-12-11T22:00,15.3,50
2025-12-11T23:00,16.2,49
2025-12-12T00:00,18.2,51
2025-12-12T01:00,17.8,51
2025-12-12T02:00,17.2,50
2025-12-12T03:00,18.2,55
2025-12-12T04:00,16.8,51
2025-12-12T05:00,17.9,45
2025-12-12T06:00,20.4,52
2025-12-12T07:00,20.1,48
2025-12-12T08:00,19.1,46
2025-12-12T09:00,18.2,44
2025-12-12T10:00,18.3,43
2025-12-12T11:00,16.5,50
2025-12-12T12:00,17.7,44
2025-12-12T13:00,16.0,21
2025-12-12T14:00,11.1,46
2025-12-12T15:00,9.2,220
2025-12-12T16:00,6.2,240
2025-12-12T17:00,3.1,159
2025-12-12T18:00,2.6,124
2025-12-12T19:00,7.2,77
2025-12-12T20:00,11.4,57
2025-12-12T21:00,8.7,40
2025-12-12T22:00,10.5,49
2025-12-12T23:00,8.3,49
2025-12-13T00:00,10.8,42
2025-12-13T01:00,9.3,36
2025-12-13T02:00,8.2,38
2025-12-13T03:00,4.2,18
2025-12-13T04:00,2.4,48
2025-12-13T05:00,5.2,31
2025-12-13T06:00,4.1,75
2025-12-13T07:00,6.2,44
2025-12-13T08:00,12.1,46
2025-12-13T09:00,12.2,27
2025-12-13T10:00,12.2,28
2025-12-13T11:00,9.6,60
2025-12-13T12:00,9.9,65
2025-12-13T13:00,2.7,48
2025-12-13T14:00,8.0,254
2025-12-13T15:00,5.6,263
2025-12-13T16:00,5.0,268
2025-12-13T17:00,6.1,214
2025-12-13T18:00,3.3,261
2025-12-13T19:00,2.0,297
2025-12-13T20:00,4.9,360
2025-12-13T21:00,3.1,3
2025-12-13T22:00,4.0,18
2025-12-13T23:00,0.2,270
2025-12-14T00:00,2.2,235
2025-12-14T01:00,0.7,360
2025-12-14T02:00,7.2,68
2025-12-14T03:00,7.5,50
2025-12-14T04:00,9.0,70
2025-12-14T05:00,8.5,83
2025-12-14T06:00,7.7,78
2025-12-14T07:00,7.0,72
2025-12-14T08:00,10.2,58
2025-12-14T09:00,12.0,51
2025-12-14T10:00,12.0,44
2025-12-14T11:00,10.1,59
2025-12-14T12:00,10.7,67
2025-12-14T13:00,10.1,70
2025-12-14T14:00,9.7,71
2025-12-14T15:00,9.5,81
2025-12-14T16:00,9.2,50
2025-12-14T17:00,8.5,27
2025-12-14T18:00,7.8,347
2025-12-14T19:00,1.1,342
2025-12-14T20:00,4.6,116
2025-12-14T21:00,4.8,68
2025-12-14T22:00,6.3,117
2025-12-14T23:00,7.8,176
2025-12-15T00:00,5.5,157
2025-12-15T01:00,3.3,126
2025-12-15T02:00,3.7,141
2025-12-15T03:00,5.0,125
2025-12-15T04:00,6.0,127
2025-12-15T05:00,7.6,188
2025-12-15T06:00,11.5,211
2025-12-15T07:00,11.6,198
2025-12-15T08:00,6.4,188
2025-12-15T09:00,4.6,64
2025-12-15T10:00,5.0,90
2025-12-15T11:00,6.6,112
2025-12-15T12:00,5.2,121
2025-12-15T13:00,4.4,122
2025-12-15T14:00,3.6,153
2025-12-15T15:00,5.4,111
2025-12-15T16:00,6.1,93
2025-12-15T17:00,3.1,97
2025-12-15T18:00,6.0,85
2025-12-15T19:00,7.2,58
2025-12-15T20:00,8.1,47
2025-12-15T21:00,9.6,34
2025-12-15T22:00,10.1,29
2025-12-15T23:00,7.3,44
2025-12-16T00:00,10.7,59
2025-12-16T01:00,11.0,58
2025-12-16T02:00,11.6,51
2025-12-16T03:00,11.2,48
2025-12-16T04:00,10.8,47
2025-12-16T05:00,8.4,45
2025-12-16T06:00,13.0,57
2025-12-16T07:00,12.9,50
2025-12-16T08:00,13.9,46
2025-12-16T09:00,15.3,44
2025-12-16T10:00,15.1,41
2025-12-16T11:00,11.1,56
2025-12-16T12:00,15.2,53
2025-12-16T13:00,14.1,56
2025-12-16T14:00,13.2,55
2025-12-16T15:00,13.7,56
2025-12-16T16:00,12.2,56
2025-12-16T17:00,7.4,41
2025-12-16T18:00,12.7,40
2025-12-16T19:00,2.9,4
2025-12-16T20:00,6.4,212
2025-12-16T21:00,2.9,90
2025-12-16T22:00,6.0,44
2025-12-16T23:00,6.5,60
2025-12-17T00:00,9.1,58
2025-12-17T01:00,9.6,43
2025-12-17T02:00,8.9,45
2025-12-17T03:00,8.8,44
2025-12-17T04:00,7.0,40
2025-12-17T05:00,3.6,57
2025-12-17T06:00,4.3,66
2025-12-17T07:00,3.8,73
2025-12-17T08:00,4.2,65
2025-12-17T09:00,3.1,80
2025-12-17T10:00,3.0,115
2025-12-17T11:00,3.2,109
2025-12-17T12:00,2.8,101
2025-12-17T13:00,3.8,175
2025-12-17T14:00,4.2,168
2025-12-17T15:00,4.6,116
2025-12-17T16:00,2.7,132
2025-12-17T17:00,3.4,177
2025-12-17T18:00,4.5,187
2025-12-17T19:00,3.8,135
2025-12-17T20:00,3.3,99
2025-12-17T21:00,2.4,126
2025-12-17T22:00,2.9,120
2025-12-17T23:00,3.1,121
2025-12-18T00:00,1.8,79
2025-12-18T01:00,1.8,180
2025-12-18T02:00,2.1,75
2025-12-18T03:00,2.4,351
2025-12-18T04:00,2.7,270
2025-12-18T05:00,6.0,185
2025-12-18T06:00,10.8,222
2025-12-18T07:00,9.9,189
2025-12-18T08:00,6.6,191
2025-12-18T09:00,5.0,178
2025-12-18T10:00,3.4,183
2025-12-18T11:00,4.0,129
2025-12-18T12:00,3.6,171
2025-12-18T13:00,8.0,222
2025-12-18T14:00,7.7,213
2025-12-18T15:00,4.3,180
2025-12-18T16:00,5.0,195
2025-12-18T17:00,1.2,117
2025-12-18T18:00,0.6,56
2025-12-18T19:00,1.7,229
2025-12-18T20:00,2.2,175
2025-12-18T21:00,1.8,156
2025-12-18T22:00,2.8,79
2025-12-18T23:00,3.3,139
2025-12-19T00:00,2.6,164
2025-12-19T01:00,2.3,157
2025-12-19T02:00,2.5,98
2025-12-19T03:00,3.9,68
2025-12-19T04:00,4.0,60
2025-12-19T05:00,1.9,107
2025-12-19T06:00,4.2,83
2025-12-19T07:00,5.1,73
2025-12-19T08:00,5.6,50
2025-12-19T09:00,7.2,25
2025-12-19T10:00,7.0,18
2025-12-19T11:00,4.6,31
2025-12-19T12:00,4.3,33
2025-12-19T13:00,2.3,29
2025-12-19T14:00,0.3,315
2025-12-19T15:00,1.5,339
2025-12-19T16:00,3.1,7
2025-12-19T17:00,1.2,27
2025-12-19T18:00,0.7,90
2025-12-19T19:00,3.3,36
2025-12-19T20:00,4.3,48
2025-12-19T21:00,7.1,49
2025-12-19T22:00,7.3,48
2025-12-19T23:00,3.5,39
2025-12-20T00:00,3.6,70
2025-12-20T01:00,5.9,52
2025-12-20T02:00,6.1,43
2025-12-20T03:00,5.3,55
2025-12-20T04:00,1.1,90
2025-12-20T05:00,1.0,31
2025-12-20T06:00,0.0,270
2025-12-20T07:00,2.1,218
2025-12-20T08:00,0.8,333
2025-12-20T09:00,2.9,210
2025-12-20T10:00,1.7,302
2025-12-20T11:00,3.3,264
2025-12-20T12:00,4.8,222
2025-12-20T13:00,8.3,202
2025-12-20T14:00,4.6,154
2025-12-20T15:00,2.1,121
2025-12-20T16:00,1.2,207
2025-12-20T17:00,2.4,197
2025-12-20T18:00,8.1,204
2025-12-20T19:00,5.6,163
2025-12-20T20:00,2.6,219
2025-12-20T21:00,6.0,197
2025-12-20T22:00,4.5,194
2025-12-20T23:00,0.9,191
2025-12-21T00:00,2.2,175
2025-12-21T01:00,1.7,198
2025-12-21T02:00,2.3,94
2025-12-21T03:00,1.0,59
2025-12-21T04:00,1.8,246
2025-12-21T05:00,2.3,157
2025-12-21T06:00,4.4,212
2025-12-21T07:00,2.6,231
2025-12-21T08:00,0.3,225
2025-12-21T09:00,0.0,270
2025-12-21T10:00,1.6,186
2025-12-21T11:00,1.4,157
2025-12-21T12:00,4.2,137
2025-12-21T13:00,2.8,153
2025-12-21T14:00,3.9,137
2025-12-21T15:00,4.6,138
2025-12-21T16:00,1.8,127
2025-12-21T17:00,1.5,150
2025-12-21T18:00,3.3,84
2025-12-21T19:00,1.1,9
2025-12-21T20:00,0.7,346
2025-12-21T21:00,0.5,45
2025-12-21T22:00,1.4,23
2025-12-21T23:00,1.5,353
2025-12-22T00:00,1.0,22
2025-12-22T01:00,1.9,49
2025-12-22T02:00,2.0,45
2025-12-22T03:00,1.9,61
2025-12-22T04:00,2.4,63
2025-12-22T05:00,2.1,15
2025-12-22T06:00,0.6,56
2025-12-22T07:00,1.5,60
2025-12-22T08:00,3.0,52
2025-12-22T09:00,1.5,54
2025-12-22T10:00,0.4,27
2025-12-22T11:00,2.7,242
2025-12-22T12:00,3.2,243
2025-12-22T13:00,0.6,56
2025-12-22T14:00,3.1,54
2025-12-22T15:00,0.4,243
2025-12-22T16:00,2.2,284
2025-12-22T17:00,0.5,360
2025-12-22T18:00,3.1,31
2025-12-22T19:00,0.6,326
2025-12-22T20:00,1.9,343
2025-12-22T21:00,2.2,24
2025-12-22T22:00,2.4,27
2025-12-22T23:00,2.5,4
2025-12-23T00:00,0.4,27
2025-12-23T01:00,0.0,270
2025-12-23T02:00,0.6,34
2025-12-23T03:00,1.1,18
2025-12-23T04:00,1.7,32
2025-12-23T05:00,1.4,40
2025-12-23T06:00,2.1,38
2025-12-23T07:00,6.0,44
2025-12-23T08:00,6.2,44
2025-12-23T09:00,7.3,46
2025-12-23T10:00,7.7,49
2025-12-23T11:00,4.1,45
2025-12-23T12:00,4.2,36
2025-12-23T13:00,5.1,32
2025-12-23T14:00,5.5,27
2025-12-23T15:00,6.2,12
2025-12-23T16:00,5.6,17
2025-12-23T17:00,3.3,41
2025-12-23T18:00,9.5,57
2025-12-23T19:00,11.4,61
2025-12-23T20:00,11.5,60
2025-12-23T21:00,10.5,59
2025-12-23T22:00,10.6,55
2025-12-23T23:00,6.5,42
2025-12-24T00:00,10.4,45
2025-12-24T01:00,10.5,39
2025-12-24T02:00,10.1,29
2025-12-24T03:00,10.4,28
2025-12-24T04:00,10.6,32
2025-12-24T05:00,9.7,31
2025-12-24T06:00,13.3,40
2025-12-24T07:00,12.5,41
2025-12-24T08:00,11.5,40
2025-12-24T09:00,11.5,40
2025-12-24T10:00,11.1,37
2025-12-24T11:00,7.4,51
2025-12-24T12:00,7.8,44
2025-12-24T13:00,6.6,45
2025-12-24T14:00,6.7,59
2025-12-24T15:00,7.1,63
2025-12-24T16:00,8.2,52
2025-12-24T17:00,6.9,45
2025-12-24T18:00,10.7,48
2025-12-24T19:00,13.0,47
2025-12-24T20:00,13.5,47
2025-12-24T21:00,13.8,48
2025-12-24T22:00,14.8,50
2025-12-24T23:00,12.0,46
2025-12-25T00:00,15.7,52
2025-12-25T01:00,15.7,49
2025-12-25T02:00,15.9,47
2025-12-25T03:00,16.2,47
2025-12-25T04:00,16.0,47
2025-12-25T05:00,12.8,48
2025-12-25T06:00,15.9,52
2025-12-25T07:00,15.1,45
2025-12-25T08:00,14.5,42
2025-12-25T09:00,13.8,41
2025-12-25T10:00,12.3,38
2025-12-25T11:00,10.2,48
2025-12-25T12:00,12.1,43
2025-12-25T13:00,8.4,42
2025-12-25T14:00,6.6,43
2025-12-25T15:00,6.5,48
2025-12-25T16:00,6.8,55
2025-12-25T17:00,3.3,54
2025-12-25T18:00,6.0,73
2025-12-25T19:00,8.6,70
2025-12-25T20:00,9.5,65
2025-12-25T21:00,9.2,55
2025-12-25T22:00,9.0,47
2025-12-25T23:00,5.5,46
2025-12-26T00:00,6.6,41
2025-12-26T01:00,3.3,61
2025-12-26T02:00,4.0,100
2025-12-26T03:00,4.2,72
2025-12-26T04:00,5.5,49
2025-12-26T05:00,3.5,81
2025-12-26T06:00,8.8,78
2025-12-26T07:00,7.3,81
2025-12-26T08:00,6.1,78
2025-12-26T09:00,5.4,69
2025-12-26T10:00,3.8,73
2025-12-26T11:00,2.8,105
2025-12-26T12:00,2.4,99
2025-12-26T13:00,3.1,152
2025-12-26T14:00,4.1,142
2025-12-26T15:00,3.6,120
2025-12-26T16:00,3.8,109
2025-12-26T17:00,3.2,87
2025-12-26T18:00,5.4,75
2025-12-26T19:00,8.3,63
2025-12-26T20:00,10.8,54
2025-12-26T21:00,11.3,47
2025-12-26T22:00,11.5,39
2025-12-26T23:00,6.8,35
2025-12-27T00:00,11.7,44
2025-12-27T01:00,10.9,46
2025-12-27T02:00,11.3,43
2025-12-27T03:00,10.7,45
2025-12-27T04:00,11.5,48
2025-12-27T05:00,10.2,45
2025-12-27T06:00,13.4,54
2025-12-27T07:00,13.3,49
2025-12-27T08:00,13.6,49
2025-12-27T09:00,14.5,49
2025-12-27T10:00,14.2,49
2025-12-27T11:00,11.5,49
2025-12-27T12:00,13.0,47
2025-12-27T13:00,12.2,44
2025-12-27T14:00,10.3,46
2025-12-27T15:00,9.3,47
2025-12-27T16:00,10.3,46
2025-12-27T17:00,7.4,43
2025-12-27T18:00,14.0,45
2025-12-27T19:00,15.1,45
2025-12-27T20:00,15.2,44
2025-12-27T21:00,13.6,44
2025-12-27T22:00,13.4,43
2025-12-27T23:00,11.1,34
2025-12-28T00:00,13.7,45
2025-12-28T01:00,13.3,40
2025-12-28T02:00,12.7,38
2025-12-28T03:00,13.2,37
2025-12-28T04:00,13.7,35
2025-12-28T05:00,11.1,37
2025-12-28T06:00,13.9,42
2025-12-28T07:00,13.6,34
2025-12-28T08:00,14.3,42
2025-12-28T09:00,14.0,54
2025-12-28T10:00,16.7,58
2025-12-28T11:00,13.8,50
2025-12-28T12:00,14.2,51
2025-12-28T13:00,12.7,51
2025-12-28T14:00,13.2,64
2025-12-28T15:00,13.8,62
2025-12-28T16:00,15.9,56
2025-12-28T17:00,11.6,47
2025-12-28T18:00,15.0,45
2025-12-28T19:00,15.4,26
2025-12-28T20:00,13.4,31
2025-12-28T21:00,13.9,36
2025-12-28T22:00,13.4,39
2025-12-28T23:00,10.7,37
2025-12-29T00:00,11.6,44
2025-12-29T01:00,14.8,45
2025-12-29T02:00,17.9,36
2025-12-29T03:00,17.4,45
2025-12-29T04:00,15.9,34
2025-12-29T05:00,15.2,41
2025-12-29T06:00,19.5,45
2025-12-29T07:00,18.6,46
2025-12-29T08:00,19.1,47
2025-12-29T09:00,20.5,47
2025-12-29T10:00,21.4,44
2025-12-29T11:00,18.7,45
2025-12-29T12:00,21.0,37
2025-12-29T13:00,21.2,40
2025-12-29T14:00,20.9,40
2025-12-29T15:00,21.9,49
2025-12-29T16:00,21.7,49
2025-12-29T17:00,18.6,46
2025-12-29T18:00,21.2,49
2025-12-29T19:00,20.8,47
2025-12-29T20:00,19.7,45
2025-12-29T21:00,19.7,45
2025-12-29T22:00,19.2,47
2025-12-29T23:00,12.9,35
2025-12-30T00:00,15.7,50
2025-12-30T01:00,2.0,27
2025-12-30T02:00,5.1,67
2025-12-30T03:00,3.6,49
2025-12-30T04:00,3.6,41
2025-12-30T05:00,5.5,52
2025-12-30T06:00,9.8,17
2025-12-30T07:00,5.4,8
2025-12-30T08:00,6.9,25
2025-12-30T09:00,8.1,21
2025-12-30T10:00,6.3,5
2025-12-30T11:00,3.8,335
2025-12-30T12:00,3.1,320
2025-12-30T13:00,3.8,273
2025-12-30T14:00,6.3,263
2025-12-30T15:00,2.2,294
2025-12-30T16:00,3.6,276
2025-12-30T17:00,3.5,66
2025-12-30T18:00,3.0,25
2025-12-30T19:00,1.6,186
2025-12-30T20:00,1.1,81
2025-12-30T21:00,1.4,50
2025-12-30T22:00,1.8,6
2025-12-30T23:00,7.3,54
2025-12-31T00:00,11.1,43
2025-12-31T01:00,9.8,47
2025-12-31T02:00,8.4,40
2025-12-31T03:00,11.2,41
2025-12-31T04:00,13.4,33
2025-12-31T05:00,1.3,352
2025-12-31T06:00,4.1,41
2025-12-31T07:00,2.9,22
2025-12-31T08:00,2.8,40
2025-12-31T09:00,0.7,360
2025-12-31T10:00,1.5,300
2025-12-31T11:00,5.9,194
2025-12-31T12:00,7.9,223
2025-12-31T13:00,14.0,209
2025-12-31T14:00,13.2,202
2025-12-31T15:00,12.0,198
2025-12-31T16:00,10.0,194
2025-12-31T17:00,9.7,202
2025-12-31T18:00,7.4,174
2025-12-31T19:00,6.1,156
2025-12-31T20:00,3.3,167
2025-12-31T21:00,2.2,246
2025-12-31T22:00,2.0,270
2025-12-31T23:00,0.7,256
2026-01-01T00:00,2.2,325
2026-01-01T01:00,2.4,306
2026-01-01T02:00,5.0,305
2026-01-01T03:00,4.2,313
2026-01-01T04:00,3.0,322
2026-01-01T05:00,2.2,284
2026-01-01T06:00,3.2,273
2026-01-01T07:00,0.3,315
2026-01-01T08:00,1.3,344
2026-01-01T09:00,1.8,336
2026-01-01T10:00,2.3,321
2026-01-01T11:00,2.8,310
2026-01-01T12:00,2.9,266
2026-01-01T13:00,3.2,270
2026-01-01T14:00,2.4,287
2026-01-01T15:00,2.4,279
2026-01-01T16:00,2.4,283
2026-01-01T17:00,1.0,338
2026-01-01T18:00,1.4,23
2026-01-01T19:00,4.1,61
2026-01-01T20:00,5.7,55
2026-01-01T21:00,7.7,51
2026-01-01T22:00,9.9,42
2026-01-01T23:00,8.3,22
2026-01-02T00:00,14.0,35
2026-01-02T01:00,14.8,36
2026-01-02T02:00,15.5,35
2026-01-02T03:00,16.7,36
2026-01-02T04:00,16.0,40
2026-01-02T05:00,13.1,44
2026-01-02T06:00,17.4,49
2026-01-02T07:00,17.4,45
2026-01-02T08:00,16.7,43
2026-01-02T09:00,16.4,42
2026-01-02T10:00,15.2,37
2026-01-02T11:00,11.5,45
2026-01-02T12:00,14.3,41
2026-01-02T13:00,14.4,40
2026-01-02T14:00,12.9,41
2026-01-02T15:00,11.6,39
2026-01-02T16:00,8.9,43
2026-01-02T17:00,6.1,40
2026-01-02T18:00,12.7,45
2026-01-02T19:00,12.9,42
2026-01-02T20:00,13.0,42
2026-01-02T21:00,11.9,38
2026-01-02T22:00,11.1,37
2026-01-02T23:00,6.2,38
2026-01-03T00:00,10.5,52
2026-01-03T01:00,10.6,48
2026-01-03T02:00,10.3,50
2026-01-03T03:00,10.1,44
2026-01-03T04:00,10.7,45
2026-01-03T05:00,10.0,57
2026-01-03T06:00,12.4,57
2026-01-03T07:00,12.0,54
2026-01-03T08:00,11.7,49
2026-01-03T09:00,12.7,45
2026-01-03T10:00,12.5,43
2026-01-03T11:00,9.3,44
2026-01-03T12:00,10.1,35
2026-01-03T13:00,8.4,55
2026-01-03T14:00,6.6,68
2026-01-03T15:00,4.8,59
2026-01-03T16:00,2.1,31
2026-01-03T17:00,1.0,31
2026-01-03T18:00,1.5,30
2026-01-03T19:00,1.9,158
2026-01-03T20:00,0.7,76
2026-01-03T21:00,2.6,39
2026-01-03T22:00,2.9,47
2026-01-03T23:00,4.1,34
2026-01-04T00:00,4.1,34
2026-01-04T01:00,1.0,59
2026-01-04T02:00,1.8,66
2026-01-04T03:00,3.4,16
2026-01-04T04:00,2.2,351
2026-01-04T05:00,1.5,36
2026-01-04T06:00,6.6,16
2026-01-04T07:00,5.3,12
2026-01-04T08:00,4.6,13
2026-01-04T09:00,3.6,6
2026-01-04T10:00,1.0,338
2026-01-04T11:00,2.4,9
2026-01-04T12:00,2.3,299
2026-01-04T13:00,4.9,246
2026-01-04T14:00,6.5,228
2026-01-04T15:00,3.9,214
2026-01-04T16:00,1.6,207
2026-01-04T17:00,1.3,286
2026-01-04T18:00,0.3,315
2026-01-04T19:00,1.9,17
2026-01-04T20:00,2.3,23
2026-01-04T21:00,3.9,53
2026-01-04T22:00,6.5,42
2026-01-04T23:00,5.6,21
2026-01-05T00:00,12.0,26
2026-01-05T01:00,11.1,16
2026-01-05T02:00,10.9,19
2026-01-05T03:00,11.4,23
2026-01-05T04:00,10.9,22
2026-01-05T05:00,7.2,18
2026-01-05T06:00,11.9,25
2026-01-05T07:00,10.7,22
2026-01-05T08:00,10.7,20
2026-01-05T09:00,10.1,19
2026-01-05T10:00,7.9,17
2026-01-05T11:00,5.0,44
2026-01-05T12:00,4.8,45
2026-01-05T13:00,1.4,90
2026-01-05T14:00,2.3,198
2026-01-05T15:00,3.7,231
2026-01-05T16:00,3.0,245
2026-01-05T17:00,0.9,281
2026-01-05T18:00,1.3,344
2026-01-05T19:00,3.6,18
2026-01-05T20:00,4.2,31
2026-01-05T21:00,6.6,37
2026-01-05T22:00,9.8,35
2026-01-05T23:00,8.1,29
2026-01-06T00:00,11.3,43
2026-01-06T01:00,10.3,38
2026-01-06T02:00,9.7,34
2026-01-06T03:00,9.2,33
2026-01-06T04:00,7.8,37
2026-01-06T05:00,2.2,5
2026-01-06T06:00,5.0,35
2026-01-06T07:00,6.2,33
2026-01-06T08:00,7.3,31
2026-01-06T09:00,9.0,29
2026-01-06T10:00,7.4,14
2026-01-06T11:00,2.6,344
2026-01-06T12:00,1.7,319
2026-01-06T13:00,4.1,268
2026-01-06T14:00,5.8,261
2026-01-06T15:00,6.3,263
2026-01-06T16:00,3.6,267
2026-01-06T17:00,0.4,297
2026-01-06T18:00,1.6,333
2026-01-06T19:00,2.5,352
2026-01-06T20:00,3.6,9
2026-01-06T21:00,5.0,21
2026-01-06T22:00,7.5,30
2026-01-06T23:00,4.2,31
2026-01-07T00:00,8.9,47
2026-01-07T01:00,10.2,42
2026-01-07T02:00,10.7,42
2026-01-07T03:00,10.7,42
2026-01-07T04:00,9.2,42
2026-01-07T05:00,3.0,25
2026-01-07T06:00,8.3,41
2026-01-07T07:00,9.6,40
2026-01-07T08:00,11.1,37
2026-01-07T09:00,11.5,34
2026-01-07T10:00,9.3,27
2026-01-07T11:00,5.7,32
2026-01-07T12:00,7.1,19
2026-01-07T13:00,3.5,15
2026-01-07T14:00,1.7,302
2026-01-07T15:00,3.8,270
2026-01-07T16:00,3.2,297
2026-01-07T17:00,1.0,315
2026-01-07T18:00,2.5,352
2026-01-07T19:00,3.8,19
2026-01-07T20:00,5.1,27
2026-01-07T21:00,7.0,35
2026-01-07T22:00,9.4,35
2026-01-07T23:00,5.2,29
2026-01-08T00:00,7.9,47
2026-01-08T01:00,7.9,47
2026-01-08T02:00,9.0,44
2026-01-08T03:00,9.3,46
2026-01-08T04:00,8.4,48
2026-01-08T05:00,2.0,27
2026-01-08T06:00,4.6,42
2026-01-08T07:00,5.5,46
2026-01-08T08:00,6.9,45
2026-01-08T09:00,8.9,42
2026-01-08T10:00,8.7,34
2026-01-08T11:00,4.8,25
2026-01-08T12:00,4.8,15
2026-01-08T13:00,2.2,351
2026-01-08T14:00,4.0,262
2026-01-08T15:00,5.6,268
2026-01-08T16:00,3.5,294
2026-01-08T17:00,2.2,279
2026-01-08T18:00,0.7,346
2026-01-08T19:00,1.5,7
2026-01-08T20:00,1.9,29
2026-01-08T21:00,4.5,37
2026-01-08T22:00,6.2,38
2026-01-08T23:00,4.3,24
2026-01-09T00:00,7.3,38
2026-01-09T01:00,9.4,43
2026-01-09T02:00,8.3,48
2026-01-09T03:00,7.3,50
2026-01-09T04:00,6.9,49
2026-01-09T05:00,1.3,16
2026-01-09T06:00,6.4,38
2026-01-09T07:00,9.4,42
2026-01-09T08:00,9.9,44
2026-01-09T09:00,10.2,44
2026-01-09T10:00,8.8,35
2026-01-09T11:00,5.4,21
2026-01-09T12:00,6.3,24
2026-01-09T13:00,3.2,19
2026-01-09T14:00,2.1,308
2026-01-09T15:00,3.1,301
2026-01-09T16:00,3.0,327
2026-01-09T17:00,1.5,353
2026-01-09T18:00,4.6,26
2026-01-09T19:00,7.0,40
2026-01-09T20:00,8.4,43
2026-01-09T21:00,9.0,44
2026-01-09T22:00,9.9,46
2026-01-09T23:00,6.8,40
2026-01-10T00:00,8.3,51
2026-01-10T01:00,9.5,44
2026-01-10T02:00,9.3,43
2026-01-10T03:00,7.8,44
2026-01-10T04:00,7.8,46
2026-01-10T05:00,5.8,39
2026-01-10T06:00,11.2,49
2026-01-10T07:00,13.4,46
2026-01-10T08:00,14.4,46
2026-01-10T09:00,14.8,48
2026-01-10T10:00,13.8,49
2026-01-10T11:00,10.1,44
2026-01-10T12:00,13.3,33
2026-01-10T13:00,12.1,30
2026-01-10T14:00,12.0,30
2026-01-10T15:00,13.5,21
2026-01-10T16:00,13.4,27
2026-01-10T17:00,9.3,43
2026-01-10T18:00,14.3,48
2026-01-10T19:00,15.4,48
2026-01-10T20:00,16.1,53
2026-01-10T21:00,16.3,55
2026-01-10T22:00,16.7,53
2026-01-10T23:00,12.9,48
2026-01-11T00:00,16.3,54
2026-01-11T01:00,15.0,48
2026-01-11T02:00,12.5,47
2026-01-11T03:00,11.9,51
2026-01-11T04:00,11.9,51
2026-01-11T05:00,8.7,45
2026-01-11T06:00,13.5,43
2026-01-11T07:00,13.4,37
2026-01-11T08:00,11.7,36
2026-01-11T09:00,9.5,33
2026-01-11T10:00,8.8,33
2026-01-11T11:00,6.5,77
2026-01-11T12:00,8.4,113
2026-01-11T13:00,9.5,136
2026-01-11T14:00,8.7,132
2026-01-11T15:00,9.0,127
2026-01-11T16:00,7.9,101
2026-01-11T17:00,6.9,75
2026-01-11T18:00,7.9,57
2026-01-11T19:00,6.2,54
2026-01-11T20:00,5.0,52
2026-01-11T21:00,4.8,45
2026-01-11T22:00,4.5,40
2026-01-11T23:00,5.1,36
2026-01-12T00:00,5.7,35
2026-01-12T01:00,7.4,41
2026-01-12T02:00,9.0,31
2026-01-12T03:00,11.1,30
2026-01-12T04:00,10.8,28
2026-01-12T05:00,6.1,45
2026-01-12T06:00,7.7,49
2026-01-12T07:00,8.9,58
2026-01-12T08:00,11.7,47
2026-01-12T09:00,12.8,48
2026-01-12T10:00,9.3,47
2026-01-12T11:00,4.2,95
2026-01-12T12:00,3.2,87
2026-01-12T13:00,4.8,135
2026-01-12T14:00,7.3,120
2026-01-12T15:00,7.7,114
2026-01-12T16:00,8.6,116
2026-01-12T17:00,5.8,68
2026-01-12T18:00,7.2,51
2026-01-12T19:00,9.8,44
2026-01-12T20:00,15.5,40
2026-01-12T21:00,16.8,39
2026-01-12T22:00,17.8,43
2026-01-12T23:00,15.7,44
2026-01-13T00:00,19.6,51
2026-01-13T01:00,19.7,49
2026-01-13T02:00,19.8,50
2026-01-13T03:00,20.8,49
2026-01-13T04:00,21.3,50
2026-01-13T05:00,19.9,48
2026-01-13T06:00,22.2,49
2026-01-13T07:00,22.1,49
2026-01-13T08:00,21.8,49
2026-01-13T09:00,21.6,49
2026-01-13T10:00,21.8,45
2026-01-13T11:00,19.1,42
2026-01-13T12:00,20.2,40
2026-01-13T13:00,18.6,39
2026-01-13T14:00,17.4,38
2026-01-13T15:00,16.6,34
2026-01-13T16:00,15.7,37
2026-01-13T17:00,11.9,51
2026-01-13T18:00,13.3,57
2026-01-13T19:00,13.6,55
2026-01-13T20:00,12.9,58
2026-01-13T21:00,13.0,57
2026-01-13T22:00,13.7,55
2026-01-13T23:00,8.4,48
2026-01-14T00:00,11.7,54
2026-01-14T01:00,11.8,50
2026-01-14T02:00,10.4,48
2026-01-14T03:00,12.3,46
2026-01-14T04:00,13.4,44
2026-01-14T05:00,7.9,41
2026-01-14T06:00,14.4,49
2026-01-14T07:00,12.9,47
2026-01-14T08:00,12.2,46
2026-01-14T09:00,12.9,46
2026-01-14T10:00,12.8,40
2026-01-14T11:00,7.8,56
2026-01-14T12:00,10.6,48
2026-01-14T13:00,8.6,61
2026-01-14T14:00,7.3,81
2026-01-14T15:00,7.1,66
2026-01-14T16:00,7.3,44
2026-01-14T17:00,5.1,32
2026-01-14T18:00,10.7,31
2026-01-14T19:00,12.7,35
2026-01-14T20:00,13.3,38
2026-01-14T21:00,12.3,31
2026-01-14T22:00,12.3,34
2026-01-14T23:00,9.4,45
2026-01-15T00:00,11.6,49
2026-01-15T01:00,10.7,44
2026-01-15T02:00,14.4,49
2026-01-15T03:00,14.0,46
2026-01-15T04:00,15.0,39
2026-01-15T05:00,11.8,46
2026-01-15T06:00,16.6,40
2026-01-15T07:00,14.3,39
2026-01-15T08:00,13.2,37
2026-01-15T09:00,11.1,39
2026-01-15T10:00,6.2,46
2026-01-15T11:00,10.6,44
2026-01-15T12:00,14.0,46
2026-01-15T13:00,13.8,36
2026-01-15T14:00,12.9,23
2026-01-15T15:00,9.7,42
2026-01-15T16:00,3.7,14
2026-01-15T17:00,2.8,72
2026-01-15T18:00,2.3,67
2026-01-15T19:00,3.2,344
2026-01-15T20:00,1.8,37
2026-01-15T21:00,0.2,360
2026-01-15T22:00,0.5,360
2026-01-15T23:00,1.9,41
2026-01-16T00:00,2.5,30
2026-01-16T01:00,3.4,18
2026-01-16T02:00,3.3,29
2026-01-16T03:00,3.5,12
2026-01-16T04:00,1.5,36
2026-01-16T05:00,2.0,355
2026-01-16T06:00,1.4,247
2026-01-16T07:00,1.4,23
2026-01-16T08:00,2.7,20
2026-01-16T09:00,1.7,347
2026-01-16T10:00,0.2,360
2026-01-16T11:00,7.9,254
2026-01-16T12:00,7.2,238
2026-01-16T13:00,10.6,247
2026-01-16T14:00,6.0,243
2026-01-16T15:00,3.4,227
2026-01-16T16:00,5.7,221
2026-01-16T17:00,7.5,201
2026-01-16T18:00,9.1,218
2026-01-16T19:00,12.2,224
2026-01-16T20:00,5.4,201
2026-01-16T21:00,3.5,69
2026-01-16T22:00,0.6,342
2026-01-16T23:00,1.9,49
2026-01-17T00:00,2.0,243
2026-01-17T01:00,4.2,192
2026-01-17T02:00,6.8,148
2026-01-17T03:00,5.5,126
2026-01-17T04:00,6.4,128
2026-01-17T05:00,4.8,138
2026-01-17T06:00,4.5,106
2026-01-17T07:00,1.8,90
2026-01-17T08:00,1.9,107
2026-01-17T09:00,4.3,95
2026-01-17T10:00,4.5,88
2026-01-17T11:00,4.3,90
2026-01-17T12:00,3.3,131
2026-01-17T13:00,4.5,157
2026-01-17T14:00,5.6,186
2026-01-17T15:00,4.0,153
2026-01-17T16:00,3.9,137
2026-01-17T17:00,5.6,158
2026-01-17T18:00,6.2,105
2026-01-17T19:00,5.0,116
2026-01-17T20:00,5.4,146
2026-01-17T21:00,5.8,126
2026-01-17T22:00,3.9,114
2026-01-17T23:00,3.7,125
2026-01-18T00:00,2.7,94
2026-01-18T01:00,1.1,72
2026-01-18T02:00,1.2,51
2026-01-18T03:00,0.8,27
2026-01-18T04:00,0.5,45
2026-01-18T05:00,1.0,211
2026-01-18T06:00,1.0,135
2026-01-18T07:00,1.2,51
2026-01-18T08:00,1.3,360
2026-01-18T09:00,2.1,15
2026-01-18T10:00,3.1,24
2026-01-18T11:00,2.2,312
2026-01-18T12:00,2.4,287
2026-01-18T13:00,2.2,265
2026-01-18T14:00,3.2,243
2026-01-18T15:00,2.8,252
2026-01-18T16:00,1.2,243
2026-01-18T17:00,2.0,355
2026-01-18T18:00,0.4,27
2026-01-18T19:00,1.7,58
2026-01-18T20:00,3.2,47
2026-01-18T21:00,3.9,43
2026-01-18T22:00,4.0,39
2026-01-18T23:00,4.1,29
2026-01-19T00:00,4.2,54
2026-01-19T01:00,3.7,39
2026-01-19T02:00,3.8,41
2026-01-19T03:00,4.6,39
2026-01-19T04:00,4.1,41
2026-01-19T05:00,0.4,297
2026-01-19T06:00,0.4,270
2026-01-19T07:00,0.2,180
2026-01-19T08:00,0.0,270
2026-01-19T09:00,0.3,315
2026-01-19T10:00,0.6,342
2026-01-19T11:00,3.8,87
2026-01-19T12:00,2.4,126
2026-01-19T13:00,2.7,176
2026-01-19T14:00,4.0,198
2026-01-19T15:00,2.5,184
2026-01-19T16:00,1.4,157
2026-01-19T17:00,1.9,236
2026-01-19T18:00,1.0,158
2026-01-19T19:00,1.2,27
2026-01-19T20:00,3.8,355
2026-01-19T21:00,2.9,22
2026-01-19T22:00,4.0,30
2026-01-19T23:00,1.7,32
2026-01-20T00:00,1.7,41
2026-01-20T01:00,1.8,37
2026-01-20T02:00,4.0,36
2026-01-20T03:00,4.2,25
2026-01-20T04:00,5.7,24
2026-01-20T05:00,3.5,24
2026-01-20T06:00,9.7,28
2026-01-20T07:00,13.1,32
2026-01-20T08:00,14.3,33
2026-01-20T09:00,15.0,38
2026-01-20T10:00,15.0,40
2026-01-20T11:00,10.5,51
2026-01-20T12:00,10.6,56
2026-01-20T13:00,8.2,58
2026-01-20T14:00,7.0,69
2026-01-20T15:00,6.5,77
2026-01-20T16:00,6.2,69
2026-01-20T17:00,6.4,47
2026-01-20T18:00,8.9,54
2026-01-20T19:00,11.3,46
2026-01-20T20:00,13.2,44
2026-01-20T21:00,13.1,43
2026-01-20T22:00,13.9,42
2026-01-20T23:00,10.2,42
2026-01-21T00:00,12.4,56
2026-01-21T01:00,12.2,54
2026-01-21T02:00,13.4,49
2026-01-21T03:00,15.7,50
2026-01-21T04:00,15.0,47
2026-01-21T05:00,13.5,44
2026-01-21T06:00,14.8,48
2026-01-21T07:00,15.7,47
2026-01-21T08:00,17.1,46
2026-01-21T09:00,18.4,42
2026-01-21T10:00,18.1,38
2026-01-21T11:00,14.4,32
2026-01-21T12:00,17.0,34
2026-01-21T13:00,15.6,39
2026-01-21T14:00,7.5,35
2026-01-21T15:00,8.7,24
2026-01-21T16:00,7.3,20
2026-01-21T17:00,1.8,354
2026-01-21T18:00,1.1,9
2026-01-21T19:00,6.7,34
2026-01-21T20:00,6.3,35
2026-01-21T21:00,6.5,224
2026-01-21T22:00,2.2,166
2026-01-21T23:00,5.2,65
2026-01-22T00:00,4.4,35
2026-01-22T01:00,4.6,9
2026-01-22T02:00,0.9,11
2026-01-22T03:00,5.0,26
2026-01-22T04:00,9.1,27
2026-01-22T05:00,6.8,25
2026-01-22T06:00,1.8,6
2026-01-22T07:00,14.0,193
2026-01-22T08:00,2.1,105
2026-01-22T09:00,4.2,190
2026-01-22T10:00,1.8,233
2026-01-22T11:00,4.1,180
2026-01-22T12:00,12.5,234
2026-01-22T13:00,10.9,211
2026-01-22T14:00,8.3,210
2026-01-22T15:00,8.1,197
2026-01-22T16:00,7.1,190
2026-01-22T17:00,7.3,197
2026-01-22T18:00,3.9,217
2026-01-22T19:00,7.1,210
2026-01-22T20:00,11.0,203
2026-01-22T21:00,11.6,206
2026-01-22T22:00,5.3,172
2026-01-22T23:00,0.7,194
2026-01-23T00:00,4.3,268
2026-01-23T01:00,2.6,236
2026-01-23T02:00,2.8,235
2026-01-23T03:00,2.8,252
2026-01-23T04:00,4.7,247
2026-01-23T05:00,2.8,285
2026-01-23T06:00,5.8,274
2026-01-23T07:00,4.3,265
2026-01-23T08:00,3.3,299
2026-01-23T09:00,2.6,326
2026-01-23T10:00,3.5,332
2026-01-23T11:00,5.3,336
2026-01-23T12:00,5.2,333
2026-01-23T13:00,2.6,16
2026-01-23T14:00,3.4,43
2026-01-23T15:00,3.6,18
2026-01-23T16:00,4.6,18
2026-01-23T17:00,6.8,32
2026-01-23T18:00,10.1,41
2026-01-23T19:00,12.6,52
2026-01-23T20:00,14.0,55
2026-01-23T21:00,14.2,60
2026-01-23T22:00,14.5,62
2026-01-23T23:00,12.8,51
2026-01-24T00:00,15.7,60
2026-01-24T01:00,16.3,55
2026-01-24T02:00,16.4,55
2026-01-24T03:00,15.9,58
2026-01-24T04:00,16.8,58
2026-01-24T05:00,16.1,50
2026-01-24T06:00,18.7,54
2026-01-24T07:00,18.6,54
2026-01-24T08:00,19.0,55
2026-01-24T09:00,18.9,54
2026-01-24T10:00,18.3,49
2026-01-24T11:00,15.1,41
2026-01-24T12:00,17.3,44
2026-01-24T13:00,15.8,44
2026-01-24T14:00,11.6,35
2026-01-24T15:00,10.0,41
2026-01-24T16:00,9.2,48
2026-01-24T17:00,5.4,69
2026-01-24T18:00,3.2,52
2026-01-24T19:00,7.6,173
2026-01-24T20:00,4.3,135
2026-01-24T21:00,4.0,80
2026-01-24T22:00,2.2,24
2026-01-24T23:00,2.3,67
2026-01-25T00:00,4.4,52
2026-01-25T01:00,4.5,40
2026-01-25T02:00,6.6,45
2026-01-25T03:00,7.3,54
2026-01-25T04:00,6.4,58
2026-01-25T05:00,7.8,81
2026-01-25T06:00,9.1,69
2026-01-25T07:00,9.3,71
2026-01-25T08:00,8.8,70
2026-01-25T09:00,7.8,75
2026-01-25T10:00,6.6,74
2026-01-25T11:00,5.2,94
2026-01-25T12:00,8.3,88
2026-01-25T13:00,8.2,81
2026-01-25T14:00,6.7,85
2026-01-25T15:00,6.1,71
2026-01-25T16:00,6.2,54
2026-01-25T17:00,4.8,61
2026-01-25T18:00,6.7,54
2026-01-25T19:00,8.4,48
2026-01-25T20:00,9.1,52
2026-01-25T21:00,9.1,52
2026-01-25T22:00,8.3,57
2026-01-25T23:00,6.2,52
2026-01-26T00:00,9.4,52
2026-01-26T01:00,9.9,48
2026-01-26T02:00,9.3,43
2026-01-26T03:00,9.3,37
2026-01-26T04:00,9.3,34
2026-01-26T05:00,9.1,41
2026-01-26T06:00,12.1,48
2026-01-26T07:00,12.1,53
2026-01-26T08:00,11.5,55
2026-01-26T09:00,11.8,50
2026-01-26T10:00,11.3,46
2026-01-26T11:00,8.3,41
2026-01-26T12:00,9.4,32
2026-01-26T13:00,7.6,34
2026-01-26T14:00,6.5,34
2026-01-26T15:00,5.9,55
2026-01-26T16:00,5.4,75
2026-01-26T17:00,4.2,72
2026-01-26T18:00,4.8,48
2026-01-26T19:00,7.5,37
2026-01-26T20:00,8.1,32
2026-01-26T21:00,7.7,31
2026-01-26T22:00,7.9,30
2026-01-26T23:00,5.1,45
2026-01-27T00:00,5.2,34
2026-01-27T01:00,3.1,31
2026-01-27T02:00,2.3,32
2026-01-27T03:00,2.1,38
2026-01-27T04:00,1.9,29
2026-01-27T05:00,3.6,53
2026-01-27T06:00,5.0,44
2026-01-27T07:00,4.6,42
2026-01-27T08:00,4.0,39
2026-01-27T09:00,3.7,39
2026-01-27T10:00,2.8,50
2026-01-27T11:00,2.5,98
2026-01-27T12:00,3.0,115
2026-01-27T13:00,2.4,171
2026-01-27T14:00,2.5,184
2026-01-27T15:00,2.4,103
2026-01-27T16:00,3.8,82
2026-01-27T17:00,3.5,78
2026-01-27T18:00,4.5,85
2026-01-27T19:00,3.8,93
2026-01-27T20:00,3.8,79
2026-01-27T21:00,5.1,67
2026-01-27T22:00,6.3,72
2026-01-27T23:00,5.1,58
2026-01-28T00:00,8.2,58
2026-01-28T01:00,8.2,58
2026-01-28T02:00,8.3,57
2026-01-28T03:00,10.5,53
2026-01-28T04:00,11.6,41
2026-01-28T05:00,10.1,43
2026-01-28T06:00,10.4,32
2026-01-28T07:00,11.0,49
2026-01-28T08:00,14.0,49
2026-01-28T09:00,15.6,50
2026-01-28T10:00,8.3,42
2026-01-28T11:00,4.5,230
2026-01-28T12:00,12.6,237
2026-01-28T13:00,6.7,200
2026-01-28T14:00,3.8,225
2026-01-28T15:00,7.1,218
2026-01-28T16:00,8.8,219
2026-01-28T17:00,11.5,207
2026-01-28T18:00,9.2,211
2026-01-28T19:00,7.8,218
2026-01-28T20:00,8.5,207
2026-01-28T21:00,6.7,171
2026-01-28T22:00,3.9,158
2026-01-28T23:00,4.1,178
2026-01-29T00:00,1.9,119
2026-01-29T01:00,2.3,176
2026-01-29T02:00,0.6,18
2026-01-29T03:00,0.8,27
2026-01-29T04:00,2.4,48
2026-01-29T05:00,2.3,39
2026-01-29T06:00,4.9,356
2026-01-29T07:00,2.2,351
2026-01-29T08:00,2.7,4
2026-01-29T09:00,3.3,354
2026-01-29T10:00,2.0,315
2026-01-29T11:00,5.0,268
2026-01-29T12:00,9.6,250
2026-01-29T13:00,4.7,277
2026-01-29T14:00,3.4,302
2026-01-29T15:00,3.1,283
2026-01-29T16:00,3.8,262
2026-01-29T17:00,3.8,265
2026-01-29T18:00,0.3,315
2026-01-29T19:00,0.7,346
2026-01-29T20:00,0.4,333
2026-01-29T21:00,0.7,346
2026-01-29T22:00,1.5,7
2026-01-29T23:00,0.7,346
2026-01-30T00:00,1.1,342
2026-01-30T01:00,1.1,342
2026-01-30T02:00,0.9,349
2026-01-30T03:00,0.9,37
2026-01-30T04:00,1.2,27
2026-01-30T05:00,1.1,342
2026-01-30T06:00,2.7,53
2026-01-30T07:00,0.8,63
2026-01-30T08:00,0.2,360
2026-01-30T09:00,2.5,360
2026-01-30T10:00,4.6,9
2026-01-30T11:00,4.5,353
2026-01-30T12:00,3.9,16
2026-01-30T13:00,3.8,11
2026-01-30T14:00,6.5,14
2026-01-30T15:00,9.2,28
2026-01-30T16:00,7.9,13
2026-01-30T17:00,7.1,27
2026-01-30T18:00,2.7,8
2026-01-30T19:00,0.4,333
2026-01-30T20:00,3.6,33
2026-01-30T21:00,5.2,46
2026-01-30T22:00,6.6,47
2026-01-30T23:00,7.9,39
2026-01-31T00:00,4.5,53
2026-01-31T01:00,1.0,31
2026-01-31T02:00,5.0,26
2026-01-31T03:00,7.4,23
2026-01-31T04:00,5.4,8
2026-01-31T05:00,0.6,326
2026-01-31T06:00,2.1,218
2026-01-31T07:00,0.6,18
2026-01-31T08:00,1.5,339
2026-01-31T09:00,2.3,238
2026-01-31T10:00,1.0,149
2026-01-31T11:00,1.2,153
2026-01-31T12:00,0.4,180
2026-01-31T13:00,3.3,22
2026-01-31T14:00,1.6,27
2026-01-31T15:00,0.9,127
2026-01-31T16:00,2.2,76
2026-01-31T17:00,2.4,103
2026-01-31T18:00,1.7,58
2026-01-31T19:00,3.7,35
2026-01-31T20:00,5.7,24
2026-01-31T21:00,10.6,35
2026-01-31T22:00,10.9,33
2026-01-31T23:00,9.3,36
2026-02-01T00:00,9.8,47
2026-02-01T01:00,10.0,51
2026-02-01T02:00,11.1,56
2026-02-01T03:00,11.6,58
2026-02-01T04:00,12.5,54
2026-02-01T05:00,8.8,47
2026-02-01T06:00,13.0,61
2026-02-01T07:00,13.0,51
2026-02-01T08:00,14.3,44
2026-02-01T09:00,14.2,40
2026-02-01T10:00,12.1,41
2026-02-01T11:00,7.6,47
2026-02-01T12:00,10.6,34
2026-02-01T13:00,9.6,30
2026-02-01T14:00,9.3,24
2026-02-01T15:00,8.3,24
2026-02-01T16:00,8.1,28
2026-02-01T17:00,3.4,25
2026-02-01T18:00,5.7,35
2026-02-01T19:00,9.4,35
2026-02-01T20:00,11.8,34
2026-02-01T21:00,11.8,34
2026-02-01T22:00,11.3,34
2026-02-01T23:00,8.6,31
2026-02-02T00:00,11.7,41
2026-02-02T01:00,13.4,39
2026-02-02T02:00,14.6,35
2026-02-02T03:00,14.1,42
2026-02-02T04:00,13.2,43
2026-02-02T05:00,5.9,45
2026-02-02T06:00,7.8,42
2026-02-02T07:00,11.4,35
2026-02-02T08:00,12.8,34
2026-02-02T09:00,12.0,37
2026-02-02T10:00,11.4,29
2026-02-02T11:00,8.1,35
2026-02-02T12:00,7.1,30
2026-02-02T13:00,10.0,21
2026-02-02T14:00,9.3,10
2026-02-02T15:00,10.4,39
2026-02-02T16:00,9.4,24
2026-02-02T17:00,7.3,44
2026-02-02T18:00,7.3,44
2026-02-02T19:00,1.9,61
2026-02-02T20:00,1.0,121
2026-02-02T21:00,4.3,28
2026-02-02T22:00,5.4,15
2026-02-02T23:00,3.7,11
2026-02-03T00:00,3.6,27
2026-02-03T01:00,5.4,30
2026-02-03T02:00,6.3,35
2026-02-03T03:00,6.5,44
2026-02-03T04:00,5.9,38
2026-02-03T05:00,6.5,46
2026-02-03T06:00,5.7,35
2026-02-03T07:00,4.0,252
2026-02-03T08:00,5.6,48
2026-02-03T09:00,7.7,53
2026-02-03T10:00,7.5,57
2026-02-03T11:00,7.3,70
2026-02-03T12:00,7.4,64
2026-02-03T13:00,2.9,86
2026-02-03T14:00,3.2,93
2026-02-03T15:00,4.8,75
2026-02-03T16:00,7.0,67
2026-02-03T17:00,1.5,45
2026-02-03T18:00,8.5,25
2026-02-03T19:00,8.5,35
2026-02-03T20:00,11.8,29
2026-02-03T21:00,14.9,31
2026-02-03T22:00,15.8,40
2026-02-03T23:00,12.9,36
2026-02-04T00:00,16.5,39
2026-02-04T01:00,16.3,37
2026-02-04T02:00,16.2,36
2026-02-04T03:00,16.5,35
2026-02-04T04:00,16.2,36
2026-02-04T05:00,14.9,37
2026-02-04T06:00,18.9,40
2026-02-04T07:00,18.6,39
2026-02-04T08:00,18.6,39
2026-02-04T09:00,19.3,37
2026-02-04T10:00,19.1,38
2026-02-04T11:00,16.3,45
2026-02-04T12:00,18.4,40
2026-02-04T13:00,16.9,38
2026-02-04T14:00,15.9,39
2026-02-04T15:00,16.5,41
2026-02-04T16:00,16.9,43
2026-02-04T17:00,14.1,48
2026-02-04T18:00,18.1,53
2026-02-04T19:00,19.0,52
2026-02-04T20:00,18.3,49
2026-02-04T21:00,18.5,48
2026-02-04T22:00,20.3,49
2026-02-04T23:00,17.1,45
2026-02-05T00:00,19.0,49
2026-02-05T01:00,18.4,50
2026-02-05T02:00,18.1,48
2026-02-05T03:00,16.8,46
2026-02-05T04:00,16.3,49
2026-02-05T05:00,11.6,46
2026-02-05T06:00,15.1,49
2026-02-05T07:00,15.3,48
2026-02-05T08:00,14.9,47
2026-02-05T09:00,16.6,50
2026-02-05T10:00,16.6,49
2026-02-05T11:00,14.0,48
2026-02-05T12:00,13.6,36
2026-02-05T13:00,12.9,30
2026-02-05T14:00,12.2,31
2026-02-05T15:00,11.9,25
2026-02-05T16:00,9.9,4
2026-02-05T17:00,0.5,360
2026-02-05T18:00,12.2,206
2026-02-05T19:00,10.2,173
2026-02-05T20:00,4.0,108
2026-02-05T21:00,2.6,51
2026-02-05T22:00,1.9,56
2026-02-05T23:00,2.9,68
2026-02-06T00:00,1.9,34
2026-02-06T01:00,1.0,31
2026-02-06T02:00,1.7,257
2026-02-06T03:00,5.3,218
2026-02-06T04:00,6.4,207
2026-02-06T05:00,8.1,185
2026-02-06T06:00,5.4,201
2026-02-06T07:00,5.0,128
2026-02-06T08:00,5.9,160
2026-02-06T09:00,6.2,165
2026-02-06T10:00,3.1,180
2026-02-06T11:00,2.2,145
2026-02-06T12:00,3.5,159
2026-02-06T13:00,3.4,164
2026-02-06T14:00,5.2,166
2026-02-06T15:00,3.0,104
2026-02-06T16:00,2.0,100
2026-02-06T17:00,4.6,64
2026-02-06T18:00,5.4,48
2026-02-06T19:00,6.4,32
2026-02-06T20:00,8.6,31
2026-02-06T21:00,10.7,33
2026-02-06T22:00,12.6,33
2026-02-06T23:00,8.7,38
2026-02-07T00:00,10.6,40
2026-02-07T01:00,10.7,53
2026-02-07T02:00,10.3,47
2026-02-07T03:00,10.8,44
2026-02-07T04:00,10.5,41
2026-02-07T05:00,8.8,44
2026-02-07T06:00,11.8,43
2026-02-07T07:00,10.0,33
2026-02-07T08:00,7.8,26
2026-02-07T09:00,6.7,24
2026-02-07T10:00,5.9,27
2026-02-07T11:00,7.1,47
2026-02-07T12:00,6.2,57
2026-02-07T13:00,8.6,92
2026-02-07T14:00,7.9,117
2026-02-07T15:00,7.5,127
2026-02-07T16:00,6.6,119
2026-02-07T17:00,3.5,102
2026-02-07T18:00,3.1,69
2026-02-07T19:00,3.2,47
2026-02-07T20:00,3.6,41
2026-02-07T21:00,4.9,33
2026-02-07T22:00,7.2,32
2026-02-07T23:00,5.3,38
2026-02-08T00:00,10.9,39
2026-02-08T01:00,13.3,38
2026-02-08T02:00,14.5,36
2026-02-08T03:00,15.9,38
2026-02-08T04:00,17.2,41
2026-02-08T05:00,14.9,45
2026-02-08T06:00,18.9,54
2026-02-08T07:00,20.4,55
2026-02-08T08:00,20.9,55
2026-02-08T09:00,22.0,53
2026-02-08T10:00,20.7,51
2026-02-08T11:00,17.9,45
2026-02-08T12:00,19.9,43
2026-02-08T13:00,19.3,41
2026-02-08T14:00,19.4,40
2026-02-08T15:00,18.7,41
2026-02-08T16:00,17.9,45
2026-02-08T17:00,14.5,47
2026-02-08T18:00,17.1,54
2026-02-08T19:00,17.1,53
2026-02-08T20:00,17.7,51
2026-02-08T21:00,16.5,49
2026-02-08T22:00,14.5,51
2026-02-08T23:00,9.9,46
2026-02-09T00:00,11.1,61
2026-02-09T01:00,10.7,57
2026-02-09T02:00,8.8,59
2026-02-09T03:00,9.3,63
2026-02-09T04:00,9.8,59
2026-02-09T05:00,6.5,44
2026-02-09T06:00,7.5,46
2026-02-09T07:00,6.8,50
2026-02-09T08:00,8.6,59
2026-02-09T09:00,8.9,50
2026-02-09T10:00,9.6,37
2026-02-09T11:00,5.7,32
2026-02-09T12:00,3.7,321
2026-02-09T13:00,6.9,223
2026-02-09T14:00,5.6,184
2026-02-09T15:00,4.5,40
2026-02-09T16:00,10.7,17
2026-02-09T17:00,7.5,44
2026-02-09T18:00,11.3,29
2026-02-09T19:00,7.6,360
2026-02-09T20:00,2.2,360
2026-02-09T21:00,2.8,105
2026-02-09T22:00,0.5,315
2026-02-09T23:00,3.8,65
2026-02-10T00:00,9.1,52
2026-02-10T01:00,11.4,41
2026-02-10T02:00,12.2,44
2026-02-10T03:00,13.6,47
2026-02-10T04:00,10.8,48
2026-02-10T05:00,9.2,78
2026-02-10T06:00,10.9,70
2026-02-10T07:00,8.8,51
2026-02-10T08:00,11.2,55
2026-02-10T09:00,13.8,43
2026-02-10T10:00,12.8,31
2026-02-10T11:00,11.7,46
2026-02-10T12:00,12.4,48
2026-02-10T13:00,11.9,34
2026-02-10T14:00,13.3,40
2026-02-10T15:00,13.5,42
2026-02-10T16:00,13.5,41
2026-02-10T17:00,9.8,49
2026-02-10T18:00,10.7,57
2026-02-10T19:00,7.6,56
2026-02-10T20:00,11.2,50
2026-02-10T21:00,11.5,51
2026-02-10T22:00,15.0,30
2026-02-10T23:00,1.6,63
2026-02-11T00:00,5.2,117
2026-02-11T01:00,6.8,73
2026-02-11T02:00,11.1,40
2026-02-11T03:00,9.8,32
2026-02-11T04:00,7.6,45
2026-02-11T05:00,8.7,53
2026-02-11T06:00,12.5,53
2026-02-11T07:00,11.0,50
2026-02-11T08:00,7.3,57
2026-02-11T09:00,6.7,56
2026-02-11T10:00,6.0,41
2026-02-11T11:00,11.9,22
2026-02-11T12:00,9.7,22
2026-02-11T13:00,3.4,252
2026-02-11T14:00,3.9,286
2026-02-11T15:00,0.3,225
2026-02-11T16:00,3.7,43
2026-02-11T17:00,2.2,85
2026-02-11T18:00,3.2,106
2026-02-11T19:00,2.3,86
2026-02-11T20:00,3.6,70
2026-02-11T21:00,4.8,48
2026-02-11T22:00,6.2,52
2026-02-11T23:00,6.2,69
2026-02-12T00:00,6.2,57
2026-02-12T01:00,7.1,60
2026-02-12T02:00,6.9,67
2026-02-12T03:00,6.5,60
2026-02-12T04:00,8.0,70
2026-02-12T05:00,8.3,51
2026-02-12T06:00,9.8,60
2026-02-12T07:00,9.3,58
2026-02-12T08:00,4.9,51
2026-02-12T09:00,6.2,54
2026-02-12T10:00,9.8,59
2026-02-12T11:00,10.9,51
2026-02-12T12:00,7.6,52
2026-02-12T13:00,5.2,44
2026-02-12T14:00,5.7,99
2026-02-12T15:00,6.5,88
2026-02-12T16:00,5.5,81
2026-02-12T17:00,4.5,67
2026-02-12T18:00,8.1,77
2026-02-12T19:00,4.0,95
2026-02-12T20:00,3.8,95
2026-02-12T21:00,6.2,69
2026-02-12T22:00,9.8,64
2026-02-12T23:00,4.7,67
2026-02-13T00:00,6.0,81
2026-02-13T01:00,6.7,82
2026-02-13T02:00,6.7,74
2026-02-13T03:00,6.1,85
2026-02-13T04:00,5.5,107
2026-02-13T05:00,2.9,79
2026-02-13T06:00,4.7,86
2026-02-13T07:00,4.2,80
2026-02-13T08:00,3.8,65
2026-02-13T09:00,5.7,46
2026-02-13T10:00,5.4,37
2026-02-13T11:00,4.5,61
2026-02-13T12:00,3.9,74
2026-02-13T13:00,5.2,86
2026-02-13T14:00,5.6,97
2026-02-13T15:00,5.6,92
2026-02-13T16:00,6.0,61
2026-02-13T17:00,10.9,31
2026-02-13T18:00,10.1,40
2026-02-13T19:00,6.6,29
2026-02-13T20:00,3.8,199
2026-02-13T21:00,4.2,50
2026-02-13T22:00,8.6,31
2026-02-13T23:00,5.9,38
2026-02-14T00:00,9.1,58
2026-02-14T01:00,2.4,54
2026-02-14T02:00,3.5,102
2026-02-14T03:00,4.7,94
2026-02-14T04:00,6.1,62
2026-02-14T05:00,7.9,55
2026-02-14T06:00,10.7,46
2026-02-14T07:00,11.1,36
2026-02-14T08:00,14.2,30
2026-02-14T09:00,13.3,28
2026-02-14T10:00,12.4,36
2026-02-14T11:00,7.7,81
2026-02-14T12:00,7.2,77
2026-02-14T13:00,8.0,100
2026-02-14T14:00,7.0,116
2026-02-14T15:00,7.9,137
2026-02-14T16:00,8.0,130
2026-02-14T17:00,5.4,82
2026-02-14T18:00,5.9,59
2026-02-14T19:00,7.2,28
2026-02-14T20:00,7.6,27
2026-02-14T21:00,7.8,23
2026-02-14T22:00,8.9,27
2026-02-14T23:00,5.8,39
2026-02-15T00:00,10.1,39
2026-02-15T01:00,12.2,36
2026-02-15T02:00,13.7,34
2026-02-15T03:00,14.7,39
2026-02-15T04:00,16.2,46
2026-02-15T05:00,12.4,48
2026-02-15T06:00,17.2,55
2026-02-15T07:00,17.5,53
2026-02-15T08:00,18.0,52
2026-02-15T09:00,17.6,49
2026-02-15T10:00,17.1,44
2026-02-15T11:00,14.4,42
2026-02-15T12:00,17.2,43
2026-02-15T13:00,16.4,39
2026-02-15T14:00,15.2,39
2026-02-15T15:00,14.8,41
2026-02-15T16:00,11.2,37
2026-02-15T17:00,9.8,44
2026-02-15T18:00,13.5,60
2026-02-15T19:00,13.9,49
2026-02-15T20:00,13.5,52
2026-02-15T21:00,14.7,50
2026-02-15T22:00,15.2,49
2026-02-15T23:00,13.5,31
2026-02-16T00:00,16.5,54
2026-02-16T01:00,16.8,44
2026-02-16T02:00,13.5,41
2026-02-16T03:00,9.9,38
2026-02-16T04:00,11.6,28
2026-02-16T05:00,11.1,31
2026-02-16T06:00,14.7,47
2026-02-16T07:00,13.2,46
2026-02-16T08:00,11.0,48
2026-02-16T09:00,10.0,17
2026-02-16T10:00,8.6,2
2026-02-16T11:00,4.2,7
2026-02-16T12:00,9.0,22
2026-02-16T13:00,9.2,57
2026-02-16T14:00,7.0,64
2026-02-16T15:00,6.4,54
2026-02-16T16:00,6.3,51
2026-02-16T17:00,1.5,300
2026-02-16T18:00,1.4,337
2026-02-16T19:00,1.8,360
2026-02-16T20:00,4.4,341
2026-02-16T21:00,4.5,355
2026-02-16T22:00,3.7,11
2026-02-16T23:00,2.1,38
2026-02-17T00:00,2.3,360
2026-02-17T01:00,2.2,351
2026-02-17T02:00,3.0,17
2026-02-17T03:00,4.3,15
2026-02-17T04:00,2.5,8
2026-02-17T05:00,3.1,36
2026-02-17T06:00,2.2,9
2026-02-17T07:00,3.8,360
2026-02-17T08:00,4.3,5
2026-02-17T09:00,4.2,353
2026-02-17T10:00,3.3,338
2026-02-17T11:00,3.2,308
2026-02-17T12:00,3.5,309
2026-02-17T13:00,3.9,338
2026-02-17T14:00,4.5,2
2026-02-17T15:00,4.5,16
2026-02-17T16:00,4.8,29
2026-02-17T17:00,0.6,326
2026-02-17T18:00,1.1,18
2026-02-17T19:00,5.2,46
2026-02-17T20:00,8.7,47
2026-02-17T21:00,10.1,51
2026-02-17T22:00,12.6,49
2026-02-17T23:00,11.0,38
2026-02-18T00:00,15.2,54
2026-02-18T01:00,17.1,45
2026-02-18T02:00,18.5,41
2026-02-18T03:00,19.0,42
2026-02-18T04:00,18.5,43
2026-02-18T05:00,14.8,43
2026-02-18T06:00,17.6,49
2026-02-18T07:00,17.4,49
2026-02-18T08:00,18.0,49
2026-02-18T09:00,17.5,42
2026-02-18T10:00,17.1,36
2026-02-18T11:00,13.5,45
2026-02-18T12:00,16.3,36
2026-02-18T13:00,15.2,34
2026-02-18T14:00,14.4,32
2026-02-18T15:00,13.2,31
2026-02-18T16:00,12.6,26
2026-02-18T17:00,8.7,45
2026-02-18T18:00,13.2,55
2026-02-18T19:00,14.3,51
2026-02-18T20:00,15.6,53
2026-02-18T21:00,15.5,55
2026-02-18T22:00,15.3,53
2026-02-18T23:00,13.6,47
2026-02-19T00:00,17.3,51
2026-02-19T01:00,17.5,50
2026-02-19T02:00,16.8,51
2026-02-19T03:00,15.8,50
2026-02-19T04:00,15.2,49
2026-02-19T05:00,12.2,54
2026-02-19T06:00,14.8,64
2026-02-19T07:00,12.9,65
2026-02-19T08:00,11.5,68
2026-02-19T09:00,11.1,74
2026-02-19T10:00,8.9,81
2026-02-19T11:00,6.0,100
2026-02-19T12:00,4.4,97
2026-02-19T13:00,4.2,130
2026-02-19T14:00,6.2,134
2026-02-19T15:00,7.1,128
2026-02-19T16:00,6.3,108
2026-02-19T17:00,2.4,77
2026-02-19T18:00,5.6,40
2026-02-19T19:00,6.2,22
2026-02-19T20:00,8.0,16
2026-02-19T21:00,10.2,24
2026-02-19T22:00,11.0,28
2026-02-19T23:00,7.6,34
2026-02-20T00:00,12.6,36
2026-02-20T01:00,13.0,37
2026-02-20T02:00,12.4,36
2026-02-20T03:00,11.8,36
2026-02-20T04:00,12.2,37
2026-02-20T05:00,9.3,37
2026-02-20T06:00,14.8,45
2026-02-20T07:00,14.5,44
2026-02-20T08:00,14.9,44
2026-02-20T09:00,14.5,44
2026-02-20T10:00,13.7,38
2026-02-20T11:00,10.2,51
2026-02-20T12:00,14.4,43
2026-02-20T13:00,13.4,35
2026-02-20T14:00,12.2,34
2026-02-20T15:00,9.7,34
2026-02-20T16:00,9.7,45
2026-02-20T17:00,4.0,36
2026-02-20T18:00,10.4,32
2026-02-20T19:00,10.0,33
2026-02-20T20:00,9.3,34
2026-02-20T21:00,9.4,50
2026-02-20T22:00,9.8,55
2026-02-20T23:00,8.0,46
2026-02-21T00:00,9.9,52
2026-02-21T01:00,9.9,350
2026-02-21T02:00,9.3,40
2026-02-21T03:00,3.6,45
2026-02-21T04:00,7.7,357
2026-02-21T05:00,10.0,253
2026-02-21T06:00,7.4,252
2026-02-21T07:00,9.4,222
2026-02-21T08:00,11.7,207
2026-02-21T09:00,11.2,195
2026-02-21T10:00,10.2,171
2026-02-21T11:00,8.0,188
2026-02-21T12:00,7.1,171
2026-02-21T13:00,7.4,166
2026-02-21T14:00,7.8,165
2026-02-21T15:00,7.2,167
2026-02-21T16:00,5.3,156
2026-02-21T17:00,4.1,151
2026-02-21T18:00,0.8,135
2026-02-21T19:00,0.4,90
2026-02-21T20:00,4.1,41
2026-02-21T21:00,10.1,41
2026-02-21T22:00,12.1,49
2026-02-21T23:00,8.1,39
2026-02-22T00:00,13.2,61
2026-02-22T01:00,14.1,58
2026-02-22T02:00,15.3,56
2026-02-22T03:00,15.6,57
2026-02-22T04:00,16.0,59
2026-02-22T05:00,12.1,43
2026-02-22T06:00,16.4,54
2026-02-22T07:00,15.8,54
2026-02-22T08:00,15.8,54
2026-02-22T09:00,14.7,48
2026-02-22T10:00,13.3,38
2026-02-22T11:00,9.6,60
2026-02-22T12:00,12.9,54
2026-02-22T13:00,7.2,72
2026-02-22T14:00,4.5,151
2026-02-22T15:00,6.4,169
2026-02-22T16:00,7.2,158
2026-02-22T17:00,4.0,150
2026-02-22T18:00,3.5,69
2026-02-22T19:00,3.4,25
2026-02-22T20:00,6.5,23
2026-02-22T21:00,9.1,22
2026-02-22T22:00,10.6,24
2026-02-22T23:00,8.0,31
2026-02-23T00:00,11.9,35
2026-02-23T01:00,12.1,35
2026-02-23T02:00,12.7,32
2026-02-23T03:00,12.2,34
2026-02-23T04:00,11.6,39
2026-02-23T05:00,6.8,40
2026-02-23T06:00,10.6,44
2026-02-23T07:00,9.7,43
2026-02-23T08:00,10.7,44
2026-02-23T09:00,9.8,35
2026-02-23T10:00,6.6,61
2026-02-23T11:00,4.1,142
2026-02-23T12:00,3.3,135
2026-02-23T13:00,5.3,168
2026-02-23T14:00,6.7,175
2026-02-23T15:00,6.7,175
2026-02-23T16:00,6.5,157
2026-02-23T17:00,5.8,164
2026-02-23T18:00,2.8,130
2026-02-23T19:00,1.5,21
2026-02-23T20:00,2.4,9
2026-02-23T21:00,4.5,16
2026-02-23T22:00,8.9,19
2026-02-23T23:00,6.3,37
2026-02-24T00:00,12.2,37
2026-02-24T01:00,9.6,41
2026-02-24T02:00,10.3,40
2026-02-24T03:00,10.0,41
2026-02-24T04:00,8.8,43
2026-02-24T05:00,6.5,48
2026-02-24T06:00,10.8,42
2026-02-24T07:00,10.9,38
2026-02-24T08:00,12.5,32
2026-02-24T09:00,12.5,27
2026-02-24T10:00,10.5,35
2026-02-24T11:00,5.7,62
2026-02-24T12:00,6.0,33
2026-02-24T13:00,7.8,40
2026-02-24T14:00,4.8,70
2026-02-24T15:00,4.3,105
2026-02-24T16:00,4.8,112
2026-02-24T17:00,2.3,90
2026-02-24T18:00,3.6,49
2026-02-24T19:00,5.6,40
2026-02-24T20:00,8.0,31
2026-02-24T21:00,10.2,34
2026-02-24T22:00,11.4,27
2026-02-24T23:00,9.2,39
2026-02-25T00:00,12.7,36
2026-02-25T01:00,13.7,35
2026-02-25T02:00,13.8,35
2026-02-25T03:00,13.4,32
2026-02-25T04:00,13.5,33
2026-02-25T05:00,9.4,38
2026-02-25T06:00,14.1,46
2026-02-25T07:00,12.6,38
2026-02-25T08:00,12.1,37
2026-02-25T09:00,10.9,34
2026-02-25T10:00,11.1,44
2026-02-25T11:00,8.4,71
2026-02-25T12:00,11.0,52
2026-02-25T13:00,11.5,49
2026-02-25T14:00,13.6,42
2026-02-25T15:00,15.0,30
2026-02-25T16:00,14.7,26
2026-02-25T17:00,8.9,32
2026-02-25T18:00,14.1,50
2026-02-25T19:00,14.0,46
2026-02-25T20:00,14.3,41
2026-02-25T21:00,14.9,46
2026-02-25T22:00,15.7,65
2026-02-25T23:00,7.3,30
2026-02-26T00:00,12.8,190
2026-02-26T01:00,4.2,110
2026-02-26T02:00,0.8,333
2026-02-26T03:00,3.9,223
2026-02-26T04:00,5.8,206
2026-02-26T05:00,9.4,211
2026-02-26T06:00,10.6,199
2026-02-26T07:00,10.5,197
2026-02-26T08:00,9.5,180
2026-02-26T09:00,7.7,143
2026-02-26T10:00,5.1,129
2026-02-26T11:00,5.6,182
2026-02-26T12:00,5.0,165
2026-02-26T13:00,5.3,235
2026-02-26T14:00,9.6,257
2026-02-26T15:00,7.8,232
2026-02-26T16:00,5.9,191
2026-02-26T17:00,8.1,148
2026-02-26T18:00,5.6,117
2026-02-26T19:00,4.8,79
2026-02-26T20:00,5.3,72
2026-02-26T21:00,3.7,76
2026-02-26T22:00,3.2,63
2026-02-26T23:00,2.3,90
2026-02-27T00:00,2.7,58
2026-02-27T01:00,8.6,15
2026-02-27T02:00,12.6,24
2026-02-27T03:00,14.0,28
2026-02-27T04:00,13.9,29
2026-02-27T05:00,10.8,30
2026-02-27T06:00,12.9,32
2026-02-27T07:00,12.4,31
2026-02-27T08:00,12.5,28
2026-02-27T09:00,11.8,26
2026-02-27T10:00,9.9,48
2026-02-27T11:00,5.8,104
2026-02-27T12:00,6.9,85
2026-02-27T13:00,6.3,105
2026-02-27T14:00,7.0,125
2026-02-27T15:00,6.8,153
2026-02-27T16:00,5.9,169
2026-02-27T17:00,5.3,162
2026-02-27T18:00,4.5,104
2026-02-27T19:00,4.6,42
2026-02-27T20:00,7.6,27
2026-02-27T21:00,8.6,22
2026-02-27T22:00,11.4,23
2026-02-27T23:00,3.7,35
2026-02-28T00:00,0.9,360
2026-02-28T01:00,0.6,342
2026-02-28T02:00,1.0,292
2026-02-28T03:00,2.6,231
2026-02-28T04:00,3.9,214
2026-02-28T05:00,2.8,191
2026-02-28T06:00,3.6,189
2026-02-28T07:00,1.3,90
2026-02-28T08:00,2.9,11
2026-02-28T09:00,5.1,10
2026-02-28T10:00,5.0,46
2026-02-28T11:00,4.0,126
2026-02-28T12:00,3.2,106
2026-02-28T13:00,3.1,187
2026-02-28T14:00,5.6,205
2026-02-28T15:00,5.4,195
2026-02-28T16:00,5.2,182
2026-02-28T17:00,5.2,182
2026-02-28T18:00,3.6,171
2026-02-28T19:00,2.1,195
2026-02-28T20:00,0.6,326
2026-02-28T21:00,1.2,27
2026-02-28T22:00,3.9,43
2026-02-28T23:00,3.6,33
2026-03-01T00:00,8.6,41
2026-03-01T01:00,9.4,40
2026-03-01T02:00,10.2,44
2026-03-01T03:00,10.1,46
2026-03-01T04:00,11.2,46
2026-03-01T05:00,6.6,45
2026-03-01T06:00,11.1,56
2026-03-01T07:00,10.2,49
2026-03-01T08:00,11.7,43
2026-03-01T09:00,12.6,38
2026-03-01T10:00,12.3,39
2026-03-01T11:00,7.0,58
2026-03-01T12:00,11.4,52
2026-03-01T13:00,10.6,55
2026-03-01T14:00,8.3,66
2026-03-01T15:00,6.5,77
2026-03-01T16:00,5.0,90
2026-03-01T17:00,3.6,139
2026-03-01T18:00,4.8,53
2026-03-01T19:00,6.6,37
2026-03-01T20:00,11.0,38
2026-03-01T21:00,13.1,41
2026-03-01T22:00,15.2,35
2026-03-01T23:00,11.2,35
2026-03-02T00:00,15.9,33
2026-03-02T01:00,15.7,45
2026-03-02T02:00,15.4,38
2026-03-02T03:00,17.5,40
2026-03-02T04:00,15.1,32
2026-03-02T05:00,5.8,56
2026-03-02T06:00,3.2,90
2026-03-02T07:00,3.6,131
2026-03-02T08:00,4.7,62
2026-03-02T09:00,6.2,64
2026-03-02T10:00,4.0,80
2026-03-02T11:00,4.9,144
2026-03-02T12:00,4.1,103
2026-03-02T13:00,0.4,207
2026-03-02T14:00,2.3,184
2026-03-02T15:00,2.7,318
2026-03-02T16:00,3.2,227
2026-03-02T17:00,3.2,52
2026-03-02T18:00,1.3,278
2026-03-02T19:00,3.3,229
2026-03-02T20:00,4.9,343
2026-03-02T21:00,6.3,347
2026-03-02T22:00,6.2,10
2026-03-02T23:00,2.7,42
2026-03-03T00:00,4.4,52
2026-03-03T01:00,1.9,17
2026-03-03T02:00,1.7,103
2026-03-03T03:00,5.0,30
2026-03-03T04:00,6.2,36
2026-03-03T05:00,5.2,34
2026-03-03T06:00,5.9,45
2026-03-03T07:00,6.4,80
2026-03-03T08:00,6.0,65
2026-03-03T09:00,6.6,45
2026-03-03T10:00,5.1,72
2026-03-03T11:00,1.7,103
2026-03-03T12:00,1.7,139
2026-03-03T13:00,4.7,28
2026-03-03T14:00,5.4,34
2026-03-03T15:00,3.1,100
2026-03-03T16:00,1.5,120
2026-03-03T17:00,2.2,360
2026-03-03T18:00,2.9,353
2026-03-03T19:00,8.3,27
2026-03-03T20:00,10.8,32
2026-03-03T21:00,10.7,46
2026-03-03T22:00,11.0,48
2026-03-03T23:00,7.9,35
2026-03-04T00:00,10.9,51
2026-03-04T01:00,10.3,55
2026-03-04T02:00,2.2,42
2026-03-04T03:00,0.6,18
2026-03-04T04:00,3.3,22
2026-03-04T05:00,7.8,26
2026-03-04T06:00,9.6,37
2026-03-04T07:00,8.6,33
2026-03-04T08:00,5.4,222
2026-03-04T09:00,9.8,185
2026-03-04T10:00,6.7,189
2026-03-04T11:00,9.4,220
2026-03-04T12:00,3.7,209
2026-03-04T13:00,4.8,207
2026-03-04T14:00,6.0,163
2026-03-04T15:00,5.0,150
2026-03-04T16:00,5.7,167
2026-03-04T17:00,2.2,166
2026-03-04T18:00,3.2,71
2026-03-04T19:00,6.1,28
2026-03-04T20:00,6.6,26
2026-03-04T21:00,5.8,30
2026-03-04T22:00,5.1,45
2026-03-04T23:00,2.7,53
2026-03-05T00:00,6.0,83
2026-03-05T01:00,9.5,65
2026-03-05T02:00,13.0,56
2026-03-05T03:00,14.3,55
2026-03-05T04:00,13.2,52
2026-03-05T05:00,7.0,46
2026-03-05T06:00,10.1,59
2026-03-05T07:00,8.7,47
2026-03-05T08:00,9.7,35
2026-03-05T09:00,9.2,21
2026-03-05T10:00,6.0,21
2026-03-05T11:00,0.9,349
2026-03-05T12:00,2.4,243
2026-03-05T13:00,3.9,257
2026-03-05T14:00,7.0,252
2026-03-05T15:00,3.2,273
2026-03-05T16:00,1.8,307
2026-03-05T17:00,3.1,230
2026-03-05T18:00,6.8,215
2026-03-05T19:00,6.6,217
2026-03-05T20:00,6.9,213
2026-03-05T21:00,3.8,225
2026-03-05T22:00,2.2,132
2026-03-05T23:00,4.6,79
2026-03-06T00:00,1.6,153
2026-03-06T01:00,5.9,182
2026-03-06T02:00,5.4,217
2026-03-06T03:00,3.0,245
2026-03-06T04:00,2.7,82
2026-03-06T05:00,2.9,94
2026-03-06T06:00,3.3,29
2026-03-06T07:00,4.2,12
2026-03-06T08:00,4.7,358
2026-03-06T09:00,4.9,358
2026-03-06T10:00,4.5,2
2026-03-06T11:00,3.9,338
2026-03-06T12:00,2.8,325
2026-03-06T13:00,1.9,319
2026-03-06T14:00,1.2,27
2026-03-06T15:00,2.5,94
2026-03-06T16:00,2.1,110
2026-03-06T17:00,5.2,245
2026-03-06T18:00,2.9,173
2026-03-06T19:00,2.4,132
2026-03-06T20:00,3.7,43
2026-03-06T21:00,8.5,24
2026-03-06T22:00,10.7,30
2026-03-06T23:00,10.3,31
2026-03-07T00:00,10.9,33
2026-03-07T01:00,10.7,37
2026-03-07T02:00,11.1,36
2026-03-07T03:00,11.3,34
2026-03-07T04:00,11.6,35
2026-03-07T05:00,11.3,34
2026-03-07T06:00,13.0,31
2026-03-07T07:00,13.7,33
2026-03-07T08:00,14.1,34
2026-03-07T09:00,13.3,33
2026-03-07T10:00,12.1,33
2026-03-07T11:00,8.1,51
2026-03-07T12:00,8.7,48
2026-03-07T13:00,8.9,50
2026-03-07T14:00,9.3,61
2026-03-07T15:00,8.8,73
2026-03-07T16:00,8.2,75
2026-03-07T17:00,4.7,67
2026-03-07T18:00,7.4,23
2026-03-07T19:00,8.8,20
2026-03-07T20:00,8.9,21
2026-03-07T21:00,10.6,24
2026-03-07T22:00,11.4,26
2026-03-07T23:00,6.5,30
2026-03-08T00:00,6.4,52
2026-03-08T01:00,4.8,48
2026-03-08T02:00,5.5,41
2026-03-08T03:00,7.4,45
2026-03-08T04:00,9.4,43
2026-03-08T05:00,5.7,44
2026-03-08T06:00,10.3,43
2026-03-08T07:00,12.4,41
2026-03-08T08:00,12.0,41
2026-03-08T09:00,11.1,40
2026-03-08T10:00,9.1,36
2026-03-08T11:00,6.9,65
2026-03-08T12:00,6.2,68
2026-03-08T13:00,6.0,83
2026-03-08T14:00,6.5,95
2026-03-08T15:00,7.4,94
2026-03-08T16:00,7.9,87
2026-03-08T17:00,5.2,74
2026-03-08T18:00,8.0,18
2026-03-08T19:00,10.1,20
2026-03-08T20:00,12.5,28
2026-03-08T21:00,12.7,31
2026-03-08T22:00,12.5,33
2026-03-08T23:00,8.0,44
2026-03-09T00:00,9.6,57
2026-03-09T01:00,11.5,55
2026-03-09T02:00,13.5,52
2026-03-09T03:00,15.1,50
2026-03-09T04:00,15.3,48
2026-03-09T05:00,12.1,43
2026-03-09T06:00,14.9,52
2026-03-09T07:00,17.4,54
2026-03-09T08:00,20.6,54
2026-03-09T09:00,3.2,317
2026-03-09T10:00,10.0,174
2026-03-09T11:00,5.9,23
2026-03-09T12:00,4.6,315
2026-03-09T13:00,11.8,36
2026-03-09T14:00,14.7,40
2026-03-09T15:00,14.0,43
2026-03-09T16:00,6.4,248
2026-03-09T17:00,14.6,207
2026-03-09T18:00,7.5,190
2026-03-09T19:00,2.7,312
2026-03-09T20:00,3.1,324
2026-03-09T21:00,1.5,346
2026-03-09T22:00,5.0,49
2026-03-09T23:00,3.5,195
2026-03-10T00:00,19.9,217
2026-03-10T01:00,13.7,213
2026-03-10T02:00,7.1,214
2026-03-10T03:00,4.9,152
2026-03-10T04:00,4.1,128
2026-03-10T05:00,3.2,196
2026-03-10T06:00,9.6,214
2026-03-10T07:00,7.0,181
2026-03-10T08:00,6.8,178
2026-03-10T09:00,9.8,197
2026-03-10T10:00,9.4,179
2026-03-10T11:00,8.9,201
2026-03-10T12:00,8.1,198
2026-03-10T13:00,12.1,200
2026-03-10T14:00,15.0,206
2026-03-10T15:00,13.7,191
2026-03-10T16:00,12.1,182
2026-03-10T17:00,12.0,188
2026-03-10T18:00,9.4,184
2026-03-10T19:00,7.6,166
2026-03-10T20:00,6.9,173
2026-03-10T21:00,7.0,168
2026-03-10T22:00,6.9,165
2026-03-10T23:00,11.4,201
2026-03-11T00:00,12.4,193
2026-03-11T01:00,11.2,192
2026-03-11T02:00,9.2,179
2026-03-11T03:00,7.2,174
2026-03-11T04:00,4.8,165
2026-03-11T05:00,4.5,166
2026-03-11T06:00,5.8,173
2026-03-11T07:00,5.9,169
2026-03-11T08:00,5.7,169
2026-03-11T09:00,4.7,173
2026-03-11T10:00,4.9,180
2026-03-11T11:00,6.0,177
2026-03-11T12:00,4.5,194
2026-03-11T13:00,5.0,195
2026-03-11T14:00,4.2,192
2026-03-11T15:00,3.7,194
2026-03-11T16:00,2.6,205
2026-03-11T17:00,0.7,90
2026-03-11T18:00,0.4,297
2026-03-11T19:00,1.5,14
2026-03-11T20:00,3.4,72
2026-03-11T21:00,5.1,80
2026-03-11T22:00,6.8,79
2026-03-11T23:00,7.8,44
2026-03-12T00:00,6.6,74
2026-03-12T01:00,5.4,69
2026-03-12T02:00,5.3,72
2026-03-12T03:00,5.2,76
2026-03-12T04:00,5.0,75
2026-03-12T05:00,2.1,15
2026-03-12T06:00,4.9,51
2026-03-12T07:00,5.1,42
2026-03-12T08:00,4.2,36
2026-03-12T09:00,3.3,6
2026-03-12T10:00,1.8,349
2026-03-12T11:00,4.9,246
2026-03-12T12:00,7.3,253
2026-03-12T13:00,5.6,249
2026-03-12T14:00,4.9,253
2026-03-12T15:00,4.0,252
2026-03-12T16:00,3.6,250
2026-03-12T17:00,3.5,235
2026-03-12T18:00,0.9,307
2026-03-12T19:00,1.4,23
2026-03-12T20:00,1.9,29
2026-03-12T21:00,2.2,48
2026-03-12T22:00,2.7,48
2026-03-12T23:00,2.2,9
2026-03-13T00:00,1.7,41
2026-03-13T01:00,2.8,50
2026-03-13T02:00,3.7,39
2026-03-13T03:00,3.6,45
2026-03-13T04:00,3.7,47
2026-03-13T05:00,2.3,23
2026-03-13T06:00,5.0,44
2026-03-13T07:00,5.7,44
2026-03-13T08:00,5.5,41
2026-03-13T09:00,4.4,38
2026-03-13T10:00,3.2,34
2026-03-13T11:00,2.3,4
2026-03-13T12:00,0.6,288
2026-03-13T13:00,2.4,261
2026-03-13T14:00,3.3,261
2026-03-13T15:00,5.2,254
2026-03-13T16:00,6.2,258
2026-03-13T17:00,4.0,240
2026-03-13T18:00,1.0,338
2026-03-13T19:00,3.6,20
2026-03-13T20:00,4.8,25
2026-03-13T21:00,6.7,38
2026-03-13T22:00,9.4,48
2026-03-13T23:00,7.3,42
2026-03-14T00:00,10.3,61
2026-03-14T01:00,10.6,60
2026-03-14T02:00,10.2,60
2026-03-14T03:00,11.3,56
2026-03-14T04:00,11.5,55
2026-03-14T05:00,9.7,42
2026-03-14T06:00,14.1,53
2026-03-14T07:00,13.9,48
2026-03-14T08:00,14.8,44
2026-03-14T09:00,14.2,38
2026-03-14T10:00,13.6,41
2026-03-14T11:00,9.8,60
2026-03-14T12:00,8.4,43
2026-03-14T13:00,4.5,37
2026-03-14T14:00,3.0,256
2026-03-14T15:00,8.5,245
2026-03-14T16:00,6.3,257
2026-03-14T17:00,3.2,218
2026-03-14T18:00,4.0,270
2026-03-14T19:00,2.7,233
2026-03-14T20:00,1.9,326
2026-03-14T21:00,2.2,5
2026-03-14T22:00,2.9,7
2026-03-14T23:00,3.0,25
2026-03-15T00:00,2.2,360
2026-03-15T01:00,0.7,360
2026-03-15T02:00,0.5,360
2026-03-15T03:00,0.7,346
2026-03-15T04:00,0.6,34
2026-03-15T05:00,0.4,27
2026-03-15T06:00,0.7,360
2026-03-15T07:00,2.7,176
2026-03-15T08:00,3.9,208
2026-03-15T09:00,2.5,184
2026-03-15T10:00,3.6,189
2026-03-15T11:00,2.7,200
2026-03-15T12:00,4.7,242
2026-03-15T13:00,6.3,219
2026-03-15T14:00,6.2,218
2026-03-15T15:00,7.4,214
2026-03-15T16:00,8.3,210
2026-03-15T17:00,7.8,202
2026-03-15T18:00,4.7,187
2026-03-15T19:00,3.2,124
2026-03-15T20:00,1.7,32
2026-03-15T21:00,2.3,356
2026-03-15T22:00,2.3,18
2026-03-15T23:00,1.0,22
2026-03-16T00:00,2.4,347
2026-03-16T01:00,2.5,356
2026-03-16T02:00,4.1,360
2026-03-16T03:00,4.1,2
2026-03-16T04:00,3.6,18
2026-03-16T05:00,3.0,14
2026-03-16T06:00,3.8,31
2026-03-16T07:00,5.9,38
2026-03-16T08:00,10.1,27
2026-03-16T09:00,8.9,24
2026-03-16T10:00,8.0,34
2026-03-16T11:00,5.0,60
2026-03-16T12:00,6.4,47
2026-03-16T13:00,6.3,37
2026-03-16T14:00,5.4,34
2026-03-16T15:00,2.6,56
2026-03-16T16:00,2.6,164
2026-03-16T17:00,6.2,210
2026-03-16T18:00,3.9,202
2026-03-16T19:00,0.4,27
2026-03-16T20:00,5.8,5
2026-03-16T21:00,7.7,16
2026-03-16T22:00,8.7,27
2026-03-16T23:00,6.0,33
2026-03-17T00:00,9.2,51
2026-03-17T01:00,9.7,50
2026-03-17T02:00,11.2,46
2026-03-17T03:00,11.5,42
2026-03-17T04:00,11.5,40
2026-03-17T05:00,5.2,29
2026-03-17T06:00,10.3,44
2026-03-17T07:00,12.5,32
2026-03-17T08:00,12.4,30
2026-03-17T09:00,10.4,32
2026-03-17T10:00,10.3,36
2026-03-17T11:00,10.0,52
2026-03-17T12:00,11.7,46
2026-03-17T13:00,10.7,48
2026-03-17T14:00,9.8,47
2026-03-17T15:00,7.5,42
2026-03-17T16:00,5.5,44
2026-03-17T17:00,1.9,158
2026-03-17T18:00,1.1,180
2026-03-17T19:00,2.6,39
2026-03-17T20:00,4.3,17
2026-03-17T21:00,7.8,22
2026-03-17T22:00,11.1,31
2026-03-17T23:00,5.9,27
2026-03-18T00:00,10.1,29
2026-03-18T01:00,11.6,30
2026-03-18T02:00,11.6,30
2026-03-18T03:00,11.7,31
2026-03-18T04:00,11.6,30
2026-03-18T05:00,8.4,28
2026-03-18T06:00,12.6,46
2026-03-18T07:00,13.3,42
2026-03-18T08:00,12.5,39
2026-03-18T09:00,9.6,38
2026-03-18T10:00,7.6,52
2026-03-18T11:00,9.0,64
2026-03-18T12:00,9.7,63
2026-03-18T13:00,8.5,72
2026-03-18T14:00,6.7,98
2026-03-18T15:00,6.3,145
2026-03-18T16:00,9.4,193
2026-03-18T17:00,12.4,201
2026-03-18T18:00,9.6,174
2026-03-18T19:00,4.6,121
2026-03-18T20:00,3.3,68
2026-03-18T21:00,2.4,17
2026-03-18T22:00,3.1,13
2026-03-18T23:00,3.7,29
2026-03-19T00:00,6.9,5
2026-03-19T01:00,5.1,6
2026-03-19T02:00,2.3,18
2026-03-19T03:00,1.8,11
2026-03-19T04:00,2.3,356
2026-03-19T05:00,0.9,11
2026-03-19T06:00,1.6,360
2026-03-19T07:00,1.5,353
2026-03-19T08:00,2.4,312
2026-03-19T09:00,2.3,293
2026-03-19T10:00,1.8,259
2026-03-19T11:00,0.4,207
2026-03-19T12:00,6.8,235
2026-03-19T13:00,8.3,237
2026-03-19T14:00,9.5,241
2026-03-19T15:00,9.8,220
2026-03-19T16:00,9.0,223
2026-03-19T17:00,5.2,226
2026-03-19T18:00,5.7,238
2026-03-19T19:00,5.2,266
2026-03-19T20:00,1.7,311
2026-03-19T21:00,1.4,320
2026-03-19T22:00,4.3,332
2026-03-19T23:00,4.9,33
2026-03-20T00:00,6.7,352
2026-03-20T01:00,2.5,330
2026-03-20T02:00,4.7,9
2026-03-20T03:00,4.0,18
2026-03-20T04:00,3.0,17
2026-03-20T05:00,3.1,31
2026-03-20T06:00,0.2,360
2026-03-20T07:00,1.7,32
2026-03-20T08:00,6.1,19
2026-03-20T09:00,2.3,39
2026-03-20T10:00,1.3,16
2026-03-20T11:00,0.8,225
2026-03-20T12:00,1.7,257
2026-03-20T13:00,1.0,239
2026-03-20T14:00,0.5,90
2026-03-20T15:00,7.3,211
2026-03-20T16:00,7.2,217
2026-03-20T17:00,5.5,226
2026-03-20T18:00,0.9,259
2026-03-20T19:00,2.6,39
2026-03-20T20:00,5.0,30
2026-03-20T21:00,7.5,33
2026-03-20T22:00,9.1,38
2026-03-20T23:00,7.6,38
2026-03-21T00:00,10.0,51
2026-03-21T01:00,10.3,50
2026-03-21T02:00,10.2,53
2026-03-21T03:00,10.2,51
2026-03-21T04:00,11.4,49
2026-03-21T05:00,6.1,32
2026-03-21T06:00,11.2,48
2026-03-21T07:00,12.6,38
2026-03-21T08:00,10.9,33
2026-03-21T09:00,8.1,45
2026-03-21T10:00,7.5,50
2026-03-21T11:00,5.8,64
2026-03-21T12:00,7.5,55
2026-03-21T13:00,7.4,61
2026-03-21T14:00,5.8,74
2026-03-21T15:00,4.9,82
2026-03-21T16:00,5.8,106
2026-03-21T17:00,5.7,162
2026-03-21T18:00,2.7,70
2026-03-21T19:00,3.8,17
2026-03-21T20:00,7.2,13
2026-03-21T21:00,9.1,21
2026-03-21T22:00,11.3,27
2026-03-21T23:00,7.2,25
2026-03-22T00:00,9.4,31
2026-03-22T01:00,9.7,40
2026-03-22T02:00,11.3,37
2026-03-22T03:00,10.3,40
2026-03-22T04:00,7.1,36
2026-03-22T05:00,6.6,22
2026-03-22T06:00,13.5,16
2026-03-22T07:00,13.9,33
2026-03-22T08:00,13.4,40
2026-03-22T09:00,12.5,44
2026-03-22T10:00,10.3,71
2026-03-22T11:00,6.8,78
2026-03-22T12:00,9.5,76
2026-03-22T13:00,8.5,92
2026-03-22T14:00,3.9,62
2026-03-22T15:00,6.9,343
2026-03-22T16:00,3.1,59
2026-03-22T17:00,4.9,123
2026-03-22T18:00,5.2,270
2026-03-22T19:00,0.5,360
2026-03-22T20:00,7.0,26
2026-03-22T21:00,7.6,12
2026-03-22T22:00,8.9,18
2026-03-22T23:00,3.6,9
2026-03-23T00:00,8.7,21
2026-03-23T01:00,8.9,36
2026-03-23T02:00,6.4,16
2026-03-23T03:00,2.0,350
2026-03-23T04:00,6.5,62
2026-03-23T05:00,1.6,84
2026-03-23T06:00,4.7,358
2026-03-23T07:00,6.0,3
2026-03-23T08:00,3.5,348
2026-03-23T09:00,2.4,63
2026-03-23T10:00,3.6,135
2026-03-23T11:00,6.5,124
2026-03-23T12:00,4.0,120
2026-03-23T13:00,5.4,174
2026-03-23T14:00,6.8,205
2026-03-23T15:00,7.5,191
2026-03-23T16:00,7.2,176
2026-03-23T17:00,3.6,186
2026-03-23T18:00,3.8,101
2026-03-23T19:00,4.4,58
2026-03-23T20:00,6.4,27
2026-03-23T21:00,5.6,21
2026-03-23T22:00,8.6,20
2026-03-23T23:00,5.6,31
2026-03-24T00:00,10.8,36
2026-03-24T01:00,12.7,38
2026-03-24T02:00,14.7,35
2026-03-24T03:00,16.0,31
2026-03-24T04:00,15.7,30
2026-03-24T05:00,10.9,51
2026-03-24T06:00,13.6,56
2026-03-24T07:00,14.0,45
2026-03-24T08:00,13.7,45
2026-03-24T09:00,11.1,54
2026-03-24T10:00,10.7,59
2026-03-24T11:00,8.9,83
2026-03-24T12:00,10.0,69
2026-03-24T13:00,8.9,76
2026-03-24T14:00,7.2,94
2026-03-24T15:00,5.9,108
2026-03-24T16:00,6.9,115
2026-03-24T17:00,7.9,156
2026-03-24T18:00,3.2,93
2026-03-24T19:00,6.1,30
2026-03-24T20:00,9.6,28
2026-03-24T21:00,10.8,32
2026-03-24T22:00,12.5,39
2026-03-24T23:00,13.4,42
2026-03-25T00:00,14.9,52
2026-03-25T01:00,14.6,50
2026-03-25T02:00,15.3,50
2026-03-25T03:00,15.7,51
2026-03-25T04:00,16.0,52
2026-03-25T05:00,14.6,45
2026-03-25T06:00,15.8,52
2026-03-25T07:00,16.2,50
2026-03-25T08:00,16.0,50
2026-03-25T09:00,14.9,49
2026-03-25T10:00,15.3,50
2026-03-25T11:00,13.8,63
2026-03-25T12:00,15.8,58
2026-03-25T13:00,15.0,60
2026-03-25T14:00,13.8,59
2026-03-25T15:00,11.9,55
2026-03-25T16:00,10.4,44
2026-03-25T17:00,7.4,67
2026-03-25T18:00,8.6,36
2026-03-25T19:00,11.5,46
2026-03-25T20:00,13.0,42
2026-03-25T21:00,13.3,41
2026-03-25T22:00,13.5,49
2026-03-25T23:00,12.0,44
2026-03-26T00:00,15.3,53
2026-03-26T01:00,15.8,52
2026-03-26T02:00,15.9,51
2026-03-26T03:00,15.7,51
2026-03-26T04:00,15.4,47
2026-03-26T05:00,13.0,44
2026-03-26T06:00,16.4,52
2026-03-26T07:00,16.4,47
2026-03-26T08:00,15.7,46
2026-03-26T09:00,14.2,50
2026-03-26T10:00,13.0,49
2026-03-26T11:00,8.8,71
2026-03-26T12:00,9.5,71
2026-03-26T13:00,9.6,85
2026-03-26T14:00,8.1,103
2026-03-26T15:00,7.4,129
2026-03-26T16:00,7.7,147
2026-03-26T17:00,3.6,153
2026-03-26T18:00,2.8,45
2026-03-26T19:00,4.8,25
2026-03-26T20:00,7.7,24
2026-03-26T21:00,8.4,23
2026-03-26T22:00,10.5,27
2026-03-26T23:00,7.8,38
2026-03-27T00:00,11.6,35
2026-03-27T01:00,13.2,30
2026-03-27T02:00,11.5,31
2026-03-27T03:00,11.6,46
2026-03-27T04:00,13.1,53
2026-03-27T05:00,10.1,44
2026-03-27T06:00,10.7,59
2026-03-27T07:00,11.0,60
2026-03-27T08:00,10.4,62
2026-03-27T09:00,8.7,60
2026-03-27T10:00,9.6,57
2026-03-27T11:00,9.0,75
2026-03-27T12:00,12.3,56
2026-03-27T13:00,11.8,56
2026-03-27T14:00,10.0,62
2026-03-27T15:00,9.3,58
2026-03-27T16:00,10.2,51
2026-03-27T17:00,5.7,72
2026-03-27T18:00,10.6,47
2026-03-27T19:00,12.7,46
2026-03-27T20:00,13.5,47
2026-03-27T21:00,14.3,47
2026-03-27T22:00,16.1,48
2026-03-27T23:00,15.9,47
2026-03-28T00:00,16.2,50
2026-03-28T01:00,17.0,48
2026-03-28T02:00,18.4,50
2026-03-28T03:00,17.3,51
2026-03-28T04:00,15.3,51
2026-03-28T05:00,12.8,42
2026-03-28T06:00,13.3,50
2026-03-28T07:00,12.9,53
2026-03-28T08:00,13.3,49
2026-03-28T09:00,11.1,43
2026-03-28T10:00,10.6,43
2026-03-28T11:00,7.4,64
2026-03-28T12:00,7.2,51
2026-03-28T13:00,6.9,60
2026-03-28T14:00,4.9,88
2026-03-28T15:00,5.4,154
2026-03-28T16:00,7.1,165
2026-03-28T17:00,8.6,180
2026-03-28T18:00,1.9,29
2026-03-28T19:00,5.8,360
2026-03-28T20:00,7.0,10
2026-03-28T21:00,7.2,22
2026-03-28T22:00,8.5,24
2026-03-28T23:00,4.4,52
2026-03-29T00:00,4.0,39
2026-03-29T01:00,3.1,54
2026-03-29T02:00,1.9,49
2026-03-29T03:00,4.9,190
2026-03-29T04:00,2.1,250
2026-03-29T05:00,0.3,315
2026-03-29T06:00,3.3,306
2026-03-29T07:00,1.5,277
2026-03-29T08:00,3.1,170
2026-03-29T09:00,1.0,225
2026-03-29T10:00,2.3,231
2026-03-29T11:00,2.4,73
2026-03-29T12:00,3.7,35
2026-03-29T13:00,5.7,32
2026-03-29T14:00,3.0,17
2026-03-29T15:00,2.0,297
2026-03-29T16:00,6.0,335
2026-03-29T17:00,6.8,35
2026-03-29T18:00,6.9,355
2026-03-29T19:00,6.9,15
2026-03-29T20:00,8.1,35
2026-03-29T21:00,9.4,38
2026-03-29T22:00,9.5,36
2026-03-29T23:00,8.1,37
2026-03-30T00:00,8.0,42
2026-03-30T01:00,7.4,43
2026-03-30T02:00,7.4,39
2026-03-30T03:00,6.0,39
2026-03-30T04:00,5.7,32
2026-03-30T05:00,0.2,360
2026-03-30T06:00,3.7,43
2026-03-30T07:00,3.1,28
2026-03-30T08:00,2.0,355
2026-03-30T09:00,0.4,270
2026-03-30T10:00,1.5,201
2026-03-30T11:00,3.4,177
2026-03-30T12:00,4.5,256
2026-03-30T13:00,5.9,235
2026-03-30T14:00,8.2,229
2026-03-30T15:00,12.9,219
2026-03-30T16:00,8.2,221
2026-03-30T17:00,4.6,222
2026-03-30T18:00,2.2,204
2026-03-30T19:00,1.2,297
2026-03-30T20:00,1.2,321
2026-03-30T21:00,0.7,346
2026-03-30T22:00,3.0,14
2026-03-30T23:00,7.8,46
2026-03-31T00:00,8.6,36
2026-03-31T01:00,10.7,30
2026-03-31T02:00,9.4,42
2026-03-31T03:00,10.3,41
2026-03-31T04:00,10.1,49
2026-03-31T05:00,4.8,34
2026-03-31T06:00,9.0,55
2026-03-31T07:00,10.6,46
2026-03-31T08:00,8.3,51
2026-03-31T09:00,6.3,90
2026-03-31T10:00,4.1,103
2026-03-31T11:00,5.0,180
2026-03-31T12:00,2.2,180
2026-03-31T13:00,3.4,155
2026-03-31T14:00,6.5,182
2026-03-31T15:00,6.5,193
2026-03-31T16:00,6.8,182
2026-03-31T17:00,5.4,143
2026-03-31T18:00,5.5,63
2026-03-31T19:00,7.7,36
2026-03-31T20:00,8.2,32
2026-03-31T21:00,10.0,33
2026-03-31T22:00,12.2,38
2026-03-31T23:00,7.7,39
2026-04-01T00:00,11.6,44
2026-04-01T01:00,11.2,41
2026-04-01T02:00,12.7,44
2026-04-01T03:00,12.1,47
2026-04-01T04:00,9.8,46
2026-04-01T05:00,7.6,34
2026-04-01T06:00,9.9,44
2026-04-01T07:00,10.1,41
2026-04-01T08:00,8.6,33
2026-04-01T09:00,5.5,52
2026-04-01T10:00,4.5,53
2026-04-01T11:00,3.4,164
2026-04-01T12:00,3.4,212
2026-04-01T13:00,6.2,237
2026-04-01T14:00,3.1,273
2026-04-01T15:00,1.1,180
2026-04-01T16:00,7.0,244
2026-04-01T17:00,2.6,205
2026-04-01T18:00,0.9,180
2026-04-01T19:00,3.1,357
2026-04-01T20:00,7.9,16
2026-04-01T21:00,9.6,30
2026-04-01T22:00,11.9,32
2026-04-01T23:00,8.3,33
2026-04-02T00:00,10.7,48
2026-04-02T01:00,11.3,46
2026-04-02T02:00,11.1,46
2026-04-02T03:00,10.9,45
2026-04-02T04:00,10.8,44
2026-04-02T05:00,6.8,42
2026-04-02T06:00,9.2,50
2026-04-02T07:00,9.0,43
2026-04-02T08:00,7.6,27
2026-04-02T09:00,4.2,43
2026-04-02T10:00,1.1,342
2026-04-02T11:00,7.7,233
2026-04-02T12:00,8.4,235
2026-04-02T13:00,11.8,224
2026-04-02T14:00,12.4,216
2026-04-02T15:00,11.2,206
2026-04-02T16:00,11.0,206
2026-04-02T17:00,10.2,201
2026-04-02T18:00,8.3,222
2026-04-02T19:00,3.0,253
2026-04-02T20:00,1.7,311
2026-04-02T21:00,1.7,319
2026-04-02T22:00,3.2,317
2026-04-02T23:00,2.9,4
2026-04-03T00:00,2.4,333
2026-04-03T01:00,3.6,330
2026-04-03T02:00,2.5,339
2026-04-03T03:00,3.5,351
2026-04-03T04:00,2.9,349
2026-04-03T05:00,1.0,329
2026-04-03T06:00,2.5,356
2026-04-03T07:00,3.1,353
2026-04-03T08:00,4.2,277
2026-04-03T09:00,6.3,267
2026-04-03T10:00,8.9,252
2026-04-03T11:00,10.5,243
2026-04-03T12:00,12.3,241
2026-04-03T13:00,10.7,241
2026-04-03T14:00,9.3,233
2026-04-03T15:00,10.7,226
2026-04-03T16:00,11.3,231
2026-04-03T17:00,11.5,225
2026-04-03T18:00,9.3,236
2026-04-03T19:00,8.1,245
2026-04-03T20:00,5.2,236
2026-04-03T21:00,3.9,223
2026-04-03T22:00,3.7,241
2026-04-03T23:00,6.9,211
2026-04-04T00:00,5.2,239
2026-04-04T01:00,5.6,237
2026-04-04T02:00,5.7,235
2026-04-04T03:00,4.9,219
2026-04-04T04:00,3.4,212
2026-04-04T05:00,2.7,184
2026-04-04T06:00,3.6,237
2026-04-04T07:00,3.4,238
2026-04-04T08:00,5.2,194
2026-04-04T09:00,4.7,212
2026-04-04T10:00,4.5,209
2026-04-04T11:00,2.9,202
2026-04-04T12:00,6.4,223
2026-04-04T13:00,7.5,230
2026-04-04T14:00,5.6,230
2026-04-04T15:00,5.1,228
2026-04-04T16:00,4.4,207
2026-04-04T17:00,6.1,208
2026-04-04T18:00,3.1,263
2026-04-04T19:00,1.1,261
2026-04-04T20:00,2.5,356
2026-04-04T21:00,2.4,9
2026-04-04T22:00,2.3,360
2026-04-04T23:00,1.4,360
2026-04-05T00:00,3.4,3
2026-04-05T01:00,4.2,18
2026-04-05T02:00,9.4,24
2026-04-05T03:00,8.0,48
2026-04-05T04:00,9.3,36
2026-04-05T05:00,3.7,29
2026-04-05T06:00,4.9,28
2026-04-05T07:00,1.9,331
2026-04-05T08:00,0.8,333
2026-04-05T09:00,3.0,213
2026-04-05T10:00,5.7,148
2026-04-05T11:00,7.2,104
2026-04-05T12:00,9.0,70
2026-04-05T13:00,5.5,52
2026-04-05T14:00,1.3,135
2026-04-05T15:00,2.3,148
2026-04-05T16:00,2.7,132
2026-04-05T17:00,7.2,162
2026-04-05T18:00,3.0,115
2026-04-05T19:00,5.1,27
2026-04-05T20:00,10.3,13
2026-04-05T21:00,11.1,31
2026-04-05T22:00,12.4,43
2026-04-05T23:00,9.5,44
2026-04-06T00:00,10.5,51
2026-04-06T01:00,9.9,46
2026-04-06T02:00,9.5,46
2026-04-06T03:00,9.9,45
2026-04-06T04:00,9.8,43
2026-04-06T05:00,3.9,28
2026-04-06T06:00,5.0,26
2026-04-06T07:00,5.3,24
2026-04-06T08:00,3.2,360
2026-04-06T09:00,2.7,20
2026-04-06T10:00,2.2,279
2026-04-06T11:00,2.0,207
2026-04-06T12:00,4.1,272
2026-04-06T13:00,5.7,257
2026-04-06T14:00,8.1,252
2026-04-06T15:00,13.2,241
2026-04-06T16:00,10.3,215
2026-04-06T17:00,7.3,190
2026-04-06T18:00,8.7,186
2026-04-06T19:00,1.5,187
2026-04-06T20:00,1.8,294
2026-04-06T21:00,2.7,328
2026-04-06T22:00,6.6,351
2026-04-06T23:00,4.6,329
2026-04-07T00:00,4.6,329
2026-04-07T01:00,4.2,350
2026-04-07T02:00,2.9,330
2026-04-07T03:00,3.2,270
2026-04-07T04:00,2.7,270
2026-04-07T05:00,2.2,346
2026-04-07T06:00,4.3,355
2026-04-07T07:00,2.1,322
2026-04-07T08:00,1.6,354
2026-04-07T09:00,3.7,259
2026-04-07T10:00,4.3,242
2026-04-07T11:00,5.2,241
2026-04-07T12:00,12.8,241
2026-04-07T13:00,14.5,229
2026-04-07T14:00,11.6,226
2026-04-07T15:00,10.3,237
2026-04-07T16:00,9.7,230
2026-04-07T17:00,6.7,218
2026-04-07T18:00,6.2,226
2026-04-07T19:00,6.8,197
2026-04-07T20:00,7.0,206
2026-04-07T21:00,7.7,211
2026-04-07T22:00,6.7,216
2026-04-07T23:00,6.9,195
2026-04-08T00:00,5.4,220
2026-04-08T01:00,6.2,218
2026-04-08T02:00,6.4,207
2026-04-08T03:00,5.4,186
2026-04-08T04:00,4.6,159
2026-04-08T05:00,4.5,173
2026-04-08T06:00,2.1,232
2026-04-08T07:00,2.0,265
2026-04-08T08:00,1.1,261
2026-04-08T09:00,3.5,249
2026-04-08T10:00,4.9,231
2026-04-08T11:00,4.6,191
2026-04-08T12:00,3.0,205
2026-04-08T13:00,4.1,195
2026-04-08T14:00,4.2,170
2026-04-08T15:00,5.0,182
2026-04-08T16:00,5.7,169
2026-04-08T17:00,3.6,174
2026-04-08T18:00,1.2,117
2026-04-08T19:00,0.4,153
2026-04-08T20:00,1.7,103
2026-04-08T21:00,1.6,63
2026-04-08T22:00,1.4,67
2026-04-08T23:00,3.4,72
2026-04-09T00:00,3.8,31
2026-04-09T01:00,3.0,17
2026-04-09T02:00,5.5,32
2026-04-09T03:00,7.5,24
2026-04-09T04:00,9.2,39
2026-04-09T05:00,3.7,43
2026-04-09T06:00,6.1,24
2026-04-09T07:00,5.9,23
2026-04-09T08:00,5.6,40
2026-04-09T09:00,4.0,93
2026-04-09T10:00,3.1,156
2026-04-09T11:00,5.7,198
2026-04-09T12:00,6.5,194
2026-04-09T13:00,7.1,187
2026-04-09T14:00,8.9,186
2026-04-09T15:00,8.1,184
2026-04-09T16:00,9.4,160
2026-04-09T17:00,8.9,166
2026-04-09T18:00,4.1,103
2026-04-09T19:00,7.2,78
2026-04-09T20:00,4.5,50
2026-04-09T21:00,5.1,39
2026-04-09T22:00,7.1,41
2026-04-09T23:00,4.6,36
2026-04-10T00:00,8.8,44
2026-04-10T01:00,9.6,40
2026-04-10T02:00,8.3,39
2026-04-10T03:00,7.9,45
2026-04-10T04:00,9.3,46
2026-04-10T05:00,5.5,36
2026-04-10T06:00,9.0,43
2026-04-10T07:00,9.5,39
2026-04-10T08:00,6.0,46
2026-04-10T09:00,2.7,127
2026-04-10T10:00,2.9,187
2026-04-10T11:00,9.1,198
2026-04-10T12:00,6.3,178
2026-04-10T13:00,6.4,164
2026-04-10T14:00,9.1,207
2026-04-10T15:00,12.0,248
2026-04-10T16:00,9.5,199
2026-04-10T17:00,10.5,185
2026-04-10T18:00,5.9,142
2026-04-10T19:00,2.3,61
2026-04-10T20:00,3.2,16
2026-04-10T21:00,5.8,9
2026-04-10T22:00,7.4,13
2026-04-10T23:00,2.1,15
2026-04-11T00:00,4.9,4
2026-04-11T01:00,4.8,22
2026-04-11T02:00,5.2,22
2026-04-11T03:00,5.7,28
2026-04-11T04:00,6.2,33
2026-04-11T05:00,3.7,29
2026-04-11T06:00,3.6,33
2026-04-11T07:00,6.8,32
2026-04-11T08:00,5.7,32
2026-04-11T09:00,2.8,40
2026-04-11T10:00,1.3,262
2026-04-11T11:00,6.3,252
2026-04-11T12:00,7.0,244
2026-04-11T13:00,10.6,240
2026-04-11T14:00,7.6,234
2026-04-11T15:00,5.9,218
2026-04-11T16:00,4.0,262
2026-04-11T17:00,6.3,165
2026-04-11T18:00,2.8,145
2026-04-11T19:00,0.9,53
2026-04-11T20:00,6.3,360
2026-04-11T21:00,5.8,16
2026-04-11T22:00,8.0,31
2026-04-11T23:00,8.5,29
2026-04-12T00:00,8.0,46
2026-04-12T01:00,8.0,40
2026-04-12T02:00,9.6,43
2026-04-12T03:00,9.9,42
2026-04-12T04:00,10.7,44
2026-04-12T05:00,6.6,35
2026-04-12T06:00,9.5,53
2026-04-12T07:00,10.8,46
2026-04-12T08:00,7.3,36
2026-04-12T09:00,5.5,52
2026-04-12T10:00,3.7,55
2026-04-12T11:00,0.4,180
2026-04-12T12:00,3.1,216
2026-04-12T13:00,5.6,225
2026-04-12T14:00,6.2,216
2026-04-12T15:00,8.0,247
2026-04-12T16:00,6.3,141
2026-04-12T17:00,4.0,108
2026-04-12T18:00,1.6,90
2026-04-12T19:00,1.3,352
2026-04-12T20:00,4.9,8
2026-04-12T21:00,9.1,27
2026-04-12T22:00,11.1,31
2026-04-12T23:00,7.3,31
2026-04-13T00:00,10.2,41
2026-04-13T01:00,10.5,41
2026-04-13T02:00,10.8,43
2026-04-13T03:00,11.2,45
2026-04-13T04:00,11.3,44
2026-04-13T05:00,6.2,36
2026-04-13T06:00,9.2,45
2026-04-13T07:00,10.1,43
2026-04-13T08:00,7.7,37
2026-04-13T09:00,4.7,58
2026-04-13T10:00,4.0,54
2026-04-13T11:00,1.8,186
2026-04-13T12:00,2.7,228
2026-04-13T13:00,3.8,253
2026-04-13T14:00,4.9,253
2026-04-13T15:00,5.6,213
2026-04-13T16:00,8.1,193
2026-04-13T17:00,7.3,203
2026-04-13T18:00,3.9,193
2026-04-13T19:00,1.0,31
2026-04-13T20:00,7.0,357
2026-04-13T21:00,7.5,17
2026-04-13T22:00,10.2,31
2026-04-13T23:00,8.7,32
2026-04-14T00:00,12.0,33
2026-04-14T01:00,13.1,30
2026-04-14T02:00,12.9,30
2026-04-14T03:00,13.1,29
2026-04-14T04:00,13.0,28
2026-04-14T05:00,9.0,23
2026-04-14T06:00,11.7,43
2026-04-14T07:00,12.6,38
2026-04-14T08:00,10.3,36
2026-04-14T09:00,8.2,38
2026-04-14T10:00,8.4,42
2026-04-14T11:00,6.5,67
2026-04-14T12:00,3.6,70
2026-04-14T13:00,1.5,111
2026-04-14T14:00,0.8,225
2026-04-14T15:00,1.5,306
2026-04-14T16:00,2.1,31
2026-04-14T17:00,0.9,233
2026-04-14T18:00,0.6,288
2026-04-14T19:00,3.2,63
2026-04-14T20:00,10.0,38
2026-04-14T21:00,12.6,36
2026-04-14T22:00,13.6,34
2026-04-14T23:00,12.3,32
2026-04-15T00:00,14.2,38
2026-04-15T01:00,13.8,37
2026-04-15T02:00,13.9,37
2026-04-15T03:00,14.7,42
2026-04-15T04:00,14.7,41
2026-04-15T05:00,6.4,25
2026-04-15T06:00,5.3,12
2026-04-15T07:00,7.8,326
2026-04-15T08:00,6.2,249
2026-04-15T09:00,3.1,173
2026-04-15T10:00,2.7,356
2026-04-15T11:00,5.3,57
2026-04-15T12:00,3.2,273
2026-04-15T13:00,10.2,226
2026-04-15T14:00,12.6,227
2026-04-15T15:00,12.6,222
2026-04-15T16:00,9.3,214
2026-04-15T17:00,6.7,216
2026-04-15T18:00,8.0,214
2026-04-15T19:00,8.3,222
2026-04-15T20:00,6.5,240
2026-04-15T21:00,4.3,268
2026-04-15T22:00,4.8,290
2026-04-15T23:00,1.5,330
2026-04-16T00:00,7.3,286
2026-04-16T01:00,4.7,277
2026-04-16T02:00,1.8,307
2026-04-16T03:00,2.6,295
2026-04-16T04:00,2.8,108
2026-04-16T05:00,1.1,9
2026-04-16T06:00,6.3,305
2026-04-16T07:00,2.9,259
2026-04-16T08:00,5.2,243
2026-04-16T09:00,7.3,259
2026-04-16T10:00,5.1,231
2026-04-16T11:00,2.5,150
2026-04-16T12:00,6.8,119
2026-04-16T13:00,8.3,210
2026-04-16T14:00,13.3,230
2026-04-16T15:00,12.3,239
2026-04-16T16:00,4.8,245
2026-04-16T17:00,7.9,94
2026-04-16T18:00,8.3,112
2026-04-16T19:00,6.6,101
2026-04-16T20:00,4.4,102
2026-04-16T21:00,2.7,127
2026-04-16T22:00,2.4,126
2026-04-16T23:00,5.8,175
2026-04-17T00:00,3.9,146
2026-04-17T01:00,3.6,117
2026-04-17T02:00,3.8,93
2026-04-17T03:00,4.9,90
2026-04-17T04:00,7.0,87
2026-04-17T05:00,6.7,121
2026-04-17T06:00,4.1,103
2026-04-17T07:00,5.3,123
2026-04-17T08:00,5.6,149
2026-04-17T09:00,5.4,165
2026-04-17T10:00,4.0,175
2026-04-17T11:00,7.8,185
2026-04-17T12:00,5.7,229
2026-04-17T13:00,6.6,223
2026-04-17T14:00,8.4,220
2026-04-17T15:00,7.9,200
2026-04-17T16:00,8.1,186
2026-04-17T17:00,7.7,179
2026-04-17T18:00,8.8,185
2026-04-17T19:00,4.5,185
2026-04-17T20:00,2.5,180
2026-04-17T21:00,1.5,346
2026-04-17T22:00,6.7,6
2026-04-17T23:00,4.8,22
2026-04-18T00:00,7.0,357
2026-04-18T01:00,6.7,3
2026-04-18T02:00,6.5,8
2026-04-18T03:00,5.3,10
2026-04-18T04:00,4.8,11
2026-04-18T05:00,3.8,19
2026-04-18T06:00,6.6,33
2026-04-18T07:00,3.4,357
2026-04-18T08:00,2.7,266
2026-04-18T09:00,5.1,234
2026-04-18T10:00,5.8,240
2026-04-18T11:00,4.4,249
2026-04-18T12:00,6.2,260
2026-04-18T13:00,6.6,248
2026-04-18T14:00,7.7,239
2026-04-18T15:00,9.3,223
2026-04-18T16:00,10.1,209
2026-04-18T17:00,8.9,214
2026-04-18T18:00,9.1,188
2026-04-18T19:00,3.5,152
2026-04-18T20:00,0.0,270
2026-04-18T21:00,1.9,331
2026-04-18T22:00,7.1,333
2026-04-18T23:00,3.1,69
2026-04-19T00:00,4.9,350
2026-04-19T01:00,3.3,347
2026-04-19T02:00,2.2,346
2026-04-19T03:00,2.0,5
2026-04-19T04:00,3.7,14
2026-04-19T05:00,3.4,32
2026-04-19T06:00,2.9,356
2026-04-19T07:00,3.8,341
2026-04-19T08:00,2.6,321
2026-04-19T09:00,3.1,220
2026-04-19T10:00,2.9,191
2026-04-19T11:00,3.9,202
2026-04-19T12:00,4.9,208
2026-04-19T13:00,4.4,212
2026-04-19T14:00,7.9,225
2026-04-19T15:00,12.9,242
2026-04-19T16:00,4.0,288
2026-04-19T17:00,5.1,170
2026-04-19T18:00,2.0,275
2026-04-19T19:00,0.6,288
2026-04-19T20:00,4.9,4
2026-04-19T21:00,9.4,20
2026-04-19T22:00,10.1,33
2026-04-19T23:00,9.2,31
2026-04-20T00:00,9.3,43
2026-04-20T01:00,10.0,34
2026-04-20T02:00,10.4,34
2026-04-20T03:00,11.1,34
2026-04-20T04:00,13.0,41
2026-04-20T05:00,12.0,46
2026-04-20T06:00,16.4,52
2026-04-20T07:00,16.6,48
2026-04-20T08:00,15.7,41
2026-04-20T09:00,16.4,45
2026-04-20T10:00,16.1,51
2026-04-20T11:00,13.2,73
2026-04-20T12:00,12.2,70
2026-04-20T13:00,11.3,61
2026-04-20T14:00,10.6,62
2026-04-20T15:00,9.5,54
2026-04-20T16:00,8.9,45
2026-04-20T17:00,5.0,60
2026-04-20T18:00,7.6,19
2026-04-20T19:00,10.7,23
2026-04-20T20:00,12.5,39
2026-04-20T21:00,13.6,41
2026-04-20T22:00,13.8,39
2026-04-20T23:00,10.3,36
2026-04-21T00:00,14.9,45
2026-04-21T01:00,14.6,45
2026-04-21T02:00,14.2,30
2026-04-21T03:00,12.2,13
2026-04-21T04:00,14.0,24
2026-04-21T05:00,11.3,43
2026-04-21T06:00,13.7,50
2026-04-21T07:00,9.8,40
2026-04-21T08:00,9.8,26
2026-04-21T09:00,17.9,19
2026-04-21T10:00,13.1,37
2026-04-21T11:00,8.3,22
2026-04-21T12:00,12.6,333
2026-04-21T13:00,8.5,1
2026-04-21T14:00,4.8,121
2026-04-21T15:00,6.3,72
2026-04-21T16:00,6.3,108
2026-04-21T17:00,6.1,66
2026-04-21T18:00,6.3,37
2026-04-21T19:00,7.6,5
2026-04-21T20:00,8.8,15
2026-04-21T21:00,7.4,13
2026-04-21T22:00,8.2,8
2026-04-21T23:00,8.1,25
2026-04-22T00:00,12.3,32
2026-04-22T01:00,14.0,53
2026-04-22T02:00,14.2,38
2026-04-22T03:00,12.9,35
2026-04-22T04:00,16.4,38
2026-04-22T05:00,13.5,30
2026-04-22T06:00,14.0,42
2026-04-22T07:00,12.4,41
2026-04-22T08:00,9.1,39
2026-04-22T09:00,5.6,6
2026-04-22T10:00,6.1,341
2026-04-22T11:00,12.0,24
2026-04-22T12:00,9.1,52
2026-04-22T13:00,4.8,59
2026-04-22T14:00,1.8,45
2026-04-22T15:00,2.6,335
2026-04-22T16:00,2.9,270
2026-04-22T17:00,8.1,233
2026-04-22T18:00,1.9,253
2026-04-22T19:00,3.9,283
2026-04-22T20:00,7.3,250
2026-04-22T21:00,6.0,241
2026-04-22T22:00,1.0,158
2026-04-22T23:00,0.4,27
2026-04-23T00:00,0.3,315
2026-04-23T01:00,1.8,246
2026-04-23T02:00,1.0,158
2026-04-23T03:00,4.1,56
2026-04-23T04:00,4.1,23
2026-04-23T05:00,1.1,72
2026-04-23T06:00,0.4,333
2026-04-23T07:00,1.0,338
2026-04-23T08:00,4.3,345
2026-04-23T09:00,4.3,332
2026-04-23T10:00,4.1,23
2026-04-23T11:00,5.1,113
2026-04-23T12:00,9.6,87
2026-04-23T13:00,7.8,97
2026-04-23T14:00,2.4,153
2026-04-23T15:00,6.1,178
2026-04-23T16:00,5.6,186
2026-04-23T17:00,5.8,200
2026-04-23T18:00,2.2,171
2026-04-23T19:00,1.0,121
2026-04-23T20:00,0.4,333
2026-04-23T21:00,1.3,326
2026-04-23T22:00,4.5,346
2026-04-23T23:00,3.4,344
2026-04-24T00:00,5.7,41
2026-04-24T01:00,6.5,358
2026-04-24T02:00,3.9,13
2026-04-24T03:00,6.2,38
2026-04-24T04:00,9.3,40
2026-04-24T05:00,7.3,36
2026-04-24T06:00,10.6,50
2026-04-24T07:00,11.1,40
2026-04-24T08:00,9.5,32
2026-04-24T09:00,9.1,36
2026-04-24T10:00,6.5,34
2026-04-24T11:00,2.1,200
2026-04-24T12:00,3.0,123
2026-04-24T13:00,5.5,134
2026-04-24T14:00,6.3,141
2026-04-24T15:00,6.7,142
2026-04-24T16:00,7.0,136
2026-04-24T17:00,5.5,161
2026-04-24T18:00,3.2,142
2026-04-24T19:00,2.4,77
2026-04-24T20:00,3.8,8
2026-04-24T21:00,7.2,18
2026-04-24T22:00,9.8,32
2026-04-24T23:00,6.6,29
2026-04-25T00:00,10.4,28
2026-04-25T01:00,11.3,31
2026-04-25T02:00,12.0,35
2026-04-25T03:00,12.3,35
2026-04-25T04:00,12.9,35
2026-04-25T05:00,8.8,41
2026-04-25T06:00,11.4,52
2026-04-25T07:00,12.4,49
2026-04-25T08:00,8.9,43
2026-04-25T09:00,7.6,75
2026-04-25T10:00,9.1,58
2026-04-25T11:00,3.1,144
2026-04-25T12:00,2.4,222
2026-04-25T13:00,3.2,214
2026-04-25T14:00,4.5,185
2026-04-25T15:00,9.2,183
2026-04-25T16:00,7.3,173
2026-04-25T17:00,6.6,196
2026-04-25T18:00,3.5,159
2026-04-25T19:00,3.6,30
2026-04-25T20:00,8.2,22
2026-04-25T21:00,11.3,29
2026-04-25T22:00,13.1,30
2026-04-25T23:00,9.8,31
2026-04-26T00:00,11.2,41
2026-04-26T01:00,12.0,40
2026-04-26T02:00,14.1,38
2026-04-26T03:00,14.1,40
2026-04-26T04:00,14.3,42
2026-04-26T05:00,12.1,44
2026-04-26T06:00,14.3,48
2026-04-26T07:00,13.7,45
2026-04-26T08:00,11.2,41
2026-04-26T09:00,9.5,33
2026-04-26T10:00,7.8,26
2026-04-26T11:00,1.2,141
2026-04-26T12:00,4.5,254
2026-04-26T13:00,6.6,241
2026-04-26T14:00,13.8,235
2026-04-26T15:00,12.2,214
2026-04-26T16:00,9.7,269
2026-04-26T17:00,3.6,221
2026-04-26T18:00,5.5,197
2026-04-26T19:00,4.0,30
2026-04-26T20:00,3.5,15
2026-04-26T21:00,1.8,360
2026-04-26T22:00,4.9,4
2026-04-26T23:00,2.9,11
2026-04-27T00:00,6.8,360
2026-04-27T01:00,4.9,4
2026-04-27T02:00,5.0,19
2026-04-27T03:00,7.1,27
2026-04-27T04:00,8.5,25
2026-04-27T05:00,3.7,11
2026-04-27T06:00,4.8,27
2026-04-27T07:00,5.1,8
2026-04-27T08:00,2.6,321
2026-04-27T09:00,3.8,273
2026-04-27T10:00,6.6,248
2026-04-27T11:00,7.5,228
2026-04-27T12:00,9.7,242
2026-04-27T13:00,12.0,238
2026-04-27T14:00,10.2,190
2026-04-27T15:00,5.8,284
2026-04-27T16:00,6.8,220
2026-04-27T17:00,2.4,234
2026-04-27T18:00,5.9,223
2026-04-27T19:00,3.2,270
2026-04-27T20:00,2.3,331
2026-04-27T21:00,3.6,360
2026-04-27T22:00,4.6,9
2026-04-27T23:00,3.4,18
2026-04-28T00:00,6.0,21
2026-04-28T01:00,7.3,25
2026-04-28T02:00,7.5,27
2026-04-28T03:00,8.2,29
2026-04-28T04:00,8.9,32
2026-04-28T05:00,5.6,22
2026-04-28T06:00,9.5,44
2026-04-28T07:00,8.1,29
2026-04-28T08:00,3.8,5
2026-04-28T09:00,0.9,307
2026-04-28T10:00,1.9,241
2026-04-28T11:00,7.8,212
2026-04-28T12:00,12.6,232
2026-04-28T13:00,14.4,220
2026-04-28T14:00,9.7,215
2026-04-28T15:00,8.7,232
2026-04-28T16:00,7.3,203
2026-04-28T17:00,5.2,221
2026-04-28T18:00,6.3,217
2026-04-28T19:00,3.7,157
2026-04-28T20:00,2.4,17
2026-04-28T21:00,4.3,360
2026-04-28T22:00,4.9,2
2026-04-28T23:00,3.4,16
2026-04-29T00:00,5.9,14
2026-04-29T01:00,4.9,10
2026-04-29T02:00,6.5,3
2026-04-29T03:00,6.7,16
2026-04-29T04:00,9.1,21
2026-04-29T05:00,5.2,27
2026-04-29T06:00,9.2,42
2026-04-29T07:00,7.8,42
2026-04-29T08:00,3.6,87
2026-04-29T09:00,4.1,178
2026-04-29T10:00,6.9,194
2026-04-29T11:00,7.5,224
2026-04-29T12:00,9.6,217
2026-04-29T13:00,11.3,197
2026-04-29T14:00,9.2,184
2026-04-29T15:00,10.1,184
2026-04-29T16:00,8.3,193
2026-04-29T17:00,5.4,166
2026-04-29T18:00,4.7,157
2026-04-29T19:00,3.3,112
2026-04-29T20:00,4.0,27
2026-04-29T21:00,8.2,26
2026-04-29T22:00,9.1,21
2026-04-29T23:00,7.7,30
2026-04-30T00:00,9.3,18
2026-04-30T01:00,9.5,25
2026-04-30T02:00,9.4,29
2026-04-30T03:00,8.6,33
2026-04-30T04:00,8.7,37
2026-04-30T05:00,5.2,31
2026-04-30T06:00,8.6,41
2026-04-30T07:00,7.8,42
2026-04-30T08:00,4.6,77
2026-04-30T09:00,2.1,165
2026-04-30T10:00,4.7,208
2026-04-30T11:00,2.2,270
2026-04-30T12:00,7.2,212
2026-04-30T13:00,11.1,245
2026-04-30T14:00,2.0,225
2026-04-30T15:00,11.0,228
2026-04-30T16:00,8.6,213
2026-04-30T17:00,1.0,59
2026-04-30T18:00,4.7,198
2026-04-30T19:00,1.7,148
2026-04-30T20:00,2.4,27
2026-04-30T21:00,6.0,10
2026-04-30T22:00,6.7,20
2026-04-30T23:00,4.8,20
2026-05-01T00:00,5.7,13
2026-05-01T01:00,7.3,17
2026-05-01T02:00,9.3,24
2026-05-01T03:00,10.1,24
2026-05-01T04:00,9.9,35
2026-05-01T05:00,8.1,39
2026-05-01T06:00,10.5,49
2026-05-01T07:00,8.1,58
2026-05-01T08:00,5.0,103
2026-05-01T09:00,3.7,169
2026-05-01T10:00,6.2,197
2026-05-01T11:00,9.3,207
2026-05-01T12:00,11.8,214
2026-05-01T13:00,15.6,230
2026-05-01T14:00,15.4,201
2026-05-01T15:00,12.0,196
2026-05-01T16:00,11.3,207
2026-05-01T17:00,8.2,241
2026-05-01T18:00,5.6,197
2026-05-01T19:00,1.8,276
2026-05-01T20:00,5.0,210
2026-05-01T21:00,0.4,333
2026-05-01T22:00,4.0,355
2026-05-01T23:00,3.1,301
2026-05-02T00:00,3.4,288
2026-05-02T01:00,6.3,268
2026-05-02T02:00,6.4,295
2026-05-02T03:00,4.6,296
2026-05-02T04:00,4.7,317
2026-05-02T05:00,4.0,291
2026-05-02T06:00,5.9,259
2026-05-02T07:00,5.0,257
2026-05-02T08:00,8.4,247
2026-05-02T09:00,3.9,257
2026-05-02T10:00,6.0,249
2026-05-02T11:00,6.6,227
2026-05-02T12:00,9.8,220
2026-05-02T13:00,9.0,226
2026-05-02T14:00,7.1,190
2026-05-02T15:00,5.2,207
2026-05-02T16:00,8.9,201
2026-05-02T17:00,9.3,193
2026-05-02T18:00,7.7,216
2026-05-02T19:00,5.9,198
2026-05-02T20:00,2.7,222
2026-05-02T21:00,3.8,251
2026-05-02T22:00,1.5,284
2026-05-02T23:00,1.0,59
2026-05-03T00:00,3.5,339
2026-05-03T01:00,5.1,328
2026-05-03T02:00,7.1,350
2026-05-03T03:00,5.4,6
2026-05-03T04:00,4.9,24
2026-05-03T05:00,2.9,43
2026-05-03T06:00,7.0,10
2026-05-03T07:00,3.5,28
2026-05-03T08:00,3.5,171
2026-05-03T09:00,4.4,173
2026-05-03T10:00,5.8,187
2026-05-03T11:00,9.5,217
2026-05-03T12:00,5.7,169
2026-05-03T13:00,5.9,203
2026-05-03T14:00,6.3,145
2026-05-03T15:00,8.0,175
2026-05-03T16:00,6.2,229
2026-05-03T17:00,6.9,237
2026-05-03T18:00,8.0,228
2026-05-03T19:00,5.4,127
2026-05-03T20:00,2.8,105
2026-05-03T21:00,1.4,40
2026-05-03T22:00,2.1,31
2026-05-03T23:00,3.5,51
2026-05-04T00:00,6.5,13
2026-05-04T01:00,7.6,5
2026-05-04T02:00,7.2,18
2026-05-04T03:00,7.0,29
2026-05-04T04:00,7.9,16
2026-05-04T05:00,5.2,29
2026-05-04T06:00,7.5,30
2026-05-04T07:00,7.3,36
2026-05-04T08:00,5.1,48
2026-05-04T09:00,0.9,127
2026-05-04T10:00,3.7,194
2026-05-04T11:00,6.4,218
2026-05-04T12:00,8.3,207
2026-05-04T13:00,13.0,211
2026-05-04T14:00,8.9,209
2026-05-04T15:00,7.4,236
2026-05-04T16:00,9.1,197
2026-05-04T17:00,6.1,204
2026-05-04T18:00,6.5,174
2026-05-04T19:00,6.5,132
2026-05-04T20:00,3.1,83
2026-05-04T21:00,4.8,53
2026-05-04T22:00,6.1,45
2026-05-04T23:00,6.5,46
2026-05-05T00:00,8.0,46
2026-05-05T01:00,9.8,44
2026-05-05T02:00,10.2,45
2026-05-05T03:00,10.7,49
2026-05-05T04:00,11.2,52
2026-05-05T05:00,7.6,47
2026-05-05T06:00,10.9,61
2026-05-05T07:00,9.9,58
2026-05-05T08:00,7.3,57
2026-05-05T09:00,3.5,66
2026-05-05T10:00,3.2,146
2026-05-05T11:00,5.2,194
2026-05-05T12:00,6.7,183
2026-05-05T13:00,7.9,184
2026-05-05T14:00,8.2,190
2026-05-05T15:00,8.7,175
2026-05-05T16:00,8.9,174
2026-05-05T17:00,10.1,179
2026-05-05T18:00,7.1,144
2026-05-05T19:00,6.0,106
2026-05-05T20:00,4.1,56
2026-05-05T21:00,6.8,40
2026-05-05T22:00,8.7,38
2026-05-05T23:00,8.2,41
2026-05-06T00:00,10.4,44
2026-05-06T01:00,11.3,44
2026-05-06T02:00,12.4,41
2026-05-06T03:00,12.6,41
2026-05-06T04:00,13.6,42
2026-05-06T05:00,10.6,43
2026-05-06T06:00,13.8,48
2026-05-06T07:00,12.7,47
2026-05-06T08:00,10.2,44
2026-05-06T09:00,8.8,46
2026-05-06T10:00,6.8,61
2026-05-06T11:00,3.4,133
2026-05-06T12:00,3.0,197
2026-05-06T13:00,5.1,216
2026-05-06T14:00,7.1,214
2026-05-06T15:00,6.6,213
2026-05-06T16:00,6.2,237
2026-05-06T17:00,6.8,215
2026-05-06T18:00,5.1,197
2026-05-06T19:00,3.0,142
2026-05-06T20:00,2.8,50
2026-05-06T21:00,7.1,38
2026-05-06T22:00,10.8,42
2026-05-06T23:00,10.9,40
2026-05-07T00:00,12.1,49
2026-05-07T01:00,12.9,47
2026-05-07T02:00,13.5,47
2026-05-07T03:00,14.0,48
2026-05-07T04:00,13.9,50
2026-05-07T05:00,10.6,43
2026-05-07T06:00,13.0,51
2026-05-07T07:00,11.2,52
2026-05-07T08:00,8.1,59
2026-05-07T09:00,6.1,50
2026-05-07T10:00,3.8,65
2026-05-07T11:00,4.5,187
2026-05-07T12:00,8.8,221
2026-05-07T13:00,11.1,219
2026-05-07T14:00,11.6,206
2026-05-07T15:00,10.8,198
2026-05-07T16:00,9.5,202
2026-05-07T17:00,11.4,187
2026-05-07T18:00,9.1,159
2026-05-07T19:00,3.1,100
2026-05-07T20:00,4.5,43
2026-05-07T21:00,4.8,31
2026-05-07T22:00,8.2,26
2026-05-07T23:00,7.5,27
2026-05-08T00:00,10.3,22
2026-05-08T01:00,12.3,25
2026-05-08T02:00,13.0,28
2026-05-08T03:00,12.7,29
2026-05-08T04:00,13.3,35
2026-05-08T05:00,11.3,43
2026-05-08T06:00,13.2,53
2026-05-08T07:00,11.9,55
2026-05-08T08:00,9.4,61
2026-05-08T09:00,7.5,53
2026-05-08T10:00,2.8,72
2026-05-08T11:00,3.1,260
2026-05-08T12:00,8.7,232
2026-05-08T13:00,15.7,279
2026-05-08T14:00,5.4,186
2026-05-08T15:00,6.4,218
2026-05-08T16:00,11.1,207
2026-05-08T17:00,5.0,165
2026-05-08T18:00,1.5,150
2026-05-08T19:00,1.7,72
2026-05-08T20:00,8.2,22
2026-05-08T21:00,11.4,24
2026-05-08T22:00,11.3,29
2026-05-08T23:00,11.1,32
2026-05-09T00:00,11.1,39
2026-05-09T01:00,11.1,42
2026-05-09T02:00,11.7,43
2026-05-09T03:00,10.9,38
2026-05-09T04:00,10.0,41
2026-05-09T05:00,10.7,37
2026-05-09T06:00,13.3,40
2026-05-09T07:00,12.4,43
2026-05-09T08:00,7.7,41
2026-05-09T09:00,6.2,52
2026-05-09T10:00,2.7,28
2026-05-09T11:00,6.0,221
2026-05-09T12:00,8.7,207
2026-05-09T13:00,8.5,218
2026-05-09T14:00,6.8,248
2026-05-09T15:00,4.7,263
2026-05-09T16:00,9.0,233
2026-05-09T17:00,10.4,208
2026-05-09T18:00,9.6,258
2026-05-09T19:00,18.1,201
2026-05-09T20:00,4.5,344
2026-05-09T21:00,5.3,35
2026-05-09T22:00,13.4,6
2026-05-09T23:00,9.7,28
2026-05-10T00:00,11.0,15
2026-05-10T01:00,9.3,341
2026-05-10T02:00,6.2,343
2026-05-10T03:00,1.3,315
2026-05-10T04:00,4.6,239
2026-05-10T05:00,8.6,196
2026-05-10T06:00,15.3,210
2026-05-10T07:00,7.8,167
2026-05-10T08:00,7.0,193
2026-05-10T09:00,9.6,208
2026-05-10T10:00,12.0,219
2026-05-10T11:00,14.0,204
2026-05-10T12:00,10.1,184
2026-05-10T13:00,7.0,145
2026-05-10T14:00,9.3,195
2026-05-10T15:00,11.6,186
2026-05-10T16:00,9.9,165
2026-05-10T17:00,9.4,180
2026-05-10T18:00,9.5,170
2026-05-10T19:00,5.6,153
2026-05-10T20:00,3.1,114
2026-05-10T21:00,0.0,270
2026-05-10T22:00,4.4,240
2026-05-10T23:00,10.5,207
2026-05-11T00:00,8.0,222
2026-05-11T01:00,6.8,180
2026-05-11T02:00,5.1,157
2026-05-11T03:00,5.7,145
2026-05-11T04:00,6.7,153
2026-05-11T05:00,4.1,119
2026-05-11T06:00,5.5,117
2026-05-11T07:00,6.0,141
2026-05-11T08:00,6.8,155
2026-05-11T09:00,7.4,166
2026-05-11T10:00,8.3,178
2026-05-11T11:00,9.9,178
2026-05-11T12:00,8.2,170
2026-05-11T13:00,9.4,193
2026-05-11T14:00,10.0,197
2026-05-11T15:00,11.4,196
2026-05-11T16:00,11.2,190
2026-05-11T17:00,11.3,202
2026-05-11T18:00,11.9,183
2026-05-11T19:00,6.2,147
2026-05-11T20:00,3.1,90
2026-05-11T21:00,2.2,48
2026-05-11T22:00,0.5,360
2026-05-11T23:00,1.5,76
2026-05-12T00:00,2.3,32
2026-05-12T01:00,2.7,70
2026-05-12T02:00,4.2,25
2026-05-12T03:00,4.6,21
2026-05-12T04:00,5.7,28
2026-05-12T05:00,3.5,28
2026-05-12T06:00,7.7,30
2026-05-12T07:00,6.3,51
2026-05-12T08:00,4.2,126
2026-05-12T09:00,5.1,157
2026-05-12T10:00,6.3,175
2026-05-12T11:00,9.1,190
2026-05-12T12:00,9.2,184
2026-05-12T13:00,9.5,180
2026-05-12T14:00,9.7,178
2026-05-12T15:00,10.0,171
2026-05-12T16:00,10.3,174
2026-05-12T17:00,11.0,201
2026-05-12T18:00,10.3,176
2026-05-12T19:00,3.7,133
2026-05-12T20:00,2.7,70
2026-05-12T21:00,3.1,59
2026-05-12T22:00,4.6,45
2026-05-12T23:00,5.9,31
2026-05-13T00:00,6.4,11
2026-05-13T01:00,7.7,31
2026-05-13T02:00,8.6,41
2026-05-13T03:00,8.6,49
2026-05-13T04:00,9.2,48
2026-05-13T05:00,6.9,47
2026-05-13T06:00,9.6,57
2026-05-13T07:00,8.6,59
2026-05-13T08:00,8.8,59
2026-05-13T09:00,9.5,65
2026-05-13T10:00,10.3,78
2026-05-13T11:00,7.7,91
2026-05-13T12:00,7.1,80
2026-05-13T13:00,4.9,98
2026-05-13T14:00,6.1,183
2026-05-13T15:00,10.1,226
2026-05-13T16:00,9.9,213
2026-05-13T17:00,8.3,174
2026-05-13T18:00,2.9,150
2026-05-13T19:00,3.5,62
2026-05-13T20:00,4.0,27
2026-05-13T21:00,5.1,27
2026-05-13T22:00,7.3,30
2026-05-13T23:00,5.4,26
2026-05-14T00:00,9.3,29
2026-05-14T01:00,9.8,36
2026-05-14T02:00,10.3,41
2026-05-14T03:00,11.6,44
2026-05-14T04:00,12.2,45
2026-05-14T05:00,9.8,41
2026-05-14T06:00,12.0,51
2026-05-14T07:00,10.4,53
2026-05-14T08:00,7.3,70
2026-05-14T09:00,6.6,79
2026-05-14T10:00,4.9,94
2026-05-14T11:00,4.4,102
2026-05-14T12:00,2.4,163
2026-05-14T13:00,7.6,216
2026-05-14T14:00,10.9,219
2026-05-14T15:00,10.2,216
2026-05-14T16:00,7.9,177
2026-05-14T17:00,8.5,186
2026-05-14T18:00,7.5,160
2026-05-14T19:00,3.3,135
2026-05-14T20:00,1.1,72
2026-05-14T21:00,2.3,32
2026-05-14T22:00,4.9,33
2026-05-14T23:00,7.2,32
2026-05-15T00:00,10.2,28
2026-05-15T01:00,10.0,26
2026-05-15T02:00,10.7,35
2026-05-15T03:00,12.3,40
2026-05-15T04:00,12.6,44
2026-05-15T05:00,8.4,31
2026-05-15T06:00,11.6,46
2026-05-15T07:00,9.8,49
2026-05-15T08:00,7.4,56
2026-05-15T09:00,7.7,62
2026-05-15T10:00,8.3,76
2026-05-15T11:00,8.1,91
2026-05-15T12:00,7.1,74
2026-05-15T13:00,6.9,84
2026-05-15T14:00,5.2,92
2026-05-15T15:00,1.2,153
2026-05-15T16:00,4.1,203
2026-05-15T17:00,8.2,213
2026-05-15T18:00,2.7,184
2026-05-15T19:00,0.5,45
2026-05-15T20:00,2.0,10
2026-05-15T21:00,3.8,17
2026-05-15T22:00,8.8,31
2026-05-15T23:00,5.9,35
2026-05-16T00:00,10.5,33
2026-05-16T01:00,11.1,34
2026-05-16T02:00,11.0,38
2026-05-16T03:00,11.8,44
2026-05-16T04:00,11.5,44
2026-05-16T05:00,7.7,36
2026-05-16T06:00,10.7,46
2026-05-16T07:00,10.9,56
2026-05-16T08:00,8.6,54
2026-05-16T09:00,5.7,35
2026-05-16T10:00,1.8,360
2026-05-16T11:00,5.9,191
2026-05-16T12:00,4.5,209
2026-05-16T13:00,4.0,249
2026-05-16T14:00,5.0,210
2026-05-16T15:00,13.2,120
2026-05-16T16:00,6.2,98
2026-05-16T17:00,5.6,115
2026-05-16T18:00,2.4,73
2026-05-16T19:00,0.8,63
2026-05-16T20:00,3.2,27
2026-05-16T21:00,8.5,32
2026-05-16T22:00,11.0,34
2026-05-16T23:00,11.4,41
2026-05-17T00:00,11.7,49
2026-05-17T01:00,12.9,47
2026-05-17T02:00,12.7,43
2026-05-17T03:00,13.0,44
2026-05-17T04:00,13.8,43
2026-05-17T05:00,10.5,39
2026-05-17T06:00,12.5,50
2026-05-17T07:00,11.2,50
2026-05-17T08:00,9.9,32
2026-05-17T09:00,11.2,35
2026-05-17T10:00,8.6,59
2026-05-17T11:00,6.5,104
2026-05-17T12:00,1.0,22
2026-05-17T13:00,1.6,264
2026-05-17T14:00,1.4,247
2026-05-17T15:00,4.0,122
2026-05-17T16:00,5.4,116
2026-05-17T17:00,8.1,125
2026-05-17T18:00,5.6,90
2026-05-17T19:00,3.1,45
2026-05-17T20:00,3.5,24
2026-05-17T21:00,6.8,25
2026-05-17T22:00,8.9,25
2026-05-17T23:00,7.3,30
2026-05-18T00:00,11.2,33
2026-05-18T01:00,13.0,37
2026-05-18T02:00,12.3,31
2026-05-18T03:00,13.0,38
2026-05-18T04:00,12.4,36
2026-05-18T05:00,8.9,38
2026-05-18T06:00,10.2,48
2026-05-18T07:00,2.8,349
2026-05-18T08:00,10.9,214
2026-05-18T09:00,4.2,95
2026-05-18T10:00,4.5,127
2026-05-18T11:00,6.4,170
2026-05-18T12:00,3.5,231
2026-05-18T13:00,3.3,216
2026-05-18T14:00,9.2,348
2026-05-18T15:00,8.6,74
2026-05-18T16:00,3.2,128
2026-05-18T17:00,5.0,159
2026-05-18T18:00,2.6,129
2026-05-18T19:00,0.2,270
2026-05-18T20:00,6.1,236
2026-05-18T21:00,7.4,288
2026-05-18T22:00,2.0,175
2026-05-18T23:00,4.7,208
2026-05-19T00:00,5.4,34
2026-05-19T01:00,6.5,23
2026-05-19T02:00,2.4,126
2026-05-19T03:00,10.5,53
2026-05-19T04:00,10.8,60
2026-05-19T05:00,9.3,46
2026-05-19T06:00,10.2,44
2026-05-19T07:00,7.1,74
2026-05-19T08:00,6.4,170
2026-05-19T09:00,4.4,263
2026-05-19T10:00,5.0,92
2026-05-19T11:00,5.8,176
2026-05-19T12:00,4.7,88
2026-05-19T13:00,4.6,126
2026-05-19T14:00,4.9,180
2026-05-19T15:00,6.7,183
2026-05-19T16:00,5.6,159
2026-05-19T17:00,8.5,185
2026-05-19T18:00,10.5,197
2026-05-19T19:00,11.9,194
2026-05-19T20:00,2.5,111
2026-05-19T21:00,13.6,34
2026-05-19T22:00,8.4,62
2026-05-19T23:00,6.1,56
2026-05-20T00:00,6.6,43
2026-05-20T01:00,10.2,45
2026-05-20T02:00,10.1,41
2026-05-20T03:00,9.8,44
2026-05-20T04:00,13.5,43
2026-05-20T05:00,13.8,40
2026-05-20T06:00,16.0,46
2026-05-20T07:00,15.4,34
2026-05-20T08:00,12.9,49
2026-05-20T09:00,10.5,52
2026-05-20T10:00,7.4,64
2026-05-20T11:00,3.9,158
2026-05-20T12:00,4.0,183
2026-05-20T13:00,1.9,331
2026-05-20T14:00,8.1,107
2026-05-20T15:00,2.2,256
2026-05-20T16:00,7.0,162
2026-05-20T17:00,6.5,150
2026-05-20T18:00,6.1,178
2026-05-20T19:00,2.3,148
2026-05-20T20:00,1.5,60
2026-05-20T21:00,5.5,32
2026-05-20T22:00,9.9,27
2026-05-20T23:00,6.0,37
2026-05-21T00:00,9.2,31
2026-05-21T01:00,10.0,30
2026-05-21T02:00,10.3,33
2026-05-21T03:00,8.7,27
2026-05-21T04:00,8.1,31
2026-05-21T05:00,3.7,23
2026-05-21T06:00,3.8,17
2026-05-21T07:00,3.0,57
2026-05-21T08:00,5.1,163
2026-05-21T09:00,6.3,177
2026-05-21T10:00,8.4,187
2026-05-21T11:00,10.4,217
2026-05-21T12:00,9.4,203
2026-05-21T13:00,10.3,187
2026-05-21T14:00,10.6,199
2026-05-21T15:00,6.6,189
2026-05-21T16:00,5.2,180
2026-05-21T17:00,8.0,203
2026-05-21T18:00,5.8,182
2026-05-21T19:00,4.3,132
2026-05-21T20:00,3.7,43
2026-05-21T21:00,7.1,30
2026-05-21T22:00,4.2,36
2026-05-21T23:00,1.6,63
2026-05-22T00:00,5.5,36
2026-05-22T01:00,6.0,57
2026-05-22T02:00,3.9,43
2026-05-22T03:00,3.7,43
2026-05-22T04:00,4.1,38
2026-05-22T05:00,3.2,56
2026-05-22T06:00,2.1,75
2026-05-22T07:00,3.2,106
2026-05-22T08:00,4.1,124
2026-05-22T09:00,4.0,170
2026-05-22T10:00,6.9,166
2026-05-22T11:00,7.4,202
2026-05-22T12:00,6.0,173
2026-05-22T13:00,6.2,139
2026-05-22T14:00,6.8,191
2026-05-22T15:00,8.8,160
2026-05-22T16:00,7.1,153
2026-05-22T17:00,9.6,196
2026-05-22T18:00,8.3,180
2026-05-22T19:00,3.5,114
2026-05-22T20:00,4.4,102
2026-05-22T21:00,3.6,87
2026-05-22T22:00,1.6,27
2026-05-22T23:00,2.3,198
2026-05-23T00:00,2.5,69
2026-05-23T01:00,3.6,37
2026-05-23T02:00,3.8,25
2026-05-23T03:00,6.4,22
2026-05-23T04:00,8.1,32
2026-05-23T05:00,4.1,52
2026-05-23T06:00,8.0,54
2026-05-23T07:00,6.7,76
2026-05-23T08:00,4.3,105
2026-05-23T09:00,5.0,134
2026-05-23T10:00,6.0,151
2026-05-23T11:00,9.4,167
2026-05-23T12:00,8.2,154
2026-05-23T13:00,9.2,157
2026-05-23T14:00,6.7,161
2026-05-23T15:00,9.4,183
2026-05-23T16:00,11.4,199
2026-05-23T17:00,14.8,230
2026-05-23T18:00,16.0,231
2026-05-23T19:00,7.6,211
2026-05-23T20:00,3.3,135
2026-05-23T21:00,2.6,106
2026-05-23T22:00,2.5,90
2026-05-23T23:00,4.2,144
2026-05-24T00:00,1.9,112
2026-05-24T01:00,2.0,117
2026-05-24T02:00,2.4,103
2026-05-24T03:00,2.2,90
2026-05-24T04:00,1.5,69
2026-05-24T05:00,4.8,68
2026-05-24T06:00,5.6,59
2026-05-24T07:00,5.1,73
2026-05-24T08:00,3.2,106
2026-05-24T09:00,2.5,159
2026-05-24T10:00,6.0,190
2026-05-24T11:00,5.0,235
2026-05-24T12:00,6.2,192
2026-05-24T13:00,8.8,176
2026-05-24T14:00,6.9,223
2026-05-24T15:00,6.4,169
2026-05-24T16:00,3.1,190
2026-05-24T17:00,12.1,203
2026-05-24T18:00,4.1,209
2026-05-24T19:00,1.1,252
2026-05-24T20:00,1.1,189
2026-05-24T21:00,2.2,85
2026-05-24T22:00,1.6,360
2026-05-24T23:00,4.9,352
2026-05-25T00:00,3.3,338
2026-05-25T01:00,1.8,6
2026-05-25T02:00,0.9,11
2026-05-25T03:00,0.4,333
2026-05-25T04:00,1.5,339
2026-05-25T05:00,2.7,356
2026-05-25T06:00,1.8,354
2026-05-25T07:00,4.3,15
2026-05-25T08:00,5.1,48
2026-05-25T09:00,5.3,45
2026-05-25T10:00,3.1,7
2026-05-25T11:00,4.1,236
2026-05-25T12:00,6.0,197
2026-05-25T13:00,2.4,253
2026-05-25T14:00,3.4,155
2026-05-25T15:00,1.8,180
2026-05-25T16:00,0.6,236
2026-05-25T17:00,2.2,138
2026-05-25T18:00,3.2,74
2026-05-25T19:00,3.5,35
2026-05-25T20:00,5.2,16
2026-05-25T21:00,7.2,18
2026-05-25T22:00,8.4,28
2026-05-25T23:00,7.0,44
2026-05-26T00:00,9.7,55
2026-05-26T01:00,10.7,50
2026-05-26T02:00,11.7,49
2026-05-26T03:00,12.0,51
2026-05-26T04:00,13.6,46
2026-05-26T05:00,10.0,41
2026-05-26T06:00,12.5,43
2026-05-26T07:00,9.0,43
2026-05-26T08:00,6.8,42
2026-05-26T09:00,4.5,76
2026-05-26T10:00,4.6,129
2026-05-26T11:00,4.0,267
2026-05-26T12:00,4.6,309
2026-05-26T13:00,2.3,135
2026-05-26T14:00,3.7,113
2026-05-26T15:00,5.7,122
2026-05-26T16:00,6.8,212
2026-05-26T17:00,3.3,99
2026-05-26T18:00,2.7,160
2026-05-26T19:00,10.5,276
2026-05-26T20:00,2.3,309
2026-05-26T21:00,8.0,205
2026-05-26T22:00,3.4,90
2026-05-26T23:00,13.3,35
2026-05-27T00:00,13.3,41
2026-05-27T01:00,13.1,44
2026-05-27T02:00,14.6,33
2026-05-27T03:00,13.7,32
2026-05-27T04:00,12.5,27
2026-05-27T05:00,7.1,38
2026-05-27T06:00,10.2,30
2026-05-27T07:00,10.8,47
2026-05-27T08:00,13.9,67
2026-05-27T09:00,9.9,58
2026-05-27T10:00,2.9,68
2026-05-27T11:00,6.3,217
2026-05-27T12:00,7.1,234
2026-05-27T13:00,15.7,271
2026-05-27T14:00,9.0,272
2026-05-27T15:00,4.9,88
2026-05-27T16:00,4.2,155
2026-05-27T17:00,7.8,356
2026-05-27T18:00,5.9,104
2026-05-27T19:00,6.2,64
2026-05-27T20:00,4.5,50
2026-05-27T21:00,9.4,40
2026-05-27T22:00,5.9,38
2026-05-27T23:00,6.8,48
2026-05-28T00:00,8.1,37
2026-05-28T01:00,8.1,43
2026-05-28T02:00,9.1,39
2026-05-28T03:00,11.5,30
2026-05-28T04:00,10.2,30
2026-05-28T05:00,4.8,59
2026-05-28T06:00,6.2,54
2026-05-28T07:00,3.7,79
2026-05-28T08:00,3.5,129
2026-05-28T09:00,3.5,125
2026-05-28T10:00,6.2,139
2026-05-28T11:00,8.8,176
2026-05-28T12:00,7.8,157
2026-05-28T13:00,8.0,138
2026-05-28T14:00,8.1,133
2026-05-28T15:00,8.5,132
2026-05-28T16:00,8.4,137
2026-05-28T17:00,9.3,151
2026-05-28T18:00,6.7,109
2026-05-28T19:00,3.2,71
2026-05-28T20:00,4.5,29
2026-05-28T21:00,7.6,25
2026-05-28T22:00,8.7,30
2026-05-28T23:00,7.6,38
2026-05-29T00:00,9.6,43
2026-05-29T01:00,9.7,40
2026-05-29T02:00,10.3,41
2026-05-29T03:00,11.6,42
2026-05-29T04:00,12.6,41
2026-05-29T05:00,9.1,39
2026-05-29T06:00,11.1,50
2026-05-29T07:00,7.7,62
2026-05-29T08:00,3.1,114
2026-05-29T09:00,3.1,204
2026-05-29T10:00,5.6,225
2026-05-29T11:00,9.0,223
2026-05-29T12:00,9.2,197
2026-05-29T13:00,8.4,191
2026-05-29T14:00,9.9,190
2026-05-29T15:00,8.9,189
2026-05-29T16:00,10.5,187
2026-05-29T17:00,9.1,195
2026-05-29T18:00,8.3,179
2026-05-29T19:00,2.7,113
2026-05-29T20:00,3.6,33
2026-05-29T21:00,6.7,20
2026-05-29T22:00,7.2,19
2026-05-29T23:00,5.2,31
2026-05-30T00:00,9.1,25
2026-05-30T01:00,10.1,27
2026-05-30T02:00,10.9,34
2026-05-30T03:00,11.2,38
2026-05-30T04:00,11.1,46
2026-05-30T05:00,8.4,40
2026-05-30T06:00,12.3,51
2026-05-30T07:00,10.6,43
2026-05-30T08:00,9.0,43
2026-05-30T09:00,9.3,50
2026-05-30T10:00,8.2,54
2026-05-30T11:00,8.4,80
2026-05-30T12:00,6.6,35
2026-05-30T13:00,5.2,360
2026-05-30T14:00,3.1,280
2026-05-30T15:00,4.9,231
2026-05-30T16:00,4.8,191
2026-05-30T17:00,9.0,181
2026-05-30T18:00,8.7,167
2026-05-30T19:00,4.7,130
2026-05-30T20:00,3.8,59
2026-05-30T21:00,6.7,27
2026-05-30T22:00,8.7,30
2026-05-30T23:00,8.7,38
2026-05-31T00:00,11.5,32
2026-05-31T01:00,11.4,28
2026-05-31T02:00,11.4,28
2026-05-31T03:00,11.5,35
2026-05-31T04:00,12.1,44
2026-05-31T05:00,10.2,42
2026-05-31T06:00,13.4,49
2026-05-31T07:00,11.7,45
2026-05-31T08:00,10.3,41
2026-05-31T09:00,9.9,45
2026-05-31T10:00,10.9,57
2026-05-31T11:00,7.3,50
2026-05-31T12:00,5.7,35
2026-05-31T13:00,5.5,148
2026-05-31T14:00,11.7,175
2026-05-31T15:00,8.5,173
2026-05-31T16:00,7.4,154
2026-05-31T17:00,9.1,173
2026-05-31T18:00,6.1,130
2026-05-31T19:00,3.6,90
2026-05-31T20:00,7.5,50
2026-05-31T21:00,8.0,36
2026-05-31T22:00,9.8,28
2026-05-31T23:00,9.1,32
2026-06-01T00:00,10.5,38
2026-06-01T01:00,11.2,46
2026-06-01T02:00,12.7,50
2026-06-01T03:00,12.6,49
2026-06-01T04:00,11.7,52
2026-06-01T05:00,13.2,39
2026-06-01T06:00,12.9,50
2026-06-01T07:00,12.0,35
2026-06-01T08:00,10.2,37
2026-06-01T09:00,9.3,50
2026-06-01T10:00,8.0,6
2026-06-01T11:00,0.3,315
2026-06-01T12:00,13.6,203
2026-06-01T13:00,12.5,4
2026-06-01T14:00,4.2,198
2026-06-01T15:00,7.4,61
2026-06-01T16:00,10.6,350
2026-06-01T17:00,6.7,95
2026-06-01T18:00,1.5,201
2026-06-01T19:00,4.2,263
2026-06-01T20:00,4.2,59
2026-06-01T21:00,6.3,37
2026-06-01T22:00,6.4,38
2026-06-01T23:00,3.8,45
2026-06-02T00:00,5.6,22
2026-06-02T01:00,8.5,29
2026-06-02T02:00,9.3,34
2026-06-02T03:00,11.8,27
2026-06-02T04:00,11.9,42
2026-06-02T05:00,9.0,44
2026-06-02T06:00,10.8,54
2026-06-02T07:00,8.3,49
2026-06-02T08:00,4.9,84
2026-06-02T09:00,2.8,101
2026-06-02T10:00,2.7,176
2026-06-02T11:00,6.0,209
2026-06-02T12:00,12.5,235
2026-06-02T13:00,20.1,254
2026-06-02T14:00,15.1,238
2026-06-02T15:00,8.6,202
2026-06-02T16:00,5.3,135
2026-06-02T17:00,5.8,173
2026-06-02T18:00,4.4,199
2026-06-02T19:00,4.5,34
2026-06-02T20:00,5.2,16
2026-06-02T21:00,4.4,353
2026-06-02T22:00,3.4,342
2026-06-02T23:00,1.0,338
2026-06-03T00:00,1.5,339
2026-06-03T01:00,0.6,342
2026-06-03T02:00,0.8,243
2026-06-03T03:00,1.3,16
2026-06-03T04:00,3.5,21
2026-06-03T05:00,3.2,34
2026-06-03T06:00,4.7,23
2026-06-03T07:00,4.0,85
2026-06-03T08:00,4.2,130
2026-06-03T09:00,5.6,163
2026-06-03T10:00,8.1,168
2026-06-03T11:00,13.2,175
2026-06-03T12:00,12.9,168
2026-06-03T13:00,13.3,170
2026-06-03T14:00,13.3,189
2026-06-03T15:00,12.6,204
2026-06-03T16:00,11.2,220
2026-06-03T17:00,11.5,250
2026-06-03T18:00,10.3,232
2026-06-03T19:00,8.6,231
2026-06-03T20:00,5.3,192
2026-06-03T21:00,3.1,152
2026-06-03T22:00,2.3,23
2026-06-03T23:00,2.1,31
2026-06-04T00:00,2.2,355
2026-06-04T01:00,4.7,2
2026-06-04T02:00,5.0,15
2026-06-04T03:00,4.7,16
2026-06-04T04:00,5.0,19
2026-06-04T05:00,4.4,30
2026-06-04T06:00,8.0,25
2026-06-04T07:00,5.9,47
2026-06-04T08:00,3.5,105
2026-06-04T09:00,3.4,183
2026-06-04T10:00,7.1,214
2026-06-04T11:00,11.2,235
2026-06-04T12:00,9.6,221
2026-06-04T13:00,7.2,193
2026-06-04T14:00,10.7,211
2026-06-04T15:00,3.7,125
2026-06-04T16:00,5.3,172
2026-06-04T17:00,7.7,181
2026-06-04T18:00,8.4,191
2026-06-04T19:00,5.5,153
2026-06-04T20:00,2.4,77
2026-06-04T21:00,2.7,32
2026-06-04T22:00,3.9,13
2026-06-04T23:00,3.9,28
2026-06-05T00:00,4.0,10
2026-06-05T01:00,4.8,11
2026-06-05T02:00,5.4,15
2026-06-05T03:00,8.2,26
2026-06-05T04:00,9.0,33
2026-06-05T05:00,5.4,21
2026-06-05T06:00,9.8,36
2026-06-05T07:00,6.6,81
2026-06-05T08:00,4.7,164
2026-06-05T09:00,8.1,183
2026-06-05T10:00,12.4,190
2026-06-05T11:00,12.2,204
2026-06-05T12:00,11.7,217
2026-06-05T13:00,12.1,208
2026-06-05T14:00,12.0,224
2026-06-05T15:00,11.2,249
2026-06-05T16:00,10.5,245
2026-06-05T17:00,9.4,211
2026-06-05T18:00,11.4,173
2026-06-05T19:00,7.7,149
2026-06-05T20:00,3.9,68
2026-06-05T21:00,5.2,29
2026-06-05T22:00,3.9,16
2026-06-05T23:00,3.0,14
2026-06-06T00:00,2.7,23
2026-06-06T01:00,5.3,24
2026-06-06T02:00,6.9,33
2026-06-06T03:00,7.8,37
2026-06-06T04:00,8.1,37
2026-06-06T05:00,5.7,37
2026-06-06T06:00,8.3,41
2026-06-06T07:00,4.7,92
2026-06-06T08:00,5.1,172
2026-06-06T09:00,8.3,186
2026-06-06T10:00,9.4,181
2026-06-06T11:00,10.2,197
2026-06-06T12:00,10.0,186
2026-06-06T13:00,7.8,202
2026-06-06T14:00,12.1,184
2026-06-06T15:00,7.7,216
2026-06-06T16:00,6.4,170
2026-06-06T17:00,9.4,181
2026-06-06T18:00,11.0,177
2026-06-06T19:00,7.8,157
2026-06-06T20:00,3.6,93
2026-06-06T21:00,5.8,39
2026-06-06T22:00,6.7,20
2026-06-06T23:00,5.4,40
2026-06-07T00:00,6.8,22
2026-06-07T01:00,8.0,25
2026-06-07T02:00,8.0,28
2026-06-07T03:00,8.2,29
2026-06-07T04:00,8.9,29
2026-06-07T05:00,6.3,37
2026-06-07T06:00,8.8,39
2026-06-07T07:00,5.8,68
2026-06-07T08:00,3.5,125
2026-06-07T09:00,3.6,180
2026-06-07T10:00,6.1,192
2026-06-07T11:00,9.7,204
2026-06-07T12:00,10.0,200
2026-06-07T13:00,9.7,202
2026-06-07T14:00,10.1,182
2026-06-07T15:00,12.2,171
2026-06-07T16:00,12.4,171
2026-06-07T17:00,12.4,178
2026-06-07T18:00,7.9,153
2026-06-07T19:00,3.2,93
2026-06-07T20:00,3.9,43
2026-06-07T21:00,7.5,21
2026-06-07T22:00,9.2,16
2026-06-07T23:00,6.3,35
2026-06-08T00:00,9.6,26
2026-06-08T01:00,8.9,24
2026-06-08T02:00,8.9,28
2026-06-08T03:00,10.1,31
2026-06-08T04:00,11.1,34
2026-06-08T05:00,9.0,35
2026-06-08T06:00,12.6,38
2026-06-08T07:00,9.5,46
2026-06-08T08:00,5.3,72
2026-06-08T09:00,2.2,99
2026-06-08T10:00,2.8,162
2026-06-08T11:00,8.3,166
2026-06-08T12:00,8.3,156
2026-06-08T13:00,5.4,138
2026-06-08T14:00,8.0,149
2026-06-08T15:00,11.1,163
2026-06-08T16:00,11.2,164
2026-06-08T17:00,11.9,176
2026-06-08T18:00,8.4,137
2026-06-08T19:00,4.1,92
2026-06-08T20:00,2.8,40
2026-06-08T21:00,5.8,14
2026-06-08T22:00,6.2,15
2026-06-08T23:00,5.7,35
2026-06-09T00:00,7.5,27
2026-06-09T01:00,8.9,42
2026-06-09T02:00,9.3,43
2026-06-09T03:00,9.6,40
2026-06-09T04:00,9.8,40
2026-06-09T05:00,6.1,50
2026-06-09T06:00,8.5,1
2026-06-09T07:00,6.3,275
2026-06-09T08:00,13.4,217
2026-06-09T09:00,3.4,196
2026-06-09T10:00,3.1,183
2026-06-09T11:00,9.9,68
2026-06-09T12:00,9.4,64
2026-06-09T13:00,3.4,108
2026-06-09T14:00,6.1,180
2026-06-09T15:00,7.5,197
2026-06-09T16:00,9.2,219
2026-06-09T17:00,12.5,224
2026-06-09T18:00,9.5,224
2026-06-09T19:00,3.4,177
2026-06-09T20:00,3.1,77
2026-06-09T21:00,4.8,31
2026-06-09T22:00,6.5,13
2026-06-09T23:00,5.6,25
2026-06-10T00:00,8.0,14
2026-06-10T01:00,10.7,22
2026-06-10T02:00,11.2,26
2026-06-10T03:00,11.7,29
2026-06-10T04:00,12.3,35
2026-06-10T05:00,7.8,32
2026-06-10T06:00,9.7,35
2026-06-10T07:00,6.0,49
2026-06-10T08:00,1.9,131
2026-06-10T09:00,4.4,215
2026-06-10T10:00,6.6,229
2026-06-10T11:00,8.6,240
2026-06-10T12:00,10.0,253
2026-06-10T13:00,13.7,238
2026-06-10T14:00,8.6,202
2026-06-10T15:00,8.8,235
2026-06-10T16:00,5.9,207
2026-06-10T17:00,8.7,227
2026-06-10T18:00,8.7,202
2026-06-10T19:00,7.4,181
2026-06-10T20:00,3.0,123
2026-06-10T21:00,1.4,23
2026-06-10T22:00,0.3,315
2026-06-10T23:00,1.0,329
2026-06-11T00:00,1.7,347
2026-06-11T01:00,1.6,354
2026-06-11T02:00,2.0,5
2026-06-11T03:00,2.5,8
2026-06-11T04:00,3.6,9
2026-06-11T05:00,3.6,18
2026-06-11T06:00,4.6,13
2026-06-11T07:00,3.5,102
2026-06-11T08:00,3.3,174
2026-06-11T09:00,6.1,194
2026-06-11T10:00,10.2,203
2026-06-11T11:00,12.2,217
2026-06-11T12:00,10.4,201
2026-06-11T13:00,11.2,201
2026-06-11T14:00,11.1,196
2026-06-11T15:00,12.6,200
2026-06-11T16:00,12.9,200
2026-06-11T17:00,12.6,208
2026-06-11T18:00,12.8,200
2026-06-11T19:00,9.4,169
2026-06-11T20:00,3.9,103
2026-06-11T21:00,3.0,38
2026-06-11T22:00,4.2,10
2026-06-11T23:00,1.6,6
2026-06-12T00:00,2.7,360
2026-06-12T01:00,5.3,8
2026-06-12T02:00,6.9,15
2026-06-12T03:00,8.8,19
2026-06-12T04:00,8.5,25
2026-06-12T05:00,5.2,22
2026-06-12T06:00,7.2,22
2026-06-12T07:00,5.0,69
2026-06-12T08:00,3.6,135
2026-06-12T09:00,4.5,173
2026-06-12T10:00,6.9,175
2026-06-12T11:00,10.1,186
2026-06-12T12:00,10.2,166
2026-06-12T13:00,12.1,169
2026-06-12T14:00,13.7,175
2026-06-12T15:00,13.9,180
2026-06-12T16:00,13.6,185
2026-06-12T17:00,9.3,227
2026-06-12T18:00,8.7,201
2026-06-12T19:00,7.6,162
2026-06-12T20:00,3.5,66
2026-06-12T21:00,7.7,28
2026-06-12T22:00,8.3,6
2026-06-12T23:00,7.0,13
2026-06-13T00:00,8.5,12
2026-06-13T01:00,9.1,25
2026-06-13T02:00,9.0,26
2026-06-13T03:00,9.7,24
2026-06-13T04:00,10.3,25
2026-06-13T05:00,7.3,38
2026-06-13T06:00,9.7,35
2026-06-13T07:00,6.9,49
2026-06-13T08:00,3.3,112
2026-06-13T09:00,3.4,162
2026-06-13T10:00,4.6,201
2026-06-13T11:00,8.7,223
2026-06-13T12:00,9.2,222
2026-06-13T13:00,12.4,189
2026-06-13T14:00,15.6,187
2026-06-13T15:00,14.2,204
2026-06-13T16:00,11.3,217
2026-06-13T17:00,13.4,220
2026-06-13T18:00,14.1,187
2026-06-13T19:00,7.0,136
2026-06-13T20:00,6.1,58
2026-06-13T21:00,6.9,23
2026-06-13T22:00,7.3,16
2026-06-13T23:00,5.6,33
2026-06-14T00:00,4.9,10
2026-06-14T01:00,7.8,22
2026-06-14T02:00,9.5,25
2026-06-14T03:00,10.4,26
2026-06-14T04:00,11.3,29
2026-06-14T05:00,10.3,36
2026-06-14T06:00,12.3,40
2026-06-14T07:00,9.4,38
2026-06-14T08:00,5.5,52
2026-06-14T09:00,3.6,30
2026-06-14T10:00,3.3,292
2026-06-14T11:00,7.2,257
2026-06-14T12:00,9.3,234
2026-06-14T13:00,3.7,194
2026-06-14T14:00,6.7,182
2026-06-14T15:00,7.5,165
2026-06-14T16:00,6.7,211
2026-06-14T17:00,13.4,175
2026-06-14T18:00,4.8,149
2026-06-14T19:00,6.8,87
2026-06-14T20:00,6.1,43
2026-06-14T21:00,4.6,13
2026-06-14T22:00,5.8,16
2026-06-14T23:00,5.0,35
2026-06-15T00:00,7.2,12
2026-06-15T01:00,10.0,20
2026-06-15T02:00,11.4,28
2026-06-15T03:00,12.2,28
2026-06-15T04:00,12.8,29
2026-06-15T05:00,9.0,35
2026-06-15T06:00,12.2,38
2026-06-15T07:00,9.6,47
2026-06-15T08:00,5.6,61
2026-06-15T09:00,2.7,98
2026-06-15T10:00,2.3,184
2026-06-15T11:00,7.2,199
2026-06-15T12:00,8.3,180
2026-06-15T13:00,7.4,179
2026-06-15T14:00,8.9,171
2026-06-15T15:00,12.6,204
2026-06-15T16:00,14.4,212
2026-06-15T17:00,7.6,282
2026-06-15T18:00,4.4,171
2026-06-15T19:00,5.3,168
2026-06-15T20:00,2.3,4
2026-06-15T21:00,5.0,2
2026-06-15T22:00,4.7,9
2026-06-15T23:00,5.0,30
2026-06-16T00:00,5.5,13
2026-06-16T01:00,4.4,12
2026-06-16T02:00,3.8,5
2026-06-16T03:00,4.7,7
2026-06-16T04:00,6.3,15
2026-06-16T05:00,4.7,18
2026-06-16T06:00,7.4,23
2026-06-16T07:00,5.9,52
2026-06-16T08:00,3.3,119
2026-06-16T09:00,3.6,180
2026-06-16T10:00,6.9,187
2026-06-16T11:00,12.6,197
2026-06-16T12:00,12.9,193
2026-06-16T13:00,14.3,205
2026-06-16T14:00,12.3,214
2026-06-16T15:00,10.5,218
2026-06-16T16:00,11.0,236
2026-06-16T17:00,10.8,255
2026-06-16T18:00,8.0,245
2026-06-16T19:00,5.0,224
2026-06-16T20:00,4.9,208
2026-06-16T21:00,1.4,90
2026-06-16T22:00,1.6,360
2026-06-16T23:00,1.1,18
2026-06-17T00:00,3.3,6
2026-06-17T01:00,5.5,17
2026-06-17T02:00,6.4,22
2026-06-17T03:00,7.3,31
2026-06-17T04:00,7.7,30
2026-06-17T05:00,4.5,61
2026-06-17T06:00,6.7,27
2026-06-17T07:00,3.7,61
2026-06-17T08:00,0.9,127
2026-06-17T09:00,1.3,196
2026-06-17T10:00,6.5,193
2026-06-17T11:00,10.1,204
2026-06-17T12:00,9.7,245
2026-06-17T13:00,9.7,208
2026-06-17T14:00,1.7,13
2026-06-17T15:00,5.4,194
2026-06-17T16:00,12.7,224
2026-06-17T17:00,11.2,195
2026-06-17T18:00,6.0,185
2026-06-17T19:00,5.3,80
2026-06-17T20:00,5.0,49
2026-06-17T21:00,3.7,11
2026-06-17T22:00,0.7,346
2026-06-17T23:00,3.6,20
2026-06-18T00:00,4.1,358
2026-06-18T01:00,6.5,19
2026-06-18T02:00,6.5,19
2026-06-18T03:00,5.8,22
2026-06-18T04:00,8.4,28
2026-06-18T05:00,6.0,33
2026-06-18T06:00,6.9,43
2026-06-18T07:00,4.8,75
2026-06-18T08:00,2.9,133
2026-06-18T09:00,2.9,187
2026-06-18T10:00,5.3,246
2026-06-18T11:00,11.3,279
2026-06-18T12:00,0.4,153
2026-06-18T13:00,5.6,222
2026-06-18T14:00,10.5,213
2026-06-18T15:00,9.6,196
2026-06-18T16:00,9.8,203
2026-06-18T17:00,11.7,201
2026-06-18T18:00,10.5,219
2026-06-18T19:00,14.7,231
2026-06-18T20:00,4.6,201
2026-06-18T21:00,0.4,270
2026-06-18T22:00,1.1,360
2026-06-18T23:00,2.3,29
2026-06-19T00:00,2.7,356
2026-06-19T01:00,1.3,344
2026-06-19T02:00,1.3,352
2026-06-19T03:00,2.9,7
2026-06-19T04:00,5.1,6
2026-06-19T05:00,3.1,298
2026-06-19T06:00,9.3,347
2026-06-19T07:00,2.7,42
2026-06-19T08:00,1.2,153
2026-06-19T09:00,3.1,187
2026-06-19T10:00,3.0,166
2026-06-19T11:00,11.9,248
2026-06-19T12:00,5.9,243
2026-06-19T13:00,3.6,162
2026-06-19T14:00,5.0,35
2026-06-19T15:00,5.6,15
2026-06-19T16:00,4.7,230
2026-06-19T17:00,4.5,233
2026-06-19T18:00,6.7,236
2026-06-19T19:00,6.1,251
2026-06-19T20:00,2.4,17
2026-06-19T21:00,3.4,25
2026-06-19T22:00,4.0,8
2026-06-19T23:00,1.8,24
2026-06-20T00:00,2.2,355
2026-06-20T01:00,2.5,360
2026-06-20T02:00,3.5,12
2026-06-20T03:00,4.8,15
2026-06-20T04:00,4.5,16
2026-06-20T05:00,4.5,40
2026-06-20T06:00,4.5,37
2026-06-20T07:00,4.2,173
2026-06-20T08:00,1.9,139
2026-06-20T09:00,2.4,163
2026-06-20T10:00,4.8,222
2026-06-20T11:00,10.6,215
2026-06-20T12:00,7.4,214
2026-06-20T13:00,10.1,192
2026-06-20T14:00,12.5,195
2026-06-20T15:00,10.6,212
2026-06-20T16:00,9.0,244
2026-06-20T17:00,7.0,192
2026-06-20T18:00,8.1,145
2026-06-20T19:00,6.0,99
2026-06-20T20:00,4.1,67
2026-06-20T21:00,3.9,28
2026-06-20T22:00,5.5,11
2026-06-20T23:00,5.0,26
2026-06-21T00:00,5.8,9
2026-06-21T01:00,5.1,17
2026-06-21T02:00,3.9,24
2026-06-21T03:00,4.3,24
2026-06-21T04:00,4.0,32
2026-06-21T05:00,6.1,45
2026-06-21T06:00,8.6,41
2026-06-21T07:00,5.6,84
2026-06-21T08:00,4.6,138
2026-06-21T09:00,6.2,173
2026-06-21T10:00,2.7,212
2026-06-21T11:00,9.0,165
2026-06-21T12:00,1.0,225
2026-06-21T13:00,9.5,180
2026-06-21T14:00,8.9,187
2026-06-21T15:00,9.2,180
2026-06-21T16:00,8.7,163
2026-06-21T17:00,7.2,166
2026-06-21T18:00,5.6,149
2026-06-21T19:00,5.9,121
2026-06-21T20:00,2.8,75
2026-06-21T21:00,2.0,5
2026-06-21T22:00,3.6,360
2026-06-21T23:00,3.9,37
2026-06-22T00:00,7.2,25
2026-06-22T01:00,8.8,33
2026-06-22T02:00,7.3,40
2026-06-22T03:00,5.9,27
2026-06-22T04:00,6.4,36
2026-06-22T05:00,6.4,52
2026-06-22T06:00,7.9,43
2026-06-22T07:00,6.0,73
2026-06-22T08:00,4.2,108
2026-06-22T09:00,3.5,105
2026-06-22T10:00,4.3,158
2026-06-22T11:00,4.8,236
2026-06-22T12:00,3.4,74
2026-06-22T13:00,6.5,156
2026-06-22T14:00,6.7,156
2026-06-22T15:00,7.8,161
2026-06-22T16:00,9.0,102
2026-06-22T17:00,6.7,128
2026-06-22T18:00,4.4,117
2026-06-22T19:00,5.8,97
2026-06-22T20:00,3.6,60
2026-06-22T21:00,4.4,30
2026-06-22T22:00,5.5,13
2026-06-22T23:00,5.3,10
2026-06-23T00:00,6.7,19
2026-06-23T01:00,8.9,29
2026-06-23T02:00,10.3,27
2026-06-23T03:00,10.8,33
2026-06-23T04:00,12.0,40
2026-06-23T05:00,7.6,45
2026-06-23T06:00,9.6,50
2026-06-23T07:00,6.2,68
2026-06-23T08:00,5.0,71
2026-06-23T09:00,3.7,61
2026-06-23T10:00,1.5,69
2026-06-23T11:00,2.3,203
2026-06-23T12:00,3.4,254
2026-06-23T13:00,3.6,225
2026-06-23T14:00,8.0,234
2026-06-23T15:00,8.9,218
2026-06-23T16:00,9.1,212
2026-06-23T17:00,10.5,211
2026-06-23T18:00,6.4,220
2026-06-23T19:00,1.7,167
2026-06-23T20:00,3.0,73
2026-06-23T21:00,4.8,20
2026-06-23T22:00,4.6,13
2026-06-23T23:00,3.1,24
2026-06-24T00:00,5.8,9
2026-06-24T01:00,7.5,24
2026-06-24T02:00,7.5,24
2026-06-24T03:00,7.7,30
2026-06-24T04:00,8.5,32
2026-06-24T05:00,4.2,25
2026-06-24T06:00,8.7,24
2026-06-24T07:00,1.4,230
2026-06-24T08:00,1.1,279
2026-06-24T09:00,2.6,196
2026-06-24T10:00,1.9,287
2026-06-24T11:00,5.2,292
2026-06-24T12:00,10.8,233
2026-06-24T13:00,4.7,266
2026-06-24T14:00,6.7,236
2026-06-24T15:00,5.4,228
2026-06-24T16:00,3.1,187
2026-06-24T17:00,7.7,162
2026-06-24T18:00,0.6,146
2026-06-24T19:00,4.5,5
2026-06-24T20:00,2.9,22
2026-06-24T21:00,3.2,16
2026-06-24T22:00,3.9,13
2026-06-24T23:00,6.1,23
2026-06-25T00:00,7.4,7
2026-06-25T01:00,7.1,16
2026-06-25T02:00,7.7,16
2026-06-25T03:00,9.6,23
2026-06-25T04:00,11.6,21
2026-06-25T05:00,9.7,24
2026-06-25T06:00,13.5,29
2026-06-25T07:00,9.0,47
2026-06-25T08:00,2.6,102
2026-06-25T09:00,2.2,180
2026-06-25T10:00,2.5,180
2026-06-25T11:00,5.9,225
2026-06-25T12:00,4.7,212
2026-06-25T13:00,4.5,187
2026-06-25T14:00,6.3,162
2026-06-25T15:00,7.1,156
2026-06-25T16:00,9.0,164
2026-06-25T17:00,7.3,157
2026-06-25T18:00,5.0,128
2026-06-25T19:00,2.8,75
2026-06-25T20:00,4.9,28
2026-06-25T21:00,7.4,18
2026-06-25T22:00,7.9,21
2026-06-25T23:00,6.8,27
2026-06-26T00:00,10.3,22
2026-06-26T01:00,10.4,26
2026-06-26T02:00,10.5,35
2026-06-26T03:00,11.2,40
2026-06-26T04:00,11.3,37
2026-06-26T05:00,7.1,36
2026-06-26T06:00,8.8,33
2026-06-26T07:00,6.3,37
2026-06-26T08:00,4.9,57
2026-06-26T09:00,2.8,50
2026-06-26T10:00,1.5,45
2026-06-26T11:00,4.7,272
2026-06-26T12:00,7.7,219
2026-06-26T13:00,1.9,202
2026-06-26T14:00,6.6,154
2026-06-26T15:00,5.8,185
2026-06-26T16:00,2.2,138
2026-06-26T17:00,4.4,9
2026-06-26T18:00,1.5,76
2026-06-26T19:00,1.1,189
2026-06-26T20:00,2.0,10
2026-06-26T21:00,5.6,21
2026-06-26T22:00,8.5,27
2026-06-26T23:00,8.8,28
2026-06-27T00:00,11.4,18
2026-06-27T01:00,12.8,26
2026-06-27T02:00,12.6,28
2026-06-27T03:00,13.2,31
2026-06-27T04:00,13.7,28
2026-06-27T05:00,8.2,29
2026-06-27T06:00,12.5,28
2026-06-27T07:00,7.8,8
2026-06-27T08:00,2.1,329
2026-06-27T09:00,8.2,303
2026-06-27T10:00,8.3,6
2026-06-27T11:00,13.5,49
2026-06-27T12:00,1.5,225
2026-06-27T13:00,8.9,339
2026-06-27T14:00,4.8,211
2026-06-27T15:00,13.8,193
2026-06-27T16:00,5.5,128
2026-06-27T17:00,11.2,195
2026-06-27T18:00,10.7,166
2026-06-27T19:00,5.0,88
2026-06-27T20:00,8.2,36
2026-06-27T21:00,7.7,12
2026-06-27T22:00,8.2,8
2026-06-27T23:00,9.4,32
2026-06-28T00:00,12.2,27
2026-06-28T01:00,13.5,29
2026-06-28T02:00,13.6,34
2026-06-28T03:00,13.9,34
2026-06-28T04:00,13.4,36
2026-06-28T05:00,11.1,42
2026-06-28T06:00,13.0,46
2026-06-28T07:00,10.7,45
2026-06-28T08:00,7.5,50
2026-06-28T09:00,4.7,50
2026-06-28T10:00,3.1,294
2026-06-28T11:00,9.6,320
2026-06-28T12:00,5.4,340
2026-06-28T13:00,4.4,153
2026-06-28T14:00,3.2,196
2026-06-28T15:00,7.2,179
2026-06-28T16:00,7.0,132
2026-06-28T17:00,8.1,121
2026-06-28T18:00,7.4,90
2026-06-28T19:00,7.3,54
2026-06-28T20:00,10.2,28
2026-06-28T21:00,10.5,24
2026-06-28T22:00,10.5,19
2026-06-28T23:00,9.6,60
2026-06-29T00:00,9.9,35
2026-06-29T01:00,12.6,24
2026-06-29T02:00,12.5,27
2026-06-29T03:00,13.1,29
2026-06-29T04:00,13.1,29
2026-06-29T05:00,9.2,23
2026-06-29T06:00,6.3,24
2026-06-29T07:00,7.9,227
2026-06-29T08:00,2.2,336
2026-06-29T09:00,5.1,264
2026-06-29T10:00,12.0,235
2026-06-29T11:00,12.5,227
2026-06-29T12:00,7.3,222
2026-06-29T13:00,9.9,218
2026-06-29T14:00,8.3,204
2026-06-29T15:00,9.9,199
2026-06-29T16:00,7.0,198
2026-06-29T17:00,8.0,188
2026-06-29T18:00,4.3,180
2026-06-29T19:00,5.8,189
2026-06-29T20:00,4.7,212
2026-06-29T21:00,2.4,257
2026-06-29T22:00,2.9,317
2026-06-29T23:00,1.0,338
2026-06-30T00:00,9.1,321
2026-06-30T01:00,4.6,291
2026-06-30T02:00,3.1,329
2026-06-30T03:00,4.0,87
2026-06-30T04:00,1.7,18
2026-06-30T05:00,0.5,315
2026-06-30T06:00,7.3,332
2026-06-30T07:00,2.5,262
2026-06-30T08:00,1.3,90
2026-06-30T09:00,4.7,238
2026-06-30T10:00,4.7,230
2026-06-30T11:00,6.5,219
2026-06-30T12:00,7.7,252
2026-06-30T13:00,10.2,212
2026-06-30T14:00,1.8,180
2026-06-30T15:00,9.6,208
2026-06-30T16:00,9.6,206
2026-06-30T17:00,6.5,214
2026-06-30T18:00,6.9,208
2026-06-30T19:00,2.5,150
2026-06-30T20:00,3.0,237
2026-06-30T21:00,0.6,342
2026-06-30T22:00,0.5,180
2026-06-30T23:00,2.0,270
2026-07-01T00:00,3.2,223
2026-07-01T01:00,1.5,21
2026-07-01T02:00,0.4,360
2026-07-01T03:00,1.2,333
2026-07-01T04:00,0.9,11
2026-07-01T05:00,1.7,41
2026-07-01T06:00,3.9,24
2026-07-01T07:00,4.4,35
2026-07-01T08:00,3.3,22
2026-07-01T09:00,3.4,313
2026-07-01T10:00,5.8,274
2026-07-01T11:00,8.8,255
2026-07-01T12:00,7.7,234
2026-07-01T13:00,6.4,188
2026-07-01T14:00,6.1,183
2026-07-01T15:00,8.4,199
2026-07-01T16:00,10.5,199
2026-07-01T17:00,8.8,189
2026-07-01T18:00,6.9,175
2026-07-01T19:00,5.9,162
2026-07-01T20:00,2.9,112
2026-07-01T21:00,1.9,17
2026-07-01T22:00,2.4,351
2026-07-01T23:00,2.7,37
2026-07-02T00:00,5.3,18
2026-07-02T01:00,6.7,14
2026-07-02T02:00,4.4,21
2026-07-02T03:00,4.4,38
2026-07-02T04:00,4.4,30
2026-07-02T05:00,3.2,38
2026-07-02T06:00,2.1,38
2026-07-02T07:00,1.1,162
2026-07-02T08:00,6.0,207
2026-07-02T09:00,7.8,214
2026-07-02T10:00,8.5,216
2026-07-02T11:00,15.5,239
2026-07-02T12:00,20.0,251
2026-07-02T13:00,18.1,247
2026-07-02T14:00,18.9,237
2026-07-02T15:00,15.4,225
2026-07-02T16:00,7.2,176
2026-07-02T17:00,4.3,163
2026-07-02T18:00,5.4,176
2026-07-02T19:00,5.1,176
2026-07-02T20:00,2.8,130
2026-07-02T21:00,2.6,78
2026-07-02T22:00,1.8,45
2026-07-02T23:00,2.1,121
2026-07-03T00:00,2.3,58
2026-07-03T01:00,2.3,51
2026-07-03T02:00,5.2,74
2026-07-03T03:00,2.7,53
2026-07-03T04:00,1.2,117
2026-07-03T05:00,1.4,360
2026-07-03T06:00,4.1,15
2026-07-03T07:00,4.2,47
2026-07-03T08:00,2.4,77
2026-07-03T09:00,0.7,166
2026-07-03T10:00,2.7,208
2026-07-03T11:00,5.9,211
2026-07-03T12:00,5.5,193
2026-07-03T13:00,7.9,192
2026-07-03T14:00,10.2,187
2026-07-03T15:00,12.4,179
2026-07-03T16:00,12.7,191
2026-07-03T17:00,9.7,196
2026-07-03T18:00,11.9,177
2026-07-03T19:00,5.9,133
2026-07-03T20:00,2.2,90
2026-07-03T21:00,0.6,18
2026-07-03T22:00,4.3,303
2026-07-03T23:00,2.8,11
2026-07-04T00:00,4.7,332
2026-07-04T01:00,2.7,332
2026-07-04T02:00,7.4,229
2026-07-04T03:00,10.0,234
2026-07-04T04:00,2.9,223
2026-07-04T05:00,3.1,170
2026-07-04T06:00,3.7,119
2026-07-04T07:00,6.2,123
2026-07-04T08:00,6.3,110
2026-07-04T09:00,4.0,150
2026-07-04T10:00,6.4,190
2026-07-04T11:00,7.3,205
2026-07-04T12:00,7.4,209
2026-07-04T13:00,8.2,194
2026-07-04T14:00,9.6,223
2026-07-04T15:00,10.7,221
2026-07-04T16:00,10.7,239
2026-07-04T17:00,13.5,205
2026-07-04T18:00,7.6,207
2026-07-04T19:00,3.9,158
2026-07-04T20:00,2.3,72
2026-07-04T21:00,2.7,23
2026-07-04T22:00,4.6,21
2026-07-04T23:00,4.5,29
2026-07-05T00:00,8.5,21
2026-07-05T01:00,10.5,25
2026-07-05T02:00,10.5,27
2026-07-05T03:00,11.3,34
2026-07-05T04:00,11.9,39
2026-07-05T05:00,9.9,45
2026-07-05T06:00,11.7,52
2026-07-05T07:00,9.1,56
2026-07-05T08:00,6.8,61
2026-07-05T09:00,3.9,68
2026-07-05T10:00,1.3,124
2026-07-05T11:00,5.3,208
2026-07-05T12:00,5.1,186
2026-07-05T13:00,6.7,177
2026-07-05T14:00,9.1,172
2026-07-05T15:00,10.3,179
2026-07-05T16:00,10.5,176
2026-07-05T17:00,10.7,174
2026-07-05T18:00,7.7,159
2026-07-05T19:00,4.2,100
2026-07-05T20:00,3.7,67
2026-07-05T21:00,3.6,37
2026-07-05T22:00,3.7,23
2026-07-05T23:00,2.5,8
2026-07-06T00:00,4.7,9
2026-07-06T01:00,5.4,20
2026-07-06T02:00,5.8,26
2026-07-06T03:00,5.8,26
2026-07-06T04:00,6.5,23
2026-07-06T05:00,3.1,24
2026-07-06T06:00,6.5,24
2026-07-06T07:00,5.4,50
2026-07-06T08:00,2.0,117
2026-07-06T09:00,1.8,186
2026-07-06T10:00,3.6,200
2026-07-06T11:00,7.1,223
2026-07-06T12:00,8.6,206
2026-07-06T13:00,10.5,200
2026-07-06T14:00,11.6,195
2026-07-06T15:00,12.2,193
2026-07-06T16:00,14.2,198
2026-07-06T17:00,11.4,213
2026-07-06T18:00,10.1,191
2026-07-06T19:00,9.1,171
2026-07-06T20:00,2.9,97
2026-07-06T21:00,3.8,31
2026-07-06T22:00,5.1,17
2026-07-06T23:00,3.9,43
2026-07-07T00:00,4.2,18
2026-07-07T01:00,5.7,13
2026-07-07T02:00,7.2,18
2026-07-07T03:00,7.5,20
2026-07-07T04:00,7.6,22
2026-07-07T05:00,4.6,26
2026-07-07T06:00,6.8,25
2026-07-07T07:00,5.0,52
2026-07-07T08:00,3.8,149
2026-07-07T09:00,4.1,178
2026-07-07T10:00,4.1,193
2026-07-07T11:00,6.7,234
2026-07-07T12:00,8.8,215
2026-07-07T13:00,10.8,210
2026-07-07T14:00,10.5,205
2026-07-07T15:00,10.7,197
2026-07-07T16:00,11.5,219
2026-07-07T17:00,6.2,229
2026-07-07T18:00,9.5,191
2026-07-07T19:00,10.0,165
2026-07-07T20:00,4.0,98
2026-07-07T21:00,5.9,40
2026-07-07T22:00,6.0,16
2026-07-07T23:00,6.4,36
2026-07-08T00:00,7.8,23
2026-07-08T01:00,7.5,10
2026-07-08T02:00,7.1,16
2026-07-08T03:00,7.4,23
2026-07-08T04:00,9.0,30
2026-07-08T05:00,5.9,35
2026-07-08T06:00,10.1,46
2026-07-08T07:00,7.4,68
2026-07-08T08:00,3.8,131
2026-07-08T09:00,6.5,177
2026-07-08T10:00,9.3,188
2026-07-08T11:00,11.7,207
2026-07-08T12:00,12.2,193
2026-07-08T13:00,12.8,184
2026-07-08T14:00,13.5,179
2026-07-08T15:00,13.5,184
2026-07-08T16:00,13.2,197
2026-07-08T17:00,11.3,228
2026-07-08T18:00,10.7,203
2026-07-08T19:00,8.0,164
2026-07-08T20:00,3.4,87
2026-07-08T21:00,5.9,35
2026-07-08T22:00,7.2,25
2026-07-08T23:00,7.7,36
2026-07-09T00:00,8.2,23
2026-07-09T01:00,8.7,21
2026-07-09T02:00,9.4,23
2026-07-09T03:00,9.7,27
2026-07-09T04:00,10.4,30
2026-07-09T05:00,8.3,30
2026-07-09T06:00,11.4,38
2026-07-09T07:00,8.2,54
2026-07-09T08:00,3.5,105
2026-07-09T09:00,2.7,157
2026-07-09T10:00,3.3,171
2026-07-09T11:00,6.9,189
2026-07-09T12:00,6.8,182
2026-07-09T13:00,7.8,189
2026-07-09T14:00,10.8,190
2026-07-09T15:00,11.8,189
2026-07-09T16:00,10.4,190
2026-07-09T17:00,8.5,204
2026-07-09T18:00,8.3,182
2026-07-09T19:00,5.3,145
2026-07-09T20:00,3.3,61
2026-07-09T21:00,4.8,27
2026-07-09T22:00,7.2,14
2026-07-09T23:00,7.5,27
2026-07-10T00:00,8.4,16
2026-07-10T01:00,8.4,20
2026-07-10T02:00,8.6,23
2026-07-10T03:00,9.5,29
2026-07-10T04:00,9.4,29
2026-07-10T05:00,6.9,30
2026-07-10T06:00,10.4,32
2026-07-10T07:00,7.9,35
2026-07-10T08:00,2.4,63
2026-07-10T09:00,2.8,225
2026-07-10T10:00,5.6,237
2026-07-10T11:00,10.8,234
2026-07-10T12:00,14.2,237
2026-07-10T13:00,13.8,230
2026-07-10T14:00,13.2,214
2026-07-10T15:00,14.7,208
2026-07-10T16:00,13.9,197
2026-07-10T17:00,12.7,213
2026-07-10T18:00,13.7,202
2026-07-10T19:00,9.2,176
2026-07-10T20:00,3.3,119
2026-07-10T21:00,2.8,50
2026-07-10T22:00,3.0,14
2026-07-10T23:00,4.0,32
2026-07-11T00:00,6.1,14
2026-07-11T01:00,6.2,8
2026-07-11T02:00,7.1,15
2026-07-11T03:00,6.7,19
2026-07-11T04:00,6.5,19
2026-07-11T05:00,6.4,25
2026-07-11T06:00,10.2,36
2026-07-11T07:00,7.3,40
2026-07-11T08:00,2.0,185
2026-07-11T09:00,6.8,222
2026-07-11T10:00,5.6,207
2026-07-11T11:00,8.9,220
2026-07-11T12:00,10.3,215
2026-07-11T13:00,15.0,228
2026-07-11T14:00,14.4,228
2026-07-11T15:00,15.5,232
2026-07-11T16:00,14.1,242
2026-07-11T17:00,11.2,53
2026-07-11T18:00,8.0,104
2026-07-11T19:00,5.3,100
2026-07-11T20:00,2.3,39
2026-07-11T21:00,1.5,14
2026-07-11T22:00,2.0,10
2026-07-11T23:00,1.5,346
2026-07-12T00:00,4.9,358
2026-07-12T01:00,5.0,13
2026-07-12T02:00,6.1,19
2026-07-12T03:00,7.6,19
2026-07-12T04:00,8.3,22
2026-07-12T05:00,5.6,7
2026-07-12T06:00,8.3,16
2026-07-12T07:00,5.6,42
2026-07-12T08:00,1.8,96
2026-07-12T09:00,3.4,212
2026-07-12T10:00,8.7,238
2026-07-12T11:00,9.8,263
2026-07-12T12:00,0.5,45
2026-07-12T13:00,7.9,159
2026-07-12T14:00,11.4,186
2026-07-12T15:00,4.4,55
2026-07-12T16:00,5.0,21
2026-07-12T17:00,5.4,105
2026-07-12T18:00,5.0,136
2026-07-12T19:00,6.8,162
2026-07-12T20:00,3.3,68
2026-07-12T21:00,4.3,28
2026-07-12T22:00,5.4,8
2026-07-12T23:00,6.8,22
2026-07-13T00:00,9.3,22
2026-07-13T01:00,10.5,22
2026-07-13T02:00,11.0,30
2026-07-13T03:00,9.9,35
2026-07-13T04:00,9.9,38
2026-07-13T05:00,7.4,41
2026-07-13T06:00,10.1,44
2026-07-13T07:00,8.5,62
2026-07-13T08:00,4.5,90
2026-07-13T09:00,4.1,146
2026-07-13T10:00,7.6,166
2026-07-13T11:00,14.0,196
2026-07-13T12:00,14.7,192
2026-07-13T13:00,16.1,193
2026-07-13T14:00,16.1,196
2026-07-13T15:00,17.2,204
2026-07-13T16:00,16.0,203
2026-07-13T17:00,14.1,196
2026-07-13T18:00,13.4,175
2026-07-13T19:00,7.0,122
2026-07-13T20:00,6.2,60
2026-07-13T21:00,8.6,36
2026-07-13T22:00,8.1,35
2026-07-13T23:00,8.2,40
2026-07-14T00:00,7.5,33
2026-07-14T01:00,8.9,28
2026-07-14T02:00,9.7,35
2026-07-14T03:00,9.2,31
2026-07-14T04:00,9.9,32
2026-07-14T05:00,7.2,51
2026-07-14T06:00,9.8,44
2026-07-14T07:00,7.6,63
2026-07-14T08:00,4.3,105
2026-07-14T09:00,4.9,176
2026-07-14T10:00,8.8,197
2026-07-14T11:00,12.9,200
2026-07-14T12:00,12.7,201
2026-07-14T13:00,13.8,200
2026-07-14T14:00,13.6,195
2026-07-14T15:00,14.0,195
2026-07-14T16:00,13.0,182
2026-07-14T17:00,11.8,193
2026-07-14T18:00,12.2,172
2026-07-14T19:00,6.5,120
2026-07-14T20:00,6.7,70
2026-07-14T21:00,6.9,39
2026-07-14T22:00,7.7,36
2026-07-14T23:00,5.8,36
2026-07-15T00:00,7.7,25
2026-07-15T01:00,8.5,29
2026-07-15T02:00,9.7,31
2026-07-15T03:00,10.3,31
2026-07-15T04:00,10.7,30
2026-07-15T05:00,7.9,33
2026-07-15T06:00,11.4,35
2026-07-15T07:00,8.1,47
2026-07-15T08:00,2.7,113
2026-07-15T09:00,5.2,200
2026-07-15T10:00,6.4,218
2026-07-15T11:00,9.1,221
2026-07-15T12:00,9.4,222
2026-07-15T13:00,10.4,228
2026-07-15T14:00,10.7,211
2026-07-15T15:00,10.9,207
2026-07-15T16:00,11.8,199
2026-07-15T17:00,13.6,210
2026-07-15T18:00,10.8,191
2026-07-15T19:00,8.5,167
2026-07-15T20:00,3.5,78
2026-07-15T21:00,6.5,32
2026-07-15T22:00,6.5,28
2026-07-15T23:00,5.2,34
2026-07-16T00:00,7.2,25
2026-07-16T01:00,9.5,22
2026-07-16T02:00,9.4,20
2026-07-16T03:00,10.5,24
2026-07-16T04:00,10.8,30
2026-07-16T05:00,8.7,30
2026-07-16T06:00,11.1,31
2026-07-16T07:00,8.8,39
2026-07-16T08:00,4.2,72
2026-07-16T09:00,1.8,156
2026-07-16T10:00,4.2,239
2026-07-16T11:00,7.7,240
2026-07-16T12:00,12.2,243
2026-07-16T13:00,13.0,245
2026-07-16T14:00,12.6,243
2026-07-16T15:00,12.0,226
2026-07-16T16:00,12.7,203
2026-07-16T17:00,9.4,210
2026-07-16T18:00,8.0,198
2026-07-16T19:00,4.0,175
2026-07-16T20:00,1.9,56
2026-07-16T21:00,4.4,19
2026-07-16T22:00,5.2,6
2026-07-16T23:00,4.5,5
2026-07-17T00:00,6.1,5
2026-07-17T01:00,7.7,18
2026-07-17T02:00,8.0,20
2026-07-17T03:00,8.9,24
2026-07-17T04:00,9.3,25
2026-07-17T05:00,6.2,26
2026-07-17T06:00,9.0,31
2026-07-17T07:00,6.5,39
2026-07-17T08:00,2.4,81
2026-07-17T09:00,2.2,194
2026-07-17T10:00,5.4,233
2026-07-17T11:00,10.5,231
2026-07-17T12:00,14.7,233
2026-07-17T13:00,14.0,232
2026-07-17T14:00,12.8,220
2026-07-17T15:00,13.1,203
2026-07-17T16:00,13.9,194
2026-07-17T17:00,11.6,201
2026-07-17T18:00,13.0,191
2026-07-17T19:00,8.3,166
2026-07-17T20:00,3.1,80
2026-07-17T21:00,3.4,32
2026-07-17T22:00,3.5,15
2026-07-17T23:00,4.0,30
2026-07-18T00:00,4.6,13
2026-07-18T01:00,7.2,14
2026-07-18T02:00,7.2,19
2026-07-18T03:00,9.2,28
2026-07-18T04:00,10.7,29
2026-07-18T05:00,8.1,31
2026-07-18T06:00,10.7,37
2026-07-18T07:00,8.0,28
2026-07-18T08:00,3.1,66
2026-07-18T09:00,1.1,189
2026-07-18T10:00,5.9,230
2026-07-18T11:00,11.9,229
2026-07-18T12:00,16.8,232
2026-07-18T13:00,15.2,237
2026-07-18T14:00,11.6,229
2026-07-18T15:00,11.9,203
2026-07-18T16:00,13.7,185
2026-07-18T17:00,12.5,191
2026-07-18T18:00,11.2,175
2026-07-18T19:00,6.9,147
2026-07-18T20:00,2.5,90
2026-07-18T21:00,2.5,30
2026-07-18T22:00,3.0,25
2026-07-18T23:00,2.4,36
2026-07-19T00:00,4.2,18
2026-07-19T01:00,6.1,12
2026-07-19T02:00,7.5,20
2026-07-19T03:00,7.5,21
2026-07-19T04:00,7.3,20
2026-07-19T05:00,6.3,15
2026-07-19T06:00,8.4,23
2026-07-19T07:00,6.5,24
2026-07-19T08:00,1.2,51
2026-07-19T09:00,1.9,248
2026-07-19T10:00,5.8,240
2026-07-19T11:00,10.8,233
2026-07-19T12:00,10.3,235
2026-07-19T13:00,11.3,222
2026-07-19T14:00,12.2,209
2026-07-19T15:00,13.2,194
2026-07-19T16:00,14.7,192
2026-07-19T17:00,14.3,208
2026-07-19T18:00,13.1,198
2026-07-19T19:00,9.4,169
2026-07-19T20:00,4.0,122
2026-07-19T21:00,2.7,42
2026-07-19T22:00,3.8,11
2026-07-19T23:00,2.5,45
2026-07-20T00:00,3.4,6
2026-07-20T01:00,6.0,16
2026-07-20T02:00,7.8,26
2026-07-20T03:00,9.4,26
2026-07-20T04:00,9.1,30
2026-07-20T05:00,6.2,21
2026-07-20T06:00,8.7,21
2026-07-20T07:00,4.8,27
2026-07-20T08:00,1.7,229
2026-07-20T09:00,5.1,260
2026-07-20T10:00,7.1,249
2026-07-20T11:00,9.7,236
2026-07-20T12:00,11.9,235
2026-07-20T13:00,12.6,229
2026-07-20T14:00,13.6,212
2026-07-20T15:00,15.3,197
2026-07-20T16:00,15.0,197
2026-07-20T17:00,14.5,197
2026-07-20T18:00,12.4,190
2026-07-20T19:00,9.7,178
2026-07-20T20:00,7.0,168
2026-07-20T21:00,2.0,117
2026-07-20T22:00,2.4,54
2026-07-20T23:00,3.5,62
2026-07-21T00:00,3.8,5
2026-07-21T01:00,1.0,315
2026-07-21T02:00,4.1,225
2026-07-21T03:00,3.1,201
2026-07-21T04:00,3.2,199
2026-07-21T05:00,1.9,202
2026-07-21T06:00,6.2,229
2026-07-21T07:00,6.9,221
2026-07-21T08:00,6.9,210
2026-07-21T09:00,2.4,207
2026-07-21T10:00,3.1,239
2026-07-21T11:00,12.6,204
2026-07-21T12:00,12.8,202
2026-07-21T13:00,14.9,207
2026-07-21T14:00,17.1,216
2026-07-21T15:00,18.7,222
2026-07-21T16:00,17.3,231
2026-07-21T17:00,17.5,222
2026-07-21T18:00,16.6,239
2026-07-21T19:00,13.2,215
2026-07-21T20:00,13.6,191
2026-07-21T21:00,7.6,165
2026-07-21T22:00,4.7,86
2026-07-21T23:00,4.1,113
2026-07-22T00:00,0.6,108
2026-07-22T01:00,0.6,34
2026-07-22T02:00,2.3,61
2026-07-22T03:00,2.7,62
2026-07-22T04:00,2.9,90
2026-07-22T05:00,2.0,85
2026-07-22T06:00,5.7,58
2026-07-22T07:00,4.3,92
2026-07-22T08:00,4.8,135
2026-07-22T09:00,6.2,163
2026-07-22T10:00,9.2,168
2026-07-22T11:00,8.2,203
2026-07-22T12:00,10.8,191
2026-07-22T13:00,14.1,197
2026-07-22T14:00,16.4,203
2026-07-22T15:00,18.0,205
2026-07-22T16:00,16.3,208
2026-07-22T17:00,14.7,203
2026-07-22T18:00,11.6,185
2026-07-22T19:00,8.1,151
2026-07-22T20:00,6.6,112
2026-07-22T21:00,4.4,99
2026-07-22T22:00,3.8,90
2026-07-22T23:00,6.3,92
2026-07-23T00:00,3.1,66
2026-07-23T01:00,5.3,33
2026-07-23T02:00,6.5,23
2026-07-23T03:00,5.2,34
2026-07-23T04:00,5.6,33
2026-07-23T05:00,7.0,21
2026-07-23T06:00,10.6,32
2026-07-23T07:00,12.1,2
2026-07-23T08:00,8.3,354
2026-07-23T09:00,5.7,349
2026-07-23T10:00,3.1,152
2026-07-23T11:00,7.2,202
2026-07-23T12:00,7.3,211
2026-07-23T13:00,11.0,201
2026-07-23T14:00,10.6,210
2026-07-23T15:00,14.4,211
2026-07-23T16:00,17.2,210
2026-07-23T17:00,9.3,251
2026-07-23T18:00,12.4,214
2026-07-23T19:00,10.7,189
2026-07-23T20:00,4.8,146
2026-07-23T21:00,2.6,56
2026-07-23T22:00,3.1,13
2026-07-23T23:00,3.6,357
2026-07-24T00:00,1.2,309
2026-07-24T01:00,7.5,40
2026-07-24T02:00,5.9,45
2026-07-24T03:00,5.5,36
2026-07-24T04:00,5.7,37
2026-07-24T05:00,3.7,35
2026-07-24T06:00,5.2,27
2026-07-24T07:00,3.6,87
2026-07-24T08:00,2.7,157
2026-07-24T09:00,4.0,183
2026-07-24T10:00,6.0,183
2026-07-24T11:00,8.1,215
2026-07-24T12:00,11.0,190
2026-07-24T13:00,13.0,186
2026-07-24T14:00,14.2,187
2026-07-24T15:00,14.3,186
2026-07-24T16:00,13.8,188
2026-07-24T17:00,13.2,195
2026-07-24T18:00,12.2,181
2026-07-24T19:00,9.6,159
2026-07-24T20:00,3.8,101
2026-07-24T21:00,4.4,63
2026-07-24T22:00,5.5,38
2026-07-24T23:00,4.0,36
2026-07-25T00:00,6.4,16
2026-07-25T01:00,8.1,18
2026-07-25T02:00,8.2,22
2026-07-25T03:00,6.8,25
2026-07-25T04:00,6.1,34
2026-07-25T05:00,4.8,27
2026-07-25T06:00,6.8,35
2026-07-25T07:00,5.2,78
2026-07-25T08:00,3.5,152
2026-07-25T09:00,4.9,184
2026-07-25T10:00,5.3,198
2026-07-25T11:00,9.0,213
2026-07-25T12:00,10.4,200
2026-07-25T13:00,12.4,201
2026-07-25T14:00,14.7,199
2026-07-25T15:00,16.7,199
2026-07-25T16:00,16.8,198
2026-07-25T17:00,13.2,214
2026-07-25T18:00,13.8,211
2026-07-25T19:00,12.7,187
2026-07-25T20:00,6.5,152
2026-07-25T21:00,2.8,63
2026-07-25T22:00,3.2,27
2026-07-25T23:00,3.9,62
2026-07-26T00:00,3.9,28
2026-07-26T01:00,4.3,22
2026-07-26T02:00,6.5,32
2026-07-26T03:00,7.5,35
2026-07-26T04:00,8.1,32
2026-07-26T05:00,6.5,23
2026-07-26T06:00,9.1,27
2026-07-26T07:00,7.8,52
2026-07-26T08:00,3.6,72
2026-07-26T09:00,1.2,51
2026-07-26T10:00,1.0,248
2026-07-26T11:00,5.1,197
2026-07-26T12:00,7.7,192
2026-07-26T13:00,9.8,197
2026-07-26T14:00,11.6,201
2026-07-26T15:00,12.4,201
2026-07-26T16:00,11.8,197
2026-07-26T17:00,11.4,205
2026-07-26T18:00,10.6,195
2026-07-26T19:00,7.0,168
2026-07-26T20:00,3.0,73
2026-07-26T21:00,5.4,37
2026-07-26T22:00,5.0,19
2026-07-26T23:00,5.2,29
2026-07-27T00:00,6.7,8
2026-07-27T01:00,6.5,14
2026-07-27T02:00,6.3,15
2026-07-27T03:00,6.0,27
2026-07-27T04:00,6.3,35
2026-07-27T05:00,3.8,19
2026-07-27T06:00,5.8,26
2026-07-27T07:00,4.8,68
2026-07-27T08:00,2.6,168
2026-07-27T09:00,4.4,212
2026-07-27T10:00,6.7,224
2026-07-27T11:00,12.5,231
2026-07-27T12:00,13.5,218
2026-07-27T13:00,14.7,206
2026-07-27T14:00,15.7,200
2026-07-27T15:00,14.5,197
2026-07-27T16:00,15.0,203
2026-07-27T17:00,13.1,214
2026-07-27T18:00,13.4,200
2026-07-27T19:00,11.3,178
2026-07-27T20:00,5.0,150
2026-07-27T21:00,3.0,73
2026-07-27T22:00,4.8,42
2026-07-27T23:00,6.3,77
2026-07-28T00:00,5.9,43
2026-07-28T01:00,6.2,26
2026-07-28T02:00,6.7,20
2026-07-28T03:00,7.0,18
2026-07-28T04:00,7.0,23
2026-07-28T05:00,4.9,10
2026-07-28T06:00,7.0,21
2026-07-28T07:00,6.2,41
2026-07-28T08:00,2.8,72
2026-07-28T09:00,2.2,171
2026-07-28T10:00,4.9,216
2026-07-28T11:00,7.5,230
2026-07-28T12:00,10.3,227
2026-07-28T13:00,11.7,224
2026-07-28T14:00,13.0,211
2026-07-28T15:00,14.4,196
2026-07-28T16:00,15.2,193
2026-07-28T17:00,14.1,210
2026-07-28T18:00,14.3,197
2026-07-28T19:00,10.3,169
2026-07-28T20:00,3.2,87
2026-07-28T21:00,4.1,41
2026-07-28T22:00,3.9,34
2026-07-28T23:00,3.6,37
2026-07-29T00:00,3.8,8
2026-07-29T01:00,3.8,11
2026-07-29T02:00,3.9,13
2026-07-29T03:00,4.4,21
2026-07-29T04:00,4.8,29
2026-07-29T05:00,3.4,18
2026-07-29T06:00,6.5,34
2026-07-29T07:00,5.9,47
2026-07-29T08:00,1.7,131
2026-07-29T09:00,1.7,193
2026-07-29T10:00,3.2,199
2026-07-29T11:00,5.9,211
2026-07-29T12:00,8.3,207
2026-07-29T13:00,10.8,212
2026-07-29T14:00,13.3,208
2026-07-29T15:00,14.8,206
2026-07-29T16:00,14.9,205
2026-07-29T17:00,13.4,216
2026-07-29T18:00,14.1,202
2026-07-29T19:00,9.2,181
2026-07-29T20:00,2.9,68
2026-07-29T21:00,5.4,37
2026-07-29T22:00,4.8,31
2026-07-29T23:00,3.9,47
2026-07-30T00:00,3.2,19
2026-07-30T01:00,2.8,15
2026-07-30T02:00,2.5,21
2026-07-30T03:00,3.4,25
2026-07-30T04:00,4.3,28
2026-07-30T05:00,3.7,11
2026-07-30T06:00,6.1,28
2026-07-30T07:00,5.6,42
2026-07-30T08:00,1.4,157
2026-07-30T09:00,1.9,214
2026-07-30T10:00,3.9,227
2026-07-30T11:00,7.7,237
2026-07-30T12:00,9.5,224
2026-07-30T13:00,11.7,216
2026-07-30T14:00,13.6,210
2026-07-30T15:00,13.4,204
2026-07-30T16:00,14.0,198
2026-07-30T17:00,13.6,217
2026-07-30T18:00,13.4,200
2026-07-30T19:00,8.2,170
2026-07-30T20:00,3.1,83
2026-07-30T21:00,4.6,42
2026-07-30T22:00,5.2,29
2026-07-30T23:00,4.8,42
2026-07-31T00:00,4.1,13
2026-07-31T01:00,5.1,17
2026-07-31T02:00,5.4,20
2026-07-31T03:00,5.5,23
2026-07-31T04:00,5.2,27
2026-07-31T05:00,3.6,20
2026-07-31T06:00,4.9,33
2026-07-31T07:00,6.2,41
2026-07-31T08:00,0.9,90
2026-07-31T09:00,2.9,259
2026-07-31T10:00,6.4,259
2026-07-31T11:00,9.0,244
2026-07-31T12:00,11.9,240
2026-07-31T13:00,12.8,236
2026-07-31T14:00,14.7,223
2026-07-31T15:00,14.3,213
2026-07-31T16:00,12.6,200
2026-07-31T17:00,13.5,217
2026-07-31T18:00,14.4,204
2026-07-31T19:00,11.4,176
2026-07-31T20:00,5.1,141
2026-07-31T21:00,2.5,60
2026-07-31T22:00,3.1,24
2026-07-31T23:00,3.8,59
2026-08-01T00:00,5.1,18
2026-08-01T01:00,4.7,18
2026-08-01T02:00,4.5,14
2026-08-01T03:00,4.8,25
2026-08-01T04:00,5.3,28
2026-08-01T05:00,4.0,18
2026-08-01T06:00,5.6,31
2026-08-01T07:00,6.0,46
2026-08-01T08:00,1.8,127
2026-08-01T09:00,2.1,218
2026-08-01T10:00,4.6,231
2026-08-01T11:00,8.5,228
2026-08-01T12:00,11.6,217
2026-08-01T13:00,13.9,216
2026-08-01T14:00,14.9,211
2026-08-01T15:00,15.2,210
2026-08-01T16:00,15.1,209
2026-08-01T17:00,13.4,224
2026-08-01T18:00,13.3,205
2026-08-01T19:00,10.6,176
2026-08-01T20:00,3.6,90
2026-08-01T21:00,5.7,37
2026-08-01T22:00,5.7,24
2026-08-01T23:00,5.0,46
2026-08-02T00:00,5.6,17
2026-08-02T01:00,4.1,15
2026-08-02T02:00,3.8,19
2026-08-02T03:00,3.6,27
2026-08-02T04:00,4.2,25
2026-08-02T05:00,4.4,30
2026-08-02T06:00,6.0,29
2026-08-02T07:00,6.2,41
2026-08-02T08:00,2.4,138
2026-08-02T09:00,4.6,191
2026-08-02T10:00,7.9,197
2026-08-02T11:00,11.6,204
2026-08-02T12:00,12.6,200
2026-08-02T13:00,14.4,208
2026-08-02T14:00,16.5,217
2026-08-02T15:00,16.6,221
2026-08-02T16:00,16.1,219
2026-08-02T17:00,13.9,231
2026-08-02T18:00,13.9,213
2026-08-02T19:00,11.3,190
2026-08-02T20:00,4.9,170
2026-08-02T21:00,2.1,105
2026-08-02T22:00,2.7,53
2026-08-02T23:00,2.6,65
2026-08-03T00:00,1.6,360
2026-08-03T01:00,0.6,342
2026-08-03T02:00,1.3,8
2026-08-03T03:00,2.4,17
2026-08-03T04:00,3.0,25
2026-08-03T05:00,2.3,39
2026-08-03T06:00,3.1,31
2026-08-03T07:00,3.6,84
2026-08-03T08:00,5.2,180
2026-08-03T09:00,7.9,197
2026-08-03T10:00,10.9,200
2026-08-03T11:00,12.8,212
2026-08-03T12:00,15.6,209
2026-08-03T13:00,17.1,207
2026-08-03T14:00,18.0,207
2026-08-03T15:00,17.4,214
2026-08-03T16:00,18.0,221
2026-08-03T17:00,15.6,233
2026-08-03T18:00,15.8,238
2026-08-03T19:00,12.7,230
2026-08-03T20:00,11.8,219
2026-08-03T21:00,8.5,218
2026-08-03T22:00,2.6,219
2026-08-03T23:00,1.8,174
2026-08-04T00:00,1.8,169
2026-08-04T01:00,2.2,95
2026-08-04T02:00,2.1,38
2026-08-04T03:00,2.3,61
2026-08-04T04:00,2.9,94
2026-08-04T05:00,2.3,86
2026-08-04T06:00,2.9,94
2026-08-04T07:00,0.6,108
2026-08-04T08:00,3.3,186
2026-08-04T09:00,6.7,188
2026-08-04T10:00,10.1,184
2026-08-04T11:00,16.6,238
2026-08-04T12:00,20.1,231
2026-08-04T13:00,18.5,236
2026-08-04T14:00,16.5,232
2026-08-04T15:00,17.2,244
2026-08-04T16:00,18.0,247
2026-08-04T17:00,19.4,230
2026-08-04T18:00,16.7,221
2026-08-04T19:00,11.8,206
2026-08-04T20:00,6.3,182
2026-08-04T21:00,3.6,147
2026-08-04T22:00,2.7,127
2026-08-04T23:00,3.5,111
2026-08-05T00:00,3.2,71
2026-08-05T01:00,3.0,57
2026-08-05T02:00,1.7,41
2026-08-05T03:00,1.9,49
2026-08-05T04:00,1.7,49
2026-08-05T05:00,1.0,31
2026-08-05T06:00,2.8,18
2026-08-05T07:00,2.8,125
2026-08-05T08:00,5.0,165
2026-08-05T09:00,7.1,171
2026-08-05T10:00,10.0,171
2026-08-05T11:00,11.1,193
2026-08-05T12:00,12.5,196
2026-08-05T13:00,13.8,208
2026-08-05T14:00,14.5,210
2026-08-05T15:00,15.2,215
2026-08-05T16:00,16.0,216
2026-08-05T17:00,14.4,228
2026-08-05T18:00,13.6,217
2026-08-05T19:00,13.1,195
2026-08-05T20:00,8.7,162
2026-08-05T21:00,3.1,130
2026-08-05T22:00,1.1,72
2026-08-05T23:00,2.8,63
2026-08-06T00:00,2.8,18
2026-08-06T01:00,2.8,18
2026-08-06T02:00,4.8,29
2026-08-06T03:00,5.9,35
2026-08-06T04:00,6.5,32
2026-08-06T05:00,5.0,26
2026-08-06T06:00,7.8,22
2026-08-06T07:00,5.0,44
2026-08-06T08:00,1.1,171
2026-08-06T09:00,2.3,238
2026-08-06T10:00,4.8,250
2026-08-06T11:00,7.6,239
2026-08-06T12:00,10.6,223
2026-08-06T13:00,14.1,217
2026-08-06T14:00,14.8,210
2026-08-06T15:00,14.1,197
2026-08-06T16:00,13.5,192
2026-08-06T17:00,13.1,212
2026-08-06T18:00,12.0,199
2026-08-06T19:00,9.9,177
2026-08-06T20:00,3.4,96
2026-08-06T21:00,4.0,39
2026-08-06T22:00,4.4,21
2026-08-06T23:00,3.6,41
2026-08-07T00:00,5.7,13
2026-08-07T01:00,5.5,9
2026-08-07T02:00,4.9,17
2026-08-07T03:00,4.9,24
2026-08-07T04:00,5.3,28
2026-08-07T05:00,4.9,28
2026-08-07T06:00,7.3,30
2026-08-07T07:00,5.9,45
2026-08-07T08:00,1.8,101
2026-08-07T09:00,1.4,220
2026-08-07T10:00,5.3,232
2026-08-07T11:00,11.9,240
2026-08-07T12:00,13.6,229
2026-08-07T13:00,14.8,216
2026-08-07T14:00,14.7,206
2026-08-07T15:00,14.0,203
2026-08-07T16:00,13.8,206
2026-08-07T17:00,12.3,215
2026-08-07T18:00,11.6,199
2026-08-07T19:00,7.7,155
2026-08-07T20:00,6.2,64
2026-08-07T21:00,8.8,39
2026-08-07T22:00,6.7,27
2026-08-07T23:00,3.8,31
2026-08-08T00:00,4.6,11
2026-08-08T01:00,5.4,20
2026-08-08T02:00,6.2,26
2026-08-08T03:00,6.6,29
2026-08-08T04:00,7.0,46
2026-08-08T05:00,5.0,21
2026-08-08T06:00,7.1,27
2026-08-08T07:00,6.8,48
2026-08-08T08:00,3.1,80
2026-08-08T09:00,1.3,98
2026-08-08T10:00,1.4,203
2026-08-08T11:00,6.3,239
2026-08-08T12:00,10.2,231
2026-08-08T13:00,12.7,234
2026-08-08T14:00,12.1,222
2026-08-08T15:00,13.2,200
2026-08-08T16:00,7.8,202
2026-08-08T17:00,11.7,191
2026-08-08T18:00,12.1,173
2026-08-08T19:00,8.3,132
2026-08-08T20:00,3.2,74
2026-08-08T21:00,3.0,17
2026-08-08T22:00,4.9,17
2026-08-08T23:00,4.0,10
2026-08-09T00:00,5.4,15
2026-08-09T01:00,6.1,23
2026-08-09T02:00,7.6,25
2026-08-09T03:00,8.5,32
2026-08-09T04:00,7.1,38
2026-08-09T05:00,4.5,29
2026-08-09T06:00,7.5,37
2026-08-09T07:00,6.1,50
2026-08-09T08:00,2.5,150
2026-08-09T09:00,3.1,187
2026-08-09T10:00,4.4,218
2026-08-09T11:00,8.2,209
2026-08-09T12:00,5.9,133
2026-08-09T13:00,4.1,139
2026-08-09T14:00,7.8,218
2026-08-09T15:00,12.6,241
2026-08-09T16:00,10.1,313
2026-08-09T17:00,8.2,237
2026-08-09T18:00,11.8,186
2026-08-09T19:00,6.9,131
2026-08-09T20:00,4.7,81
2026-08-09T21:00,3.5,66
2026-08-09T22:00,4.8,53
2026-08-09T23:00,4.3,48
2026-08-10T00:00,5.7,53
2026-08-10T01:00,7.6,38
2026-08-10T02:00,7.6,31
2026-08-10T03:00,8.3,34
2026-08-10T04:00,9.6,34
2026-08-10T05:00,6.6,41
2026-08-10T06:00,9.1,54
2026-08-10T07:00,8.6,51
2026-08-10T08:00,3.5,78
2026-08-10T09:00,1.5,150
2026-08-10T10:00,4.9,188
2026-08-10T11:00,6.7,226
2026-08-10T12:00,9.1,221
2026-08-10T13:00,12.3,195
2026-08-10T14:00,16.1,202
2026-08-10T15:00,16.4,201
2026-08-10T16:00,17.3,189
2026-08-10T17:00,16.9,196
2026-08-10T18:00,14.5,195
2026-08-10T19:00,7.3,197
2026-08-10T20:00,5.3,213
2026-08-10T21:00,3.5,141
2026-08-10T22:00,3.1,54
2026-08-10T23:00,3.2,56
2026-08-11T00:00,3.7,29
2026-08-11T01:00,6.5,24
2026-08-11T02:00,8.9,27
2026-08-11T03:00,9.1,27
2026-08-11T04:00,9.7,31
2026-08-11T05:00,5.7,35
2026-08-11T06:00,9.5,37
2026-08-11T07:00,8.3,41
2026-08-11T08:00,4.2,80
2026-08-11T09:00,2.7,132
2026-08-11T10:00,4.2,200
2026-08-11T11:00,6.6,209
2026-08-11T12:00,7.3,230
2026-08-11T13:00,8.4,200
2026-08-11T14:00,11.6,187
2026-08-11T15:00,12.6,176
2026-08-11T16:00,14.6,177
2026-08-11T17:00,10.4,219
2026-08-11T18:00,11.0,205
2026-08-11T19:00,9.6,167
2026-08-11T20:00,4.1,103
2026-08-11T21:00,5.5,32
2026-08-11T22:00,4.6,13
2026-08-11T23:00,3.9,34
2026-08-12T00:00,5.4,21
2026-08-12T01:00,7.1,15
2026-08-12T02:00,7.1,19
2026-08-12T03:00,6.5,19
2026-08-12T04:00,7.0,23
2026-08-12T05:00,5.6,27
2026-08-12T06:00,9.0,35
2026-08-12T07:00,9.0,43
2026-08-12T08:00,3.6,99
2026-08-12T09:00,3.8,177
2026-08-12T10:00,5.1,207
2026-08-12T11:00,7.6,223
2026-08-12T12:00,8.1,227
2026-08-12T13:00,10.6,201
2026-08-12T14:00,13.7,185
2026-08-12T15:00,16.7,187
2026-08-12T16:00,16.4,184
2026-08-12T17:00,17.8,187
2026-08-12T18:00,12.6,182
2026-08-12T19:00,3.3,99
2026-08-12T20:00,9.2,40
2026-08-12T21:00,8.6,31
2026-08-12T22:00,7.0,29
2026-08-12T23:00,4.8,29
2026-08-13T00:00,7.4,29
2026-08-13T01:00,8.6,29
2026-08-13T02:00,9.2,35
2026-08-13T03:00,9.8,36
2026-08-13T04:00,10.3,38
2026-08-13T05:00,6.3,27
2026-08-13T06:00,11.1,37
2026-08-13T07:00,10.6,47
2026-08-13T08:00,5.4,75
2026-08-13T09:00,2.2,114
2026-08-13T10:00,4.0,201
2026-08-13T11:00,11.3,234
2026-08-13T12:00,12.9,228
2026-08-13T13:00,15.3,217
2026-08-13T14:00,16.9,210
2026-08-13T15:00,15.8,209
2026-08-13T16:00,14.1,212
2026-08-13T17:00,11.6,213
2026-08-13T18:00,12.4,196
2026-08-13T19:00,8.3,178
2026-08-13T20:00,3.7,137
2026-08-13T21:00,3.4,43
2026-08-13T22:00,3.9,24
2026-08-13T23:00,4.1,41
2026-08-14T00:00,5.1,18
2026-08-14T01:00,5.4,14
2026-08-14T02:00,5.1,23
2026-08-14T03:00,5.6,29
2026-08-14T04:00,5.0,30
2026-08-14T05:00,3.7,29
2026-08-14T06:00,5.4,30
2026-08-14T07:00,6.4,52
2026-08-14T08:00,3.7,129
2026-08-14T09:00,5.3,172
2026-08-14T10:00,9.1,187
2026-08-14T11:00,10.5,200
2026-08-14T12:00,12.0,201
2026-08-14T13:00,14.7,208
2026-08-14T14:00,15.4,216
2026-08-14T15:00,13.6,223
2026-08-14T16:00,12.0,221
2026-08-14T17:00,10.0,221
2026-08-14T18:00,10.2,203
2026-08-14T19:00,7.1,164
2026-08-14T20:00,3.5,62
2026-08-14T21:00,6.2,22
2026-08-14T22:00,5.5,23
2026-08-14T23:00,3.3,49
2026-08-15T00:00,3.1,21
2026-08-15T01:00,4.4,27
2026-08-15T02:00,6.1,24
2026-08-15T03:00,6.9,30
2026-08-15T04:00,7.9,35
2026-08-15T05:00,5.6,29
2026-08-15T06:00,8.8,31
2026-08-15T07:00,8.9,43
2026-08-15T08:00,4.0,85
2026-08-15T09:00,1.8,180
2026-08-15T10:00,4.0,190
2026-08-15T11:00,7.6,205
2026-08-15T12:00,9.8,200
2026-08-15T13:00,11.4,201
2026-08-15T14:00,12.5,200
2026-08-15T15:00,12.6,205
2026-08-15T16:00,13.6,215
2026-08-15T17:00,11.6,215
2026-08-15T18:00,11.2,198
2026-08-15T19:00,7.2,167
2026-08-15T20:00,2.7,67
2026-08-15T21:00,3.8,25
2026-08-15T22:00,3.8,17
2026-08-15T23:00,2.4,54
2026-08-16T00:00,2.9,22
2026-08-16T01:00,3.0,14
2026-08-16T02:00,2.5,8
2026-08-16T03:00,3.3,22
2026-08-16T04:00,4.0,18
2026-08-16T05:00,4.8,31
2026-08-16T06:00,8.8,35
2026-08-16T07:00,2.4,13
2026-08-16T08:00,7.6,211
2026-08-16T09:00,5.1,184
2026-08-16T10:00,5.8,182
2026-08-16T11:00,10.3,216
2026-08-16T12:00,14.1,211
2026-08-16T13:00,14.7,202
2026-08-16T14:00,14.3,201
2026-08-16T15:00,14.6,201
2026-08-16T16:00,13.2,204
2026-08-16T17:00,14.5,212
2026-08-16T18:00,13.8,202
2026-08-16T19:00,10.7,186
2026-08-16T20:00,4.3,158
2026-08-16T21:00,2.4,73
2026-08-16T22:00,2.1,20
2026-08-16T23:00,1.3,16
2026-08-17T00:00,2.1,345
2026-08-17T01:00,0.4,360
2026-08-17T02:00,1.1,360
2026-08-17T03:00,1.3,16
2026-08-17T04:00,2.3,18
2026-08-17T05:00,1.3,34
2026-08-17T06:00,2.9,22
2026-08-17T07:00,3.2,43
2026-08-17T08:00,1.4,180
2026-08-17T09:00,3.9,204
2026-08-17T10:00,6.4,212
2026-08-17T11:00,10.9,216
2026-08-17T12:00,13.1,209
2026-08-17T13:00,14.3,208
2026-08-17T14:00,14.9,212
2026-08-17T15:00,16.2,214
2026-08-17T16:00,15.9,217
2026-08-17T17:00,13.9,220
2026-08-17T18:00,13.5,217
2026-08-17T19:00,10.3,195
2026-08-17T20:00,6.1,161
2026-08-17T21:00,2.2,81
2026-08-17T22:00,0.7,360
2026-08-17T23:00,1.1,162
2026-08-18T00:00,0.4,333
2026-08-18T01:00,0.4,333
2026-08-18T02:00,0.4,360
2026-08-18T03:00,0.7,14
2026-08-18T04:00,0.7,14
2026-08-18T05:00,1.7,41
2026-08-18T06:00,3.1,28
2026-08-18T07:00,3.4,74
2026-08-18T08:00,4.5,166
2026-08-18T09:00,5.2,174
2026-08-18T10:00,5.4,182
2026-08-18T11:00,7.9,207
2026-08-18T12:00,10.0,201
2026-08-18T13:00,12.3,203
2026-08-18T14:00,13.6,203
2026-08-18T15:00,13.4,204
2026-08-18T16:00,12.2,204
2026-08-18T17:00,10.4,219
2026-08-18T18:00,10.2,204
2026-08-18T19:00,5.5,171
2026-08-18T20:00,2.9,83
2026-08-18T21:00,3.6,41
2026-08-18T22:00,4.3,22
2026-08-18T23:00,5.2,41
2026-08-19T00:00,3.8,8
2026-08-19T01:00,3.9,13
2026-08-19T02:00,4.2,18
2026-08-19T03:00,4.8,20
2026-08-19T04:00,5.2,25
2026-08-19T05:00,4.4,32
2026-08-19T06:00,5.8,30
2026-08-19T07:00,6.6,37
2026-08-19T08:00,2.7,98
2026-08-19T09:00,2.8,135
2026-08-19T10:00,4.0,172
2026-08-19T11:00,7.3,190
2026-08-19T12:00,9.1,166
2026-08-19T13:00,11.3,167
2026-08-19T14:00,13.7,185
2026-08-19T15:00,13.7,191
2026-08-19T16:00,13.3,193
2026-08-19T17:00,12.4,193
2026-08-19T18:00,11.2,183
2026-08-19T19:00,4.5,130
2026-08-19T20:00,3.0,76
2026-08-19T21:00,2.3,45
2026-08-19T22:00,1.3,34
2026-08-19T23:00,1.5,76
2026-08-20T00:00,2.4,36
2026-08-20T01:00,1.0,31
2026-08-20T02:00,1.8,37
2026-08-20T03:00,2.8,35
2026-08-20T04:00,2.7,28
2026-08-20T05:00,2.3,51
2026-08-20T06:00,2.8,35
2026-08-20T07:00,3.5,62
2026-08-20T08:00,6.4,144
2026-08-20T09:00,8.8,163
2026-08-20T10:00,12.2,172
2026-08-20T11:00,15.2,174
2026-08-20T12:00,15.2,186
2026-08-20T13:00,17.8,210
2026-08-20T14:00,17.4,220
2026-08-20T15:00,15.2,228
2026-08-20T16:00,14.2,234
2026-08-20T17:00,12.2,244
2026-08-20T18:00,12.1,235
2026-08-20T19:00,10.8,212
2026-08-20T20:00,8.1,192
2026-08-20T21:00,4.9,156
2026-08-20T22:00,3.1,93
2026-08-20T23:00,3.1,90
2026-08-21T00:00,3.2,47
2026-08-21T01:00,3.5,62
2026-08-21T02:00,3.6,60
2026-08-21T03:00,4.3,68
2026-08-21T04:00,4.4,60
2026-08-21T05:00,3.4,65
2026-08-21T06:00,4.6,42
2026-08-21T07:00,5.8,56
2026-08-21T08:00,2.9,120
2026-08-21T09:00,3.9,158
2026-08-21T10:00,5.4,165
2026-08-21T11:00,8.8,185
2026-08-21T12:00,10.8,180
2026-08-21T13:00,13.1,193
2026-08-21T14:00,15.0,206
2026-08-21T15:00,15.5,208
2026-08-21T16:00,15.5,206
2026-08-21T17:00,14.4,218
2026-08-21T18:00,13.5,221
2026-08-21T19:00,9.7,202
2026-08-21T20:00,6.7,186
2026-08-21T21:00,4.5,187
2026-08-21T22:00,3.4,148
2026-08-21T23:00,1.8,84
2026-08-22T00:00,2.5,21
2026-08-22T01:00,1.7,32
2026-08-22T02:00,2.1,59
2026-08-22T03:00,2.5,45
2026-08-22T04:00,2.7,58
2026-08-22T05:00,2.2,99
2026-08-22T06:00,3.2,63
2026-08-22T07:00,5.2,94
2026-08-22T08:00,4.6,135
2026-08-22T09:00,7.0,168
2026-08-22T10:00,9.6,171
2026-08-22T11:00,9.8,188
2026-08-22T12:00,10.2,193
2026-08-22T13:00,16.3,214
2026-08-22T14:00,18.0,217
2026-08-22T15:00,20.3,220
2026-08-22T16:00,14.5,205
2026-08-22T17:00,4.5,85
2026-08-22T18:00,2.6,236
2026-08-22T19:00,4.8,110
2026-08-22T20:00,6.6,81
2026-08-22T21:00,3.2,38
2026-08-22T22:00,3.5,66
2026-08-22T23:00,3.8,73
2026-08-23T00:00,4.5,50
2026-08-23T01:00,5.7,44
2026-08-23T02:00,4.5,29
2026-08-23T03:00,2.9,43
2026-08-23T04:00,3.0,52
2026-08-23T05:00,2.5,60
2026-08-23T06:00,3.5,39
2026-08-23T07:00,4.9,82
2026-08-23T08:00,4.1,151
2026-08-23T09:00,7.1,165
2026-08-23T10:00,10.7,163
2026-08-23T11:00,12.6,182
2026-08-23T12:00,14.8,180
2026-08-23T13:00,17.2,191
2026-08-23T14:00,17.4,197
2026-08-23T15:00,16.3,201
2026-08-23T16:00,14.7,209
2026-08-23T17:00,14.1,220
2026-08-23T18:00,11.5,207
2026-08-23T19:00,8.9,173
2026-08-23T20:00,3.8,131
2026-08-23T21:00,3.3,36
2026-08-23T22:00,5.4,20
2026-08-23T23:00,4.4,27
2026-08-24T00:00,5.5,23
2026-08-24T01:00,5.2,31
2026-08-24T02:00,5.0,26
2026-08-24T03:00,5.0,26
2026-08-24T04:00,5.5,23
2026-08-24T05:00,2.9,30
2026-08-24T06:00,4.3,28
2026-08-24T07:00,5.2,65
2026-08-24T08:00,4.8,135
2026-08-24T09:00,7.8,158
2026-08-24T10:00,10.6,169
2026-08-24T11:00,15.8,181
2026-08-24T12:00,16.1,184
2026-08-24T13:00,15.0,206
2026-08-24T14:00,14.4,227
2026-08-24T15:00,14.2,244
2026-08-24T16:00,15.4,237
2026-08-24T17:00,16.1,257
2026-08-24T18:00,11.9,276
2026-08-24T19:00,7.3,205
2026-08-24T20:00,4.4,161
2026-08-24T21:00,2.6,102
2026-08-24T22:00,1.8,96
2026-08-24T23:00,3.5,125
2026-08-25T00:00,4.3,92
2026-08-25T01:00,4.7,81
2026-08-25T02:00,4.5,76
2026-08-25T03:00,4.5,76
2026-08-25T04:00,4.2,65
2026-08-25T05:00,2.3,67
2026-08-25T06:00,3.2,34
2026-08-25T07:00,3.4,87
2026-08-25T08:00,4.4,161
2026-08-25T09:00,5.8,171
2026-08-25T10:00,7.7,168
2026-08-25T11:00,9.9,178
2026-08-25T12:00,11.2,184
2026-08-25T13:00,12.4,193
2026-08-25T14:00,11.5,194
2026-08-25T15:00,11.1,196
2026-08-25T16:00,10.7,205
2026-08-25T17:00,10.1,224
2026-08-25T18:00,9.8,216
2026-08-25T19:00,4.9,186
2026-08-25T20:00,2.3,119
2026-08-25T21:00,2.8,40
2026-08-25T22:00,3.9,22
2026-08-25T23:00,4.4,35
2026-08-26T00:00,3.8,17
2026-08-26T01:00,3.7,11
2026-08-26T02:00,4.4,21
2026-08-26T03:00,6.0,25
2026-08-26T04:00,7.2,27
2026-08-26T05:00,5.2,14
2026-08-26T06:00,6.5,32
2026-08-26T07:00,7.1,36
2026-08-26T08:00,3.4,65
2026-08-26T09:00,0.4,153
2026-08-26T10:00,3.3,241
2026-08-26T11:00,6.6,249
2026-08-26T12:00,9.5,231
2026-08-26T13:00,9.7,204
2026-08-26T14:00,10.9,189
2026-08-26T15:00,11.9,183
2026-08-26T16:00,12.1,180
2026-08-26T17:00,11.8,189
2026-08-26T18:00,8.7,174
2026-08-26T19:00,2.9,101
2026-08-26T20:00,3.4,58
2026-08-26T21:00,4.3,33
2026-08-26T22:00,4.6,21
2026-08-26T23:00,4.0,36
2026-08-27T00:00,5.1,8
2026-08-27T01:00,5.9,18
2026-08-27T02:00,6.1,23
2026-08-27T03:00,6.4,27
2026-08-27T04:00,7.2,35
2026-08-27T05:00,6.2,33
2026-08-27T06:00,9.7,48
2026-08-27T07:00,9.3,43
2026-08-27T08:00,5.7,58
2026-08-27T09:00,1.8,101
2026-08-27T10:00,2.7,222
2026-08-27T11:00,6.6,248
2026-08-27T12:00,9.2,225
2026-08-27T13:00,11.0,205
2026-08-27T14:00,12.3,195
2026-08-27T15:00,13.0,197
2026-08-27T16:00,13.3,201
2026-08-27T17:00,12.5,216
2026-08-27T18:00,12.0,192
2026-08-27T19:00,5.2,149
2026-08-27T20:00,2.9,83
2026-08-27T21:00,2.9,43
2026-08-27T22:00,3.0,17
2026-08-27T23:00,3.3,36
2026-08-28T00:00,2.9,11
2026-08-28T01:00,1.8,360
2026-08-28T02:00,1.6,360
2026-08-28T03:00,2.4,13
2026-08-28T04:00,2.6,16
2026-08-28T05:00,2.7,23
2026-08-28T06:00,3.9,24
2026-08-28T07:00,4.0,27
2026-08-28T08:00,1.6,153
2026-08-28T09:00,3.2,199
2026-08-28T10:00,4.9,204
2026-08-28T11:00,7.7,213
2026-08-28T12:00,10.4,203
2026-08-28T13:00,12.1,200
2026-08-28T14:00,13.8,204
2026-08-28T15:00,13.8,206
2026-08-28T16:00,13.9,203
2026-08-28T17:00,13.0,207
2026-08-28T18:00,11.5,190
2026-08-28T19:00,6.6,159
2026-08-28T20:00,3.3,119
2026-08-28T21:00,2.1,52
2026-08-28T22:00,0.9,11
2026-08-28T23:00,0.6,18
2026-08-29T00:00,1.8,360
2026-08-29T01:00,2.5,8
2026-08-29T02:00,2.4,17
2026-08-29T03:00,1.7,13
2026-08-29T04:00,1.6,27
2026-08-29T05:00,2.4,17
2026-08-29T06:00,3.1,24
2026-08-29T07:00,4.6,36
2026-08-29T08:00,2.8,117
2026-08-29T09:00,3.3,186
2026-08-29T10:00,5.8,206
2026-08-29T11:00,9.4,223
2026-08-29T12:00,11.7,209
2026-08-29T13:00,13.7,202
2026-08-29T14:00,14.1,205
2026-08-29T15:00,15.3,214
2026-08-29T16:00,15.7,217
2026-08-29T17:00,13.8,217
2026-08-29T18:00,12.2,204
2026-08-29T19:00,7.5,169
2026-08-29T20:00,2.6,102
2026-08-29T21:00,3.0,38
2026-08-29T22:00,2.9,22
2026-08-29T23:00,2.2,35
2026-08-30T00:00,2.5,8
2026-08-30T01:00,3.5,12
2026-08-30T02:00,3.6,18
2026-08-30T03:00,3.3,22
2026-08-30T04:00,3.1,31
2026-08-30T05:00,3.4,18
2026-08-30T06:00,5.2,34
2026-08-30T07:00,6.2,46
2026-08-30T08:00,2.7,113
2026-08-30T09:00,3.0,197
2026-08-30T10:00,5.5,221
2026-08-30T11:00,10.3,235
2026-08-30T12:00,11.5,224
2026-08-30T13:00,11.5,205
2026-08-30T14:00,13.5,196
2026-08-30T15:00,15.0,204
2026-08-30T16:00,15.7,212
2026-08-30T17:00,13.9,220
2026-08-30T18:00,12.3,192
2026-08-30T19:00,7.4,157
2026-08-30T20:00,3.2,93
2026-08-30T21:00,3.1,54
2026-08-30T22:00,2.8,35
2026-08-30T23:00,2.1,31
2026-08-31T00:00,3.6,18
2026-08-31T01:00,4.7,23
2026-08-31T02:00,5.5,27
2026-08-31T03:00,6.1,30
2026-08-31T04:00,6.2,38
2026-08-31T05:00,4.7,43
2026-08-31T06:00,5.1,39
2026-08-31T07:00,5.8,39
2026-08-31T08:00,3.4,108
2026-08-31T09:00,5.1,174
2026-08-31T10:00,9.2,186
2026-08-31T11:00,10.4,201
2026-08-31T12:00,12.6,209
2026-08-31T13:00,18.7,226
2026-08-31T14:00,18.8,234
2026-08-31T15:00,17.5,240
2026-08-31T16:00,15.2,243
2026-08-31T17:00,13.0,248
2026-08-31T18:00,13.1,229
2026-08-31T19:00,11.7,193
2026-08-31T20:00,8.1,176
2026-08-31T21:00,5.4,154
2026-08-31T22:00,3.5,156
2026-08-31T23:00,1.9,151
2026-09-01T00:00,0.6,252
2026-09-01T01:00,0.4,333
2026-09-01T02:00,1.3,90
2026-09-01T03:00,1.1,81
2026-09-01T04:00,0.7,14
2026-09-01T05:00,1.9,68
2026-09-01T06:00,1.7,32
2026-09-01T07:00,4.4,199
2026-09-01T08:00,5.2,209
2026-09-01T09:00,1.5,201
2026-09-01T10:00,2.1,239
2026-09-01T11:00,7.1,236
2026-09-01T12:00,11.7,212
2026-09-01T13:00,13.3,201
2026-09-01T14:00,13.7,201
2026-09-01T15:00,14.2,201
2026-09-01T16:00,13.5,203
2026-09-01T17:00,13.1,210
2026-09-01T18:00,10.6,206
2026-09-01T19:00,7.4,180
2026-09-01T20:00,3.2,109
2026-09-01T21:00,2.3,51
2026-09-01T22:00,1.8,37
2026-09-01T23:00,1.5,36
2026-09-02T00:00,2.9,7
2026-09-02T01:00,0.5,315
2026-09-02T02:00,0.5,360
2026-09-02T03:00,0.7,360
2026-09-02T04:00,1.6,360
2026-09-02T05:00,2.4,27
2026-09-02T06:00,3.9,28
2026-09-02T07:00,3.8,31
2026-09-02T08:00,1.6,27
2026-09-02T09:00,0.7,256
2026-09-02T10:00,3.2,251
2026-09-02T11:00,5.8,248
2026-09-02T12:00,10.4,219
2026-09-02T13:00,9.0,200
2026-09-02T14:00,9.5,205
2026-09-02T15:00,10.5,193
2026-09-02T16:00,11.3,198
2026-09-02T17:00,8.2,209
2026-09-02T18:00,6.6,189
2026-09-02T19:00,2.4,171
2026-09-02T20:00,1.1,162
2026-09-02T21:00,1.5,45
2026-09-02T22:00,2.7,32
2026-09-02T23:00,4.4,19
2026-09-03T00:00,5.4,2
2026-09-03T01:00,4.3,17
2026-09-03T02:00,3.4,43
2026-09-03T03:00,4.1,75
2026-09-03T04:00,5.1,54
2026-09-03T05:00,4.8,48
2026-09-03T06:00,7.2,58
2026-09-03T07:00,6.9,60
2026-09-03T08:00,2.4,81
2026-09-03T09:00,0.7,180
2026-09-03T10:00,1.5,216
2026-09-03T11:00,1.5,201
2026-09-03T12:00,5.3,168
2026-09-03T13:00,9.5,191
2026-09-03T14:00,13.7,202
2026-09-03T15:00,18.0,207
2026-09-03T16:00,14.0,206
2026-09-03T17:00,15.1,220
2026-09-03T18:00,12.4,219
2026-09-03T19:00,4.8,191
2026-09-03T20:00,1.6,84
2026-09-03T21:00,3.5,39
2026-09-03T22:00,4.7,28
2026-09-03T23:00,0.9,349
2026-09-04T00:00,0.9,90
2026-09-04T01:00,8.7,32
2026-09-04T02:00,3.0,17
2026-09-04T03:00,5.3,8
2026-09-04T04:00,7.1,47
2026-09-04T05:00,6.6,21
2026-09-04T06:00,4.3,2
2026-09-04T07:00,7.1,15
2026-09-04T08:00,6.9,67
2026-09-04T09:00,6.5,71
2026-09-04T10:00,2.2,125
2026-09-04T11:00,1.9,311
2026-09-04T12:00,8.7,194
2026-09-04T13:00,8.0,189
2026-09-04T14:00,6.8,151
2026-09-04T15:00,7.2,167
2026-09-04T16:00,7.1,97
2026-09-04T17:00,8.7,82
2026-09-04T18:00,10.0,81
2026-09-04T19:00,7.4,91
2026-09-04T20:00,4.2,80
2026-09-04T21:00,2.6,65
2026-09-04T22:00,3.4,47
2026-09-04T23:00,3.0,33
2026-09-05T00:00,3.5,35
2026-09-05T01:00,6.0,33
2026-09-05T02:00,7.5,35
2026-09-05T03:00,7.2,39
2026-09-05T04:00,7.8,38
2026-09-05T05:00,5.5,46
2026-09-05T06:00,8.6,53
2026-09-05T07:00,9.0,53
2026-09-05T08:00,5.6,73
2026-09-05T09:00,2.8,101
2026-09-05T10:00,1.7,162
2026-09-05T11:00,5.6,213
2026-09-05T12:00,5.9,200
2026-09-05T13:00,6.3,183
2026-09-05T14:00,7.8,173
2026-09-05T15:00,8.8,169
2026-09-05T16:00,8.7,167
2026-09-05T17:00,10.4,190
2026-09-05T18:00,7.6,152
2026-09-05T19:00,7.0,78
2026-09-05T20:00,10.0,56
2026-09-05T21:00,9.3,34
2026-09-05T22:00,9.3,32
2026-09-05T23:00,8.7,34
2026-09-06T00:00,10.9,36
2026-09-06T01:00,12.1,37
2026-09-06T02:00,12.8,40
2026-09-06T03:00,12.9,43
2026-09-06T04:00,12.6,47
2026-09-06T05:00,9.7,50
2026-09-06T06:00,11.4,55
2026-09-06T07:00,10.6,48
2026-09-06T08:00,7.4,67
2026-09-06T09:00,5.8,76
2026-09-06T10:00,2.5,90
2026-09-06T11:00,4.0,238
2026-09-06T12:00,6.7,251
2026-09-06T13:00,8.2,251
2026-09-06T14:00,9.6,254
2026-09-06T15:00,9.7,231
2026-09-06T16:00,10.4,206
2026-09-06T17:00,11.0,210
2026-09-06T18:00,9.3,171
2026-09-06T19:00,3.6,99
2026-09-06T20:00,3.5,55
2026-09-06T21:00,3.7,29
2026-09-06T22:00,4.0,30
2026-09-06T23:00,4.6,18
2026-09-07T00:00,4.8,13
2026-09-07T01:00,4.8,29
2026-09-07T02:00,5.1,39
2026-09-07T03:00,4.9,39
2026-09-07T04:00,4.5,43
2026-09-07T05:00,3.3,41
2026-09-07T06:00,4.8,37
2026-09-07T07:00,5.7,35
2026-09-07T08:00,3.5,111
2026-09-07T09:00,4.0,170
2026-09-07T10:00,5.7,191
2026-09-07T11:00,9.9,215
2026-09-07T12:00,10.1,204
2026-09-07T13:00,10.4,197
2026-09-07T14:00,11.6,199
2026-09-07T15:00,12.0,197
2026-09-07T16:00,11.0,190
2026-09-07T17:00,4.2,234
2026-09-07T18:00,6.0,139
2026-09-07T19:00,4.1,105
2026-09-07T20:00,2.9,68
2026-09-07T21:00,3.2,27
2026-09-07T22:00,4.0,18
2026-09-07T23:00,4.3,24
2026-09-08T00:00,7.6,22
2026-09-08T01:00,8.7,34
2026-09-08T02:00,8.5,35
2026-09-08T03:00,9.2,40
2026-09-08T04:00,8.2,40
2026-09-08T05:00,4.8,34
2026-09-08T06:00,6.3,39
2026-09-08T07:00,6.8,48
2026-09-08T08:00,4.1,105
2026-09-08T09:00,3.5,171
2026-09-08T10:00,4.7,208
2026-09-08T11:00,10.0,231
2026-09-08T12:00,10.3,229
2026-09-08T13:00,11.2,218
2026-09-08T14:00,12.4,196
2026-09-08T15:00,11.7,183
2026-09-08T16:00,11.9,169
2026-09-08T17:00,12.4,179
2026-09-08T18:00,10.2,148
2026-09-08T19:00,6.8,87
2026-09-08T20:00,7.1,52
2026-09-08T21:00,5.8,36
2026-09-08T22:00,5.2,31
2026-09-08T23:00,4.1,45
2026-09-09T00:00,4.4,21
2026-09-09T01:00,7.2,35
2026-09-09T02:00,8.3,39
2026-09-09T03:00,9.5,37
2026-09-09T04:00,9.2,39
2026-09-09T05:00,6.4,38
2026-09-09T06:00,10.4,46
2026-09-09T07:00,10.4,42
2026-09-09T08:00,6.7,63
2026-09-09T09:00,2.7,98
2026-09-09T10:00,3.2,199
2026-09-09T11:00,9.2,227
2026-09-09T12:00,11.3,222
2026-09-09T13:00,10.9,213
2026-09-09T14:00,12.2,200
2026-09-09T15:00,13.3,193
2026-09-09T16:00,13.8,196
2026-09-09T17:00,12.1,221
2026-09-09T18:00,10.6,195
2026-09-09T19:00,6.6,158
2026-09-09T20:00,2.9,94
2026-09-09T21:00,3.1,45
2026-09-09T22:00,3.2,27
2026-09-09T23:00,3.5,39
2026-09-10T00:00,4.6,21
2026-09-10T01:00,6.7,27
2026-09-10T02:00,7.5,35
2026-09-10T03:00,7.6,34
2026-09-10T04:00,8.2,38
2026-09-10T05:00,5.2,31
2026-09-10T06:00,8.5,46
2026-09-10T07:00,9.2,45
2026-09-10T08:00,5.3,62
2026-09-10T09:00,1.4,130
2026-09-10T10:00,2.4,216
2026-09-10T11:00,5.4,233
2026-09-10T12:00,7.8,226
2026-09-10T13:00,8.5,222
2026-09-10T14:00,10.5,215
2026-09-10T15:00,11.1,202
2026-09-10T16:00,12.4,188
2026-09-10T17:00,10.2,206
2026-09-10T18:00,10.3,181
2026-09-10T19:00,5.3,145
2026-09-10T20:00,3.6,60
2026-09-10T21:00,3.5,35
2026-09-10T22:00,3.8,31
2026-09-10T23:00,3.7,43
2026-09-11T00:00,4.8,13
2026-09-11T01:00,4.3,22
2026-09-11T02:00,6.1,34
2026-09-11T03:00,6.6,35
2026-09-11T04:00,5.9,31
2026-09-11T05:00,4.0,36
2026-09-11T06:00,5.6,40
2026-09-11T07:00,8.1,43
2026-09-11T08:00,4.3,75
2026-09-11T09:00,2.9,158
2026-09-11T10:00,6.7,200
2026-09-11T11:00,5.6,209
2026-09-11T12:00,3.1,201
2026-09-11T13:00,5.7,208
2026-09-11T14:00,9.7,204
2026-09-11T15:00,14.1,208
2026-09-11T16:00,14.8,210
2026-09-11T17:00,13.9,230
2026-09-11T18:00,9.5,209
2026-09-11T19:00,5.5,207
2026-09-11T20:00,4.0,175
2026-09-11T21:00,1.3,90
2026-09-11T22:00,2.9,47
2026-09-11T23:00,1.8,53
2026-09-12T00:00,2.1,31
2026-09-12T01:00,1.1,18
2026-09-12T02:00,2.3,32
2026-09-12T03:00,3.4,32
2026-09-12T04:00,0.8,27
2026-09-12T05:00,1.2,63
2026-09-12T06:00,0.6,304
2026-09-12T07:00,1.8,233
2026-09-12T08:00,2.9,223
2026-09-12T09:00,2.3,203
2026-09-12T10:00,3.8,205
2026-09-12T11:00,5.8,216
2026-09-12T12:00,10.1,200
2026-09-12T13:00,12.8,199
2026-09-12T14:00,13.9,197
2026-09-12T15:00,14.5,197
2026-09-12T16:00,13.2,197
2026-09-12T17:00,12.7,196
2026-09-12T18:00,10.6,180
2026-09-12T19:00,3.6,135
2026-09-12T20:00,2.7,67
2026-09-12T21:00,3.1,28
2026-09-12T22:00,2.2,5
2026-09-12T23:00,3.9,22
2026-09-13T00:00,5.9,12
2026-09-13T01:00,4.8,25
2026-09-13T02:00,3.4,18
2026-09-13T03:00,1.5,30
2026-09-13T04:00,0.8,63
2026-09-13T05:00,1.5,306
2026-09-13T06:00,0.7,346
2026-09-13T07:00,1.2,27
2026-09-13T08:00,1.0,239
2026-09-13T09:00,3.8,251
2026-09-13T10:00,6.5,246
2026-09-13T11:00,11.2,246
2026-09-13T12:00,13.9,236
2026-09-13T13:00,11.5,219
2026-09-13T14:00,13.6,195
2026-09-13T15:00,13.5,193
2026-09-13T16:00,13.6,188
2026-09-13T17:00,13.8,191
2026-09-13T18:00,9.9,168
2026-09-13T19:00,3.8,87
2026-09-13T20:00,3.5,51
2026-09-13T21:00,2.7,23
2026-09-13T22:00,1.1,18
2026-09-13T23:00,0.4,360
2026-09-14T00:00,1.8,349
2026-09-14T01:00,1.5,14
2026-09-14T02:00,1.6,27
2026-09-14T03:00,0.9,37
2026-09-14T04:00,0.8,45
2026-09-14T05:00,1.0,301
2026-09-14T06:00,0.9,323
2026-09-14T07:00,0.3,135
2026-09-14T08:00,1.1,180
2026-09-14T09:00,3.1,211
2026-09-14T10:00,4.3,222
2026-09-14T11:00,7.3,228
2026-09-14T12:00,8.4,217
2026-09-14T13:00,10.0,206
2026-09-14T14:00,12.0,199
2026-09-14T15:00,12.3,188
2026-09-14T16:00,12.1,183
2026-09-14T17:00,12.6,185
2026-09-14T18:00,8.1,156
2026-09-14T19:00,3.8,82
2026-09-14T20:00,5.4,48
2026-09-14T21:00,6.8,32
2026-09-14T22:00,5.6,17
2026-09-14T23:00,2.9,7
2026-09-15T00:00,3.6,3
2026-09-15T01:00,4.8,25
2026-09-15T02:00,5.2,31
2026-09-15T03:00,4.6,36
2026-09-15T04:00,3.7,43
2026-09-15T05:00,1.1,18
2026-09-15T06:00,2.0,45
2026-09-15T07:00,3.3,61
2026-09-15T08:00,3.1,90
2026-09-15T09:00,2.2,189
2026-09-15T10:00,4.7,223
2026-09-15T11:00,9.7,225
2026-09-15T12:00,11.6,216
2026-09-15T13:00,13.7,208
2026-09-15T14:00,14.9,201
2026-09-15T15:00,15.3,199
2026-09-15T16:00,13.5,192
2026-09-15T17:00,13.2,200
2026-09-15T18:00,10.7,172
2026-09-15T19:00,4.4,122
2026-09-15T20:00,3.2,52
2026-09-15T21:00,4.5,29
2026-09-15T22:00,4.3,24
2026-09-15T23:00,4.1,49
2026-09-16T00:00,4.5,34
2026-09-16T01:00,6.2,33
2026-09-16T02:00,6.1,28
2026-09-16T03:00,5.6,29
2026-09-16T04:00,5.9,31
2026-09-16T05:00,5.0,30
2026-09-16T06:00,5.5,32
2026-09-16T07:00,6.9,39
2026-09-16T08:00,4.2,85
2026-09-16T09:00,3.5,171
2026-09-16T10:00,4.9,188
2026-09-16T11:00,7.1,201
2026-09-16T12:00,10.4,195
2026-09-16T13:00,12.8,202
2026-09-16T14:00,16.1,211
2026-09-16T15:00,16.5,209
2026-09-16T16:00,14.6,207
2026-09-16T17:00,14.2,209
2026-09-16T18:00,11.0,179
2026-09-16T19:00,4.5,127
2026-09-16T20:00,2.0,90
2026-09-16T21:00,1.5,36
2026-09-16T22:00,1.2,51
2026-09-16T23:00,2.7,70
2026-09-17T00:00,3.5,28
2026-09-17T01:00,3.9,28
2026-09-17T02:00,4.2,25
2026-09-17T03:00,4.5,23
2026-09-17T04:00,4.3,24
2026-09-17T05:00,3.3,36
2026-09-17T06:00,4.7,28
2026-09-17T07:00,7.0,29
2026-09-17T08:00,5.7,37
2026-09-17T09:00,3.5,35
2026-09-17T10:00,0.7,90
2026-09-17T11:00,4.5,220
2026-09-17T12:00,8.3,204
2026-09-17T13:00,12.2,207
2026-09-17T14:00,13.8,208
2026-09-17T15:00,13.9,214
2026-09-17T16:00,13.3,222
2026-09-17T17:00,9.0,215
2026-09-17T18:00,6.3,177
2026-09-17T19:00,3.2,106
2026-09-17T20:00,2.9,47
2026-09-17T21:00,3.6,27
2026-09-17T22:00,4.1,23
2026-09-17T23:00,4.9,36
2026-09-18T00:00,6.0,16
2026-09-18T01:00,6.8,27
2026-09-18T02:00,7.7,28
2026-09-18T03:00,8.1,31
2026-09-18T04:00,8.4,31
2026-09-18T05:00,5.8,30
2026-09-18T06:00,8.3,44
2026-09-18T07:00,9.9,45
2026-09-18T08:00,7.4,45
2026-09-18T09:00,3.1,36
2026-09-18T10:00,1.4,320
2026-09-18T11:00,4.2,260
2026-09-18T12:00,5.5,243
2026-09-18T13:00,7.0,226
2026-09-18T14:00,9.5,205
2026-09-18T15:00,11.7,197
2026-09-18T16:00,11.4,196
2026-09-18T17:00,10.8,201
2026-09-18T18:00,8.4,170
2026-09-18T19:00,3.4,96
2026-09-18T20:00,4.5,37
2026-09-18T21:00,6.4,22
2026-09-18T22:00,5.5,23
2026-09-18T23:00,4.7,40
2026-09-19T00:00,5.6,17
2026-09-19T01:00,7.6,25
2026-09-19T02:00,7.8,29
2026-09-19T03:00,8.6,33
2026-09-19T04:00,9.6,37
2026-09-19T05:00,6.3,35
2026-09-19T06:00,10.5,39
2026-09-19T07:00,10.9,39
2026-09-19T08:00,8.7,42
2026-09-19T09:00,5.4,40
2026-09-19T10:00,2.4,17
2026-09-19T11:00,3.2,286
2026-09-19T12:00,5.5,259
2026-09-19T13:00,6.5,236
2026-09-19T14:00,8.6,203
2026-09-19T15:00,11.9,195
2026-09-19T16:00,11.5,197
2026-09-19T17:00,10.3,203
2026-09-19T18:00,9.1,165
2026-09-19T19:00,3.6,108
2026-09-19T20:00,3.3,36
2026-09-19T21:00,3.7,23
2026-09-19T22:00,3.1,21
2026-09-19T23:00,2.3,32
2026-09-20T00:00,3.4,18
2026-09-20T01:00,5.3,24
2026-09-20T02:00,7.0,29
2026-09-20T03:00,7.2,32
2026-09-20T04:00,6.3,35
2026-09-20T05:00,4.3,24
2026-09-20T06:00,7.7,31
2026-09-20T07:00,9.9,33
2026-09-20T08:00,8.4,16
2026-09-20T09:00,3.1,24
2026-09-20T10:00,2.3,176
2026-09-20T11:00,5.6,295
2026-09-20T12:00,5.6,225
2026-09-20T13:00,10.1,226
2026-09-20T14:00,15.5,232
2026-09-20T15:00,16.7,227
2026-09-20T16:00,15.2,229
2026-09-20T17:00,12.3,235
2026-09-20T18:00,10.1,226
2026-09-20T19:00,8.6,190
2026-09-20T20:00,6.1,168
2026-09-20T21:00,3.8,149
2026-09-20T22:00,1.8,53
2026-09-20T23:00,3.2,52
2026-09-21T00:00,5.3,28
2026-09-21T01:00,3.8,31
2026-09-21T02:00,3.2,34
2026-09-21T03:00,3.6,37
2026-09-21T04:00,2.8,27
2026-09-21T05:00,1.9,41
2026-09-21T06:00,3.2,16
2026-09-21T07:00,3.5,24
2026-09-21T08:00,3.1,93
2026-09-21T09:00,3.9,152
2026-09-21T10:00,5.5,157
2026-09-21T11:00,9.3,158
2026-09-21T12:00,10.3,157
2026-09-21T13:00,11.6,168
2026-09-21T14:00,12.6,179
2026-09-21T15:00,13.0,177
2026-09-21T16:00,11.6,172
2026-09-21T17:00,11.2,184
2026-09-21T18:00,4.2,133
2026-09-21T19:00,3.5,66
2026-09-21T20:00,4.9,33
2026-09-21T21:00,5.4,21
2026-09-21T22:00,4.8,20
2026-09-21T23:00,4.9,33
2026-09-22T00:00,6.9,23
2026-09-22T01:00,7.4,23
2026-09-22T02:00,7.4,26
2026-09-22T03:00,7.7,28
2026-09-22T04:00,6.9,33
2026-09-22T05:00,6.1,34
2026-09-22T06:00,10.1,35
2026-09-22T07:00,9.8,41
2026-09-22T08:00,8.0,62
2026-09-22T09:00,4.8,68
2026-09-22T10:00,2.8,105
2026-09-22T11:00,4.3,180
2026-09-22T12:00,7.4,181
2026-09-22T13:00,9.2,180
2026-09-22T14:00,9.9,178
2026-09-22T15:00,10.8,178
2026-09-22T16:00,12.2,179
2026-09-22T17:00,11.6,195
2026-09-22T18:00,6.0,170
2026-09-22T19:00,3.6,131
2026-09-22T20:00,2.2,85
2026-09-22T21:00,2.6,65
2026-09-22T22:00,3.5,55
2026-09-22T23:00,3.1,45
2026-09-23T00:00,6.9,28
2026-09-23T01:00,7.0,32
2026-09-23T02:00,6.8,29
2026-09-23T03:00,4.4,30
2026-09-23T04:00,2.8,35
2026-09-23T05:00,2.1,20
2026-09-23T06:00,6.4,18
2026-09-23T07:00,6.1,32
2026-09-23T08:00,4.5,67
2026-09-23T09:00,4.8,115
2026-09-23T10:00,3.6,143
2026-09-23T11:00,4.7,157
2026-09-23T12:00,5.4,120
2026-09-23T13:00,6.5,134
2026-09-23T14:00,9.1,162
2026-09-23T15:00,11.4,175
2026-09-23T16:00,11.5,171
2026-09-23T17:00,10.5,202
2026-09-23T18:00,9.9,164
2026-09-23T19:00,4.3,132
2026-09-23T20:00,1.9,61
2026-09-23T21:00,3.1,40
2026-09-23T22:00,3.5,35
2026-09-23T23:00,7.1,36
2026-09-24T00:00,8.9,19
2026-09-24T01:00,5.6,22
2026-09-24T02:00,4.5,34
2026-09-24T03:00,5.8,51
2026-09-24T04:00,2.4,54
2026-09-24T05:00,2.2,145
2026-09-24T06:00,3.1,24
2026-09-24T07:00,5.0,21
2026-09-24T08:00,2.4,54
2026-09-24T09:00,1.6,90
2026-09-24T10:00,4.4,145
2026-09-24T11:00,7.2,207
2026-09-24T12:00,8.1,205
2026-09-24T13:00,6.0,177
2026-09-24T14:00,8.5,162
2026-09-24T15:00,8.4,165
2026-09-24T16:00,9.4,176
2026-09-24T17:00,8.7,167
2026-09-24T18:00,5.0,111
2026-09-24T19:00,6.4,79
2026-09-24T20:00,5.6,59
2026-09-24T21:00,4.9,51
2026-09-24T22:00,5.3,38
2026-09-24T23:00,8.2,41
2026-09-25T00:00,9.8,44
2026-09-25T01:00,10.3,43
2026-09-25T02:00,9.8,41
2026-09-25T03:00,9.8,38
2026-09-25T04:00,10.3,41
2026-09-25T05:00,9.5,51
2026-09-25T06:00,14.0,58
2026-09-25T07:00,13.5,54
2026-09-25T08:00,10.6,58
2026-09-25T09:00,7.3,62
2026-09-25T10:00,3.8,121
2026-09-25T11:00,5.5,218
2026-09-25T12:00,7.9,177
2026-09-25T13:00,10.8,182
2026-09-25T14:00,14.1,183
2026-09-25T15:00,14.6,189
2026-09-25T16:00,13.0,182
2026-09-25T17:00,14.5,188
2026-09-25T18:00,9.8,162
2026-09-25T19:00,4.3,95
2026-09-25T20:00,3.1,90
2026-09-25T21:00,2.8,75
2026-09-25T22:00,4.1,52
2026-09-25T23:00,4.3,48
2026-09-26T00:00,6.7,36
2026-09-26T01:00,7.8,26
2026-09-26T02:00,7.3,38
2026-09-26T03:00,7.6,38
2026-09-26T04:00,8.8,46
2026-09-26T05:00,6.2,49
2026-09-26T06:00,9.1,38
2026-09-26T07:00,8.4,37
2026-09-26T08:00,3.6,70
2026-09-26T09:00,2.6,155
2026-09-26T10:00,3.2,180
2026-09-26T11:00,10.4,231
2026-09-26T12:00,9.9,226
2026-09-26T13:00,9.7,223
2026-09-26T14:00,10.1,227
2026-09-26T15:00,9.8,230
2026-09-26T16:00,8.4,225
2026-09-26T17:00,10.0,247
2026-09-26T18:00,8.0,239
2026-09-26T19:00,0.8,225
2026-09-26T20:00,2.2,42
2026-09-26T21:00,3.6,20
2026-09-26T22:00,2.5,30
2026-09-26T23:00,2.2,5
2026-09-27T00:00,2.4,13
2026-09-27T01:00,1.6,360
2026-09-27T02:00,1.1,360
2026-09-27T03:00,1.1,360
2026-09-27T04:00,1.3,360
2026-09-27T05:00,1.9,29
2026-09-27T06:00,1.1,18
2026-09-27T07:00,2.3,18
2026-09-27T08:00,1.7,108
2026-09-27T09:00,2.5,176
2026-09-27T10:00,3.6,189
2026-09-27T11:00,8.7,240
2026-09-27T12:00,11.6,219
2026-09-27T13:00,13.8,222
2026-09-27T14:00,13.5,224
2026-09-27T15:00,12.6,223
2026-09-27T16:00,10.4,214
2026-09-27T17:00,9.0,215
2026-09-27T18:00,5.2,182
2026-09-27T19:00,3.5,114
2026-09-27T20:00,3.2,71
2026-09-27T21:00,2.3,39
2026-09-27T22:00,3.0,25
2026-09-27T23:00,4.8,34
2026-09-28T00:00,7.0,21
2026-09-28T01:00,6.0,16
2026-09-28T02:00,5.9,27
2026-09-28T03:00,5.6,27
2026-09-28T04:00,4.4,30
2026-09-28T05:00,3.1,13
2026-09-28T06:00,1.1,9
2026-09-28T07:00,4.0,54
2026-09-28T08:00,0.9,233
2026-09-28T09:00,5.4,220
2026-09-28T10:00,3.0,253
2026-09-28T11:00,4.8,259
2026-09-28T12:00,2.2,228
2026-09-28T13:00,1.4,180
2026-09-28T14:00,6.1,210
2026-09-28T15:00,8.9,199
2026-09-28T16:00,13.8,191
2026-09-28T17:00,14.0,202
2026-09-28T18:00,11.4,183
2026-09-28T19:00,5.4,166
2026-09-28T20:00,1.5,144
2026-09-28T21:00,0.4,360
2026-09-28T22:00,2.7,8
2026-09-28T23:00,3.6,33
2026-09-29T00:00,4.7,16
2026-09-29T01:00,5.1,4
2026-09-29T02:00,3.9,43
2026-09-29T03:00,3.7,29
2026-09-29T04:00,3.7,23
2026-09-29T05:00,2.5,8
2026-09-29T06:00,1.8,11
2026-09-29T07:00,3.5,35
2026-09-29T08:00,3.1,80
2026-09-29T09:00,1.6,186
2026-09-29T10:00,2.6,219
2026-09-29T11:00,6.8,241
2026-09-29T12:00,9.6,230
2026-09-29T13:00,11.1,214
2026-09-29T14:00,11.2,204
2026-09-29T15:00,11.4,193
2026-09-29T16:00,11.0,190
2026-09-29T17:00,10.9,207
2026-09-29T18:00,7.0,170
2026-09-29T19:00,3.4,108
2026-09-29T20:00,3.1,66
2026-09-29T21:00,2.3,58
2026-09-29T22:00,4.1,41
2026-09-29T23:00,5.0,46
2026-09-30T00:00,6.8,42
2026-09-30T01:00,9.5,44
2026-09-30T02:00,10.2,46
2026-09-30T03:00,11.0,48
2026-09-30T04:00,11.8,44
2026-09-30T05:00,9.4,40
2026-09-30T06:00,14.5,49
2026-09-30T07:00,15.9,45
2026-09-30T08:00,13.3,49
2026-09-30T09:00,7.0,18
2026-09-30T10:00,8.0,335
2026-09-30T11:00,5.9,79
2026-09-30T12:00,4.5,74
2026-09-30T13:00,8.9,98
2026-09-30T14:00,3.9,103
2026-09-30T15:00,4.0,159
2026-09-30T16:00,5.7,156
2026-09-30T17:00,9.3,196
2026-09-30T18:00,6.0,213
2026-09-30T19:00,3.9,152
2026-09-30T20:00,1.8,135
2026-09-30T21:00,2.9,47
2026-09-30T22:00,5.7,53
2026-09-30T23:00,7.2,37
2026-10-01T00:00,7.6,18
2026-10-01T01:00,13.3,38
2026-10-01T02:00,12.2,56
2026-10-01T03:00,15.8,24
2026-10-01T04:00,10.4,34
2026-10-01T05:00,11.1,46
2026-10-01T06:00,10.1,39
2026-10-01T07:00,7.6,56
2026-10-01T08:00,6.5,60
2026-10-01T09:00,9.6,57
2026-10-01T10:00,7.1,71
2026-10-01T11:00,6.0,10
2026-10-01T12:00,9.5,213
2026-10-01T13:00,5.7,101
2026-10-01T14:00,8.4,79
2026-10-01T15:00,8.2,147
2026-10-01T16:00,6.6,147
2026-10-01T17:00,7.2,104
2026-10-01T18:00,4.0,90
2026-10-01T19:00,4.3,147
2026-10-01T20:00,3.1,180
2026-10-01T21:00,3.1,111
2026-10-01T22:00,1.6,63
2026-10-01T23:00,2.3,151
