vaqt,shamol_ms,shamol_yonalishi_grad
2026-04-04T00:00,10.9,236
2026-04-04T01:00,11.2,229
2026-04-04T02:00,12.0,249
2026-04-04T03:00,11.7,245
2026-04-04T04:00,12.3,239
2026-04-04T05:00,8.9,249
2026-04-04T06:00,9.5,256
2026-04-04T07:00,9.3,262
2026-04-04T08:00,10.3,273
2026-04-04T09:00,9.1,280
2026-04-04T10:00,7.0,271
2026-04-04T11:00,6.3,275
2026-04-04T12:00,8.2,285
2026-04-04T13:00,7.0,283
2026-04-04T14:00,6.9,300
2026-04-04T15:00,7.8,310
2026-04-04T16:00,7.4,315
2026-04-04T17:00,7.3,280
2026-04-04T18:00,6.6,303
2026-04-04T19:00,1.0,292
2026-04-04T20:00,1.7,139
2026-04-04T21:00,2.7,94
2026-04-04T22:00,1.0,202
2026-04-04T23:00,4.2,121
2026-04-05T00:00,6.6,99
2026-04-05T01:00,9.9,106
2026-04-05T02:00,9.6,95
2026-04-05T03:00,5.9,133
2026-04-05T04:00,6.7,142
2026-04-05T05:00,5.2,136
2026-04-05T06:00,1.9,124
2026-04-05T07:00,10.7,97
2026-04-05T08:00,10.6,89
2026-04-05T09:00,13.9,84
2026-04-05T10:00,18.8,86
2026-04-05T11:00,14.7,71
2026-04-05T12:00,17.6,72
2026-04-05T13:00,14.2,78
2026-04-05T14:00,6.2,78
2026-04-05T15:00,1.8,354
2026-04-05T16:00,5.3,322
2026-04-05T17:00,9.0,355
2026-04-05T18:00,5.1,352
2026-04-05T19:00,1.3,106
2026-04-05T20:00,4.1,113
2026-04-05T21:00,10.5,106
2026-04-05T22:00,12.4,103
2026-04-05T23:00,6.9,113
2026-04-06T00:00,13.4,104
2026-04-06T01:00,13.0,107
2026-04-06T02:00,11.7,110
2026-04-06T03:00,11.0,113
2026-04-06T04:00,9.0,113
2026-04-06T05:00,5.6,105
2026-04-06T06:00,10.1,112
2026-04-06T07:00,10.7,110
2026-04-06T08:00,8.4,100
2026-04-06T09:00,4.9,360
2026-04-06T10:00,7.9,333
2026-04-06T11:00,8.4,325
2026-04-06T12:00,9.9,318
2026-04-06T13:00,9.9,302
2026-04-06T14:00,9.3,297
2026-04-06T15:00,9.5,299
2026-04-06T16:00,9.0,293
2026-04-06T17:00,6.9,265
2026-04-06T18:00,8.8,242
2026-04-06T19:00,10.6,231
2026-04-06T20:00,7.7,204
2026-04-06T21:00,4.3,185
2026-04-06T22:00,4.9,178
2026-04-06T23:00,6.6,196
2026-04-07T00:00,7.2,198
2026-04-07T01:00,4.1,221
2026-04-07T02:00,1.6,207
2026-04-07T03:00,1.9,241
2026-04-07T04:00,0.7,346
2026-04-07T05:00,8.3,196
2026-04-07T06:00,9.0,227
2026-04-07T07:00,10.8,244
2026-04-07T08:00,9.0,254
2026-04-07T09:00,10.5,253
2026-04-07T10:00,12.4,248
2026-04-07T11:00,14.5,233
2026-04-07T12:00,18.8,236
2026-04-07T13:00,18.2,236
2026-04-07T14:00,15.9,242
2026-04-07T15:00,14.1,257
2026-04-07T16:00,14.6,251
2026-04-07T17:00,6.0,243
2026-04-07T18:00,3.1,190
2026-04-07T19:00,3.3,171
2026-04-07T20:00,1.1,108
2026-04-07T21:00,0.9,79
2026-04-07T22:00,0.3,45
2026-04-07T23:00,5.1,276
2026-04-08T00:00,5.3,260
2026-04-08T01:00,4.3,275
2026-04-08T02:00,3.1,270
2026-04-08T03:00,3.6,273
2026-04-08T04:00,4.5,277
2026-04-08T05:00,6.6,233
2026-04-08T06:00,2.8,215
2026-04-08T07:00,1.1,90
2026-04-08T08:00,2.2,81
2026-04-08T09:00,1.2,63
2026-04-08T10:00,1.0,158
2026-04-08T11:00,2.5,176
2026-04-08T12:00,1.2,117
2026-04-08T13:00,3.3,99
2026-04-08T14:00,3.5,102
2026-04-08T15:00,2.2,104
2026-04-08T16:00,2.9,94
2026-04-08T17:00,3.7,133
2026-04-08T18:00,3.7,101
2026-04-08T19:00,5.4,86
2026-04-08T20:00,6.2,97
2026-04-08T21:00,6.1,109
2026-04-08T22:00,9.1,107
2026-04-08T23:00,8.0,108
2026-04-09T00:00,10.2,98
2026-04-09T01:00,11.3,97
2026-04-09T02:00,10.2,103
2026-04-09T03:00,8.2,100
2026-04-09T04:00,9.1,104
2026-04-09T05:00,6.5,93
2026-04-09T06:00,10.2,97
2026-04-09T07:00,9.3,99
2026-04-09T08:00,7.4,104
2026-04-09T09:00,5.4,104
2026-04-09T10:00,3.6,70
2026-04-09T11:00,2.8,18
2026-04-09T12:00,3.2,308
2026-04-09T13:00,5.4,300
2026-04-09T14:00,6.6,305
2026-04-09T15:00,6.4,313
2026-04-09T16:00,4.6,342
2026-04-09T17:00,3.9,254
2026-04-09T18:00,0.4,180
2026-04-09T19:00,1.4,130
2026-04-09T20:00,3.7,133
2026-04-09T21:00,10.5,119
2026-04-09T22:00,13.0,108
2026-04-09T23:00,7.7,111
2026-04-10T00:00,12.9,98
2026-04-10T01:00,14.8,96
2026-04-10T02:00,14.4,98
2026-04-10T03:00,14.7,101
2026-04-10T04:00,14.3,100
2026-04-10T05:00,8.1,103
2026-04-10T06:00,14.9,101
2026-04-10T07:00,15.2,97
2026-04-10T08:00,12.2,98
2026-04-10T09:00,8.0,110
2026-04-10T10:00,2.9,94
2026-04-10T11:00,6.8,318
2026-04-10T12:00,8.4,325
2026-04-10T13:00,6.9,311
2026-04-10T14:00,8.0,312
2026-04-10T15:00,11.4,311
2026-04-10T16:00,8.3,312
2026-04-10T17:00,2.5,274
2026-04-10T18:00,3.8,245
2026-04-10T19:00,4.5,214
2026-04-10T20:00,5.0,180
2026-04-10T21:00,4.4,125
2026-04-10T22:00,4.7,113
2026-04-10T23:00,3.3,96
2026-04-11T00:00,9.2,92
2026-04-11T01:00,10.1,101
2026-04-11T02:00,8.4,110
2026-04-11T03:00,9.4,113
2026-04-11T04:00,10.9,106
2026-04-11T05:00,4.3,95
2026-04-11T06:00,11.6,102
2026-04-11T07:00,10.8,100
2026-04-11T08:00,8.5,92
2026-04-11T09:00,5.4,82
2026-04-11T10:00,1.9,299
2026-04-11T11:00,4.8,329
2026-04-11T12:00,2.6,348
2026-04-11T13:00,5.6,343
2026-04-11T14:00,6.5,185
2026-04-11T15:00,3.6,33
2026-04-11T16:00,3.3,131
2026-04-11T17:00,8.2,139
2026-04-11T18:00,4.4,125
2026-04-11T19:00,6.2,134
2026-04-11T20:00,8.5,122
2026-04-11T21:00,10.6,109
2026-04-11T22:00,11.8,110
2026-04-11T23:00,10.3,85
2026-04-12T00:00,12.1,113
2026-04-12T01:00,13.7,106
2026-04-12T02:00,14.7,105
2026-04-12T03:00,15.5,100
2026-04-12T04:00,15.8,101
2026-04-12T05:00,8.1,102
2026-04-12T06:00,13.8,107
2026-04-12T07:00,12.8,105
2026-04-12T08:00,10.3,103
2026-04-12T09:00,7.7,89
2026-04-12T10:00,5.6,84
2026-04-12T11:00,4.9,270
2026-04-12T12:00,2.4,279
2026-04-12T13:00,1.5,330
2026-04-12T14:00,6.0,153
2026-04-12T15:00,5.3,28
2026-04-12T16:00,4.4,32
2026-04-12T17:00,9.9,145
2026-04-12T18:00,7.9,153
2026-04-12T19:00,7.2,117
2026-04-12T20:00,10.5,107
2026-04-12T21:00,12.2,104
2026-04-12T22:00,13.9,104
2026-04-12T23:00,9.3,105
2026-04-13T00:00,15.0,103
2026-04-13T01:00,15.4,107
2026-04-13T02:00,14.7,108
2026-04-13T03:00,15.1,110
2026-04-13T04:00,14.9,110
2026-04-13T05:00,7.6,115
2026-04-13T06:00,14.5,105
2026-04-13T07:00,13.5,104
2026-04-13T08:00,13.0,104
2026-04-13T09:00,10.3,95
2026-04-13T10:00,8.7,66
2026-04-13T11:00,7.4,353
2026-04-13T12:00,6.6,347
2026-04-13T13:00,6.2,327
2026-04-13T14:00,6.4,310
2026-04-13T15:00,5.3,315
2026-04-13T16:00,6.4,320
2026-04-13T17:00,5.6,312
2026-04-13T18:00,1.1,252
2026-04-13T19:00,3.9,208
2026-04-13T20:00,4.5,146
2026-04-13T21:00,7.2,115
2026-04-13T22:00,11.2,101
2026-04-13T23:00,9.4,97
2026-04-14T00:00,13.3,93
2026-04-14T01:00,14.3,94
2026-04-14T02:00,15.2,101
2026-04-14T03:00,14.7,101
2026-04-14T04:00,14.2,108
2026-04-14T05:00,9.2,93
2026-04-14T06:00,15.1,105
2026-04-14T07:00,15.7,99
2026-04-14T08:00,15.3,87
2026-04-14T09:00,12.4,77
2026-04-14T10:00,11.8,67
2026-04-14T11:00,7.7,53
2026-04-14T12:00,7.1,43
2026-04-14T13:00,6.5,42
2026-04-14T14:00,5.2,27
2026-04-14T15:00,4.8,25
2026-04-14T16:00,4.4,21
2026-04-14T17:00,1.5,159
2026-04-14T18:00,2.7,228
2026-04-14T19:00,3.3,126
2026-04-14T20:00,10.7,110
2026-04-14T21:00,14.3,101
2026-04-14T22:00,17.2,103
2026-04-14T23:00,14.1,97
2026-04-15T00:00,18.6,99
2026-04-15T01:00,20.4,99
2026-04-15T02:00,21.3,99
2026-04-15T03:00,21.3,98
2026-04-15T04:00,19.1,101
2026-04-15T05:00,5.6,121
2026-04-15T06:00,2.7,8
2026-04-15T07:00,11.5,190
2026-04-15T08:00,4.8,225
2026-04-15T09:00,3.3,202
2026-04-15T10:00,3.5,279
2026-04-15T11:00,9.2,327
2026-04-15T12:00,14.1,305
2026-04-15T13:00,15.8,302
2026-04-15T14:00,17.8,300
2026-04-15T15:00,18.0,305
2026-04-15T16:00,16.1,319
2026-04-15T17:00,13.5,318
2026-04-15T18:00,10.6,302
2026-04-15T19:00,9.5,279
2026-04-15T20:00,8.5,270
2026-04-15T21:00,4.8,259
2026-04-15T22:00,3.9,233
2026-04-15T23:00,6.3,231
2026-04-16T00:00,5.2,221
2026-04-16T01:00,3.7,235
2026-04-16T02:00,4.0,216
2026-04-16T03:00,2.9,227
2026-04-16T04:00,0.4,333
2026-04-16T05:00,3.6,243
2026-04-16T06:00,2.7,143
2026-04-16T07:00,4.4,215
2026-04-16T08:00,7.1,246
2026-04-16T09:00,8.3,274
2026-04-16T10:00,6.9,293
2026-04-16T11:00,2.7,172
2026-04-16T12:00,2.7,238
2026-04-16T13:00,10.7,247
2026-04-16T14:00,14.8,244
2026-04-16T15:00,6.7,199
2026-04-16T16:00,11.1,136
2026-04-16T17:00,8.9,144
2026-04-16T18:00,9.2,135
2026-04-16T19:00,4.4,117
2026-04-16T20:00,3.6,131
2026-04-16T21:00,3.7,141
2026-04-16T22:00,3.7,151
2026-04-16T23:00,2.2,166
2026-04-17T00:00,0.9,90
2026-04-17T01:00,4.1,77
2026-04-17T02:00,8.1,96
2026-04-17T03:00,10.2,116
2026-04-17T04:00,9.3,127
2026-04-17T05:00,3.5,152
2026-04-17T06:00,2.3,113
2026-04-17T07:00,4.7,180
2026-04-17T08:00,8.3,226
2026-04-17T09:00,6.9,256
2026-04-17T10:00,1.8,315
2026-04-17T11:00,4.0,126
2026-04-17T12:00,2.0,315
2026-04-17T13:00,7.2,325
2026-04-17T14:00,10.2,321
2026-04-17T15:00,8.7,304
2026-04-17T16:00,8.1,301
2026-04-17T17:00,10.6,328
2026-04-17T18:00,9.7,325
2026-04-17T19:00,4.5,320
2026-04-17T20:00,0.6,162
2026-04-17T21:00,2.3,122
2026-04-17T22:00,3.3,103
2026-04-17T23:00,4.0,93
2026-04-18T00:00,7.7,78
2026-04-18T01:00,7.8,75
2026-04-18T02:00,5.1,72
2026-04-18T03:00,3.4,87
2026-04-18T04:00,2.9,120
2026-04-18T05:00,1.3,74
2026-04-18T06:00,3.5,125
2026-04-18T07:00,4.7,173
2026-04-18T08:00,9.7,252
2026-04-18T09:00,8.6,281
2026-04-18T10:00,7.8,299
2026-04-18T11:00,5.4,300
2026-04-18T12:00,9.8,316
2026-04-18T13:00,12.0,319
2026-04-18T14:00,11.9,311
2026-04-18T15:00,10.2,291
2026-04-18T16:00,10.4,287
2026-04-18T17:00,9.1,292
2026-04-18T18:00,6.5,294
2026-04-18T19:00,5.1,278
2026-04-18T20:00,4.0,278
2026-04-18T21:00,2.0,297
2026-04-18T22:00,3.3,283
2026-04-18T23:00,3.1,149
2026-04-19T00:00,0.7,166
2026-04-19T01:00,4.2,110
2026-04-19T02:00,6.2,112
2026-04-19T03:00,7.9,114
2026-04-19T04:00,8.2,123
2026-04-19T05:00,4.2,130
2026-04-19T06:00,7.3,123
2026-04-19T07:00,4.6,101
2026-04-19T08:00,0.6,252
2026-04-19T09:00,1.1,252
2026-04-19T10:00,3.2,313
2026-04-19T11:00,3.8,315
2026-04-19T12:00,5.1,318
2026-04-19T13:00,6.8,305
2026-04-19T14:00,4.5,272
2026-04-19T15:00,6.5,294
2026-04-19T16:00,9.2,303
2026-04-19T17:00,4.1,167
2026-04-19T18:00,1.9,151
2026-04-19T19:00,2.7,110
2026-04-19T20:00,7.9,117
2026-04-19T21:00,11.5,104
2026-04-19T22:00,12.9,99
2026-04-19T23:00,8.8,94
2026-04-20T00:00,12.8,99
2026-04-20T01:00,12.1,101
2026-04-20T02:00,13.6,105
2026-04-20T03:00,14.9,101
2026-04-20T04:00,16.8,96
2026-04-20T05:00,12.2,103
2026-04-20T06:00,18.4,101
2026-04-20T07:00,20.8,94
2026-04-20T08:00,20.4,85
2026-04-20T09:00,21.1,83
2026-04-20T10:00,22.2,85
2026-04-20T11:00,12.1,91
2026-04-20T12:00,16.3,74
2026-04-20T13:00,15.6,76
2026-04-20T14:00,14.6,74
2026-04-20T15:00,12.7,75
2026-04-20T16:00,11.1,83
2026-04-20T17:00,5.6,176
2026-04-20T18:00,5.8,176
2026-04-20T19:00,4.4,150
2026-04-20T20:00,8.7,114
2026-04-20T21:00,12.1,105
2026-04-20T22:00,15.9,100
2026-04-20T23:00,13.3,99
2026-04-21T00:00,17.4,96
2026-04-21T01:00,21.8,88
2026-04-21T02:00,22.7,83
2026-04-21T03:00,23.1,92
2026-04-21T04:00,20.9,90
2026-04-21T05:00,16.0,91
2026-04-21T06:00,14.2,108
2026-04-21T07:00,21.6,92
2026-04-21T08:00,25.2,90
2026-04-21T09:00,26.0,84
2026-04-21T10:00,27.1,82
2026-04-21T11:00,19.4,84
2026-04-21T12:00,18.0,91
2026-04-21T13:00,12.6,118
2026-04-21T14:00,17.8,92
2026-04-21T15:00,18.1,105
2026-04-21T16:00,15.6,98
2026-04-21T17:00,14.2,91
2026-04-21T18:00,18.7,97
2026-04-21T19:00,14.6,112
2026-04-21T20:00,11.4,119
2026-04-21T21:00,6.8,112
2026-04-21T22:00,11.5,100
2026-04-21T23:00,9.6,93
2026-04-22T00:00,10.2,83
2026-04-22T01:00,9.2,111
2026-04-22T02:00,8.6,126
2026-04-22T03:00,13.8,106
2026-04-22T04:00,18.3,97
2026-04-22T05:00,17.1,98
2026-04-22T06:00,18.6,99
2026-04-22T07:00,15.0,107
2026-04-22T08:00,14.1,94
2026-04-22T09:00,14.4,70
2026-04-22T10:00,20.1,69
2026-04-22T11:00,18.5,77
2026-04-22T12:00,18.3,75
2026-04-22T13:00,10.3,49
2026-04-22T14:00,6.7,8
2026-04-22T15:00,4.4,308
2026-04-22T16:00,9.1,287
2026-04-22T17:00,8.7,202
2026-04-22T18:00,7.3,205
2026-04-22T19:00,9.6,242
2026-04-22T20:00,6.7,273
2026-04-22T21:00,4.1,56
2026-04-22T22:00,3.1,59
2026-04-22T23:00,5.0,240
2026-04-23T00:00,4.4,249
2026-04-23T01:00,2.3,90
2026-04-23T02:00,10.2,98
2026-04-23T03:00,7.6,112
2026-04-23T04:00,10.9,119
2026-04-23T05:00,5.0,88
2026-04-23T06:00,12.1,89
2026-04-23T07:00,10.2,77
2026-04-23T08:00,8.2,64
2026-04-23T09:00,5.8,81
2026-04-23T10:00,1.5,36
2026-04-23T11:00,6.1,294
2026-04-23T12:00,7.5,312
2026-04-23T13:00,5.2,299
2026-04-23T14:00,5.4,270
2026-04-23T15:00,2.1,285
2026-04-23T16:00,3.1,298
2026-04-23T17:00,6.5,267
2026-04-23T18:00,9.1,278
2026-04-23T19:00,4.3,294
2026-04-23T20:00,1.5,201
2026-04-23T21:00,1.4,157
2026-04-23T22:00,1.3,82
2026-04-23T23:00,5.0,41
2026-04-24T00:00,10.1,91
2026-04-24T01:00,11.1,81
2026-04-24T02:00,8.9,108
2026-04-24T03:00,9.6,107
2026-04-24T04:00,10.7,107
2026-04-24T05:00,9.1,112
2026-04-24T06:00,12.9,108
2026-04-24T07:00,13.7,106
2026-04-24T08:00,12.1,93
2026-04-24T09:00,7.6,75
2026-04-24T10:00,5.9,47
2026-04-24T11:00,3.8,349
2026-04-24T12:00,3.8,329
2026-04-24T13:00,4.2,317
2026-04-24T14:00,4.9,332
2026-04-24T15:00,5.6,343
2026-04-24T16:00,5.2,331
2026-04-24T17:00,3.7,313
2026-04-24T18:00,0.6,198
2026-04-24T19:00,1.9,146
2026-04-24T20:00,5.6,117
2026-04-24T21:00,11.1,103
2026-04-24T22:00,13.8,101
2026-04-24T23:00,10.8,100
2026-04-25T00:00,15.0,100
2026-04-25T01:00,15.4,101
2026-04-25T02:00,16.1,104
2026-04-25T03:00,14.3,110
2026-04-25T04:00,12.8,112
2026-04-25T05:00,8.3,94
2026-04-25T06:00,12.5,86
2026-04-25T07:00,13.4,94
2026-04-25T08:00,15.7,85
2026-04-25T09:00,14.6,81
2026-04-25T10:00,15.8,83
2026-04-25T11:00,14.3,96
2026-04-25T12:00,5.8,141
2026-04-25T13:00,5.2,221
2026-04-25T14:00,7.3,280
2026-04-25T15:00,7.4,284
2026-04-25T16:00,4.8,295
2026-04-25T17:00,5.3,10
2026-04-25T18:00,4.0,90
2026-04-25T19:00,10.1,125
2026-04-25T20:00,13.7,108
2026-04-25T21:00,15.7,100
2026-04-25T22:00,15.9,100
2026-04-25T23:00,12.3,93
2026-04-26T00:00,16.8,96
2026-04-26T01:00,16.0,99
2026-04-26T02:00,16.9,102
2026-04-26T03:00,18.1,100
2026-04-26T04:00,18.7,97
2026-04-26T05:00,13.9,94
2026-04-26T06:00,17.5,98
2026-04-26T07:00,18.8,97
2026-04-26T08:00,18.2,92
2026-04-26T09:00,16.3,84
2026-04-26T10:00,14.3,72
2026-04-26T11:00,6.3,103
2026-04-26T12:00,1.3,304
2026-04-26T13:00,10.9,297
2026-04-26T14:00,10.8,307
2026-04-26T15:00,18.0,311
2026-04-26T16:00,11.3,70
2026-04-26T17:00,10.7,120
2026-04-26T18:00,9.0,136
2026-04-26T19:00,2.7,228
2026-04-26T20:00,4.8,285
2026-04-26T21:00,8.3,63
2026-04-26T22:00,9.5,99
2026-04-26T23:00,6.0,97
2026-04-27T00:00,5.5,103
2026-04-27T01:00,5.4,105
2026-04-27T02:00,8.2,104
2026-04-27T03:00,10.9,107
2026-04-27T04:00,4.6,116
2026-04-27T05:00,3.8,295
2026-04-27T06:00,0.6,34
2026-04-27T07:00,2.3,94
2026-04-27T08:00,3.6,319
2026-04-27T09:00,6.4,297
2026-04-27T10:00,6.7,290
2026-04-27T11:00,4.5,293
2026-04-27T12:00,7.1,285
2026-04-27T13:00,6.6,283
2026-04-27T14:00,7.9,297
2026-04-27T15:00,5.4,274
2026-04-27T16:00,4.8,297
2026-04-27T17:00,5.6,315
2026-04-27T18:00,5.1,252
2026-04-27T19:00,2.7,222
2026-04-27T20:00,2.6,155
2026-04-27T21:00,3.7,113
2026-04-27T22:00,3.9,112
2026-04-27T23:00,5.6,105
2026-04-28T00:00,7.2,112
2026-04-28T01:00,3.5,105
2026-04-28T02:00,3.3,99
2026-04-28T03:00,2.7,98
2026-04-28T04:00,2.3,90
2026-04-28T05:00,3.1,59
2026-04-28T06:00,5.4,110
2026-04-28T07:00,4.0,95
2026-04-28T08:00,1.2,321
2026-04-28T09:00,1.8,315
2026-04-28T10:00,3.9,292
2026-04-28T11:00,7.0,269
2026-04-28T12:00,5.8,274
2026-04-28T13:00,6.5,294
2026-04-28T14:00,6.3,321
2026-04-28T15:00,4.6,321
2026-04-28T16:00,5.5,316
2026-04-28T17:00,5.3,156
2026-04-28T18:00,7.4,151
2026-04-28T19:00,4.3,123
2026-04-28T20:00,5.0,131
2026-04-28T21:00,6.5,122
2026-04-28T22:00,8.0,106
2026-04-28T23:00,6.6,103
2026-04-29T00:00,11.8,106
2026-04-29T01:00,13.4,112
2026-04-29T02:00,13.3,108
2026-04-29T03:00,13.5,102
2026-04-29T04:00,13.2,102
2026-04-29T05:00,9.7,101
2026-04-29T06:00,12.3,105
2026-04-29T07:00,10.5,109
2026-04-29T08:00,7.2,102
2026-04-29T09:00,5.5,101
2026-04-29T10:00,2.3,119
2026-04-29T11:00,6.7,284
2026-04-29T12:00,7.5,285
2026-04-29T13:00,7.7,291
2026-04-29T14:00,7.8,304
2026-04-29T15:00,9.0,316
2026-04-29T16:00,7.8,320
2026-04-29T17:00,4.8,301
2026-04-29T18:00,4.0,280
2026-04-29T19:00,2.2,275
2026-04-29T20:00,0.6,124
2026-04-29T21:00,6.5,114
2026-04-29T22:00,11.5,107
2026-04-29T23:00,9.7,106
2026-04-30T00:00,13.1,103
2026-04-30T01:00,14.0,103
2026-04-30T02:00,14.6,104
2026-04-30T03:00,14.1,104
2026-04-30T04:00,13.4,110
2026-04-30T05:00,5.9,104
2026-04-30T06:00,11.4,108
2026-04-30T07:00,11.7,107
2026-04-30T08:00,9.9,105
2026-04-30T09:00,6.7,109
2026-04-30T10:00,1.3,188
2026-04-30T11:00,4.3,294
2026-04-30T12:00,4.6,324
2026-04-30T13:00,12.0,334
2026-04-30T14:00,7.8,328
2026-04-30T15:00,5.4,334
2026-04-30T16:00,4.2,250
2026-04-30T17:00,3.3,248
2026-04-30T18:00,3.2,124
2026-04-30T19:00,6.4,115
2026-04-30T20:00,9.3,118
2026-04-30T21:00,9.2,111
2026-04-30T22:00,12.6,109
2026-04-30T23:00,9.7,108
2026-05-01T00:00,13.6,102
2026-05-01T01:00,14.6,99
2026-05-01T02:00,13.1,97
2026-05-01T03:00,13.8,97
2026-05-01T04:00,14.0,103
2026-05-01T05:00,12.0,97
2026-05-01T06:00,14.7,105
2026-05-01T07:00,14.3,100
2026-05-01T08:00,12.6,94
2026-05-01T09:00,12.4,100
2026-05-01T10:00,8.1,111
2026-05-01T11:00,6.1,284
2026-05-01T12:00,15.6,263
2026-05-01T13:00,11.6,303
2026-05-01T14:00,9.2,301
2026-05-01T15:00,5.0,322
2026-05-01T16:00,9.4,324
2026-05-01T17:00,2.8,230
2026-05-01T18:00,5.3,232
2026-05-01T19:00,4.0,162
2026-05-01T20:00,6.6,127
2026-05-01T21:00,10.3,78
2026-05-01T22:00,2.0,153
2026-05-01T23:00,10.7,207
2026-05-02T00:00,14.5,217
2026-05-02T01:00,11.5,222
2026-05-02T02:00,6.4,218
2026-05-02T03:00,4.2,205
2026-05-02T04:00,3.7,223
2026-05-02T05:00,4.7,212
2026-05-02T06:00,4.2,230
2026-05-02T07:00,7.3,263
2026-05-02T08:00,2.8,252
2026-05-02T09:00,3.1,283
2026-05-02T10:00,3.9,298
2026-05-02T11:00,9.0,265
2026-05-02T12:00,9.1,256
2026-05-02T13:00,5.3,260
2026-05-02T14:00,6.4,292
2026-05-02T15:00,5.6,270
2026-05-02T16:00,6.6,254
2026-05-02T17:00,10.8,255
2026-05-02T18:00,8.6,259
2026-05-02T19:00,3.9,248
2026-05-02T20:00,3.0,232
2026-05-02T21:00,0.5,225
2026-05-02T22:00,0.5,90
2026-05-02T23:00,2.5,111
2026-05-03T00:00,4.0,117
2026-05-03T01:00,4.9,88
2026-05-03T02:00,5.0,90
2026-05-03T03:00,3.8,101
2026-05-03T04:00,3.8,107
2026-05-03T05:00,2.8,117
2026-05-03T06:00,3.3,126
2026-05-03T07:00,3.9,118
2026-05-03T08:00,1.8,191
2026-05-03T09:00,3.3,257
2026-05-03T10:00,5.8,277
2026-05-03T11:00,8.1,271
2026-05-03T12:00,5.3,288
2026-05-03T13:00,4.1,308
2026-05-03T14:00,4.3,315
2026-05-03T15:00,7.1,263
2026-05-03T16:00,8.9,289
2026-05-03T17:00,6.7,268
2026-05-03T18:00,3.8,79
2026-05-03T19:00,4.2,80
2026-05-03T20:00,3.6,110
2026-05-03T21:00,2.4,193
2026-05-03T22:00,4.1,232
2026-05-03T23:00,1.1,171
2026-05-04T00:00,1.6,84
2026-05-04T01:00,0.4,243
2026-05-04T02:00,2.6,282
2026-05-04T03:00,1.5,346
2026-05-04T04:00,0.5,360
2026-05-04T05:00,9.1,80
2026-05-04T06:00,9.7,93
2026-05-04T07:00,8.1,91
2026-05-04T08:00,1.0,211
2026-05-04T09:00,2.2,270
2026-05-04T10:00,3.9,292
2026-05-04T11:00,5.6,277
2026-05-04T12:00,6.3,301
2026-05-04T13:00,5.1,262
2026-05-04T14:00,5.0,165
2026-05-04T15:00,2.4,333
2026-05-04T16:00,1.9,68
2026-05-04T17:00,5.6,230
2026-05-04T18:00,1.1,9
2026-05-04T19:00,3.8,87
2026-05-04T20:00,4.2,110
2026-05-04T21:00,7.2,117
2026-05-04T22:00,9.9,105
2026-05-04T23:00,8.3,103
2026-05-05T00:00,12.9,102
2026-05-05T01:00,12.4,104
2026-05-05T02:00,12.2,106
2026-05-05T03:00,11.8,106
2026-05-05T04:00,12.1,105
2026-05-05T05:00,9.2,106
2026-05-05T06:00,16.2,104
2026-05-05T07:00,16.2,100
2026-05-05T08:00,14.0,89
2026-05-05T09:00,13.2,93
2026-05-05T10:00,8.4,110
2026-05-05T11:00,1.8,191
2026-05-05T12:00,2.2,270
2026-05-05T13:00,3.6,279
2026-05-05T14:00,5.2,290
2026-05-05T15:00,6.1,313
2026-05-05T16:00,7.0,314
2026-05-05T17:00,6.3,272
2026-05-05T18:00,3.8,275
2026-05-05T19:00,0.5,180
2026-05-05T20:00,3.0,115
2026-05-05T21:00,10.1,112
2026-05-05T22:00,13.8,105
2026-05-05T23:00,11.5,98
2026-05-06T00:00,15.5,100
2026-05-06T01:00,16.4,105
2026-05-06T02:00,17.3,104
2026-05-06T03:00,18.0,104
2026-05-06T04:00,18.2,104
2026-05-06T05:00,12.5,96
2026-05-06T06:00,18.1,100
2026-05-06T07:00,17.8,98
2026-05-06T08:00,15.5,87
2026-05-06T09:00,12.6,80
2026-05-06T10:00,12.4,66
2026-05-06T11:00,6.5,28
2026-05-06T12:00,5.9,340
2026-05-06T13:00,7.8,318
2026-05-06T14:00,6.1,315
2026-05-06T15:00,2.3,342
2026-05-06T16:00,1.2,333
2026-05-06T17:00,2.4,234
2026-05-06T18:00,3.3,299
2026-05-06T19:00,0.4,117
2026-05-06T20:00,5.7,139
2026-05-06T21:00,9.7,117
2026-05-06T22:00,14.7,98
2026-05-06T23:00,10.5,103
2026-05-07T00:00,14.2,102
2026-05-07T01:00,15.0,106
2026-05-07T02:00,15.2,106
2026-05-07T03:00,14.9,103
2026-05-07T04:00,16.4,107
2026-05-07T05:00,11.0,104
2026-05-07T06:00,15.8,102
2026-05-07T07:00,15.4,108
2026-05-07T08:00,14.5,97
2026-05-07T09:00,11.8,84
2026-05-07T10:00,9.5,58
2026-05-07T11:00,7.6,345
2026-05-07T12:00,10.9,331
2026-05-07T13:00,7.6,333
2026-05-07T14:00,2.0,360
2026-05-07T15:00,2.3,360
2026-05-07T16:00,5.6,2
2026-05-07T17:00,7.0,359
2026-05-07T18:00,3.1,66
2026-05-07T19:00,4.4,128
2026-05-07T20:00,8.3,123
2026-05-07T21:00,10.9,114
2026-05-07T22:00,12.5,105
2026-05-07T23:00,9.7,94
2026-05-08T00:00,15.1,102
2026-05-08T01:00,16.1,100
2026-05-08T02:00,16.8,103
2026-05-08T03:00,18.1,99
2026-05-08T04:00,17.6,104
2026-05-08T05:00,15.1,98
2026-05-08T06:00,18.8,103
2026-05-08T07:00,19.4,101
2026-05-08T08:00,19.4,91
2026-05-08T09:00,17.1,81
2026-05-08T10:00,15.6,79
2026-05-08T11:00,6.6,49
2026-05-08T12:00,8.3,297
2026-05-08T13:00,6.3,193
2026-05-08T14:00,8.5,12
2026-05-08T15:00,7.5,290
2026-05-08T16:00,3.8,349
2026-05-08T17:00,14.3,107
2026-05-08T18:00,14.0,113
2026-05-08T19:00,15.4,106
2026-05-08T20:00,14.9,107
2026-05-08T21:00,16.9,106
2026-05-08T22:00,17.8,106
2026-05-08T23:00,12.8,105
2026-05-09T00:00,16.3,108
2026-05-09T01:00,16.3,109
2026-05-09T02:00,14.2,110
2026-05-09T03:00,9.2,113
2026-05-09T04:00,11.4,113
2026-05-09T05:00,13.5,95
2026-05-09T06:00,15.4,95
2026-05-09T07:00,10.1,115
2026-05-09T08:00,6.0,119
2026-05-09T09:00,3.9,127
2026-05-09T10:00,1.2,51
2026-05-09T11:00,8.6,300
2026-05-09T12:00,8.6,324
2026-05-09T13:00,5.1,17
2026-05-09T14:00,4.0,87
2026-05-09T15:00,1.9,209
2026-05-09T16:00,15.1,282
2026-05-09T17:00,12.8,299
2026-05-09T18:00,8.9,261
2026-05-09T19:00,18.9,145
2026-05-09T20:00,12.3,79
2026-05-09T21:00,19.2,98
2026-05-09T22:00,10.6,104
2026-05-09T23:00,3.6,110
2026-05-10T00:00,3.5,105
2026-05-10T01:00,7.6,274
2026-05-10T02:00,6.8,259
2026-05-10T03:00,5.7,279
2026-05-10T04:00,9.1,288
2026-05-10T05:00,21.1,267
2026-05-10T06:00,7.4,270
2026-05-10T07:00,4.7,288
2026-05-10T08:00,9.7,269
2026-05-10T09:00,11.9,273
2026-05-10T10:00,9.8,284
2026-05-10T11:00,7.0,266
2026-05-10T12:00,3.8,319
2026-05-10T13:00,6.2,263
2026-05-10T14:00,8.0,265
2026-05-10T15:00,5.9,268
2026-05-10T16:00,4.4,297
2026-05-10T17:00,2.0,100
2026-05-10T18:00,2.4,193
2026-05-10T19:00,0.9,349
2026-05-10T20:00,4.2,310
2026-05-10T21:00,5.0,270
2026-05-10T22:00,5.5,216
2026-05-10T23:00,8.5,249
2026-05-11T00:00,7.7,229
2026-05-11T01:00,2.5,225
2026-05-11T02:00,2.4,228
2026-05-11T03:00,2.7,200
2026-05-11T04:00,1.3,164
2026-05-11T05:00,4.0,100
2026-05-11T06:00,4.1,103
2026-05-11T07:00,2.3,162
2026-05-11T08:00,4.9,327
2026-05-11T09:00,3.3,283
2026-05-11T10:00,4.7,317
2026-05-11T11:00,6.5,337
2026-05-11T12:00,5.7,316
2026-05-11T13:00,6.9,313
2026-05-11T14:00,8.3,309
2026-05-11T15:00,8.8,313
2026-05-11T16:00,9.0,313
2026-05-11T17:00,9.4,305
2026-05-11T18:00,7.9,300
2026-05-11T19:00,3.1,277
2026-05-11T20:00,1.0,239
2026-05-11T21:00,2.3,122
2026-05-11T22:00,6.6,127
2026-05-11T23:00,4.3,132
2026-05-12T00:00,7.0,111
2026-05-12T01:00,10.2,98
2026-05-12T02:00,12.0,97
2026-05-12T03:00,11.2,101
2026-05-12T04:00,11.7,103
2026-05-12T05:00,3.3,139
2026-05-12T06:00,6.3,114
2026-05-12T07:00,8.7,104
2026-05-12T08:00,6.8,93
2026-05-12T09:00,3.3,112
2026-05-12T10:00,1.5,249
2026-05-12T11:00,5.4,304
2026-05-12T12:00,7.9,309
2026-05-12T13:00,8.7,318
2026-05-12T14:00,8.6,323
2026-05-12T15:00,8.0,324
2026-05-12T16:00,8.3,321
2026-05-12T17:00,10.1,311
2026-05-12T18:00,6.7,286
2026-05-12T19:00,3.7,235
2026-05-12T20:00,4.7,189
2026-05-12T21:00,4.3,147
2026-05-12T22:00,4.0,111
2026-05-12T23:00,4.3,112
2026-05-13T00:00,7.6,105
2026-05-13T01:00,7.5,114
2026-05-13T02:00,8.0,115
2026-05-13T03:00,9.1,111
2026-05-13T04:00,10.9,114
2026-05-13T05:00,5.8,95
2026-05-13T06:00,11.3,100
2026-05-13T07:00,8.8,88
2026-05-13T08:00,6.6,49
2026-05-13T09:00,8.8,358
2026-05-13T10:00,9.9,335
2026-05-13T11:00,9.0,330
2026-05-13T12:00,12.5,320
2026-05-13T13:00,13.1,322
2026-05-13T14:00,10.3,316
2026-05-13T15:00,7.1,317
2026-05-13T16:00,7.0,318
2026-05-13T17:00,5.9,348
2026-05-13T18:00,1.5,7
2026-05-13T19:00,1.3,135
2026-05-13T20:00,4.2,137
2026-05-13T21:00,5.7,118
2026-05-13T22:00,10.1,107
2026-05-13T23:00,10.3,97
2026-05-14T00:00,11.8,103
2026-05-14T01:00,11.7,108
2026-05-14T02:00,12.6,109
2026-05-14T03:00,12.3,112
2026-05-14T04:00,12.5,113
2026-05-14T05:00,7.9,103
2026-05-14T06:00,12.9,103
2026-05-14T07:00,11.0,104
2026-05-14T08:00,7.4,91
2026-05-14T09:00,7.0,44
2026-05-14T10:00,7.6,352
2026-05-14T11:00,8.2,328
2026-05-14T12:00,10.8,330
2026-05-14T13:00,11.3,335
2026-05-14T14:00,10.3,333
2026-05-14T15:00,10.0,340
2026-05-14T16:00,9.6,340
2026-05-14T17:00,7.7,344
2026-05-14T18:00,1.9,41
2026-05-14T19:00,2.1,121
2026-05-14T20:00,4.1,131
2026-05-14T21:00,7.6,118
2026-05-14T22:00,10.8,100
2026-05-14T23:00,10.4,91
2026-05-15T00:00,13.1,99
2026-05-15T01:00,13.0,107
2026-05-15T02:00,13.1,105
2026-05-15T03:00,12.4,106
2026-05-15T04:00,11.8,109
2026-05-15T05:00,5.9,104
2026-05-15T06:00,12.0,97
2026-05-15T07:00,11.4,108
2026-05-15T08:00,6.9,110
2026-05-15T09:00,3.9,47
2026-05-15T10:00,7.9,344
2026-05-15T11:00,10.1,333
2026-05-15T12:00,13.1,326
2026-05-15T13:00,12.5,327
2026-05-15T14:00,11.4,329
2026-05-15T15:00,10.7,333
2026-05-15T16:00,7.8,341
2026-05-15T17:00,5.3,28
2026-05-15T18:00,2.3,122
2026-05-15T19:00,3.4,162
2026-05-15T20:00,6.0,143
2026-05-15T21:00,7.2,122
2026-05-15T22:00,9.6,106
2026-05-15T23:00,10.0,99
2026-05-16T00:00,13.5,99
2026-05-16T01:00,12.0,108
2026-05-16T02:00,11.5,110
2026-05-16T03:00,11.1,112
2026-05-16T04:00,11.3,110
2026-05-16T05:00,5.6,94
2026-05-16T06:00,11.6,102
2026-05-16T07:00,11.8,101
2026-05-16T08:00,10.1,86
2026-05-16T09:00,7.8,97
2026-05-16T10:00,5.0,120
2026-05-16T11:00,4.2,102
2026-05-16T12:00,5.0,111
2026-05-16T13:00,4.8,53
2026-05-16T14:00,4.5,360
2026-05-16T15:00,6.9,317
2026-05-16T16:00,6.6,349
2026-05-16T17:00,2.9,120
2026-05-16T18:00,8.4,101
2026-05-16T19:00,15.4,100
2026-05-16T20:00,15.5,110
2026-05-16T21:00,15.4,104
2026-05-16T22:00,16.0,99
2026-05-16T23:00,12.7,102
2026-05-17T00:00,15.0,96
2026-05-17T01:00,16.4,98
2026-05-17T02:00,16.9,102
2026-05-17T03:00,17.9,99
2026-05-17T04:00,18.2,98
2026-05-17T05:00,13.8,99
2026-05-17T06:00,17.3,98
2026-05-17T07:00,16.7,97
2026-05-17T08:00,15.9,87
2026-05-17T09:00,18.4,85
2026-05-17T10:00,20.2,85
2026-05-17T11:00,14.7,84
2026-05-17T12:00,12.4,71
2026-05-17T13:00,9.1,54
2026-05-17T14:00,6.8,61
2026-05-17T15:00,4.5,67
2026-05-17T16:00,2.6,348
2026-05-17T17:00,8.1,355
2026-05-17T18:00,1.3,164
2026-05-17T19:00,4.8,155
2026-05-17T20:00,11.4,117
2026-05-17T21:00,14.7,101
2026-05-17T22:00,13.4,104
2026-05-17T23:00,11.7,91
2026-05-18T00:00,16.2,100
2026-05-18T01:00,15.9,104
2026-05-18T02:00,15.3,109
2026-05-18T03:00,17.0,103
2026-05-18T04:00,16.5,98
2026-05-18T05:00,10.8,93
2026-05-18T06:00,7.0,108
2026-05-18T07:00,21.4,214
2026-05-18T08:00,7.3,115
2026-05-18T09:00,9.9,61
2026-05-18T10:00,13.1,78
2026-05-18T11:00,12.2,115
2026-05-18T12:00,10.0,123
2026-05-18T13:00,10.9,84
2026-05-18T14:00,13.0,80
2026-05-18T15:00,12.6,86
2026-05-18T16:00,8.5,85
2026-05-18T17:00,5.0,60
2026-05-18T18:00,4.6,296
2026-05-18T19:00,13.3,247
2026-05-18T20:00,14.9,224
2026-05-18T21:00,23.0,225
2026-05-18T22:00,20.6,224
2026-05-18T23:00,11.7,139
2026-05-19T00:00,17.1,118
2026-05-19T01:00,16.9,112
2026-05-19T02:00,27.0,93
2026-05-19T03:00,25.9,96
2026-05-19T04:00,24.6,97
2026-05-19T05:00,14.1,97
2026-05-19T06:00,11.9,112
2026-05-19T07:00,7.7,196
2026-05-19T08:00,10.1,294
2026-05-19T09:00,7.9,282
2026-05-19T10:00,5.2,180
2026-05-19T11:00,6.0,147
2026-05-19T12:00,5.6,138
2026-05-19T13:00,5.0,64
2026-05-19T14:00,9.0,59
2026-05-19T15:00,6.8,348
2026-05-19T16:00,9.4,322
2026-05-19T17:00,11.1,328
2026-05-19T18:00,16.9,239
2026-05-19T19:00,5.6,138
2026-05-19T20:00,4.8,333
2026-05-19T21:00,9.4,59
2026-05-19T22:00,14.9,102
2026-05-19T23:00,15.6,98
2026-05-20T00:00,17.2,97
2026-05-20T01:00,17.6,106
2026-05-20T02:00,16.8,100
2026-05-20T03:00,15.1,102
2026-05-20T04:00,14.6,104
2026-05-20T05:00,13.6,98
2026-05-20T06:00,22.7,94
2026-05-20T07:00,23.8,91
2026-05-20T08:00,22.5,87
2026-05-20T09:00,22.0,85
2026-05-20T10:00,18.7,82
2026-05-20T11:00,8.5,108
2026-05-20T12:00,6.4,117
2026-05-20T13:00,6.3,143
2026-05-20T14:00,1.1,72
2026-05-20T15:00,7.4,56
2026-05-20T16:00,6.9,59
2026-05-20T17:00,4.8,11
2026-05-20T18:00,2.2,318
2026-05-20T19:00,2.9,112
2026-05-20T20:00,11.4,115
2026-05-20T21:00,13.2,102
2026-05-20T22:00,12.3,105
2026-05-20T23:00,5.3,98
2026-05-21T00:00,8.5,107
2026-05-21T01:00,11.4,95
2026-05-21T02:00,10.3,97
2026-05-21T03:00,7.2,96
2026-05-21T04:00,4.8,112
2026-05-21T05:00,4.9,129
2026-05-21T06:00,6.0,119
2026-05-21T07:00,4.9,107
2026-05-21T08:00,1.5,159
2026-05-21T09:00,5.4,255
2026-05-21T10:00,9.1,261
2026-05-21T11:00,11.7,279
2026-05-21T12:00,12.6,297
2026-05-21T13:00,10.0,255
2026-05-21T14:00,10.0,221
2026-05-21T15:00,11.4,263
2026-05-21T16:00,6.9,20
2026-05-21T17:00,11.3,241
2026-05-21T18:00,6.5,183
2026-05-21T19:00,6.7,76
2026-05-21T20:00,12.9,78
2026-05-21T21:00,14.2,82
2026-05-21T22:00,12.3,93
2026-05-21T23:00,10.5,117
2026-05-22T00:00,9.1,111
2026-05-22T01:00,9.8,116
2026-05-22T02:00,6.6,119
2026-05-22T03:00,4.6,116
2026-05-22T04:00,4.0,117
2026-05-22T05:00,4.0,98
2026-05-22T06:00,11.8,74
2026-05-22T07:00,7.3,83
2026-05-22T08:00,7.2,338
2026-05-22T09:00,3.0,33
2026-05-22T10:00,6.2,46
2026-05-22T11:00,3.7,29
2026-05-22T12:00,3.6,360
2026-05-22T13:00,0.6,214
2026-05-22T14:00,4.1,218
2026-05-22T15:00,3.8,239
2026-05-22T16:00,2.3,157
2026-05-22T17:00,6.4,238
2026-05-22T18:00,4.3,255
2026-05-22T19:00,1.5,97
2026-05-22T20:00,8.0,110
2026-05-22T21:00,4.9,100
2026-05-22T22:00,9.1,97
2026-05-22T23:00,14.0,64
2026-05-23T00:00,21.8,100
2026-05-23T01:00,15.4,97
2026-05-23T02:00,15.0,96
2026-05-23T03:00,13.5,98
2026-05-23T04:00,12.5,102
2026-05-23T05:00,7.4,103
2026-05-23T06:00,12.1,101
2026-05-23T07:00,12.7,96
2026-05-23T08:00,10.9,99
2026-05-23T09:00,8.2,109
2026-05-23T10:00,2.4,126
2026-05-23T11:00,0.5,315
2026-05-23T12:00,4.4,297
2026-05-23T13:00,8.3,297
2026-05-23T14:00,12.0,300
2026-05-23T15:00,14.0,293
2026-05-23T16:00,13.8,290
2026-05-23T17:00,19.9,247
2026-05-23T18:00,24.9,233
2026-05-23T19:00,14.2,207
2026-05-23T20:00,2.7,138
2026-05-23T21:00,9.6,49
2026-05-23T22:00,8.0,74
2026-05-23T23:00,1.5,173
2026-05-24T00:00,2.4,81
2026-05-24T01:00,7.6,117
2026-05-24T02:00,9.8,113
2026-05-24T03:00,10.9,98
2026-05-24T04:00,12.6,92
2026-05-24T05:00,12.9,81
2026-05-24T06:00,13.6,96
2026-05-24T07:00,8.4,101
2026-05-24T08:00,4.0,120
2026-05-24T09:00,2.2,228
2026-05-24T10:00,5.5,261
2026-05-24T11:00,5.7,279
2026-05-24T12:00,4.2,252
2026-05-24T13:00,5.7,314
2026-05-24T14:00,12.1,307
2026-05-24T15:00,10.0,339
2026-05-24T16:00,6.0,299
2026-05-24T17:00,10.4,291
2026-05-24T18:00,9.6,250
2026-05-24T19:00,9.2,272
2026-05-24T20:00,1.5,135
2026-05-24T21:00,6.1,93
2026-05-24T22:00,7.6,63
2026-05-24T23:00,10.2,72
2026-05-25T00:00,8.6,88
2026-05-25T01:00,7.2,115
2026-05-25T02:00,10.8,108
2026-05-25T03:00,13.0,109
2026-05-25T04:00,12.8,109
2026-05-25T05:00,12.1,102
2026-05-25T06:00,8.3,112
2026-05-25T07:00,6.1,102
2026-05-25T08:00,6.5,77
2026-05-25T09:00,7.3,70
2026-05-25T10:00,5.5,73
2026-05-25T11:00,1.9,253
2026-05-25T12:00,4.5,317
2026-05-25T13:00,5.2,344
2026-05-25T14:00,6.1,12
2026-05-25T15:00,7.1,38
2026-05-25T16:00,4.1,61
2026-05-25T17:00,3.8,41
2026-05-25T18:00,4.1,103
2026-05-25T19:00,4.7,97
2026-05-25T20:00,6.9,110
2026-05-25T21:00,7.7,108
2026-05-25T22:00,10.1,110
2026-05-25T23:00,9.1,104
2026-05-26T00:00,10.1,102
2026-05-26T01:00,11.2,95
2026-05-26T02:00,11.3,103
2026-05-26T03:00,11.0,105
2026-05-26T04:00,11.5,101
2026-05-26T05:00,9.3,98
2026-05-26T06:00,12.9,97
2026-05-26T07:00,10.1,94
2026-05-26T08:00,6.9,83
2026-05-26T09:00,9.2,88
2026-05-26T10:00,7.9,89
2026-05-26T11:00,4.5,223
2026-05-26T12:00,8.3,271
2026-05-26T13:00,9.5,272
2026-05-26T14:00,9.7,295
2026-05-26T15:00,11.7,304
2026-05-26T16:00,12.7,300
2026-05-26T17:00,5.2,311
2026-05-26T18:00,11.4,277
2026-05-26T19:00,6.0,357
2026-05-26T20:00,3.1,135
2026-05-26T21:00,7.6,121
2026-05-26T22:00,17.8,97
2026-05-26T23:00,27.2,104
2026-05-27T00:00,19.4,100
2026-05-27T01:00,17.6,84
2026-05-27T02:00,16.0,78
2026-05-27T03:00,15.4,101
2026-05-27T04:00,12.5,108
2026-05-27T05:00,15.6,114
2026-05-27T06:00,15.8,92
2026-05-27T07:00,14.4,91
2026-05-27T08:00,16.9,83
2026-05-27T09:00,14.6,93
2026-05-27T10:00,1.1,81
2026-05-27T11:00,14.2,248
2026-05-27T12:00,16.9,256
2026-05-27T13:00,21.9,256
2026-05-27T14:00,10.7,76
2026-05-27T15:00,13.3,30
2026-05-27T16:00,8.9,126
2026-05-27T17:00,11.6,60
2026-05-27T18:00,17.0,96
2026-05-27T19:00,16.5,82
2026-05-27T20:00,16.3,84
2026-05-27T21:00,18.0,83
2026-05-27T22:00,18.5,92
2026-05-27T23:00,15.1,88
2026-05-28T00:00,17.6,97
2026-05-28T01:00,17.0,97
2026-05-28T02:00,16.3,100
2026-05-28T03:00,15.9,99
2026-05-28T04:00,15.7,93
2026-05-28T05:00,17.5,95
2026-05-28T06:00,17.2,100
2026-05-28T07:00,15.1,91
2026-05-28T08:00,14.8,93
2026-05-28T09:00,12.2,99
2026-05-28T10:00,5.2,124
2026-05-28T11:00,9.1,256
2026-05-28T12:00,13.3,268
2026-05-28T13:00,11.6,277
2026-05-28T14:00,9.8,284
2026-05-28T15:00,7.1,297
2026-05-28T16:00,5.3,303
2026-05-28T17:00,4.3,294
2026-05-28T18:00,1.8,264
2026-05-28T19:00,1.5,159
2026-05-28T20:00,2.8,145
2026-05-28T21:00,6.8,112
2026-05-28T22:00,9.7,101
2026-05-28T23:00,7.6,95
2026-05-29T00:00,11.2,96
2026-05-29T01:00,12.2,104
2026-05-29T02:00,13.1,106
2026-05-29T03:00,13.7,106
2026-05-29T04:00,13.1,102
2026-05-29T05:00,8.3,103
2026-05-29T06:00,13.9,100
2026-05-29T07:00,13.8,96
2026-05-29T08:00,10.9,99
2026-05-29T09:00,5.8,99
2026-05-29T10:00,3.6,307
2026-05-29T11:00,9.0,322
2026-05-29T12:00,8.8,321
2026-05-29T13:00,8.7,320
2026-05-29T14:00,8.0,320
2026-05-29T15:00,8.5,316
2026-05-29T16:00,7.9,311
2026-05-29T17:00,5.7,319
2026-05-29T18:00,1.0,329
2026-05-29T19:00,0.6,146
2026-05-29T20:00,2.8,162
2026-05-29T21:00,4.7,140
2026-05-29T22:00,9.0,113
2026-05-29T23:00,9.7,101
2026-05-30T00:00,13.2,96
2026-05-30T01:00,13.3,99
2026-05-30T02:00,13.5,104
2026-05-30T03:00,12.6,107
2026-05-30T04:00,12.0,107
2026-05-30T05:00,9.0,106
2026-05-30T06:00,12.6,107
2026-05-30T07:00,12.4,106
2026-05-30T08:00,10.4,92
2026-05-30T09:00,11.4,67
2026-05-30T10:00,9.7,42
2026-05-30T11:00,7.0,23
2026-05-30T12:00,8.0,352
2026-05-30T13:00,9.1,328
2026-05-30T14:00,10.9,308
2026-05-30T15:00,10.8,294
2026-05-30T16:00,6.4,297
2026-05-30T17:00,6.7,326
2026-05-30T18:00,6.5,318
2026-05-30T19:00,0.9,259
2026-05-30T20:00,2.7,152
2026-05-30T21:00,7.1,133
2026-05-30T22:00,12.2,107
2026-05-30T23:00,12.1,93
2026-05-31T00:00,15.4,100
2026-05-31T01:00,16.7,101
2026-05-31T02:00,16.3,101
2026-05-31T03:00,14.3,105
2026-05-31T04:00,14.7,109
2026-05-31T05:00,15.0,93
2026-05-31T06:00,16.8,95
2026-05-31T07:00,16.8,93
2026-05-31T08:00,16.4,85
2026-05-31T09:00,18.8,81
2026-05-31T10:00,19.1,76
2026-05-31T11:00,11.7,75
2026-05-31T12:00,5.6,42
2026-05-31T13:00,9.8,332
2026-05-31T14:00,12.0,342
2026-05-31T15:00,9.3,324
2026-05-31T16:00,8.5,302
2026-05-31T17:00,5.1,309
2026-05-31T18:00,2.0,297
2026-05-31T19:00,5.7,127
2026-05-31T20:00,10.6,114
2026-05-31T21:00,11.4,95
2026-05-31T22:00,15.4,106
2026-05-31T23:00,13.2,101
2026-06-01T00:00,15.6,102
2026-06-01T01:00,14.1,103
2026-06-01T02:00,12.2,103
2026-06-01T03:00,10.6,104
2026-06-01T04:00,10.8,108
2026-06-01T05:00,15.2,96
2026-06-01T06:00,14.8,100
2026-06-01T07:00,16.0,93
2026-06-01T08:00,18.0,98
2026-06-01T09:00,9.0,90
2026-06-01T10:00,3.1,230
2026-06-01T11:00,7.2,235
2026-06-01T12:00,8.2,157
2026-06-01T13:00,6.8,272
2026-06-01T14:00,12.7,78
2026-06-01T15:00,4.9,86
2026-06-01T16:00,18.6,129
2026-06-01T17:00,12.9,205
2026-06-01T18:00,14.6,275
2026-06-01T19:00,18.9,106
2026-06-01T20:00,16.8,118
2026-06-01T21:00,18.6,98
2026-06-01T22:00,18.0,106
2026-06-01T23:00,12.5,101
2026-06-02T00:00,16.0,97
2026-06-02T01:00,15.6,101
2026-06-02T02:00,16.0,102
2026-06-02T03:00,13.8,96
2026-06-02T04:00,11.0,92
2026-06-02T05:00,5.0,111
2026-06-02T06:00,6.4,100
2026-06-02T07:00,6.6,103
2026-06-02T08:00,4.6,126
2026-06-02T09:00,3.1,103
2026-06-02T10:00,3.6,288
2026-06-02T11:00,7.5,297
2026-06-02T12:00,15.1,268
2026-06-02T13:00,14.8,274
2026-06-02T14:00,21.1,181
2026-06-02T15:00,4.5,140
2026-06-02T16:00,12.3,69
2026-06-02T17:00,11.2,108
2026-06-02T18:00,10.8,114
2026-06-02T19:00,4.6,26
2026-06-02T20:00,0.6,124
2026-06-02T21:00,2.0,135
2026-06-02T22:00,3.4,133
2026-06-02T23:00,4.7,133
2026-06-03T00:00,1.1,270
2026-06-03T01:00,1.7,131
2026-06-03T02:00,4.3,88
2026-06-03T03:00,9.5,100
2026-06-03T04:00,9.9,100
2026-06-03T05:00,7.2,104
2026-06-03T06:00,11.1,104
2026-06-03T07:00,11.8,97
2026-06-03T08:00,10.7,115
2026-06-03T09:00,8.2,139
2026-06-03T10:00,3.7,194
2026-06-03T11:00,8.0,306
2026-06-03T12:00,10.3,324
2026-06-03T13:00,8.2,334
2026-06-03T14:00,6.6,327
2026-06-03T15:00,4.5,307
2026-06-03T16:00,6.6,287
2026-06-03T17:00,12.7,293
2026-06-03T18:00,13.9,276
2026-06-03T19:00,9.6,256
2026-06-03T20:00,1.9,241
2026-06-03T21:00,5.6,174
2026-06-03T22:00,7.3,130
2026-06-03T23:00,9.2,110
2026-06-04T00:00,9.7,109
2026-06-04T01:00,8.3,108
2026-06-04T02:00,10.2,111
2026-06-04T03:00,11.1,107
2026-06-04T04:00,12.0,104
2026-06-04T05:00,12.3,102
2026-06-04T06:00,9.5,88
2026-06-04T07:00,4.1,347
2026-06-04T08:00,9.7,313
2026-06-04T09:00,10.4,328
2026-06-04T10:00,8.7,326
2026-06-04T11:00,11.6,311
2026-06-04T12:00,10.9,299
2026-06-04T13:00,9.7,286
2026-06-04T14:00,7.1,297
2026-06-04T15:00,5.9,290
2026-06-04T16:00,7.5,300
2026-06-04T17:00,4.7,272
2026-06-04T18:00,5.4,250
2026-06-04T19:00,5.1,203
2026-06-04T20:00,4.9,178
2026-06-04T21:00,7.0,134
2026-06-04T22:00,11.5,119
2026-06-04T23:00,11.1,106
2026-06-05T00:00,12.0,108
2026-06-05T01:00,9.4,113
2026-06-05T02:00,8.0,106
2026-06-05T03:00,9.3,99
2026-06-05T04:00,11.2,105
2026-06-05T05:00,10.4,100
2026-06-05T06:00,12.8,100
2026-06-05T07:00,8.6,101
2026-06-05T08:00,2.8,207
2026-06-05T09:00,6.3,273
2026-06-05T10:00,7.3,293
2026-06-05T11:00,9.4,296
2026-06-05T12:00,11.6,312
2026-06-05T13:00,8.9,299
2026-06-05T14:00,8.8,290
2026-06-05T15:00,9.1,285
2026-06-05T16:00,11.3,270
2026-06-05T17:00,8.4,250
2026-06-05T18:00,9.6,257
2026-06-05T19:00,7.3,277
2026-06-05T20:00,0.6,214
2026-06-05T21:00,5.4,184
2026-06-05T22:00,8.8,197
2026-06-05T23:00,2.0,135
2026-06-06T00:00,6.7,95
2026-06-06T01:00,10.5,93
2026-06-06T02:00,9.5,105
2026-06-06T03:00,9.7,106
2026-06-06T04:00,10.1,110
2026-06-06T05:00,9.4,103
2026-06-06T06:00,10.3,109
2026-06-06T07:00,6.8,119
2026-06-06T08:00,3.7,137
2026-06-06T09:00,3.1,277
2026-06-06T10:00,6.3,283
2026-06-06T11:00,9.7,298
2026-06-06T12:00,11.7,299
2026-06-06T13:00,9.9,312
2026-06-06T14:00,6.4,313
2026-06-06T15:00,8.1,298
2026-06-06T16:00,7.1,315
2026-06-06T17:00,3.1,336
2026-06-06T18:00,3.7,284
2026-06-06T19:00,4.1,255
2026-06-06T20:00,1.5,201
2026-06-06T21:00,3.1,173
2026-06-06T22:00,3.7,145
2026-06-06T23:00,4.9,184
2026-06-07T00:00,4.2,102
2026-06-07T01:00,11.1,97
2026-06-07T02:00,13.1,108
2026-06-07T03:00,11.7,108
2026-06-07T04:00,11.6,98
2026-06-07T05:00,10.0,99
2026-06-07T06:00,12.8,109
2026-06-07T07:00,9.9,109
2026-06-07T08:00,7.1,114
2026-06-07T09:00,2.7,127
2026-06-07T10:00,2.3,247
2026-06-07T11:00,4.7,288
2026-06-07T12:00,7.0,291
2026-06-07T13:00,7.1,289
2026-06-07T14:00,6.9,301
2026-06-07T15:00,7.0,310
2026-06-07T16:00,6.2,296
2026-06-07T17:00,7.7,311
2026-06-07T18:00,6.4,302
2026-06-07T19:00,0.5,270
2026-06-07T20:00,2.1,165
2026-06-07T21:00,3.8,149
2026-06-07T22:00,7.0,119
2026-06-07T23:00,9.1,100
2026-06-08T00:00,11.5,101
2026-06-08T01:00,11.8,103
2026-06-08T02:00,12.0,104
2026-06-08T03:00,13.6,107
2026-06-08T04:00,15.4,107
2026-06-08T05:00,11.6,96
2026-06-08T06:00,13.1,98
2026-06-08T07:00,12.0,99
2026-06-08T08:00,10.8,90
2026-06-08T09:00,10.3,61
2026-06-08T10:00,8.0,50
2026-06-08T11:00,4.7,62
2026-06-08T12:00,3.2,322
2026-06-08T13:00,10.0,291
2026-06-08T14:00,14.3,291
2026-06-08T15:00,14.9,289
2026-06-08T16:00,14.2,271
2026-06-08T17:00,11.1,282
2026-06-08T18:00,8.5,282
2026-06-08T19:00,4.8,307
2026-06-08T20:00,1.3,16
2026-06-08T21:00,6.1,135
2026-06-08T22:00,10.3,117
2026-06-08T23:00,11.5,92
2026-06-09T00:00,11.4,95
2026-06-09T01:00,10.7,98
2026-06-09T02:00,9.0,113
2026-06-09T03:00,8.3,112
2026-06-09T04:00,7.2,89
2026-06-09T05:00,3.4,96
2026-06-09T06:00,6.6,227
2026-06-09T07:00,9.2,227
2026-06-09T08:00,6.0,205
2026-06-09T09:00,8.1,149
2026-06-09T10:00,11.3,80
2026-06-09T11:00,16.7,76
2026-06-09T12:00,18.1,85
2026-06-09T13:00,13.9,93
2026-06-09T14:00,9.0,90
2026-06-09T15:00,0.8,333
2026-06-09T16:00,13.7,272
2026-06-09T17:00,10.3,299
2026-06-09T18:00,9.1,304
2026-06-09T19:00,3.3,276
2026-06-09T20:00,3.7,209
2026-06-09T21:00,4.0,159
2026-06-09T22:00,7.6,133
2026-06-09T23:00,7.3,106
2026-06-10T00:00,10.9,96
2026-06-10T01:00,11.4,101
2026-06-10T02:00,11.1,106
2026-06-10T03:00,9.8,107
2026-06-10T04:00,9.6,111
2026-06-10T05:00,7.6,105
2026-06-10T06:00,10.7,99
2026-06-10T07:00,8.4,97
2026-06-10T08:00,3.7,67
2026-06-10T09:00,5.1,318
2026-06-10T10:00,8.4,304
2026-06-10T11:00,6.9,287
2026-06-10T12:00,8.2,278
2026-06-10T13:00,14.3,327
2026-06-10T14:00,11.4,259
2026-06-10T15:00,10.6,177
2026-06-10T16:00,1.7,198
2026-06-10T17:00,8.2,289
2026-06-10T18:00,7.1,297
2026-06-10T19:00,1.9,229
2026-06-10T20:00,3.9,193
2026-06-10T21:00,1.1,198
2026-06-10T22:00,2.6,124
2026-06-10T23:00,4.6,111
2026-06-11T00:00,6.3,105
2026-06-11T01:00,7.8,99
2026-06-11T02:00,10.3,101
2026-06-11T03:00,11.3,104
2026-06-11T04:00,11.0,101
2026-06-11T05:00,6.8,101
2026-06-11T06:00,9.6,98
2026-06-11T07:00,3.6,87
2026-06-11T08:00,5.6,274
2026-06-11T09:00,9.0,272
2026-06-11T10:00,8.2,279
2026-06-11T11:00,6.9,300
2026-06-11T12:00,7.5,314
2026-06-11T13:00,8.0,310
2026-06-11T14:00,8.4,304
2026-06-11T15:00,9.4,301
2026-06-11T16:00,7.1,289
2026-06-11T17:00,7.5,285
2026-06-11T18:00,8.0,279
2026-06-11T19:00,6.4,308
2026-06-11T20:00,1.4,310
2026-06-11T21:00,2.3,180
2026-06-11T22:00,2.9,173
2026-06-11T23:00,2.7,160
2026-06-12T00:00,4.8,124
2026-06-12T01:00,6.6,101
2026-06-12T02:00,10.4,101
2026-06-12T03:00,11.4,102
2026-06-12T04:00,13.6,102
2026-06-12T05:00,10.4,99
2026-06-12T06:00,14.0,98
2026-06-12T07:00,11.6,95
2026-06-12T08:00,8.6,98
2026-06-12T09:00,3.8,87
2026-06-12T10:00,2.8,310
2026-06-12T11:00,7.0,328
2026-06-12T12:00,6.6,317
2026-06-12T13:00,6.6,313
2026-06-12T14:00,7.5,305
2026-06-12T15:00,7.2,307
2026-06-12T16:00,5.4,300
2026-06-12T17:00,5.6,277
2026-06-12T18:00,3.7,223
2026-06-12T19:00,3.6,162
2026-06-12T20:00,2.4,126
2026-06-12T21:00,3.0,123
2026-06-12T22:00,3.6,110
2026-06-12T23:00,4.0,100
2026-06-13T00:00,9.7,92
2026-06-13T01:00,12.9,99
2026-06-13T02:00,12.5,101
2026-06-13T03:00,12.4,98
2026-06-13T04:00,12.6,100
2026-06-13T05:00,11.4,97
2026-06-13T06:00,14.6,93
2026-06-13T07:00,10.8,95
2026-06-13T08:00,6.6,139
2026-06-13T09:00,3.1,180
2026-06-13T10:00,2.8,288
2026-06-13T11:00,4.9,309
2026-06-13T12:00,7.8,302
2026-06-13T13:00,7.9,300
2026-06-13T14:00,8.4,293
2026-06-13T15:00,8.8,293
2026-06-13T16:00,8.6,285
2026-06-13T17:00,14.3,303
2026-06-13T18:00,7.8,265
2026-06-13T19:00,2.0,185
2026-06-13T20:00,3.3,119
2026-06-13T21:00,6.0,123
2026-06-13T22:00,12.9,113
2026-06-13T23:00,12.5,102
2026-06-14T00:00,14.8,96
2026-06-14T01:00,15.5,99
2026-06-14T02:00,14.1,103
2026-06-14T03:00,16.3,97
2026-06-14T04:00,16.3,100
2026-06-14T05:00,13.4,98
2026-06-14T06:00,15.0,96
2026-06-14T07:00,12.6,92
2026-06-14T08:00,12.6,95
2026-06-14T09:00,11.7,77
2026-06-14T10:00,5.8,36
2026-06-14T11:00,7.6,313
2026-06-14T12:00,9.9,303
2026-06-14T13:00,9.2,310
2026-06-14T14:00,9.3,304
2026-06-14T15:00,8.6,278
2026-06-14T16:00,14.8,286
2026-06-14T17:00,11.9,290
2026-06-14T18:00,8.5,283
2026-06-14T19:00,7.6,227
2026-06-14T20:00,5.0,180
2026-06-14T21:00,6.2,112
2026-06-14T22:00,13.6,95
2026-06-14T23:00,11.9,96
2026-06-15T00:00,12.5,101
2026-06-15T01:00,11.8,103
2026-06-15T02:00,12.6,101
2026-06-15T03:00,13.6,101
2026-06-15T04:00,14.8,103
2026-06-15T05:00,13.6,101
2026-06-15T06:00,17.7,99
2026-06-15T07:00,16.0,93
2026-06-15T08:00,15.0,96
2026-06-15T09:00,13.9,91
2026-06-15T10:00,5.0,71
2026-06-15T11:00,3.4,302
2026-06-15T12:00,7.7,294
2026-06-15T13:00,9.7,289
2026-06-15T14:00,12.9,297
2026-06-15T15:00,18.4,295
2026-06-15T16:00,17.3,301
2026-06-15T17:00,13.1,337
2026-06-15T18:00,15.4,316
2026-06-15T19:00,12.5,314
2026-06-15T20:00,2.0,270
2026-06-15T21:00,3.9,143
2026-06-15T22:00,9.7,102
2026-06-15T23:00,9.4,89
2026-06-16T00:00,6.8,107
2026-06-16T01:00,6.2,111
2026-06-16T02:00,8.5,118
2026-06-16T03:00,10.1,114
2026-06-16T04:00,10.8,105
2026-06-16T05:00,9.9,99
2026-06-16T06:00,13.5,102
2026-06-16T07:00,11.1,102
2026-06-16T08:00,9.2,102
2026-06-16T09:00,7.6,93
2026-06-16T10:00,2.1,15
2026-06-16T11:00,11.4,308
2026-06-16T12:00,12.0,316
2026-06-16T13:00,10.8,324
2026-06-16T14:00,10.9,309
2026-06-16T15:00,11.4,296
2026-06-16T16:00,11.4,276
2026-06-16T17:00,15.5,279
2026-06-16T18:00,15.6,296
2026-06-16T19:00,6.5,270
2026-06-16T20:00,7.1,216
2026-06-16T21:00,1.8,169
2026-06-16T22:00,3.9,146
2026-06-16T23:00,4.3,123
2026-06-17T00:00,7.2,109
2026-06-17T01:00,7.5,105
2026-06-17T02:00,3.9,118
2026-06-17T03:00,5.6,119
2026-06-17T04:00,5.0,92
2026-06-17T05:00,1.5,76
2026-06-17T06:00,5.2,29
2026-06-17T07:00,5.8,86
2026-06-17T08:00,6.2,100
2026-06-17T09:00,2.2,156
2026-06-17T10:00,8.9,252
2026-06-17T11:00,5.9,247
2026-06-17T12:00,8.1,235
2026-06-17T13:00,11.9,340
2026-06-17T14:00,7.2,3
2026-06-17T15:00,7.9,243
2026-06-17T16:00,8.9,320
2026-06-17T17:00,5.8,272
2026-06-17T18:00,10.2,280
2026-06-17T19:00,8.0,265
2026-06-17T20:00,1.0,225
2026-06-17T21:00,3.9,103
2026-06-17T22:00,10.1,123
2026-06-17T23:00,8.7,96
2026-06-18T00:00,9.9,102
2026-06-18T01:00,11.2,101
2026-06-18T02:00,10.8,95
2026-06-18T03:00,12.3,96
2026-06-18T04:00,12.3,102
2026-06-18T05:00,9.3,105
2026-06-18T06:00,9.4,103
2026-06-18T07:00,5.1,96
2026-06-18T08:00,2.2,90
2026-06-18T09:00,3.3,292
2026-06-18T10:00,6.9,321
2026-06-18T11:00,6.3,141
2026-06-18T12:00,6.1,45
2026-06-18T13:00,4.1,13
2026-06-18T14:00,4.4,330
2026-06-18T15:00,4.2,306
2026-06-18T16:00,7.6,285
2026-06-18T17:00,10.5,254
2026-06-18T18:00,22.7,242
2026-06-18T19:00,9.7,209
2026-06-18T20:00,3.1,249
2026-06-18T21:00,2.1,322
2026-06-18T22:00,2.2,35
2026-06-18T23:00,8.5,84
2026-06-19T00:00,5.6,94
2026-06-19T01:00,7.7,99
2026-06-19T02:00,9.0,106
2026-06-19T03:00,9.3,108
2026-06-19T04:00,8.4,110
2026-06-19T05:00,10.4,100
2026-06-19T06:00,17.0,77
2026-06-19T07:00,12.6,100
2026-06-19T08:00,10.1,96
2026-06-19T09:00,4.9,176
2026-06-19T10:00,4.8,211
2026-06-19T11:00,5.2,134
2026-06-19T12:00,5.4,76
2026-06-19T13:00,2.1,59
2026-06-19T14:00,5.5,297
2026-06-19T15:00,10.6,298
2026-06-19T16:00,12.4,283
2026-06-19T17:00,7.6,322
2026-06-19T18:00,14.4,193
2026-06-19T19:00,9.3,81
2026-06-19T20:00,10.5,85
2026-06-19T21:00,13.3,93
2026-06-19T22:00,13.2,93
2026-06-19T23:00,12.2,98
2026-06-20T00:00,11.5,101
2026-06-20T01:00,9.6,106
2026-06-20T02:00,8.7,107
2026-06-20T03:00,6.9,107
2026-06-20T04:00,4.8,105
2026-06-20T05:00,2.6,115
2026-06-20T06:00,8.5,92
2026-06-20T07:00,6.4,63
2026-06-20T08:00,5.8,83
2026-06-20T09:00,4.2,175
2026-06-20T10:00,3.5,291
2026-06-20T11:00,12.0,328
2026-06-20T12:00,2.2,5
2026-06-20T13:00,4.3,268
2026-06-20T14:00,11.5,315
2026-06-20T15:00,10.2,302
2026-06-20T16:00,10.0,298
2026-06-20T17:00,7.7,336
2026-06-20T18:00,8.7,315
2026-06-20T19:00,5.9,281
2026-06-20T20:00,4.5,233
2026-06-20T21:00,2.7,172
2026-06-20T22:00,5.9,121
2026-06-20T23:00,3.9,127
2026-06-21T00:00,9.3,99
2026-06-21T01:00,10.9,106
2026-06-21T02:00,10.9,102
2026-06-21T03:00,11.7,101
2026-06-21T04:00,11.4,102
2026-06-21T05:00,11.4,95
2026-06-21T06:00,13.9,96
2026-06-21T07:00,12.8,99
2026-06-21T08:00,12.0,112
2026-06-21T09:00,7.1,131
2026-06-21T10:00,1.0,225
2026-06-21T11:00,6.8,270
2026-06-21T12:00,15.7,307
2026-06-21T13:00,8.1,294
2026-06-21T14:00,7.0,325
2026-06-21T15:00,3.5,294
2026-06-21T16:00,8.7,322
2026-06-21T17:00,7.3,320
2026-06-21T18:00,13.4,342
2026-06-21T19:00,10.5,357
2026-06-21T20:00,0.6,162
2026-06-21T21:00,6.4,135
2026-06-21T22:00,8.9,109
2026-06-21T23:00,8.8,88
2026-06-22T00:00,10.8,101
2026-06-22T01:00,11.0,96
2026-06-22T02:00,14.7,101
2026-06-22T03:00,12.7,96
2026-06-22T04:00,13.6,97
2026-06-22T05:00,12.6,92
2026-06-22T06:00,16.3,97
2026-06-22T07:00,15.2,94
2026-06-22T08:00,16.2,102
2026-06-22T09:00,10.4,110
2026-06-22T10:00,2.4,126
2026-06-22T11:00,5.1,280
2026-06-22T12:00,15.0,304
2026-06-22T13:00,5.6,7
2026-06-22T14:00,2.6,348
2026-06-22T15:00,2.6,309
2026-06-22T16:00,7.3,318
2026-06-22T17:00,6.5,98
2026-06-22T18:00,8.1,90
2026-06-22T19:00,13.4,79
2026-06-22T20:00,14.4,88
2026-06-22T21:00,14.1,94
2026-06-22T22:00,14.2,97
2026-06-22T23:00,14.8,94
2026-06-23T00:00,14.9,92
2026-06-23T01:00,14.7,98
2026-06-23T02:00,14.5,95
2026-06-23T03:00,15.6,96
2026-06-23T04:00,16.1,97
2026-06-23T05:00,10.2,103
2026-06-23T06:00,13.3,99
2026-06-23T07:00,11.6,95
2026-06-23T08:00,11.2,89
2026-06-23T09:00,9.6,86
2026-06-23T10:00,5.8,86
2026-06-23T11:00,4.0,267
2026-06-23T12:00,7.5,294
2026-06-23T13:00,8.1,288
2026-06-23T14:00,8.2,279
2026-06-23T15:00,6.4,278
2026-06-23T16:00,8.7,304
2026-06-23T17:00,4.8,345
2026-06-23T18:00,7.4,311
2026-06-23T19:00,4.6,306
2026-06-23T20:00,0.8,27
2026-06-23T21:00,4.2,170
2026-06-23T22:00,6.1,140
2026-06-23T23:00,8.8,109
2026-06-24T00:00,12.4,111
2026-06-24T01:00,12.1,110
2026-06-24T02:00,9.8,113
2026-06-24T03:00,13.2,120
2026-06-24T04:00,9.0,103
2026-06-24T05:00,3.1,152
2026-06-24T06:00,1.3,106
2026-06-24T07:00,4.4,63
2026-06-24T08:00,13.1,335
2026-06-24T09:00,10.0,300
2026-06-24T10:00,11.2,291
2026-06-24T11:00,8.1,275
2026-06-24T12:00,9.8,265
2026-06-24T13:00,12.5,263
2026-06-24T14:00,8.6,255
2026-06-24T15:00,4.7,261
2026-06-24T16:00,3.6,225
2026-06-24T17:00,5.1,287
2026-06-24T18:00,8.4,290
2026-06-24T19:00,1.2,297
2026-06-24T20:00,3.6,123
2026-06-24T21:00,4.7,133
2026-06-24T22:00,7.2,125
2026-06-24T23:00,7.2,112
2026-06-25T00:00,5.6,94
2026-06-25T01:00,4.7,90
2026-06-25T02:00,6.1,88
2026-06-25T03:00,8.5,94
2026-06-25T04:00,8.8,92
2026-06-25T05:00,7.3,101
2026-06-25T06:00,10.5,98
2026-06-25T07:00,6.4,119
2026-06-25T08:00,3.9,164
2026-06-25T09:00,3.2,236
2026-06-25T10:00,4.3,272
2026-06-25T11:00,4.4,300
2026-06-25T12:00,5.2,299
2026-06-25T13:00,7.2,309
2026-06-25T14:00,8.2,306
2026-06-25T15:00,9.8,305
2026-06-25T16:00,10.3,308
2026-06-25T17:00,6.4,324
2026-06-25T18:00,6.2,287
2026-06-25T19:00,4.2,258
2026-06-25T20:00,1.8,276
2026-06-25T21:00,3.3,84
2026-06-25T22:00,7.7,101
2026-06-25T23:00,8.4,97
2026-06-26T00:00,11.1,102
2026-06-26T01:00,10.4,108
2026-06-26T02:00,8.6,112
2026-06-26T03:00,7.1,114
2026-06-26T04:00,5.7,108
2026-06-26T05:00,4.4,117
2026-06-26T06:00,6.4,98
2026-06-26T07:00,7.3,99
2026-06-26T08:00,4.6,108
2026-06-26T09:00,2.5,82
2026-06-26T10:00,3.4,335
2026-06-26T11:00,7.9,309
2026-06-26T12:00,5.5,306
2026-06-26T13:00,6.7,322
2026-06-26T14:00,3.5,332
2026-06-26T15:00,6.4,299
2026-06-26T16:00,4.2,192
2026-06-26T17:00,4.5,23
2026-06-26T18:00,2.8,169
2026-06-26T19:00,5.2,164
2026-06-26T20:00,4.4,117
2026-06-26T21:00,11.7,113
2026-06-26T22:00,13.7,106
2026-06-26T23:00,13.3,92
2026-06-27T00:00,15.7,89
2026-06-27T01:00,15.1,98
2026-06-27T02:00,13.6,101
2026-06-27T03:00,14.5,112
2026-06-27T04:00,16.2,104
2026-06-27T05:00,8.3,101
2026-06-27T06:00,8.0,96
2026-06-27T07:00,1.7,212
2026-06-27T08:00,6.4,196
2026-06-27T09:00,3.3,292
2026-06-27T10:00,5.8,5
2026-06-27T11:00,4.5,106
2026-06-27T12:00,7.3,303
2026-06-27T13:00,11.2,332
2026-06-27T14:00,7.9,336
2026-06-27T15:00,1.6,264
2026-06-27T16:00,2.4,318
2026-06-27T17:00,7.3,303
2026-06-27T18:00,5.1,312
2026-06-27T19:00,2.3,29
2026-06-27T20:00,6.1,104
2026-06-27T21:00,14.2,116
2026-06-27T22:00,15.3,99
2026-06-27T23:00,14.5,98
2026-06-28T00:00,16.6,94
2026-06-28T01:00,17.0,100
2026-06-28T02:00,17.2,100
2026-06-28T03:00,17.1,101
2026-06-28T04:00,18.1,101
2026-06-28T05:00,13.8,102
2026-06-28T06:00,18.2,99
2026-06-28T07:00,18.4,91
2026-06-28T08:00,16.8,87
2026-06-28T09:00,16.0,82
2026-06-28T10:00,7.8,97
2026-06-28T11:00,10.9,31
2026-06-28T12:00,16.6,89
2026-06-28T13:00,16.2,102
2026-06-28T14:00,2.1,285
2026-06-28T15:00,14.7,285
2026-06-28T16:00,12.7,278
2026-06-28T17:00,6.2,262
2026-06-28T18:00,2.7,266
2026-06-28T19:00,5.9,52
2026-06-28T20:00,19.2,96
2026-06-28T21:00,17.1,102
2026-06-28T22:00,16.2,100
2026-06-28T23:00,12.1,97
2026-06-29T00:00,15.0,95
2026-06-29T01:00,14.7,96
2026-06-29T02:00,14.1,97
2026-06-29T03:00,18.8,107
2026-06-29T04:00,17.2,108
2026-06-29T05:00,8.8,208
2026-06-29T06:00,13.1,210
2026-06-29T07:00,12.5,243
2026-06-29T08:00,12.1,252
2026-06-29T09:00,14.4,274
2026-06-29T10:00,10.4,293
2026-06-29T11:00,12.8,326
2026-06-29T12:00,14.4,319
2026-06-29T13:00,12.0,319
2026-06-29T14:00,12.4,324
2026-06-29T15:00,11.3,314
2026-06-29T16:00,10.5,308
2026-06-29T17:00,10.1,321
2026-06-29T18:00,15.1,325
2026-06-29T19:00,10.9,321
2026-06-29T20:00,3.1,267
2026-06-29T21:00,3.2,227
2026-06-29T22:00,3.2,227
2026-06-29T23:00,8.3,254
2026-06-30T00:00,0.6,236
2026-06-30T01:00,10.1,170
2026-06-30T02:00,1.4,130
2026-06-30T03:00,2.8,145
2026-06-30T04:00,4.7,106
2026-06-30T05:00,1.5,201
2026-06-30T06:00,7.4,273
2026-06-30T07:00,9.0,240
2026-06-30T08:00,1.9,214
2026-06-30T09:00,3.4,84
2026-06-30T10:00,2.0,280
2026-06-30T11:00,11.0,291
2026-06-30T12:00,12.0,298
2026-06-30T13:00,14.0,306
2026-06-30T14:00,6.9,301
2026-06-30T15:00,3.4,317
2026-06-30T16:00,2.8,305
2026-06-30T17:00,1.9,338
2026-06-30T18:00,4.8,79
2026-06-30T19:00,4.8,59
2026-06-30T20:00,7.5,63
2026-06-30T21:00,6.0,81
2026-06-30T22:00,2.2,145
2026-06-30T23:00,1.8,315
2026-07-01T00:00,4.1,67
2026-07-01T01:00,6.4,106
2026-07-01T02:00,9.7,115
2026-07-01T03:00,10.5,109
2026-07-01T04:00,9.5,105
2026-07-01T05:00,4.4,111
2026-07-01T06:00,6.3,95
2026-07-01T07:00,5.3,78
2026-07-01T08:00,4.6,51
2026-07-01T09:00,3.1,350
2026-07-01T10:00,5.5,297
2026-07-01T11:00,9.1,285
2026-07-01T12:00,8.0,286
2026-07-01T13:00,8.2,299
2026-07-01T14:00,11.4,294
2026-07-01T15:00,12.0,298
2026-07-01T16:00,11.0,304
2026-07-01T17:00,8.2,320
2026-07-01T18:00,9.6,330
2026-07-01T19:00,8.1,347
2026-07-01T20:00,2.9,68
2026-07-01T21:00,6.8,132
2026-07-01T22:00,10.0,111
2026-07-01T23:00,7.7,102
2026-07-02T00:00,9.6,103
2026-07-02T01:00,8.4,106
2026-07-02T02:00,7.6,104
2026-07-02T03:00,7.9,110
2026-07-02T04:00,4.8,110
2026-07-02T05:00,3.8,188
2026-07-02T06:00,3.8,169
2026-07-02T07:00,6.7,243
2026-07-02T08:00,6.6,299
2026-07-02T09:00,3.4,302
2026-07-02T10:00,5.7,305
2026-07-02T11:00,19.7,303
2026-07-02T12:00,19.1,292
2026-07-02T13:00,20.4,303
2026-07-02T14:00,13.2,300
2026-07-02T15:00,1.9,68
2026-07-02T16:00,5.6,86
2026-07-02T17:00,15.1,110
2026-07-02T18:00,15.4,104
2026-07-02T19:00,9.9,112
2026-07-02T20:00,5.2,131
2026-07-02T21:00,3.0,155
2026-07-02T22:00,3.4,133
2026-07-02T23:00,7.5,138
2026-07-03T00:00,12.7,129
2026-07-03T01:00,14.0,108
2026-07-03T02:00,10.9,102
2026-07-03T03:00,9.6,110
2026-07-03T04:00,8.0,128
2026-07-03T05:00,4.2,108
2026-07-03T06:00,7.2,93
2026-07-03T07:00,3.8,87
2026-07-03T08:00,3.0,104
2026-07-03T09:00,1.6,90
2026-07-03T10:00,2.6,254
2026-07-03T11:00,4.4,300
2026-07-03T12:00,5.6,301
2026-07-03T13:00,8.1,305
2026-07-03T14:00,7.8,307
2026-07-03T15:00,9.0,296
2026-07-03T16:00,10.8,302
2026-07-03T17:00,8.5,328
2026-07-03T18:00,12.9,317
2026-07-03T19:00,7.9,313
2026-07-03T20:00,6.3,239
2026-07-03T21:00,7.5,159
2026-07-03T22:00,5.3,156
2026-07-03T23:00,1.5,173
2026-07-04T00:00,5.2,270
2026-07-04T01:00,10.4,256
2026-07-04T02:00,8.2,241
2026-07-04T03:00,3.2,183
2026-07-04T04:00,5.2,200
2026-07-04T05:00,8.9,152
2026-07-04T06:00,17.9,127
2026-07-04T07:00,16.7,108
2026-07-04T08:00,14.4,87
2026-07-04T09:00,5.6,86
2026-07-04T10:00,5.6,268
2026-07-04T11:00,7.8,292
2026-07-04T12:00,4.7,310
2026-07-04T13:00,4.6,291
2026-07-04T14:00,8.9,299
2026-07-04T15:00,11.8,310
2026-07-04T16:00,9.2,312
2026-07-04T17:00,13.7,322
2026-07-04T18:00,11.6,348
2026-07-04T19:00,10.3,44
2026-07-04T20:00,6.8,108
2026-07-04T21:00,9.8,108
2026-07-04T22:00,14.1,94
2026-07-04T23:00,15.0,100
2026-07-05T00:00,16.2,99
2026-07-05T01:00,15.1,99
2026-07-05T02:00,15.4,101
2026-07-05T03:00,15.3,102
2026-07-05T04:00,15.0,100
2026-07-05T05:00,10.3,95
2026-07-05T06:00,14.1,96
2026-07-05T07:00,13.2,80
2026-07-05T08:00,13.2,73
2026-07-05T09:00,12.5,67
2026-07-05T10:00,6.9,31
2026-07-05T11:00,8.3,327
2026-07-05T12:00,10.1,314
2026-07-05T13:00,9.6,310
2026-07-05T14:00,8.6,311
2026-07-05T15:00,9.3,316
2026-07-05T16:00,10.3,316
2026-07-05T17:00,8.8,317
2026-07-05T18:00,8.0,312
2026-07-05T19:00,3.8,319
2026-07-05T20:00,1.3,56
2026-07-05T21:00,3.2,117
2026-07-05T22:00,4.2,110
2026-07-05T23:00,4.9,94
2026-07-06T00:00,9.4,93
2026-07-06T01:00,11.5,101
2026-07-06T02:00,11.9,101
2026-07-06T03:00,13.0,104
2026-07-06T04:00,13.7,103
2026-07-06T05:00,8.8,105
2026-07-06T06:00,11.4,109
2026-07-06T07:00,8.5,108
2026-07-06T08:00,3.3,126
2026-07-06T09:00,3.1,263
2026-07-06T10:00,9.0,276
2026-07-06T11:00,11.3,283
2026-07-06T12:00,11.4,285
2026-07-06T13:00,11.6,288
2026-07-06T14:00,11.7,295
2026-07-06T15:00,12.2,297
2026-07-06T16:00,11.1,295
2026-07-06T17:00,11.3,299
2026-07-06T18:00,9.0,285
2026-07-06T19:00,6.8,259
2026-07-06T20:00,5.2,250
2026-07-06T21:00,4.1,193
2026-07-06T22:00,3.6,143
2026-07-06T23:00,2.2,132
2026-07-07T00:00,3.5,118
2026-07-07T01:00,6.7,110
2026-07-07T02:00,8.8,109
2026-07-07T03:00,10.2,107
2026-07-07T04:00,10.2,98
2026-07-07T05:00,9.5,104
2026-07-07T06:00,11.7,101
2026-07-07T07:00,7.7,106
2026-07-07T08:00,3.2,153
2026-07-07T09:00,3.0,245
2026-07-07T10:00,6.3,268
2026-07-07T11:00,8.3,286
2026-07-07T12:00,10.4,296
2026-07-07T13:00,10.0,291
2026-07-07T14:00,11.4,291
2026-07-07T15:00,12.5,290
2026-07-07T16:00,11.1,290
2026-07-07T17:00,11.7,308
2026-07-07T18:00,8.0,298
2026-07-07T19:00,3.4,267
2026-07-07T20:00,9.8,212
2026-07-07T21:00,8.4,205
2026-07-07T22:00,3.6,143
2026-07-07T23:00,8.1,107
2026-07-08T00:00,10.5,106
2026-07-08T01:00,10.2,104
2026-07-08T02:00,9.4,101
2026-07-08T03:00,10.5,110
2026-07-08T04:00,10.4,116
2026-07-08T05:00,8.0,110
2026-07-08T06:00,10.9,114
2026-07-08T07:00,8.1,107
2026-07-08T08:00,5.6,119
2026-07-08T09:00,2.6,141
2026-07-08T10:00,2.5,274
2026-07-08T11:00,7.2,297
2026-07-08T12:00,8.7,307
2026-07-08T13:00,10.4,312
2026-07-08T14:00,11.5,315
2026-07-08T15:00,11.5,311
2026-07-08T16:00,11.1,310
2026-07-08T17:00,10.0,293
2026-07-08T18:00,7.4,263
2026-07-08T19:00,5.5,251
2026-07-08T20:00,3.7,227
2026-07-08T21:00,4.6,193
2026-07-08T22:00,4.8,169
2026-07-08T23:00,2.7,118
2026-07-09T00:00,10.1,96
2026-07-09T01:00,14.3,100
2026-07-09T02:00,14.6,99
2026-07-09T03:00,14.4,98
2026-07-09T04:00,13.9,100
2026-07-09T05:00,11.7,103
2026-07-09T06:00,13.2,104
2026-07-09T07:00,9.5,109
2026-07-09T08:00,6.4,112
2026-07-09T09:00,3.5,99
2026-07-09T10:00,4.6,281
2026-07-09T11:00,8.3,284
2026-07-09T12:00,9.1,291
2026-07-09T13:00,9.0,299
2026-07-09T14:00,10.5,305
2026-07-09T15:00,11.9,311
2026-07-09T16:00,11.3,314
2026-07-09T17:00,11.6,325
2026-07-09T18:00,8.7,328
2026-07-09T19:00,4.0,309
2026-07-09T20:00,3.4,273
2026-07-09T21:00,2.0,180
2026-07-09T22:00,4.3,123
2026-07-09T23:00,9.0,102
2026-07-10T00:00,10.8,105
2026-07-10T01:00,10.0,111
2026-07-10T02:00,10.0,110
2026-07-10T03:00,7.4,104
2026-07-10T04:00,6.7,106
2026-07-10T05:00,4.7,118
2026-07-10T06:00,8.5,108
2026-07-10T07:00,6.5,120
2026-07-10T08:00,3.0,163
2026-07-10T09:00,4.4,232
2026-07-10T10:00,7.9,274
2026-07-10T11:00,10.7,292
2026-07-10T12:00,9.0,296
2026-07-10T13:00,7.9,300
2026-07-10T14:00,9.5,306
2026-07-10T15:00,11.1,304
2026-07-10T16:00,10.8,302
2026-07-10T17:00,10.2,316
2026-07-10T18:00,6.1,294
2026-07-10T19:00,4.5,227
2026-07-10T20:00,5.4,214
2026-07-10T21:00,2.5,184
2026-07-10T22:00,3.1,118
2026-07-10T23:00,4.4,117
2026-07-11T00:00,9.2,106
2026-07-11T01:00,11.2,100
2026-07-11T02:00,11.4,96
2026-07-11T03:00,12.0,98
2026-07-11T04:00,13.6,101
2026-07-11T05:00,9.3,99
2026-07-11T06:00,10.2,100
2026-07-11T07:00,4.4,153
2026-07-11T08:00,3.8,191
2026-07-11T09:00,1.5,263
2026-07-11T10:00,2.6,219
2026-07-11T11:00,5.5,287
2026-07-11T12:00,8.4,285
2026-07-11T13:00,10.1,311
2026-07-11T14:00,10.1,305
2026-07-11T15:00,11.0,310
2026-07-11T16:00,17.3,289
2026-07-11T17:00,10.5,277
2026-07-11T18:00,3.3,248
2026-07-11T19:00,4.9,126
2026-07-11T20:00,3.8,149
2026-07-11T21:00,2.3,151
2026-07-11T22:00,7.4,97
2026-07-11T23:00,9.8,97
2026-07-12T00:00,9.3,100
2026-07-12T01:00,9.7,108
2026-07-12T02:00,10.0,105
2026-07-12T03:00,11.7,104
2026-07-12T04:00,13.8,101
2026-07-12T05:00,12.6,101
2026-07-12T06:00,13.7,104
2026-07-12T07:00,11.9,94
2026-07-12T08:00,10.5,83
2026-07-12T09:00,5.8,64
2026-07-12T10:00,5.4,307
2026-07-12T11:00,11.0,293
2026-07-12T12:00,10.2,294
2026-07-12T13:00,10.8,306
2026-07-12T14:00,10.4,312
2026-07-12T15:00,13.8,303
2026-07-12T16:00,11.5,337
2026-07-12T17:00,10.0,340
2026-07-12T18:00,8.5,343
2026-07-12T19:00,8.9,65
2026-07-12T20:00,15.7,120
2026-07-12T21:00,11.7,110
2026-07-12T22:00,12.4,92
2026-07-12T23:00,17.3,90
2026-07-13T00:00,16.9,93
2026-07-13T01:00,14.5,101
2026-07-13T02:00,13.3,106
2026-07-13T03:00,14.8,104
2026-07-13T04:00,15.5,103
2026-07-13T05:00,12.6,101
2026-07-13T06:00,16.4,99
2026-07-13T07:00,15.0,96
2026-07-13T08:00,15.2,97
2026-07-13T09:00,12.7,101
2026-07-13T10:00,2.3,108
2026-07-13T11:00,10.3,320
2026-07-13T12:00,9.9,312
2026-07-13T13:00,10.8,312
2026-07-13T14:00,12.4,303
2026-07-13T15:00,12.2,287
2026-07-13T16:00,10.4,285
2026-07-13T17:00,7.0,274
2026-07-13T18:00,6.7,246
2026-07-13T19:00,7.1,204
2026-07-13T20:00,10.3,185
2026-07-13T21:00,6.5,150
2026-07-13T22:00,5.4,110
2026-07-13T23:00,11.1,97
2026-07-14T00:00,12.2,103
2026-07-14T01:00,11.9,108
2026-07-14T02:00,10.8,105
2026-07-14T03:00,12.5,106
2026-07-14T04:00,14.3,108
2026-07-14T05:00,12.5,102
2026-07-14T06:00,16.1,104
2026-07-14T07:00,15.1,99
2026-07-14T08:00,11.0,88
2026-07-14T09:00,6.4,47
2026-07-14T10:00,6.4,320
2026-07-14T11:00,10.0,322
2026-07-14T12:00,8.6,301
2026-07-14T13:00,8.5,294
2026-07-14T14:00,9.5,289
2026-07-14T15:00,10.2,284
2026-07-14T16:00,8.8,281
2026-07-14T17:00,7.7,270
2026-07-14T18:00,5.7,235
2026-07-14T19:00,5.7,208
2026-07-14T20:00,8.0,198
2026-07-14T21:00,4.3,152
2026-07-14T22:00,7.1,109
2026-07-14T23:00,11.0,108
2026-07-15T00:00,12.5,102
2026-07-15T01:00,12.7,106
2026-07-15T02:00,11.2,108
2026-07-15T03:00,11.6,112
2026-07-15T04:00,12.2,118
2026-07-15T05:00,6.5,113
2026-07-15T06:00,8.2,112
2026-07-15T07:00,2.7,118
2026-07-15T08:00,0.6,288
2026-07-15T09:00,1.3,16
2026-07-15T10:00,4.0,339
2026-07-15T11:00,6.5,321
2026-07-15T12:00,8.4,323
2026-07-15T13:00,10.6,316
2026-07-15T14:00,11.8,310
2026-07-15T15:00,12.6,314
2026-07-15T16:00,10.4,318
2026-07-15T17:00,9.1,311
2026-07-15T18:00,6.4,292
2026-07-15T19:00,2.1,239
2026-07-15T20:00,3.9,164
2026-07-15T21:00,5.2,139
2026-07-15T22:00,10.1,110
2026-07-15T23:00,9.4,98
2026-07-16T00:00,15.0,94
2026-07-16T01:00,14.4,99
2026-07-16T02:00,14.5,107
2026-07-16T03:00,13.1,109
2026-07-16T04:00,11.0,114
2026-07-16T05:00,9.0,93
2026-07-16T06:00,12.2,99
2026-07-16T07:00,10.9,98
2026-07-16T08:00,8.4,99
2026-07-16T09:00,6.0,49
2026-07-16T10:00,7.0,347
2026-07-16T11:00,10.6,339
2026-07-16T12:00,12.3,330
2026-07-16T13:00,12.0,320
2026-07-16T14:00,10.0,306
2026-07-16T15:00,8.0,301
2026-07-16T16:00,7.6,308
2026-07-16T17:00,7.0,331
2026-07-16T18:00,5.9,322
2026-07-16T19:00,2.4,306
2026-07-16T20:00,0.5,225
2026-07-16T21:00,2.8,162
2026-07-16T22:00,5.1,126
2026-07-16T23:00,6.0,100
2026-07-17T00:00,11.9,96
2026-07-17T01:00,11.5,104
2026-07-17T02:00,11.7,105
2026-07-17T03:00,11.3,112
2026-07-17T04:00,10.0,113
2026-07-17T05:00,7.8,109
2026-07-17T06:00,9.8,104
2026-07-17T07:00,7.3,115
2026-07-17T08:00,5.2,134
2026-07-17T09:00,1.8,180
2026-07-17T10:00,4.7,288
2026-07-17T11:00,8.9,302
2026-07-17T12:00,11.1,299
2026-07-17T13:00,11.5,304
2026-07-17T14:00,11.2,310
2026-07-17T15:00,10.2,306
2026-07-17T16:00,9.1,297
2026-07-17T17:00,8.9,312
2026-07-17T18:00,7.9,282
2026-07-17T19:00,5.0,257
2026-07-17T20:00,4.4,199
2026-07-17T21:00,4.0,144
2026-07-17T22:00,5.5,113
2026-07-17T23:00,4.9,114
2026-07-18T00:00,11.7,104
2026-07-18T01:00,11.7,103
2026-07-18T02:00,12.4,109
2026-07-18T03:00,11.2,108
2026-07-18T04:00,8.5,122
2026-07-18T05:00,7.9,110
2026-07-18T06:00,10.3,115
2026-07-18T07:00,7.3,134
2026-07-18T08:00,4.0,188
2026-07-18T09:00,5.4,278
2026-07-18T10:00,8.3,304
2026-07-18T11:00,10.5,311
2026-07-18T12:00,10.6,296
2026-07-18T13:00,10.6,298
2026-07-18T14:00,11.5,309
2026-07-18T15:00,11.1,313
2026-07-18T16:00,9.1,309
2026-07-18T17:00,7.3,318
2026-07-18T18:00,6.8,288
2026-07-18T19:00,5.1,278
2026-07-18T20:00,2.4,222
2026-07-18T21:00,5.1,163
2026-07-18T22:00,4.2,115
2026-07-18T23:00,4.6,116
2026-07-19T00:00,8.6,116
2026-07-19T01:00,9.6,104
2026-07-19T02:00,8.1,102
2026-07-19T03:00,6.4,98
2026-07-19T04:00,7.6,97
2026-07-19T05:00,10.5,97
2026-07-19T06:00,10.7,103
2026-07-19T07:00,6.7,114
2026-07-19T08:00,1.3,98
2026-07-19T09:00,5.7,314
2026-07-19T10:00,7.7,303
2026-07-19T11:00,8.9,276
2026-07-19T12:00,11.2,274
2026-07-19T13:00,13.4,275
2026-07-19T14:00,13.1,282
2026-07-19T15:00,11.7,287
2026-07-19T16:00,10.3,292
2026-07-19T17:00,9.1,319
2026-07-19T18:00,5.5,316
2026-07-19T19:00,3.8,245
2026-07-19T20:00,6.7,199
2026-07-19T21:00,2.4,132
2026-07-19T22:00,2.2,90
2026-07-19T23:00,4.0,141
2026-07-20T00:00,5.1,108
2026-07-20T01:00,10.2,104
2026-07-20T02:00,7.4,113
2026-07-20T03:00,6.7,109
2026-07-20T04:00,5.6,97
2026-07-20T05:00,2.8,63
2026-07-20T06:00,5.0,52
2026-07-20T07:00,6.5,67
2026-07-20T08:00,4.5,23
2026-07-20T09:00,8.0,310
2026-07-20T10:00,10.1,297
2026-07-20T11:00,10.5,292
2026-07-20T12:00,13.1,286
2026-07-20T13:00,12.8,273
2026-07-20T14:00,13.1,261
2026-07-20T15:00,11.9,266
2026-07-20T16:00,10.1,271
2026-07-20T17:00,7.3,263
2026-07-20T18:00,8.5,266
2026-07-20T19:00,8.6,272
2026-07-20T20:00,4.9,274
2026-07-20T21:00,6.5,262
2026-07-20T22:00,7.4,244
2026-07-20T23:00,7.7,233
2026-07-21T00:00,7.0,249
2026-07-21T01:00,6.3,250
2026-07-21T02:00,8.4,235
2026-07-21T03:00,10.1,250
2026-07-21T04:00,9.1,248
2026-07-21T05:00,10.7,234
2026-07-21T06:00,8.5,246
2026-07-21T07:00,7.8,265
2026-07-21T08:00,5.6,276
2026-07-21T09:00,2.2,318
2026-07-21T10:00,4.8,304
2026-07-21T11:00,10.4,281
2026-07-21T12:00,11.6,288
2026-07-21T13:00,12.0,300
2026-07-21T14:00,11.5,293
2026-07-21T15:00,12.8,284
2026-07-21T16:00,16.5,288
2026-07-21T17:00,21.5,304
2026-07-21T18:00,18.4,311
2026-07-21T19:00,10.4,298
2026-07-21T20:00,4.4,279
2026-07-21T21:00,3.1,177
2026-07-21T22:00,2.9,169
2026-07-21T23:00,0.8,135
2026-07-22T00:00,0.7,166
2026-07-22T01:00,3.6,143
2026-07-22T02:00,3.1,121
2026-07-22T03:00,3.0,104
2026-07-22T04:00,2.8,79
2026-07-22T05:00,2.1,105
2026-07-22T06:00,5.3,80
2026-07-22T07:00,7.5,75
2026-07-22T08:00,3.1,62
2026-07-22T09:00,5.2,268
2026-07-22T10:00,9.5,270
2026-07-22T11:00,11.6,288
2026-07-22T12:00,13.7,283
2026-07-22T13:00,13.8,285
2026-07-22T14:00,12.7,282
2026-07-22T15:00,9.4,288
2026-07-22T16:00,7.5,297
2026-07-22T17:00,6.1,275
2026-07-22T18:00,1.4,157
2026-07-22T19:00,7.0,72
2026-07-22T20:00,11.8,83
2026-07-22T21:00,10.7,119
2026-07-22T22:00,12.1,115
2026-07-22T23:00,10.0,118
2026-07-23T00:00,14.6,99
2026-07-23T01:00,15.5,94
2026-07-23T02:00,17.0,94
2026-07-23T03:00,16.7,96
2026-07-23T04:00,14.4,103
2026-07-23T05:00,10.0,108
2026-07-23T06:00,11.1,99
2026-07-23T07:00,11.2,95
2026-07-23T08:00,16.3,79
2026-07-23T09:00,11.2,84
2026-07-23T10:00,1.4,113
2026-07-23T11:00,10.8,291
2026-07-23T12:00,14.7,299
2026-07-23T13:00,14.3,297
2026-07-23T14:00,14.5,293
2026-07-23T15:00,14.7,288
2026-07-23T16:00,12.8,279
2026-07-23T17:00,13.0,332
2026-07-23T18:00,4.2,353
2026-07-23T19:00,2.0,117
2026-07-23T20:00,1.3,172
2026-07-23T21:00,2.0,135
2026-07-23T22:00,2.2,76
2026-07-23T23:00,1.0,45
2026-07-24T00:00,17.5,65
2026-07-24T01:00,17.3,103
2026-07-24T02:00,15.1,92
2026-07-24T03:00,14.2,91
2026-07-24T04:00,12.2,99
2026-07-24T05:00,3.1,100
2026-07-24T06:00,7.0,102
2026-07-24T07:00,6.5,103
2026-07-24T08:00,3.2,117
2026-07-24T09:00,1.0,248
2026-07-24T10:00,5.1,288
2026-07-24T11:00,7.4,296
2026-07-24T12:00,9.3,295
2026-07-24T13:00,9.8,293
2026-07-24T14:00,10.7,295
2026-07-24T15:00,11.0,300
2026-07-24T16:00,11.3,307
2026-07-24T17:00,11.5,330
2026-07-24T18:00,8.9,332
2026-07-24T19:00,4.2,317
2026-07-24T20:00,4.0,328
2026-07-24T21:00,2.0,350
2026-07-24T22:00,1.2,141
2026-07-24T23:00,2.8,140
2026-07-25T00:00,4.8,110
2026-07-25T01:00,9.3,98
2026-07-25T02:00,10.2,107
2026-07-25T03:00,10.0,107
2026-07-25T04:00,10.1,107
2026-07-25T05:00,8.0,108
2026-07-25T06:00,9.0,103
2026-07-25T07:00,5.2,119
2026-07-25T08:00,1.0,202
2026-07-25T09:00,3.2,267
2026-07-25T10:00,6.4,281
2026-07-25T11:00,9.3,289
2026-07-25T12:00,9.7,285
2026-07-25T13:00,11.2,292
2026-07-25T14:00,13.2,300
2026-07-25T15:00,12.2,304
2026-07-25T16:00,12.1,307
2026-07-25T17:00,12.9,317
2026-07-25T18:00,10.8,313
2026-07-25T19:00,5.1,306
2026-07-25T20:00,2.1,255
2026-07-25T21:00,5.6,197
2026-07-25T22:00,5.2,164
2026-07-25T23:00,4.1,139
2026-07-26T00:00,5.2,117
2026-07-26T01:00,8.3,112
2026-07-26T02:00,11.7,105
2026-07-26T03:00,12.6,100
2026-07-26T04:00,13.1,99
2026-07-26T05:00,10.5,102
2026-07-26T06:00,12.5,102
2026-07-26T07:00,9.8,96
2026-07-26T08:00,5.4,92
2026-07-26T09:00,2.4,17
2026-07-26T10:00,6.5,294
2026-07-26T11:00,10.9,276
2026-07-26T12:00,10.1,280
2026-07-26T13:00,8.6,282
2026-07-26T14:00,8.9,291
2026-07-26T15:00,10.3,299
2026-07-26T16:00,10.5,299
2026-07-26T17:00,9.0,301
2026-07-26T18:00,8.9,291
2026-07-26T19:00,5.2,276
2026-07-26T20:00,1.7,193
2026-07-26T21:00,5.0,167
2026-07-26T22:00,4.3,147
2026-07-26T23:00,5.1,107
2026-07-27T00:00,9.9,90
2026-07-27T01:00,9.1,97
2026-07-27T02:00,8.8,107
2026-07-27T03:00,8.5,108
2026-07-27T04:00,8.1,108
2026-07-27T05:00,5.3,98
2026-07-27T06:00,10.2,100
2026-07-27T07:00,6.6,103
2026-07-27T08:00,0.9,79
2026-07-27T09:00,4.8,292
2026-07-27T10:00,9.4,281
2026-07-27T11:00,10.8,281
2026-07-27T12:00,11.0,281
2026-07-27T13:00,12.4,289
2026-07-27T14:00,13.0,294
2026-07-27T15:00,12.9,305
2026-07-27T16:00,12.8,310
2026-07-27T17:00,13.0,303
2026-07-27T18:00,10.6,289
2026-07-27T19:00,6.6,259
2026-07-27T20:00,7.1,223
2026-07-27T21:00,8.7,202
2026-07-27T22:00,0.5,90
2026-07-27T23:00,3.6,150
2026-07-28T00:00,8.4,113
2026-07-28T01:00,12.4,104
2026-07-28T02:00,12.8,101
2026-07-28T03:00,11.9,93
2026-07-28T04:00,9.4,91
2026-07-28T05:00,6.7,104
2026-07-28T06:00,6.6,99
2026-07-28T07:00,6.9,76
2026-07-28T08:00,5.9,27
2026-07-28T09:00,7.8,302
2026-07-28T10:00,9.5,285
2026-07-28T11:00,10.8,280
2026-07-28T12:00,12.3,276
2026-07-28T13:00,12.5,276
2026-07-28T14:00,13.5,282
2026-07-28T15:00,12.9,295
2026-07-28T16:00,11.8,306
2026-07-28T17:00,11.8,317
2026-07-28T18:00,9.2,305
2026-07-28T19:00,5.1,262
2026-07-28T20:00,5.0,226
2026-07-28T21:00,2.5,188
2026-07-28T22:00,2.8,130
2026-07-28T23:00,3.2,117
2026-07-29T00:00,7.8,105
2026-07-29T01:00,8.8,113
2026-07-29T02:00,7.7,111
2026-07-29T03:00,6.9,99
2026-07-29T04:00,6.0,93
2026-07-29T05:00,8.1,84
2026-07-29T06:00,10.3,94
2026-07-29T07:00,5.7,108
2026-07-29T08:00,1.3,196
2026-07-29T09:00,4.7,277
2026-07-29T10:00,8.1,273
2026-07-29T11:00,9.5,269
2026-07-29T12:00,11.7,268
2026-07-29T13:00,12.6,272
2026-07-29T14:00,13.4,277
2026-07-29T15:00,13.2,281
2026-07-29T16:00,12.2,289
2026-07-29T17:00,12.2,299
2026-07-29T18:00,9.9,292
2026-07-29T19:00,5.4,285
2026-07-29T20:00,4.7,252
2026-07-29T21:00,4.1,193
2026-07-29T22:00,3.5,118
2026-07-29T23:00,3.5,105
2026-07-30T00:00,8.5,90
2026-07-30T01:00,10.0,97
2026-07-30T02:00,10.1,101
2026-07-30T03:00,11.3,97
2026-07-30T04:00,12.3,95
2026-07-30T05:00,9.4,95
2026-07-30T06:00,11.5,98
2026-07-30T07:00,8.3,104
2026-07-30T08:00,3.1,130
2026-07-30T09:00,1.6,276
2026-07-30T10:00,4.7,277
2026-07-30T11:00,7.9,287
2026-07-30T12:00,10.5,278
2026-07-30T13:00,11.6,277
2026-07-30T14:00,12.4,287
2026-07-30T15:00,12.3,295
2026-07-30T16:00,11.6,305
2026-07-30T17:00,11.0,305
2026-07-30T18:00,8.9,288
2026-07-30T19:00,8.0,254
2026-07-30T20:00,8.0,232
2026-07-30T21:00,4.3,175
2026-07-30T22:00,4.4,122
2026-07-30T23:00,9.4,98
2026-07-31T00:00,12.4,98
2026-07-31T01:00,11.4,102
2026-07-31T02:00,11.3,103
2026-07-31T03:00,11.1,99
2026-07-31T04:00,10.4,100
2026-07-31T05:00,9.4,107
2026-07-31T06:00,12.0,99
2026-07-31T07:00,9.6,103
2026-07-31T08:00,4.5,113
2026-07-31T09:00,2.5,278
2026-07-31T10:00,6.2,280
2026-07-31T11:00,8.5,275
2026-07-31T12:00,9.9,272
2026-07-31T13:00,10.5,275
2026-07-31T14:00,10.9,279
2026-07-31T15:00,11.2,285
2026-07-31T16:00,11.6,298
2026-07-31T17:00,12.4,303
2026-07-31T18:00,11.3,307
2026-07-31T19:00,3.7,281
2026-07-31T20:00,5.5,212
2026-07-31T21:00,4.8,200
2026-07-31T22:00,2.7,157
2026-07-31T23:00,3.0,123
2026-08-01T00:00,7.4,91
2026-08-01T01:00,9.3,105
2026-08-01T02:00,11.7,103
2026-08-01T03:00,11.7,101
2026-08-01T04:00,11.2,100
2026-08-01T05:00,9.7,108
2026-08-01T06:00,11.8,103
2026-08-01T07:00,8.4,115
2026-08-01T08:00,2.9,187
2026-08-01T09:00,5.4,256
2026-08-01T10:00,8.1,266
2026-08-01T11:00,11.4,273
2026-08-01T12:00,13.5,269
2026-08-01T13:00,12.3,274
2026-08-01T14:00,11.8,289
2026-08-01T15:00,11.8,308
2026-08-01T16:00,11.9,318
2026-08-01T17:00,10.2,315
2026-08-01T18:00,6.7,308
2026-08-01T19:00,1.2,297
2026-08-01T20:00,1.1,189
2026-08-01T21:00,4.5,178
2026-08-01T22:00,5.0,150
2026-08-01T23:00,3.6,135
2026-08-02T00:00,9.3,109
2026-08-02T01:00,11.7,107
2026-08-02T02:00,9.8,104
2026-08-02T03:00,10.5,98
2026-08-02T04:00,12.0,99
2026-08-02T05:00,12.1,97
2026-08-02T06:00,12.6,99
2026-08-02T07:00,9.0,100
2026-08-02T08:00,4.7,122
2026-08-02T09:00,1.0,239
2026-08-02T10:00,4.5,265
2026-08-02T11:00,8.0,280
2026-08-02T12:00,11.3,279
2026-08-02T13:00,12.6,289
2026-08-02T14:00,13.6,301
2026-08-02T15:00,14.1,309
2026-08-02T16:00,11.3,318
2026-08-02T17:00,10.7,311
2026-08-02T18:00,7.4,302
2026-08-02T19:00,4.6,228
2026-08-02T20:00,6.3,211
2026-08-02T21:00,4.2,216
2026-08-02T22:00,4.2,227
2026-08-02T23:00,4.8,211
2026-08-03T00:00,4.4,187
2026-08-03T01:00,3.5,159
2026-08-03T02:00,3.7,119
2026-08-03T03:00,5.5,109
2026-08-03T04:00,6.6,111
2026-08-03T05:00,1.3,124
2026-08-03T06:00,2.5,94
2026-08-03T07:00,2.0,153
2026-08-03T08:00,5.2,254
2026-08-03T09:00,8.4,263
2026-08-03T10:00,10.5,266
2026-08-03T11:00,10.7,277
2026-08-03T12:00,12.6,287
2026-08-03T13:00,12.2,297
2026-08-03T14:00,12.8,308
2026-08-03T15:00,13.9,306
2026-08-03T16:00,13.5,289
2026-08-03T17:00,14.9,290
2026-08-03T18:00,13.2,287
2026-08-03T19:00,10.7,279
2026-08-03T20:00,9.1,261
2026-08-03T21:00,9.9,237
2026-08-03T22:00,8.7,210
2026-08-03T23:00,7.1,199
2026-08-04T00:00,7.2,167
2026-08-04T01:00,6.6,123
2026-08-04T02:00,9.5,100
2026-08-04T03:00,9.8,107
2026-08-04T04:00,8.7,117
2026-08-04T05:00,9.9,100
2026-08-04T06:00,8.1,102
2026-08-04T07:00,5.2,76
2026-08-04T08:00,5.7,58
2026-08-04T09:00,7.2,274
2026-08-04T10:00,15.0,260
2026-08-04T11:00,19.7,260
2026-08-04T12:00,19.1,271
2026-08-04T13:00,17.2,280
2026-08-04T14:00,19.6,272
2026-08-04T15:00,19.4,283
2026-08-04T16:00,16.2,291
2026-08-04T17:00,18.1,276
2026-08-04T18:00,14.8,269
2026-08-04T19:00,8.9,276
2026-08-04T20:00,5.3,322
2026-08-04T21:00,5.4,6
2026-08-04T22:00,0.7,194
2026-08-04T23:00,2.9,180
2026-08-05T00:00,2.3,184
2026-08-05T01:00,2.3,151
2026-08-05T02:00,3.1,121
2026-08-05T03:00,5.4,98
2026-08-05T04:00,6.6,99
2026-08-05T05:00,4.0,85
2026-08-05T06:00,6.9,85
2026-08-05T07:00,5.3,82
2026-08-05T08:00,2.7,48
2026-08-05T09:00,5.8,296
2026-08-05T10:00,11.3,287
2026-08-05T11:00,9.7,299
2026-08-05T12:00,10.5,307
2026-08-05T13:00,11.4,307
2026-08-05T14:00,11.4,305
2026-08-05T15:00,11.4,309
2026-08-05T16:00,11.5,316
2026-08-05T17:00,13.1,316
2026-08-05T18:00,13.7,314
2026-08-05T19:00,10.2,309
2026-08-05T20:00,5.1,306
2026-08-05T21:00,1.4,293
2026-08-05T22:00,1.1,180
2026-08-05T23:00,2.2,166
2026-08-06T00:00,1.5,126
2026-08-06T01:00,4.6,108
2026-08-06T02:00,9.0,112
2026-08-06T03:00,9.6,107
2026-08-06T04:00,9.5,105
2026-08-06T05:00,7.2,104
2026-08-06T06:00,8.3,103
2026-08-06T07:00,4.8,105
2026-08-06T08:00,1.3,225
2026-08-06T09:00,3.6,270
2026-08-06T10:00,6.7,275
2026-08-06T11:00,9.0,265
2026-08-06T12:00,10.6,267
2026-08-06T13:00,11.3,269
2026-08-06T14:00,10.5,276
2026-08-06T15:00,10.9,290
2026-08-06T16:00,11.3,299
2026-08-06T17:00,10.5,322
2026-08-06T18:00,8.5,318
2026-08-06T19:00,3.3,315
2026-08-06T20:00,0.9,259
2026-08-06T21:00,4.7,212
2026-08-06T22:00,3.8,172
2026-08-06T23:00,2.2,132
2026-08-07T00:00,7.3,106
2026-08-07T01:00,10.4,100
2026-08-07T02:00,10.2,98
2026-08-07T03:00,9.9,106
2026-08-07T04:00,11.2,108
2026-08-07T05:00,10.1,102
2026-08-07T06:00,11.0,101
2026-08-07T07:00,4.8,119
2026-08-07T08:00,1.8,276
2026-08-07T09:00,4.3,287
2026-08-07T10:00,8.8,282
2026-08-07T11:00,12.6,279
2026-08-07T12:00,11.0,274
2026-08-07T13:00,9.3,286
2026-08-07T14:00,8.7,297
2026-08-07T15:00,9.2,305
2026-08-07T16:00,9.8,305
2026-08-07T17:00,8.9,313
2026-08-07T18:00,7.7,303
2026-08-07T19:00,1.3,286
2026-08-07T20:00,3.4,212
2026-08-07T21:00,5.7,198
2026-08-07T22:00,3.8,149
2026-08-07T23:00,6.5,103
2026-08-08T00:00,12.0,99
2026-08-08T01:00,12.3,104
2026-08-08T02:00,11.0,104
2026-08-08T03:00,5.9,110
2026-08-08T04:00,7.0,111
2026-08-08T05:00,10.9,99
2026-08-08T06:00,13.4,102
2026-08-08T07:00,7.8,109
2026-08-08T08:00,3.6,143
2026-08-08T09:00,4.1,241
2026-08-08T10:00,8.3,265
2026-08-08T11:00,10.0,278
2026-08-08T12:00,8.7,275
2026-08-08T13:00,6.9,285
2026-08-08T14:00,7.1,300
2026-08-08T15:00,7.6,278
2026-08-08T16:00,7.4,288
2026-08-08T17:00,5.6,320
2026-08-08T18:00,3.1,3
2026-08-08T19:00,2.1,142
2026-08-08T20:00,6.0,171
2026-08-08T21:00,5.4,138
2026-08-08T22:00,12.5,105
2026-08-08T23:00,10.1,93
2026-08-09T00:00,11.6,103
2026-08-09T01:00,8.6,113
2026-08-09T02:00,8.5,119
2026-08-09T03:00,8.7,124
2026-08-09T04:00,8.7,122
2026-08-09T05:00,3.3,119
2026-08-09T06:00,8.3,106
2026-08-09T07:00,9.8,113
2026-08-09T08:00,7.2,122
2026-08-09T09:00,4.8,124
2026-08-09T10:00,2.3,274
2026-08-09T11:00,6.5,304
2026-08-09T12:00,3.5,339
2026-08-09T13:00,3.8,3
2026-08-09T14:00,5.4,340
2026-08-09T15:00,8.4,305
2026-08-09T16:00,9.8,302
2026-08-09T17:00,2.6,321
2026-08-09T18:00,2.8,135
2026-08-09T19:00,8.0,152
2026-08-09T20:00,10.1,137
2026-08-09T21:00,10.4,105
2026-08-09T22:00,11.0,100
2026-08-09T23:00,9.1,104
2026-08-10T00:00,12.1,105
2026-08-10T01:00,12.5,106
2026-08-10T02:00,12.0,108
2026-08-10T03:00,11.7,110
2026-08-10T04:00,11.0,108
2026-08-10T05:00,8.0,108
2026-08-10T06:00,12.8,107
2026-08-10T07:00,10.4,104
2026-08-10T08:00,7.1,120
2026-08-10T09:00,5.4,140
2026-08-10T10:00,4.0,198
2026-08-10T11:00,3.1,234
2026-08-10T12:00,6.7,272
2026-08-10T13:00,8.0,284
2026-08-10T14:00,9.5,292
2026-08-10T15:00,9.1,278
2026-08-10T16:00,9.0,280
2026-08-10T17:00,4.9,264
2026-08-10T18:00,10.7,253
2026-08-10T19:00,11.7,224
2026-08-10T20:00,11.5,153
2026-08-10T21:00,9.0,119
2026-08-10T22:00,11.2,105
2026-08-10T23:00,11.5,107
2026-08-11T00:00,13.4,101
2026-08-11T01:00,12.0,112
2026-08-11T02:00,10.8,111
2026-08-11T03:00,10.1,114
2026-08-11T04:00,11.1,112
2026-08-11T05:00,12.2,98
2026-08-11T06:00,15.2,101
2026-08-11T07:00,14.3,96
2026-08-11T08:00,12.1,96
2026-08-11T09:00,10.3,96
2026-08-11T10:00,2.1,110
2026-08-11T11:00,4.7,270
2026-08-11T12:00,7.6,277
2026-08-11T13:00,10.3,275
2026-08-11T14:00,12.1,288
2026-08-11T15:00,10.7,295
2026-08-11T16:00,6.8,307
2026-08-11T17:00,7.7,360
2026-08-11T18:00,6.8,358
2026-08-11T19:00,4.7,360
2026-08-11T20:00,0.6,56
2026-08-11T21:00,0.6,146
2026-08-11T22:00,1.7,103
2026-08-11T23:00,6.0,107
2026-08-12T00:00,11.0,108
2026-08-12T01:00,11.5,113
2026-08-12T02:00,10.7,113
2026-08-12T03:00,13.2,107
2026-08-12T04:00,14.4,102
2026-08-12T05:00,11.1,104
2026-08-12T06:00,14.4,100
2026-08-12T07:00,13.7,95
2026-08-12T08:00,10.2,97
2026-08-12T09:00,6.0,95
2026-08-12T10:00,3.2,297
2026-08-12T11:00,5.6,320
2026-08-12T12:00,7.0,314
2026-08-12T13:00,8.1,313
2026-08-12T14:00,8.0,320
2026-08-12T15:00,6.4,324
2026-08-12T16:00,5.6,329
2026-08-12T17:00,5.2,331
2026-08-12T18:00,2.0,95
2026-08-12T19:00,5.6,138
2026-08-12T20:00,6.7,156
2026-08-12T21:00,5.2,155
2026-08-12T22:00,5.8,110
2026-08-12T23:00,12.1,93
2026-08-13T00:00,14.8,100
2026-08-13T01:00,16.4,99
2026-08-13T02:00,13.5,106
2026-08-13T03:00,10.2,113
2026-08-13T04:00,9.9,109
2026-08-13T05:00,11.2,100
2026-08-13T06:00,14.0,108
2026-08-13T07:00,6.0,129
2026-08-13T08:00,4.2,130
2026-08-13T09:00,2.1,142
2026-08-13T10:00,7.8,293
2026-08-13T11:00,10.1,294
2026-08-13T12:00,11.1,283
2026-08-13T13:00,11.5,284
2026-08-13T14:00,9.6,282
2026-08-13T15:00,10.2,284
2026-08-13T16:00,10.7,286
2026-08-13T17:00,9.6,311
2026-08-13T18:00,8.0,320
2026-08-13T19:00,0.6,252
2026-08-13T20:00,4.9,182
2026-08-13T21:00,6.6,193
2026-08-13T22:00,5.4,194
2026-08-13T23:00,4.5,151
2026-08-14T00:00,6.1,114
2026-08-14T01:00,8.2,113
2026-08-14T02:00,9.4,107
2026-08-14T03:00,8.7,104
2026-08-14T04:00,8.5,102
2026-08-14T05:00,8.6,105
2026-08-14T06:00,10.6,100
2026-08-14T07:00,7.0,119
2026-08-14T08:00,3.8,188
2026-08-14T09:00,3.8,251
2026-08-14T10:00,8.1,271
2026-08-14T11:00,8.3,266
2026-08-14T12:00,11.0,268
2026-08-14T13:00,11.9,273
2026-08-14T14:00,13.0,284
2026-08-14T15:00,13.2,292
2026-08-14T16:00,10.5,305
2026-08-14T17:00,11.2,323
2026-08-14T18:00,7.8,316
2026-08-14T19:00,1.1,198
2026-08-14T20:00,11.8,192
2026-08-14T21:00,11.3,197
2026-08-14T22:00,4.7,152
2026-08-14T23:00,4.3,112
2026-08-15T00:00,9.9,105
2026-08-15T01:00,11.2,96
2026-08-15T02:00,10.9,99
2026-08-15T03:00,10.3,102
2026-08-15T04:00,11.4,106
2026-08-15T05:00,12.3,97
2026-08-15T06:00,15.1,102
2026-08-15T07:00,12.4,104
2026-08-15T08:00,6.5,118
2026-08-15T09:00,1.3,106
2026-08-15T10:00,5.3,298
2026-08-15T11:00,10.6,289
2026-08-15T12:00,10.9,276
2026-08-15T13:00,11.2,264
2026-08-15T14:00,11.8,264
2026-08-15T15:00,11.9,271
2026-08-15T16:00,11.1,282
2026-08-15T17:00,9.6,308
2026-08-15T18:00,6.3,309
2026-08-15T19:00,0.2,180
2026-08-15T20:00,5.4,176
2026-08-15T21:00,6.2,147
2026-08-15T22:00,3.9,112
2026-08-15T23:00,2.3,157
2026-08-16T00:00,5.2,149
2026-08-16T01:00,5.4,140
2026-08-16T02:00,9.3,117
2026-08-16T03:00,8.6,112
2026-08-16T04:00,5.4,110
2026-08-16T05:00,2.8,259
2026-08-16T06:00,4.1,293
2026-08-16T07:00,3.8,31
2026-08-16T08:00,3.3,347
2026-08-16T09:00,5.2,286
2026-08-16T10:00,8.3,270
2026-08-16T11:00,12.6,266
2026-08-16T12:00,13.7,265
2026-08-16T13:00,11.5,271
2026-08-16T14:00,10.9,290
2026-08-16T15:00,10.4,309
2026-08-16T16:00,11.3,314
2026-08-16T17:00,13.6,305
2026-08-16T18:00,12.2,301
2026-08-16T19:00,7.7,286
2026-08-16T20:00,4.9,278
2026-08-16T21:00,4.2,245
2026-08-16T22:00,4.8,209
2026-08-16T23:00,3.8,175
2026-08-17T00:00,2.0,170
2026-08-17T01:00,3.3,158
2026-08-17T02:00,4.3,135
2026-08-17T03:00,2.7,127
2026-08-17T04:00,1.7,131
2026-08-17T05:00,0.9,180
2026-08-17T06:00,0.6,198
2026-08-17T07:00,1.9,304
2026-08-17T08:00,2.7,337
2026-08-17T09:00,4.0,297
2026-08-17T10:00,9.3,278
2026-08-17T11:00,11.0,272
2026-08-17T12:00,12.2,270
2026-08-17T13:00,12.4,278
2026-08-17T14:00,12.6,292
2026-08-17T15:00,12.3,304
2026-08-17T16:00,11.0,311
2026-08-17T17:00,11.6,306
2026-08-17T18:00,10.4,304
2026-08-17T19:00,4.8,281
2026-08-17T20:00,5.1,288
2026-08-17T21:00,5.2,316
2026-08-17T22:00,2.2,246
2026-08-17T23:00,4.3,225
2026-08-18T00:00,3.3,221
2026-08-18T01:00,2.4,167
2026-08-18T02:00,4.4,99
2026-08-18T03:00,8.1,102
2026-08-18T04:00,8.3,104
2026-08-18T05:00,6.2,112
2026-08-18T06:00,10.7,104
2026-08-18T07:00,8.7,117
2026-08-18T08:00,5.9,157
2026-08-18T09:00,4.8,209
2026-08-18T10:00,7.7,258
2026-08-18T11:00,10.1,272
2026-08-18T12:00,12.3,276
2026-08-18T13:00,12.4,283
2026-08-18T14:00,12.1,288
2026-08-18T15:00,11.0,291
2026-08-18T16:00,10.3,299
2026-08-18T17:00,11.2,298
2026-08-18T18:00,9.0,296
2026-08-18T19:00,3.1,283
2026-08-18T20:00,5.7,212
2026-08-18T21:00,7.5,195
2026-08-18T22:00,4.8,165
2026-08-18T23:00,6.3,125
2026-08-19T00:00,7.8,113
2026-08-19T01:00,10.2,113
2026-08-19T02:00,10.0,110
2026-08-19T03:00,10.3,103
2026-08-19T04:00,9.9,102
2026-08-19T05:00,12.8,105
2026-08-19T06:00,16.2,107
2026-08-19T07:00,14.6,103
2026-08-19T08:00,11.7,100
2026-08-19T09:00,9.3,106
2026-08-19T10:00,3.1,167
2026-08-19T11:00,5.3,242
2026-08-19T12:00,9.4,267
2026-08-19T13:00,10.3,276
2026-08-19T14:00,9.3,292
2026-08-19T15:00,10.1,309
2026-08-19T16:00,10.8,317
2026-08-19T17:00,10.9,324
2026-08-19T18:00,9.8,317
2026-08-19T19:00,5.0,291
2026-08-19T20:00,2.2,256
2026-08-19T21:00,3.7,247
2026-08-19T22:00,2.7,242
2026-08-19T23:00,3.8,169
2026-08-20T00:00,5.7,145
2026-08-20T01:00,6.5,114
2026-08-20T02:00,9.4,108
2026-08-20T03:00,12.0,109
2026-08-20T04:00,14.2,105
2026-08-20T05:00,11.2,116
2026-08-20T06:00,15.6,107
2026-08-20T07:00,12.0,112
2026-08-20T08:00,6.4,126
2026-08-20T09:00,4.0,141
2026-08-20T10:00,4.1,257
2026-08-20T11:00,9.7,285
2026-08-20T12:00,11.2,296
2026-08-20T13:00,11.6,316
2026-08-20T14:00,13.8,323
2026-08-20T15:00,14.4,318
2026-08-20T16:00,13.4,316
2026-08-20T17:00,15.5,313
2026-08-20T18:00,13.5,307
2026-08-20T19:00,7.1,277
2026-08-20T20:00,6.3,250
2026-08-20T21:00,4.3,228
2026-08-20T22:00,4.3,175
2026-08-20T23:00,5.2,155
2026-08-21T00:00,9.6,113
2026-08-21T01:00,12.9,113
2026-08-21T02:00,12.6,114
2026-08-21T03:00,15.1,105
2026-08-21T04:00,12.6,109
2026-08-21T05:00,6.5,109
2026-08-21T06:00,11.1,98
2026-08-21T07:00,8.9,108
2026-08-21T08:00,4.3,123
2026-08-21T09:00,2.4,283
2026-08-21T10:00,8.0,286
2026-08-21T11:00,8.4,277
2026-08-21T12:00,10.8,280
2026-08-21T13:00,11.4,289
2026-08-21T14:00,10.9,303
2026-08-21T15:00,9.7,313
2026-08-21T16:00,9.2,312
2026-08-21T17:00,15.3,304
2026-08-21T18:00,14.2,300
2026-08-21T19:00,6.5,265
2026-08-21T20:00,9.9,232
2026-08-21T21:00,8.7,223
2026-08-21T22:00,5.1,219
2026-08-21T23:00,4.1,203
2026-08-22T00:00,3.7,145
2026-08-22T01:00,8.7,124
2026-08-22T02:00,9.8,113
2026-08-22T03:00,11.3,103
2026-08-22T04:00,8.8,91
2026-08-22T05:00,3.7,76
2026-08-22T06:00,6.1,87
2026-08-22T07:00,7.5,79
2026-08-22T08:00,6.7,52
2026-08-22T09:00,4.3,294
2026-08-22T10:00,12.2,250
2026-08-22T11:00,13.9,253
2026-08-22T12:00,16.9,253
2026-08-22T13:00,17.6,252
2026-08-22T14:00,15.7,265
2026-08-22T15:00,17.4,284
2026-08-22T16:00,15.8,287
2026-08-22T17:00,13.9,287
2026-08-22T18:00,13.8,284
2026-08-22T19:00,8.1,266
2026-08-22T20:00,6.2,232
2026-08-22T21:00,5.4,194
2026-08-22T22:00,6.2,116
2026-08-22T23:00,2.7,113
2026-08-23T00:00,4.7,88
2026-08-23T01:00,5.8,94
2026-08-23T02:00,8.7,95
2026-08-23T03:00,11.9,104
2026-08-23T04:00,13.3,106
2026-08-23T05:00,12.7,102
2026-08-23T06:00,15.6,104
2026-08-23T07:00,15.3,102
2026-08-23T08:00,13.9,110
2026-08-23T09:00,11.1,113
2026-08-23T10:00,2.4,103
2026-08-23T11:00,5.0,285
2026-08-23T12:00,7.2,292
2026-08-23T13:00,8.1,288
2026-08-23T14:00,9.4,294
2026-08-23T15:00,10.7,307
2026-08-23T16:00,11.5,316
2026-08-23T17:00,10.9,331
2026-08-23T18:00,7.4,338
2026-08-23T19:00,3.9,332
2026-08-23T20:00,1.4,293
2026-08-23T21:00,1.1,162
2026-08-23T22:00,4.2,140
2026-08-23T23:00,3.4,133
2026-08-24T00:00,8.8,105
2026-08-24T01:00,12.0,102
2026-08-24T02:00,12.0,104
2026-08-24T03:00,13.2,100
2026-08-24T04:00,12.7,103
2026-08-24T05:00,10.4,104
2026-08-24T06:00,12.9,108
2026-08-24T07:00,11.9,105
2026-08-24T08:00,9.8,114
2026-08-24T09:00,8.2,128
2026-08-24T10:00,1.4,220
2026-08-24T11:00,10.1,282
2026-08-24T12:00,11.8,282
2026-08-24T13:00,12.4,278
2026-08-24T14:00,12.1,275
2026-08-24T15:00,14.0,293
2026-08-24T16:00,14.8,311
2026-08-24T17:00,21.9,317
2026-08-24T18:00,18.2,295
2026-08-24T19:00,12.7,320
2026-08-24T20:00,2.3,299
2026-08-24T21:00,4.3,253
2026-08-24T22:00,2.9,274
2026-08-24T23:00,1.4,220
2026-08-25T00:00,2.4,167
2026-08-25T01:00,3.7,125
2026-08-25T02:00,4.9,107
2026-08-25T03:00,9.0,105
2026-08-25T04:00,8.2,105
2026-08-25T05:00,4.7,122
2026-08-25T06:00,8.4,109
2026-08-25T07:00,6.0,147
2026-08-25T08:00,3.9,236
2026-08-25T09:00,8.6,271
2026-08-25T10:00,12.1,277
2026-08-25T11:00,12.3,280
2026-08-25T12:00,13.0,281
2026-08-25T13:00,12.0,288
2026-08-25T14:00,11.9,297
2026-08-25T15:00,11.8,299
2026-08-25T16:00,11.2,303
2026-08-25T17:00,10.9,303
2026-08-25T18:00,8.3,284
2026-08-25T19:00,5.2,258
2026-08-25T20:00,5.9,230
2026-08-25T21:00,6.2,195
2026-08-25T22:00,4.7,152
2026-08-25T23:00,3.8,115
2026-08-26T00:00,9.0,110
2026-08-26T01:00,11.1,104
2026-08-26T02:00,12.6,100
2026-08-26T03:00,12.6,101
2026-08-26T04:00,10.7,104
2026-08-26T05:00,4.9,98
2026-08-26T06:00,8.5,95
2026-08-26T07:00,5.1,113
2026-08-26T08:00,2.2,215
2026-08-26T09:00,5.4,268
2026-08-26T10:00,7.4,276
2026-08-26T11:00,7.8,293
2026-08-26T12:00,7.6,285
2026-08-26T13:00,7.5,287
2026-08-26T14:00,9.5,295
2026-08-26T15:00,10.3,299
2026-08-26T16:00,9.8,306
2026-08-26T17:00,9.8,317
2026-08-26T18:00,7.4,313
2026-08-26T19:00,2.4,333
2026-08-26T20:00,0.3,135
2026-08-26T21:00,4.0,150
2026-08-26T22:00,4.8,121
2026-08-26T23:00,5.3,98
2026-08-27T00:00,11.8,96
2026-08-27T01:00,11.2,101
2026-08-27T02:00,11.9,100
2026-08-27T03:00,12.2,98
2026-08-27T04:00,10.5,96
2026-08-27T05:00,5.3,98
2026-08-27T06:00,6.6,99
2026-08-27T07:00,6.6,111
2026-08-27T08:00,4.0,150
2026-08-27T09:00,4.1,241
2026-08-27T10:00,7.0,274
2026-08-27T11:00,8.7,284
2026-08-27T12:00,9.5,280
2026-08-27T13:00,9.1,280
2026-08-27T14:00,11.1,293
2026-08-27T15:00,12.7,302
2026-08-27T16:00,12.7,309
2026-08-27T17:00,12.4,310
2026-08-27T18:00,8.7,304
2026-08-27T19:00,2.1,308
2026-08-27T20:00,0.8,225
2026-08-27T21:00,2.7,184
2026-08-27T22:00,2.8,195
2026-08-27T23:00,1.9,151
2026-08-28T00:00,5.8,106
2026-08-28T01:00,10.0,116
2026-08-28T02:00,12.1,107
2026-08-28T03:00,8.4,109
2026-08-28T04:00,7.2,115
2026-08-28T05:00,5.9,102
2026-08-28T06:00,6.1,87
2026-08-28T07:00,5.7,99
2026-08-28T08:00,2.8,130
2026-08-28T09:00,1.8,225
2026-08-28T10:00,4.7,252
2026-08-28T11:00,7.4,284
2026-08-28T12:00,10.9,279
2026-08-28T13:00,11.9,288
2026-08-28T14:00,12.3,302
2026-08-28T15:00,10.9,314
2026-08-28T16:00,8.8,319
2026-08-28T17:00,12.1,322
2026-08-28T18:00,13.2,336
2026-08-28T19:00,8.6,338
2026-08-28T20:00,5.5,324
2026-08-28T21:00,3.8,270
2026-08-28T22:00,4.6,191
2026-08-28T23:00,3.6,143
2026-08-29T00:00,6.4,106
2026-08-29T01:00,7.6,115
2026-08-29T02:00,6.4,117
2026-08-29T03:00,5.4,104
2026-08-29T04:00,5.2,106
2026-08-29T05:00,4.2,108
2026-08-29T06:00,8.8,107
2026-08-29T07:00,8.0,104
2026-08-29T08:00,4.1,105
2026-08-29T09:00,3.2,254
2026-08-29T10:00,8.6,262
2026-08-29T11:00,10.6,272
2026-08-29T12:00,12.2,279
2026-08-29T13:00,12.7,295
2026-08-29T14:00,12.3,310
2026-08-29T15:00,11.2,310
2026-08-29T16:00,11.4,309
2026-08-29T17:00,13.4,307
2026-08-29T18:00,11.9,311
2026-08-29T19:00,5.6,301
2026-08-29T20:00,3.2,286
2026-08-29T21:00,1.5,234
2026-08-29T22:00,4.0,177
2026-08-29T23:00,4.4,125
2026-08-30T00:00,8.4,113
2026-08-30T01:00,10.4,118
2026-08-30T02:00,9.6,113
2026-08-30T03:00,7.7,108
2026-08-30T04:00,7.9,103
2026-08-30T05:00,8.1,96
2026-08-30T06:00,12.4,93
2026-08-30T07:00,9.0,105
2026-08-30T08:00,3.6,135
2026-08-30T09:00,1.3,236
2026-08-30T10:00,4.7,272
2026-08-30T11:00,8.1,276
2026-08-30T12:00,8.5,274
2026-08-30T13:00,7.6,285
2026-08-30T14:00,9.2,298
2026-08-30T15:00,11.5,305
2026-08-30T16:00,11.8,313
2026-08-30T17:00,10.7,316
2026-08-30T18:00,6.9,313
2026-08-30T19:00,0.9,270
2026-08-30T20:00,2.2,175
2026-08-30T21:00,4.1,182
2026-08-30T22:00,3.1,156
2026-08-30T23:00,4.2,115
2026-08-31T00:00,11.7,104
2026-08-31T01:00,13.0,107
2026-08-31T02:00,14.3,105
2026-08-31T03:00,15.0,100
2026-08-31T04:00,10.4,113
2026-08-31T05:00,7.3,101
2026-08-31T06:00,7.8,105
2026-08-31T07:00,7.2,115
2026-08-31T08:00,3.1,126
2026-08-31T09:00,4.3,268
2026-08-31T10:00,6.7,276
2026-08-31T11:00,11.8,262
2026-08-31T12:00,17.2,265
2026-08-31T13:00,17.1,263
2026-08-31T14:00,16.0,271
2026-08-31T15:00,15.8,293
2026-08-31T16:00,17.8,305
2026-08-31T17:00,18.5,310
2026-08-31T18:00,16.8,314
2026-08-31T19:00,13.2,296
2026-08-31T20:00,9.2,291
2026-08-31T21:00,5.8,270
2026-08-31T22:00,4.6,211
2026-08-31T23:00,4.2,187
2026-09-01T00:00,1.6,117
2026-09-01T01:00,2.4,117
2026-09-01T02:00,2.9,202
2026-09-01T03:00,3.7,203
2026-09-01T04:00,3.0,256
2026-09-01T05:00,2.6,282
2026-09-01T06:00,4.2,306
2026-09-01T07:00,2.8,349
2026-09-01T08:00,2.0,360
2026-09-01T09:00,3.3,299
2026-09-01T10:00,8.0,276
2026-09-01T11:00,10.3,268
2026-09-01T12:00,12.1,270
2026-09-01T13:00,13.0,276
2026-09-01T14:00,12.0,277
2026-09-01T15:00,12.3,273
2026-09-01T16:00,11.7,271
2026-09-01T17:00,10.6,274
2026-09-01T18:00,9.9,260
2026-09-01T19:00,6.5,219
2026-09-01T20:00,8.5,186
2026-09-01T21:00,9.0,209
2026-09-01T22:00,7.5,201
2026-09-01T23:00,5.6,180
2026-09-02T00:00,3.9,196
2026-09-02T01:00,2.0,207
2026-09-02T02:00,1.2,207
2026-09-02T03:00,0.6,72
2026-09-02T04:00,1.7,72
2026-09-02T05:00,1.1,360
2026-09-02T06:00,3.8,45
2026-09-02T07:00,3.1,77
2026-09-02T08:00,2.9,11
2026-09-02T09:00,4.6,309
2026-09-02T10:00,7.9,287
2026-09-02T11:00,10.0,278
2026-09-02T12:00,9.0,283
2026-09-02T13:00,7.7,282
2026-09-02T14:00,9.7,274
2026-09-02T15:00,10.1,276
2026-09-02T16:00,11.7,268
2026-09-02T17:00,9.6,279
2026-09-02T18:00,8.1,270
2026-09-02T19:00,7.4,256
2026-09-02T20:00,3.7,223
2026-09-02T21:00,3.0,166
2026-09-02T22:00,3.1,126
2026-09-02T23:00,3.3,174
2026-09-03T00:00,2.6,146
2026-09-03T01:00,0.6,146
2026-09-03T02:00,1.4,180
2026-09-03T03:00,0.4,90
2026-09-03T04:00,1.9,49
2026-09-03T05:00,0.4,27
2026-09-03T06:00,3.7,67
2026-09-03T07:00,3.8,90
2026-09-03T08:00,0.9,90
2026-09-03T09:00,3.6,297
2026-09-03T10:00,6.6,292
2026-09-03T11:00,7.4,299
2026-09-03T12:00,9.7,289
2026-09-03T13:00,10.8,291
2026-09-03T14:00,12.8,287
2026-09-03T15:00,11.9,284
2026-09-03T16:00,10.4,278
2026-09-03T17:00,11.7,281
2026-09-03T18:00,10.6,271
2026-09-03T19:00,6.3,285
2026-09-03T20:00,1.8,233
2026-09-03T21:00,2.7,160
2026-09-03T22:00,2.1,105
2026-09-03T23:00,9.2,137
2026-09-04T00:00,6.0,131
2026-09-04T01:00,5.0,131
2026-09-04T02:00,3.1,140
2026-09-04T03:00,2.6,115
2026-09-04T04:00,3.8,109
2026-09-04T05:00,4.6,121
2026-09-04T06:00,3.1,111
2026-09-04T07:00,9.9,78
2026-09-04T08:00,7.2,77
2026-09-04T09:00,7.2,78
2026-09-04T10:00,1.2,39
2026-09-04T11:00,8.7,278
2026-09-04T12:00,7.9,291
2026-09-04T13:00,4.7,332
2026-09-04T14:00,7.1,333
2026-09-04T15:00,8.5,294
2026-09-04T16:00,9.8,284
2026-09-04T17:00,5.4,236
2026-09-04T18:00,4.1,128
2026-09-04T19:00,10.8,105
2026-09-04T20:00,16.2,90
2026-09-04T21:00,15.4,101
2026-09-04T22:00,15.0,96
2026-09-04T23:00,10.3,96
2026-09-05T00:00,14.1,94
2026-09-05T01:00,11.5,101
2026-09-05T02:00,9.7,106
2026-09-05T03:00,9.5,100
2026-09-05T04:00,9.1,99
2026-09-05T05:00,5.1,107
2026-09-05T06:00,10.0,99
2026-09-05T07:00,8.7,98
2026-09-05T08:00,4.4,81
2026-09-05T09:00,3.4,25
2026-09-05T10:00,4.4,330
2026-09-05T11:00,6.2,314
2026-09-05T12:00,5.2,290
2026-09-05T13:00,4.7,270
2026-09-05T14:00,4.8,281
2026-09-05T15:00,5.2,286
2026-09-05T16:00,5.1,288
2026-09-05T17:00,7.5,287
2026-09-05T18:00,3.1,234
2026-09-05T19:00,4.4,171
2026-09-05T20:00,6.1,137
2026-09-05T21:00,7.8,109
2026-09-05T22:00,11.7,103
2026-09-05T23:00,10.3,105
2026-09-06T00:00,12.4,103
2026-09-06T01:00,11.9,104
2026-09-06T02:00,12.0,104
2026-09-06T03:00,11.1,106
2026-09-06T04:00,10.0,105
2026-09-06T05:00,4.7,113
2026-09-06T06:00,9.8,107
2026-09-06T07:00,9.4,101
2026-09-06T08:00,5.1,84
2026-09-06T09:00,5.9,340
2026-09-06T10:00,9.2,318
2026-09-06T11:00,8.5,318
2026-09-06T12:00,10.1,321
2026-09-06T13:00,8.9,312
2026-09-06T14:00,7.7,303
2026-09-06T15:00,6.8,295
2026-09-06T16:00,6.4,297
2026-09-06T17:00,8.9,295
2026-09-06T18:00,5.8,256
2026-09-06T19:00,5.2,209
2026-09-06T20:00,4.7,157
2026-09-06T21:00,5.1,126
2026-09-06T22:00,5.8,110
2026-09-06T23:00,9.6,96
2026-09-07T00:00,11.6,106
2026-09-07T01:00,11.3,110
2026-09-07T02:00,8.2,112
2026-09-07T03:00,5.9,104
2026-09-07T04:00,5.1,98
2026-09-07T05:00,4.9,100
2026-09-07T06:00,9.3,105
2026-09-07T07:00,8.4,109
2026-09-07T08:00,5.2,124
2026-09-07T09:00,1.4,203
2026-09-07T10:00,3.9,257
2026-09-07T11:00,7.9,267
2026-09-07T12:00,9.0,282
2026-09-07T13:00,9.6,291
2026-09-07T14:00,9.4,296
2026-09-07T15:00,9.2,287
2026-09-07T16:00,9.1,284
2026-09-07T17:00,8.5,316
2026-09-07T18:00,5.1,343
2026-09-07T19:00,1.7,58
2026-09-07T20:00,1.8,156
2026-09-07T21:00,2.6,155
2026-09-07T22:00,7.3,115
2026-09-07T23:00,9.0,95
2026-09-08T00:00,13.0,100
2026-09-08T01:00,10.0,108
2026-09-08T02:00,6.3,121
2026-09-08T03:00,6.8,112
2026-09-08T04:00,9.2,107
2026-09-08T05:00,9.8,95
2026-09-08T06:00,12.5,108
2026-09-08T07:00,12.3,113
2026-09-08T08:00,10.3,112
2026-09-08T09:00,5.2,104
2026-09-08T10:00,2.7,312
2026-09-08T11:00,10.1,282
2026-09-08T12:00,10.0,290
2026-09-08T13:00,8.8,293
2026-09-08T14:00,7.9,297
2026-09-08T15:00,6.6,292
2026-09-08T16:00,4.7,293
2026-09-08T17:00,4.0,291
2026-09-08T18:00,4.2,245
2026-09-08T19:00,3.6,210
2026-09-08T20:00,4.8,165
2026-09-08T21:00,5.4,104
2026-09-08T22:00,10.6,111
2026-09-08T23:00,8.6,106
2026-09-09T00:00,12.9,98
2026-09-09T01:00,13.9,101
2026-09-09T02:00,13.8,102
2026-09-09T03:00,12.1,102
2026-09-09T04:00,9.5,104
2026-09-09T05:00,7.9,103
2026-09-09T06:00,12.3,111
2026-09-09T07:00,11.8,111
2026-09-09T08:00,8.5,126
2026-09-09T09:00,1.9,163
2026-09-09T10:00,6.8,312
2026-09-09T11:00,10.2,314
2026-09-09T12:00,10.9,304
2026-09-09T13:00,10.6,310
2026-09-09T14:00,9.0,314
2026-09-09T15:00,8.0,314
2026-09-09T16:00,8.1,321
2026-09-09T17:00,9.3,320
2026-09-09T18:00,1.4,320
2026-09-09T19:00,3.2,164
2026-09-09T20:00,3.7,151
2026-09-09T21:00,3.8,149
2026-09-09T22:00,3.0,123
2026-09-09T23:00,7.8,97
2026-09-10T00:00,12.7,105
2026-09-10T01:00,13.5,109
2026-09-10T02:00,14.8,103
2026-09-10T03:00,15.3,98
2026-09-10T04:00,15.5,100
2026-09-10T05:00,11.7,99
2026-09-10T06:00,11.7,105
2026-09-10T07:00,8.5,115
2026-09-10T08:00,6.1,133
2026-09-10T09:00,1.6,207
2026-09-10T10:00,4.1,293
2026-09-10T11:00,7.6,292
2026-09-10T12:00,9.4,288
2026-09-10T13:00,8.6,280
2026-09-10T14:00,8.7,284
2026-09-10T15:00,10.0,291
2026-09-10T16:00,11.2,296
2026-09-10T17:00,10.6,304
2026-09-10T18:00,4.1,315
2026-09-10T19:00,1.2,141
2026-09-10T20:00,4.2,149
2026-09-10T21:00,3.8,131
2026-09-10T22:00,8.2,109
2026-09-10T23:00,7.5,105
2026-09-11T00:00,10.1,107
2026-09-11T01:00,11.1,103
2026-09-11T02:00,12.5,96
2026-09-11T03:00,11.3,100
2026-09-11T04:00,11.1,110
2026-09-11T05:00,10.6,92
2026-09-11T06:00,13.5,95
2026-09-11T07:00,6.6,99
2026-09-11T08:00,5.2,268
2026-09-11T09:00,2.1,329
2026-09-11T10:00,0.7,346
2026-09-11T11:00,1.1,360
2026-09-11T12:00,5.6,299
2026-09-11T13:00,10.5,283
2026-09-11T14:00,11.8,283
2026-09-11T15:00,11.4,282
2026-09-11T16:00,11.2,280
2026-09-11T17:00,15.7,254
2026-09-11T18:00,12.4,273
2026-09-11T19:00,5.2,304
2026-09-11T20:00,1.3,45
2026-09-11T21:00,1.3,172
2026-09-11T22:00,3.7,191
2026-09-11T23:00,6.5,226
2026-09-12T00:00,3.5,215
2026-09-12T01:00,0.4,90
2026-09-12T02:00,2.5,21
2026-09-12T03:00,3.8,8
2026-09-12T04:00,2.5,60
2026-09-12T05:00,0.2,90
2026-09-12T06:00,0.7,360
2026-09-12T07:00,2.8,215
2026-09-12T08:00,4.2,239
2026-09-12T09:00,5.7,257
2026-09-12T10:00,8.5,266
2026-09-12T11:00,8.7,283
2026-09-12T12:00,11.0,284
2026-09-12T13:00,11.1,290
2026-09-12T14:00,11.8,295
2026-09-12T15:00,11.6,302
2026-09-12T16:00,10.8,303
2026-09-12T17:00,10.7,305
2026-09-12T18:00,8.9,297
2026-09-12T19:00,6.1,313
2026-09-12T20:00,3.9,307
2026-09-12T21:00,1.9,209
2026-09-12T22:00,3.2,164
2026-09-12T23:00,2.6,102
2026-09-13T00:00,2.9,97
2026-09-13T01:00,0.7,90
2026-09-13T02:00,0.2,90
2026-09-13T03:00,2.4,138
2026-09-13T04:00,3.5,118
2026-09-13T05:00,3.2,109
2026-09-13T06:00,5.3,98
2026-09-13T07:00,2.7,110
2026-09-13T08:00,2.2,261
2026-09-13T09:00,4.4,279
2026-09-13T10:00,5.8,275
2026-09-13T11:00,8.3,283
2026-09-13T12:00,8.9,278
2026-09-13T13:00,9.8,277
2026-09-13T14:00,10.7,277
2026-09-13T15:00,10.8,281
2026-09-13T16:00,9.5,289
2026-09-13T17:00,9.2,290
2026-09-13T18:00,7.2,257
2026-09-13T19:00,7.9,225
2026-09-13T20:00,8.2,203
2026-09-13T21:00,6.1,182
2026-09-13T22:00,3.9,143
2026-09-13T23:00,3.6,127
2026-09-14T00:00,4.5,130
2026-09-14T01:00,2.7,132
2026-09-14T02:00,0.8,117
2026-09-14T03:00,0.9,79
2026-09-14T04:00,2.4,77
2026-09-14T05:00,3.3,61
2026-09-14T06:00,5.1,82
2026-09-14T07:00,3.2,93
2026-09-14T08:00,1.5,54
2026-09-14T09:00,2.1,301
2026-09-14T10:00,4.7,272
2026-09-14T11:00,7.6,267
2026-09-14T12:00,10.0,264
2026-09-14T13:00,10.5,266
2026-09-14T14:00,10.3,273
2026-09-14T15:00,10.4,280
2026-09-14T16:00,10.1,289
2026-09-14T17:00,8.8,309
2026-09-14T18:00,3.9,286
2026-09-14T19:00,3.6,210
2026-09-14T20:00,3.8,180
2026-09-14T21:00,2.8,125
2026-09-14T22:00,5.6,107
2026-09-14T23:00,8.8,113
2026-09-15T00:00,9.7,108
2026-09-15T01:00,6.8,107
2026-09-15T02:00,5.2,112
2026-09-15T03:00,3.8,109
2026-09-15T04:00,3.1,83
2026-09-15T05:00,2.2,81
2026-09-15T06:00,5.8,86
2026-09-15T07:00,4.5,97
2026-09-15T08:00,3.1,114
2026-09-15T09:00,0.4,243
2026-09-15T10:00,3.2,270
2026-09-15T11:00,7.3,280
2026-09-15T12:00,8.3,276
2026-09-15T13:00,9.7,282
2026-09-15T14:00,10.3,281
2026-09-15T15:00,10.5,282
2026-09-15T16:00,9.5,292
2026-09-15T17:00,8.9,313
2026-09-15T18:00,4.3,265
2026-09-15T19:00,6.6,196
2026-09-15T20:00,8.0,170
2026-09-15T21:00,4.6,129
2026-09-15T22:00,6.1,114
2026-09-15T23:00,9.9,99
2026-09-16T00:00,12.3,101
2026-09-16T01:00,10.4,101
2026-09-16T02:00,7.4,104
2026-09-16T03:00,7.3,101
2026-09-16T04:00,7.8,99
2026-09-16T05:00,5.2,94
2026-09-16T06:00,7.2,90
2026-09-16T07:00,7.2,96
2026-09-16T08:00,4.5,88
2026-09-16T09:00,3.2,326
2026-09-16T10:00,7.0,293
2026-09-16T11:00,9.5,291
2026-09-16T12:00,12.0,279
2026-09-16T13:00,14.2,274
2026-09-16T14:00,14.2,274
2026-09-16T15:00,11.7,265
2026-09-16T16:00,9.9,258
2026-09-16T17:00,11.1,240
2026-09-16T18:00,11.9,214
2026-09-16T19:00,7.1,207
2026-09-16T20:00,5.9,168
2026-09-16T21:00,5.7,148
2026-09-16T22:00,5.1,126
2026-09-16T23:00,8.6,100
2026-09-17T00:00,11.4,106
2026-09-17T01:00,11.0,108
2026-09-17T02:00,7.2,115
2026-09-17T03:00,6.3,110
2026-09-17T04:00,6.3,105
2026-09-17T05:00,4.7,92
2026-09-17T06:00,6.9,96
2026-09-17T07:00,7.6,94
2026-09-17T08:00,5.2,70
2026-09-17T09:00,2.0,360
2026-09-17T10:00,5.1,287
2026-09-17T11:00,9.4,274
2026-09-17T12:00,11.9,273
2026-09-17T13:00,13.2,273
2026-09-17T14:00,13.1,270
2026-09-17T15:00,12.3,278
2026-09-17T16:00,11.4,289
2026-09-17T17:00,10.4,290
2026-09-17T18:00,4.9,276
2026-09-17T19:00,1.7,238
2026-09-17T20:00,0.9,169
2026-09-17T21:00,3.0,128
2026-09-17T22:00,4.2,102
2026-09-17T23:00,5.5,101
2026-09-18T00:00,10.1,100
2026-09-18T01:00,10.2,99
2026-09-18T02:00,7.6,108
2026-09-18T03:00,5.6,117
2026-09-18T04:00,6.0,106
2026-09-18T05:00,2.8,108
2026-09-18T06:00,6.2,97
2026-09-18T07:00,6.2,111
2026-09-18T08:00,5.9,113
2026-09-18T09:00,3.3,119
2026-09-18T10:00,1.5,339
2026-09-18T11:00,6.2,300
2026-09-18T12:00,9.4,290
2026-09-18T13:00,9.1,279
2026-09-18T14:00,9.1,277
2026-09-18T15:00,11.1,278
2026-09-18T16:00,10.4,284
2026-09-18T17:00,9.6,307
2026-09-18T18:00,3.6,319
2026-09-18T19:00,1.0,68
2026-09-18T20:00,0.9,143
2026-09-18T21:00,2.8,135
2026-09-18T22:00,6.7,99
2026-09-18T23:00,10.6,92
2026-09-19T00:00,14.4,100
2026-09-19T01:00,14.2,103
2026-09-19T02:00,13.7,104
2026-09-19T03:00,13.0,104
2026-09-19T04:00,13.2,107
2026-09-19T05:00,11.1,102
2026-09-19T06:00,12.8,104
2026-09-19T07:00,11.8,110
2026-09-19T08:00,11.8,110
2026-09-19T09:00,9.6,106
2026-09-19T10:00,6.7,93
2026-09-19T11:00,2.7,307
2026-09-19T12:00,5.4,276
2026-09-19T13:00,8.0,256
2026-09-19T14:00,8.5,257
2026-09-19T15:00,10.2,283
2026-09-19T16:00,10.6,296
2026-09-19T17:00,9.7,313
2026-09-19T18:00,4.3,2
2026-09-19T19:00,2.4,99
2026-09-19T20:00,4.5,133
2026-09-19T21:00,10.0,118
2026-09-19T22:00,13.6,113
2026-09-19T23:00,12.5,105
2026-09-20T00:00,15.6,102
2026-09-20T01:00,15.9,103
2026-09-20T02:00,13.0,108
2026-09-20T03:00,12.2,109
2026-09-20T04:00,12.7,106
2026-09-20T05:00,12.9,96
2026-09-20T06:00,13.1,103
2026-09-20T07:00,9.6,106
2026-09-20T08:00,8.6,98
2026-09-20T09:00,5.0,90
2026-09-20T10:00,4.4,325
2026-09-20T11:00,4.5,286
2026-09-20T12:00,7.9,269
2026-09-20T13:00,11.4,266
2026-09-20T14:00,14.4,272
2026-09-20T15:00,13.6,278
2026-09-20T16:00,11.7,284
2026-09-20T17:00,15.3,292
2026-09-20T18:00,12.4,280
2026-09-20T19:00,6.4,241
2026-09-20T20:00,5.8,214
2026-09-20T21:00,5.0,195
2026-09-20T22:00,3.0,194
2026-09-20T23:00,2.3,151
2026-09-21T00:00,1.3,74
2026-09-21T01:00,3.8,98
2026-09-21T02:00,5.1,107
2026-09-21T03:00,6.0,99
2026-09-21T04:00,8.1,103
2026-09-21T05:00,2.0,117
2026-09-21T06:00,6.4,101
2026-09-21T07:00,7.9,91
2026-09-21T08:00,6.8,93
2026-09-21T09:00,3.1,50
2026-09-21T10:00,3.7,331
2026-09-21T11:00,5.1,288
2026-09-21T12:00,8.5,282
2026-09-21T13:00,8.2,292
2026-09-21T14:00,8.0,298
2026-09-21T15:00,8.0,295
2026-09-21T16:00,7.1,294
2026-09-21T17:00,4.3,285
2026-09-21T18:00,1.0,239
2026-09-21T19:00,0.6,162
2026-09-21T20:00,2.4,138
2026-09-21T21:00,3.9,127
2026-09-21T22:00,6.8,115
2026-09-21T23:00,5.7,101
2026-09-22T00:00,10.0,107
2026-09-22T01:00,9.3,106
2026-09-22T02:00,8.1,107
2026-09-22T03:00,7.7,102
2026-09-22T04:00,9.4,103
2026-09-22T05:00,9.1,97
2026-09-22T06:00,8.2,104
2026-09-22T07:00,5.6,121
2026-09-22T08:00,5.5,142
2026-09-22T09:00,3.3,209
2026-09-22T10:00,3.4,254
2026-09-22T11:00,6.8,259
2026-09-22T12:00,7.0,269
2026-09-22T13:00,7.6,278
2026-09-22T14:00,9.2,281
2026-09-22T15:00,9.2,277
2026-09-22T16:00,9.5,281
2026-09-22T17:00,11.0,291
2026-09-22T18:00,5.8,274
2026-09-22T19:00,4.4,240
2026-09-22T20:00,5.4,210
2026-09-22T21:00,4.6,171
2026-09-22T22:00,5.6,130
2026-09-22T23:00,5.4,116
2026-09-23T00:00,11.9,100
2026-09-23T01:00,15.2,97
2026-09-23T02:00,14.0,102
2026-09-23T03:00,13.5,115
2026-09-23T04:00,13.6,108
2026-09-23T05:00,10.3,95
2026-09-23T06:00,13.2,101
2026-09-23T07:00,13.1,103
2026-09-23T08:00,14.1,95
2026-09-23T09:00,13.3,92
2026-09-23T10:00,6.8,93
2026-09-23T11:00,2.8,125
2026-09-23T12:00,3.6,264
2026-09-23T13:00,6.3,265
2026-09-23T14:00,8.0,278
2026-09-23T15:00,10.6,302
2026-09-23T16:00,9.9,302
2026-09-23T17:00,11.0,332
2026-09-23T18:00,1.8,307
2026-09-23T19:00,3.2,218
2026-09-23T20:00,5.4,200
2026-09-23T21:00,5.9,149
2026-09-23T22:00,8.7,111
2026-09-23T23:00,9.4,101
2026-09-24T00:00,13.4,102
2026-09-24T01:00,12.4,109
2026-09-24T02:00,8.7,128
2026-09-24T03:00,6.8,119
2026-09-24T04:00,4.8,105
2026-09-24T05:00,9.0,92
2026-09-24T06:00,6.3,156
2026-09-24T07:00,1.7,32
2026-09-24T08:00,10.3,354
2026-09-24T09:00,12.2,331
2026-09-24T10:00,10.5,305
2026-09-24T11:00,6.5,294
2026-09-24T12:00,7.5,314
2026-09-24T13:00,7.3,306
2026-09-24T14:00,11.4,274
2026-09-24T15:00,8.3,270
2026-09-24T16:00,9.0,270
2026-09-24T17:00,5.6,255
2026-09-24T18:00,1.0,211
2026-09-24T19:00,3.2,142
2026-09-24T20:00,7.0,132
2026-09-24T21:00,9.2,116
2026-09-24T22:00,10.5,109
2026-09-24T23:00,9.2,102
2026-09-25T00:00,9.8,98
2026-09-25T01:00,8.7,112
2026-09-25T02:00,9.5,112
2026-09-25T03:00,10.1,112
2026-09-25T04:00,8.3,94
2026-09-25T05:00,4.4,111
2026-09-25T06:00,9.7,106
2026-09-25T07:00,7.9,102
2026-09-25T08:00,3.1,114
2026-09-25T09:00,3.5,336
2026-09-25T10:00,5.9,315
2026-09-25T11:00,4.5,323
2026-09-25T12:00,4.1,322
2026-09-25T13:00,4.0,309
2026-09-25T14:00,6.0,303
2026-09-25T15:00,7.4,271
2026-09-25T16:00,7.3,260
2026-09-25T17:00,8.8,265
2026-09-25T18:00,15.5,243
2026-09-25T19:00,7.0,201
2026-09-25T20:00,2.7,307
2026-09-25T21:00,2.3,360
2026-09-25T22:00,7.3,52
2026-09-25T23:00,7.3,99
2026-09-26T00:00,8.9,103
2026-09-26T01:00,10.9,99
2026-09-26T02:00,10.1,107
2026-09-26T03:00,5.4,120
2026-09-26T04:00,4.9,90
2026-09-26T05:00,8.1,102
2026-09-26T06:00,5.9,102
2026-09-26T07:00,7.6,97
2026-09-26T08:00,6.0,73
2026-09-26T09:00,4.2,20
2026-09-26T10:00,7.5,307
2026-09-26T11:00,13.1,271
2026-09-26T12:00,14.0,269
2026-09-26T13:00,12.8,268
2026-09-26T14:00,12.8,271
2026-09-26T15:00,13.8,277
2026-09-26T16:00,13.8,291
2026-09-26T17:00,14.2,311
2026-09-26T18:00,10.2,323
2026-09-26T19:00,4.1,345
2026-09-26T20:00,0.3,135
2026-09-26T21:00,2.7,247
2026-09-26T22:00,5.3,252
2026-09-26T23:00,8.2,218
2026-09-27T00:00,3.7,203
2026-09-27T01:00,0.6,72
2026-09-27T02:00,0.8,45
2026-09-27T03:00,0.4,63
2026-09-27T04:00,0.8,63
2026-09-27T05:00,1.4,50
2026-09-27T06:00,4.3,73
2026-09-27T07:00,4.2,70
2026-09-27T08:00,2.0,27
2026-09-27T09:00,3.0,295
2026-09-27T10:00,6.6,279
2026-09-27T11:00,9.5,272
2026-09-27T12:00,12.0,277
2026-09-27T13:00,12.6,287
2026-09-27T14:00,12.9,302
2026-09-27T15:00,12.7,316
2026-09-27T16:00,12.2,317
2026-09-27T17:00,14.6,314
2026-09-27T18:00,5.1,309
2026-09-27T19:00,1.1,180
2026-09-27T20:00,3.2,146
2026-09-27T21:00,3.8,135
2026-09-27T22:00,5.5,109
2026-09-27T23:00,6.7,88
2026-09-28T00:00,7.9,93
2026-09-28T01:00,8.6,101
2026-09-28T02:00,8.0,104
2026-09-28T03:00,4.7,97
2026-09-28T04:00,2.6,102
2026-09-28T05:00,2.2,132
2026-09-28T06:00,8.6,105
2026-09-28T07:00,2.5,94
2026-09-28T08:00,2.7,188
2026-09-28T09:00,3.3,202
2026-09-28T10:00,2.8,281
2026-09-28T11:00,6.1,294
2026-09-28T12:00,5.6,297
2026-09-28T13:00,7.3,293
2026-09-28T14:00,9.7,298
2026-09-28T15:00,11.0,294
2026-09-28T16:00,10.1,290
2026-09-28T17:00,9.4,274
2026-09-28T18:00,7.7,269
2026-09-28T19:00,8.3,226
2026-09-28T20:00,9.4,187
2026-09-28T21:00,8.0,128
2026-09-28T22:00,6.5,92
2026-09-28T23:00,4.5,85
2026-09-29T00:00,4.6,101
2026-09-29T01:00,3.8,101
2026-09-29T02:00,5.6,112
2026-09-29T03:00,5.6,107
2026-09-29T04:00,5.4,98
2026-09-29T05:00,4.4,120
2026-09-29T06:00,6.4,106
2026-09-29T07:00,7.1,109
2026-09-29T08:00,3.8,71
2026-09-29T09:00,1.8,323
2026-09-29T10:00,5.7,279
2026-09-29T11:00,9.9,285
2026-09-29T12:00,12.1,277
2026-09-29T13:00,10.9,278
2026-09-29T14:00,10.6,296
2026-09-29T15:00,8.5,298
2026-09-29T16:00,8.2,292
2026-09-29T17:00,9.9,297
2026-09-29T18:00,6.1,289
2026-09-29T19:00,3.7,256
2026-09-29T20:00,0.9,180
2026-09-29T21:00,3.7,129
2026-09-29T22:00,7.6,97
2026-09-29T23:00,8.9,97
2026-09-30T00:00,13.7,103
2026-09-30T01:00,13.8,103
2026-09-30T02:00,13.5,106
2026-09-30T03:00,11.2,112
2026-09-30T04:00,10.5,117
2026-09-30T05:00,5.5,101
2026-09-30T06:00,4.4,111
2026-09-30T07:00,5.7,101
2026-09-30T08:00,1.3,236
2026-09-30T09:00,4.8,245
2026-09-30T10:00,12.6,92
2026-09-30T11:00,13.5,88
2026-09-30T12:00,20.6,86
2026-09-30T13:00,19.8,75
2026-09-30T14:00,14.9,77
2026-09-30T15:00,4.7,28
2026-09-30T16:00,10.5,263
2026-09-30T17:00,16.5,309
2026-09-30T18:00,8.5,32
2026-09-30T19:00,14.0,78
2026-09-30T20:00,16.1,74
2026-09-30T21:00,16.5,82
2026-09-30T22:00,18.6,88
2026-09-30T23:00,11.5,99
2026-10-01T00:00,11.3,97
2026-10-01T01:00,16.2,94
2026-10-01T02:00,18.3,100
2026-10-01T03:00,6.6,127
2026-10-01T04:00,1.3,135
2026-10-01T05:00,8.5,117
2026-10-01T06:00,13.6,119
2026-10-01T07:00,12.7,113
2026-10-01T08:00,15.7,90
2026-10-01T09:00,18.4,72
2026-10-01T10:00,18.9,72
2026-10-01T11:00,4.7,189
2026-10-01T12:00,12.7,227
2026-10-01T13:00,11.5,250
2026-10-01T14:00,17.8,259
2026-10-01T15:00,12.0,353
2026-10-01T16:00,9.4,54
2026-10-01T17:00,11.2,85
2026-10-01T18:00,7.1,52
2026-10-01T19:00,11.6,98
2026-10-01T20:00,6.0,73
2026-10-01T21:00,11.2,78
2026-10-01T22:00,9.6,104
2026-10-01T23:00,5.6,57
